{"name":"6","pointCount":12,"p0":{"x":0.110755920410156,"y":1.00632762908936,"z":-1.19209289550781E-07,"tension":0,"bias":0,"continuity":0,"index":0,"pointType":1,"word":"","collect":false,"text":{"x":0.610755920410156,"y":1.00632762908936,"z":-1.19209289550781E-07,"font":0,"fontSize":48}},"p1":{"x":-0.00382471084594727,"y":-0.549926042556763,"z":-1.19209289550781E-07,"tension":0,"bias":0,"continuity":0,"index":1,"pointType":5,"word":"","collect":false,"text":{"x":0.496175289154053,"y":-0.549926042556763,"z":-1.19209289550781E-07,"font":0,"fontSize":48}},"p2":{"x":-0.0301821231842041,"y":-0.109003782272339,"z":-1.19209289550781E-07,"tension":0,"bias":0,"continuity":0,"index":2,"pointType":2,"word":"","collect":false,"text":{"x":0.469817876815796,"y":-0.109003782272339,"z":-1.19209289550781E-07,"font":0,"fontSize":48}},"p3":{"x":-0.285104513168335,"y":0.48001754283905,"z":-1.19209289550781E-07,"tension":-0.526050329208374,"bias":0,"continuity":0,"index":3,"pointType":2,"word":"","collect":false,"text":{"x":0.214895486831665,"y":0.48001754283905,"z":-1.19209289550781E-07,"font":0,"fontSize":48}},"p4":{"x":0.490585803985596,"y":0.313726425170898,"z":-1.19209289550781E-07,"tension":-0.930187463760376,"bias":-0.0169957894831896,"continuity":0,"index":4,"pointType":2,"word":"","collect":false,"text":{"x":0.990585803985596,"y":0.313726425170898,"z":-1.19209289550781E-07,"font":0,"fontSize":48}},"p5":{"x":0.994236946105957,"y":0.786467790603638,"z":-1.19209289550781E-07,"tension":0,"bias":0,"continuity":0,"index":5,"pointType":3,"word":"build inertia","collect":false,"text":{"x":0.766171932220459,"y":0.960155010223389,"z":-1.19209289550781E-07,"font":3,"fontSize":72}},"p6":{"x":0.974440097808838,"y":-0.178621768951416,"z":-1.19209289550781E-07,"tension":-0.432377934455872,"bias":0.0228238124400377,"continuity":0,"index":6,"pointType":0,"word":"","collect":false,"text":{"x":1.47444009780884,"y":-0.178621768951416,"z":-1.19209289550781E-07,"font":0,"fontSize":48}},"p7":{"x":1.45252084732056,"y":0.319856882095337,"z":-1.19209289550781E-07,"tension":-0.999999642372131,"bias":-0.00188946118578315,"continuity":0,"index":7,"pointType":0,"word":"","collect":false,"text":{"x":1.95252084732056,"y":0.319856882095337,"z":-1.19209289550781E-07,"font":0,"fontSize":48}},"p8":{"x":0.857213020324707,"y":-0.631992816925049,"z":-1.19209289550781E-07,"tension":-0.479806423187256,"bias":0.18764029443264,"continuity":0,"index":8,"pointType":2,"word":"","collect":false,"text":{"x":1.35721302032471,"y":-0.631992816925049,"z":-1.19209289550781E-07,"font":0,"fontSize":48}},"p9":{"x":0.214513063430786,"y":-0.557756662368774,"z":-1.19209289550781E-07,"tension":0,"bias":0,"continuity":0,"index":9,"pointType":2,"word":"","collect":false,"text":{"x":0.714513063430786,"y":-0.557756662368774,"z":-1.19209289550781E-07,"font":0,"fontSize":48}},"p10":{"x":0.269250392913818,"y":0.716174125671387,"z":-1.19209289550781E-07,"tension":0,"bias":0,"continuity":0,"index":10,"pointType":2,"word":"","collect":false,"text":{"x":0.769250392913818,"y":0.716174125671387,"z":-1.19209289550781E-07,"font":0,"fontSize":48}},"p11":{"x":0.987558841705322,"y":1.1061224937439,"z":-1.19209289550781E-07,"tension":0,"bias":0,"continuity":0,"index":11,"pointType":6,"word":"","collect":false,"text":{"x":1.48755884170532,"y":1.1061224937439,"z":-1.19209289550781E-07,"font":0,"fontSize":48}},"splineCount":4,"unlockType":0,"speed":0,"acceleration":0,"maxSpeed":3,"time":0,"laps":0,"startSpeed":0,"text":"","title":"6","forceOrder":false,"camera":{"lockX":false,"lockY":false,"lockZ":false,"x":0.583708167076111,"y":0.237064838409424,"z":-1.19209289550781E-07,"setPos":false,"fov":40},"spline0":{"order":0,"closed":false,"numPoints":5,"type":0,"lineTexture":0,"lineWidth":1,"bidirectional":false,"speed":0,"points":{"p0":1,"p1":2,"p2":3,"p3":10,"p4":4}},"spline1":{"order":1,"closed":true,"numPoints":4,"type":0,"lineTexture":0,"lineWidth":1,"bidirectional":false,"speed":0,"points":{"p0":6,"p1":7,"p2":5,"p3":4}},"spline2":{"order":2,"closed":false,"numPoints":4,"type":0,"lineTexture":0,"lineWidth":1,"bidirectional":false,"speed":0,"points":{"p0":6,"p1":8,"p2":9,"p3":0}},"spline3":{"order":3,"closed":false,"numPoints":2,"type":0,"lineTexture":3,"lineWidth":1,"bidirectional":false,"speed":0,"points":{"p0":5,"p1":6}}}