{"name":"9","pointCount":11,"p0":{"x":0.060908317565918,"y":0.297040104866028,"z":-1.19209289550781E-07,"tension":1,"bias":0,"continuity":0,"index":0,"pointType":5,"word":"","collect":false,"text":{"x":0.560908317565918,"y":0.297040104866028,"z":-1.19209289550781E-07,"font":0,"fontSize":48}},"p1":{"x":0.376166343688965,"y":0.738298416137695,"z":-1.19209289550781E-07,"tension":-0.864601790904999,"bias":0.00565869873389602,"continuity":0,"index":1,"pointType":2,"word":"","collect":false,"text":{"x":0.876166343688965,"y":0.738298416137695,"z":-1.19209289550781E-07,"font":0,"fontSize":48}},"p2":{"x":0.47559666633606,"y":-0.0570428371429443,"z":0.200112998485565,"tension":-0.78190404176712,"bias":-0.151394292712212,"continuity":0,"index":2,"pointType":2,"word":"","collect":false,"text":{"x":0.97559666633606,"y":-0.0570428371429443,"z":0.200112998485565,"font":0,"fontSize":48}},"p3":{"x":-0.068976879119873,"y":-0.260552883148193,"z":-1.19209289550781E-07,"tension":-0.913123250007629,"bias":0.00385911227203906,"continuity":0,"index":3,"pointType":2,"word":"","collect":false,"text":{"x":0.431023120880127,"y":-0.260552883148193,"z":-1.19209289550781E-07,"font":0,"fontSize":48}},"p4":{"x":0.558841705322266,"y":0.356855273246765,"z":-1.19209289550781E-07,"tension":-0.832910895347595,"bias":0.00538312830030918,"continuity":0,"index":4,"pointType":2,"word":"","collect":false,"text":{"x":1.05884170532227,"y":0.356855273246765,"z":-1.19209289550781E-07,"font":0,"fontSize":48}},"p5":{"x":-0.221919059753418,"y":0.819594860076904,"z":-0.200323089957237,"tension":-0.638084948062897,"bias":-0.0366994366049767,"continuity":0,"index":5,"pointType":2,"word":"","collect":false,"text":{"x":0.278080940246582,"y":0.819594860076904,"z":-0.200323089957237,"font":0,"fontSize":48}},"p6":{"x":0.0279624462127686,"y":0.736352205276489,"z":0.0340630635619164,"tension":-0.325094908475876,"bias":0.0241198595613241,"continuity":0,"index":6,"pointType":2,"word":"","collect":false,"text":{"x":0.527962446212769,"y":0.736352205276489,"z":0.0340630635619164,"font":0,"fontSize":48}},"p7":{"x":-0.384807109832764,"y":0.419072866439819,"z":-1.19209289550781E-07,"tension":-1,"bias":-0.0651098340749741,"continuity":0,"index":7,"pointType":2,"word":"","collect":false,"text":{"x":0.115192890167236,"y":0.419072866439819,"z":-1.19209289550781E-07,"font":0,"fontSize":48}},"p8":{"x":-0.141445159912109,"y":-0.0397658348083496,"z":-1.19209289550781E-07,"tension":-1,"bias":0.0293095149099827,"continuity":0,"index":8,"pointType":2,"word":"","collect":false,"text":{"x":0.358554840087891,"y":-0.0397658348083496,"z":-1.19209289550781E-07,"font":0,"fontSize":48}},"p9":{"x":-0.299618005752563,"y":0.0938103199005127,"z":-0.537412166595459,"tension":-0.457908272743225,"bias":0.0228150896728039,"continuity":0,"index":9,"pointType":2,"word":"","collect":false,"text":{"x":0.200381994247437,"y":0.0938103199005127,"z":-0.537412166595459,"font":0,"fontSize":48}},"p10":{"x":0.00412797927856445,"y":0.471323251724243,"z":-0.81992119550705,"tension":0,"bias":0,"continuity":0,"index":10,"pointType":6,"word":"","collect":false,"text":{"x":0.504127979278564,"y":0.471323251724243,"z":-0.81992119550705,"font":0,"fontSize":48}},"splineCount":5,"unlockType":0,"speed":0,"acceleration":0,"maxSpeed":3,"time":0,"laps":0,"startSpeed":0,"text":"","title":"9","forceOrder":false,"camera":{"lockX":false,"lockY":false,"lockZ":false,"x":0.087017297744751,"y":0.279520988464355,"z":-0.309904098510742,"setPos":false,"fov":40},"spline0":{"order":0,"closed":true,"numPoints":3,"type":0,"lineTexture":0,"lineWidth":1,"bidirectional":false,"speed":0,"points":{"p0":0,"p1":1,"p2":5}},"spline1":{"order":1,"closed":true,"numPoints":3,"type":0,"lineTexture":3,"lineWidth":1,"bidirectional":false,"speed":0,"points":{"p0":0,"p1":2,"p2":8}},"spline2":{"order":2,"closed":true,"numPoints":3,"type":0,"lineTexture":5,"lineWidth":1,"bidirectional":false,"speed":0,"points":{"p0":0,"p1":3,"p2":9}},"spline3":{"order":3,"closed":true,"numPoints":4,"type":0,"lineTexture":1,"lineWidth":1,"bidirectional":false,"speed":0,"points":{"p0":0,"p1":4,"p2":6,"p3":7}},"spline4":{"order":4,"closed":false,"numPoints":2,"type":0,"lineTexture":0,"lineWidth":1,"bidirectional":false,"speed":0,"points":{"p0":0,"p1":10}}}