{"name":"intro4","pointCount":15,"p0":{"x":0.444770902395248,"y":0.532710909843445,"z":-1.18865195020135E-07,"tension":0.280412405729294,"bias":-0.0742752328515053,"continuity":0,"index":0,"pointType":5,"word":"rule 4.","text":{"x":-0.423245698213577,"y":0.554750859737396,"z":-1.18865195020135E-07,"font":2,"fontSize":48}},"p1":{"x":0.00111260788980871,"y":-0.0796040222048759,"z":-1.18865195020135E-07,"tension":-0.999980449676514,"bias":-0.155357956886292,"continuity":0,"index":1,"pointType":2,"word":"you can fly","text":{"x":-0.427238583564758,"y":0.438668012619019,"z":-1.18865195020135E-07,"font":3,"fontSize":72}},"p2":{"x":0.418382912874222,"y":-0.26374289393425,"z":-1.18865195020135E-07,"tension":0.096716582775116,"bias":-0.00136595009826124,"continuity":0,"index":2,"pointType":2,"word":"1. off marked points","text":{"x":-0.424906820058823,"y":0.299391061067581,"z":-1.19209289550781E-07,"font":3,"fontSize":32}},"p3":{"x":0.628993272781372,"y":0.0754406601190567,"z":-1.18865195020135E-07,"tension":-0.999990165233612,"bias":-0.0668494552373886,"continuity":0,"index":3,"pointType":2,"word":"(by pressing or holding)","text":{"x":-0.398834705352783,"y":0.252460956573486,"z":-1.19209289550781E-07,"font":2,"fontSize":36}},"p4":{"x":0.0174929667264223,"y":0.0331621989607811,"z":-1.18865195020135E-07,"tension":-0.999993085861206,"bias":-0.179705888032913,"continuity":0,"index":4,"pointType":2,"word":"(not recommended)","text":{"x":-0.393620193004608,"y":0.111670792102814,"z":-1.19209289550781E-07,"font":2,"fontSize":32}},"p5":{"x":0.389194577932358,"y":-0.178526982665062,"z":-1.18865195020135E-07,"tension":-1,"bias":0.042973518371582,"continuity":0,"index":5,"pointType":2,"word":"","text":{"x":0.88919460773468,"y":-0.178526982665062,"z":-1.18865195020135E-07,"font":0,"fontSize":48}},"p6":{"x":0.513041734695435,"y":0.0850449874997139,"z":-1.18865195020135E-07,"tension":-0.99999338388443,"bias":0.0432488210499287,"continuity":0,"index":6,"pointType":2,"word":"","text":{"x":1.01304173469543,"y":0.0850449874997139,"z":-1.18865195020135E-07,"font":0,"fontSize":48}},"p7":{"x":0.233591794967651,"y":0.208892047405243,"z":-1.18865195020135E-07,"tension":0.342817217111588,"bias":0.140628188848495,"continuity":0,"index":7,"pointType":2,"word":"","text":{"x":0.733591794967651,"y":0.208892047405243,"z":-1.18865195020135E-07,"font":0,"fontSize":48}},"p8":{"x":0.131973505020142,"y":0.0342358648777008,"z":-1.18865195020135E-07,"tension":-0.999997735023499,"bias":-0.133071422576904,"continuity":0,"index":8,"pointType":2,"word":"","text":{"x":0.631973505020142,"y":0.0342358648777008,"z":-1.18865195020135E-07,"font":0,"fontSize":48}},"p9":{"x":0.376492530107498,"y":-0.105489052832127,"z":-1.18865195020135E-07,"tension":-1,"bias":-1.99140595213976E-05,"continuity":0,"index":9,"pointType":2,"word":"","text":{"x":0.876492500305176,"y":-0.105489052832127,"z":-1.18865195020135E-07,"font":0,"fontSize":48}},"p10":{"x":0.424125611782074,"y":0.0374114438891411,"z":-1.18865195020135E-07,"tension":-0.085035152733326,"bias":0.0437159091234207,"continuity":0,"index":10,"pointType":2,"word":"","text":{"x":0.924125611782074,"y":0.0374114438891411,"z":-1.18865195020135E-07,"font":0,"fontSize":48}},"p11":{"x":0.300692915916443,"y":0.055049367249012,"z":-1.18865195020135E-07,"tension":0.444708108901978,"bias":-0.161748558282852,"continuity":0,"index":11,"pointType":1,"word":"","text":{"x":0.800692915916443,"y":0.055049367249012,"z":-1.18865195020135E-07,"font":0,"fontSize":48}},"p12":{"x":0.178921833634377,"y":0.333941370248795,"z":-1.18865195020135E-07,"tension":1,"bias":-0.100007139146328,"continuity":0,"index":12,"pointType":2,"word":"------","text":{"x":-0.422091126441956,"y":0.523552894592285,"z":-1.19209289550781E-07,"font":2,"fontSize":48}},"p13":{"x":-0.295126914978027,"y":-0.15993344783783,"z":-1.18865195020135E-07,"tension":0,"bias":0,"continuity":0,"index":13,"pointType":6,"word":"","text":{"x":0.204873085021973,"y":-0.15993344783783,"z":-1.18865195020135E-07,"font":0,"fontSize":48}},"p14":{"x":0.287187516689301,"y":0.364946514368057,"z":-1.18865195020135E-07,"tension":-0.358608722686768,"bias":-0.0238178204745054,"continuity":0,"index":14,"pointType":2,"word":"2. by being misaligned","text":{"x":-0.42751407623291,"y":0.153386324644089,"z":-1.19209289550781E-07,"font":3,"fontSize":32}},"fixedCamera":true,"fov":52,"splineCount":1,"spline0":{"closed":false,"numPoints":14,"lineTexture":0,"points":{"p0":0,"p1":12,"p2":1,"p3":2,"p4":3,"p5":14,"p6":4,"p7":5,"p8":6,"p9":7,"p10":8,"p11":9,"p12":10,"p13":11}}}