{"name":"line1","pointCount":15,"p0":{"x":0.0605764389038086,"y":0.732570052146912,"z":-0.0534483194351196,"tension":0,"bias":0,"continuity":0,"index":0,"pointType":5,"word":"","collect":false,"text":{"x":0.560576438903809,"y":0.732570052146912,"z":-0.0534483194351196,"font":0,"fontSize":48}},"p1":{"x":0.0586223602294922,"y":0.474114418029785,"z":-0.0534483194351196,"tension":0,"bias":0,"continuity":0,"index":1,"pointType":2,"word":"","collect":false,"text":{"x":0.558622360229492,"y":0.474114418029785,"z":-0.0534483194351196,"font":0,"fontSize":48}},"p2":{"x":0.164345502853394,"y":-0.763377666473389,"z":-0.0534483194351196,"tension":0.567973077297211,"bias":0.090762622654438,"continuity":0,"index":2,"pointType":0,"word":"","collect":false,"text":{"x":0.664345502853394,"y":-0.763377666473389,"z":-0.0534483194351196,"font":0,"fontSize":48}},"p3":{"x":0.301836252212524,"y":-0.328155040740967,"z":-0.0534483194351196,"tension":-0.999921679496765,"bias":-0.00605077110230923,"continuity":0,"index":3,"pointType":2,"word":"self correcting","collect":false,"text":{"x":-0.0494701862335205,"y":-0.491167783737183,"z":-1.19209289550781E-07,"font":2,"fontSize":162}},"p4":{"x":0.0965960025787354,"y":-0.00671720504760742,"z":-0.0534483194351196,"tension":1,"bias":0.154640823602676,"continuity":0,"index":4,"pointType":2,"word":"compulsive","collect":false,"text":{"x":-0.0447587966918945,"y":-0.149588346481323,"z":-1.19209289550781E-07,"font":2,"fontSize":162}},"p5":{"x":-0.141277074813843,"y":0.234416604042053,"z":-0.0534483194351196,"tension":-0.597555577754974,"bias":-0.00387600250542164,"continuity":0,"index":5,"pointType":2,"word":"curling","collect":false,"text":{"x":-0.028268575668335,"y":0.12131941318512,"z":-1.19209289550781E-07,"font":2,"fontSize":162}},"p6":{"x":0.0168073177337646,"y":-0.946383476257324,"z":-0.0534483194351196,"tension":0.440557658672333,"bias":-0.105565927922726,"continuity":0,"index":6,"pointType":2,"word":"","collect":false,"text":{"x":0.516807317733765,"y":-0.946383476257324,"z":-0.0534483194351196,"font":0,"fontSize":48}},"p7":{"x":0.0400753021240234,"y":-2.07536220550537,"z":-0.0534483194351196,"tension":0,"bias":0,"continuity":0,"index":7,"pointType":2,"word":"a","collect":false,"text":{"x":0.354183912277222,"y":-1.93466925621033,"z":-0.0148602724075317,"font":0,"fontSize":108}},"p8":{"x":0.309476852416992,"y":-1.78025579452515,"z":-0.0534483194351196,"tension":-0.999921679496765,"bias":-0.00605077110230923,"continuity":0,"index":8,"pointType":2,"word":"towards--","collect":false,"text":{"x":-0.254400014877319,"y":-1.92565298080444,"z":-0.0190763473510742,"font":2,"fontSize":108}},"p9":{"x":0.0837299823760986,"y":-1.44651412963867,"z":-0.0534483194351196,"tension":1,"bias":0.154640823602676,"continuity":0,"index":9,"pointType":2,"word":"threatening","collect":false,"text":{"x":-0.512108325958252,"y":-1.25392198562622,"z":-0.0190763473510742,"font":0,"fontSize":108}},"p10":{"x":-0.154143333435059,"y":-1.2053804397583,"z":-0.0534483194351196,"tension":-0.597555577754974,"bias":-0.00387600250542164,"continuity":0,"index":10,"pointType":2,"word":"tightening","collect":false,"text":{"x":-0.512108325958252,"y":-1.38911294937134,"z":-0.0190763473510742,"font":0,"fontSize":108}},"p11":{"x":-0.18449854850769,"y":-1.48846626281738,"z":-0.0534483194351196,"tension":-0.999965608119965,"bias":0.0268111620098352,"continuity":0,"index":11,"pointType":2,"word":"circuit","collect":false,"text":{"x":0.34994649887085,"y":-2.18044328689575,"z":-0.0148602724075317,"font":0,"fontSize":108}},"p12":{"x":-0.408563852310181,"y":-1.97704386711121,"z":-0.0148602724075317,"tension":-0.999995887279511,"bias":0.007413683924824,"continuity":0,"index":12,"pointType":0,"word":"short","collect":false,"text":{"x":0.362410068511963,"y":-2.04817008972168,"z":-0.0190763473510742,"font":0,"fontSize":108}},"p13":{"x":0.23129677772522,"y":-1.72279453277588,"z":-0.0148602724075317,"tension":0.588114142417908,"bias":-0.0279219467192888,"continuity":0,"index":13,"pointType":0,"word":"","collect":false,"text":{"x":0.73129677772522,"y":-1.72279453277588,"z":-0.0148602724075317,"font":0,"fontSize":48}},"p14":{"x":0.239771366119385,"y":-2.83725357055664,"z":-0.0148602724075317,"tension":0,"bias":0,"continuity":0,"index":14,"pointType":6,"word":"","collect":false,"text":{"x":0.739771366119385,"y":-2.83725357055664,"z":-0.0148602724075317,"font":0,"fontSize":48}},"splineCount":2,"unlockType":0,"speed":0,"acceleration":0,"maxSpeed":3,"time":0,"laps":4,"startSpeed":0,"text":"","title":"line1","forceOrder":false,"camera":{"lockX":false,"lockY":false,"lockZ":false,"x":-0.0495434999465942,"y":-1.05234169960022,"z":-0.0341542959213257,"setPos":false,"fov":40},"spline0":{"order":0,"closed":false,"numPoints":7,"type":0,"lineTexture":0,"lineWidth":1,"bidirectional":false,"speed":0,"points":{"p0":0,"p1":1,"p2":5,"p3":4,"p4":3,"p5":2,"p6":6}},"spline1":{"order":1,"closed":false,"numPoints":9,"type":0,"lineTexture":0,"lineWidth":1,"bidirectional":false,"speed":0,"points":{"p0":6,"p1":10,"p2":9,"p3":8,"p4":7,"p5":12,"p6":11,"p7":13,"p8":14}}}