{"name":"Organ","pointCount":24,"p0":{"x":-2.18429684638977,"y":0.475805461406708,"z":-1.19209289550781E-07,"tension":0.0635185092687607,"bias":0.000123452191473916,"continuity":0,"index":0,"pointType":2},"p1":{"x":-2.14667820930481,"y":-0.0516753941774368,"z":-1.19209289550781E-07,"tension":0,"bias":0,"continuity":0,"index":1,"pointType":2},"p2":{"x":-1.78985834121704,"y":-0.0731814801692963,"z":-1.19209289550781E-07,"tension":-1,"bias":0.0260061211884022,"continuity":0,"index":2,"pointType":2},"p3":{"x":-1.78409922122955,"y":0.30610927939415,"z":-1.19209289550781E-07,"tension":0,"bias":0,"continuity":0,"index":3,"pointType":2},"p4":{"x":-2.0047926902771,"y":0.33209440112114,"z":-1.19209289550781E-07,"tension":0.2159104347229,"bias":0.0534906275570393,"continuity":0,"index":4,"pointType":2},"p5":{"x":-1.40780246257782,"y":-0.0476488023996353,"z":-1.19209289550781E-07,"tension":0,"bias":0,"continuity":0,"index":5,"pointType":2},"p6":{"x":-1.98561537265778,"y":-0.472452044487,"z":-1.19209289550781E-07,"tension":0,"bias":0,"continuity":0,"index":6,"pointType":2},"p7":{"x":-1.38364315032959,"y":-0.96825784444809,"z":-1.19209289550781E-07,"tension":0,"bias":0,"continuity":0,"index":7,"pointType":2},"p8":{"x":-1.96290290355682,"y":-1.42395520210266,"z":-1.19209289550781E-07,"tension":0,"bias":0,"continuity":0,"index":8,"pointType":2},"p9":{"x":-2.01242637634277,"y":0.199331939220428,"z":-1.19209289550781E-07,"tension":0,"bias":0,"continuity":0,"index":9,"pointType":2},"p10":{"x":-2.00873374938965,"y":0.925106704235077,"z":-1.19209289550781E-07,"tension":0,"bias":0,"continuity":0,"index":10,"pointType":0},"p11":{"x":-2.14318108558655,"y":1.14791667461395,"z":-1.19209289550781E-07,"tension":0,"bias":0,"continuity":0,"index":11,"pointType":0},"p12":{"x":-2.03420495986938,"y":1.56152844429016,"z":-1.19209289550781E-07,"tension":0,"bias":0,"continuity":0,"index":12,"pointType":0},"p13":{"x":-2.4681384563446,"y":1.47569537162781,"z":-1.19209289550781E-07,"tension":0,"bias":0,"continuity":0,"index":13,"pointType":0},"p14":{"x":-2.4640007019043,"y":-0.0259192660450935,"z":-1.19209289550781E-07,"tension":0,"bias":0,"continuity":0,"index":14,"pointType":0},"p15":{"x":-2.38229370117188,"y":2.18619108200073,"z":-1.19209289550781E-07,"tension":0,"bias":0,"continuity":0,"index":15,"pointType":0},"p16":{"x":-2.84008073806763,"y":1.69504714012146,"z":-1.19209289550781E-07,"tension":0,"bias":0,"continuity":0,"index":16,"pointType":0},"p17":{"x":-2.91160821914673,"y":0.0594516396522522,"z":-1.19209289550781E-07,"tension":0,"bias":0,"continuity":0,"index":17,"pointType":0},"p18":{"x":-2.91160821914673,"y":2.55814528465271,"z":-1.19209289550781E-07,"tension":0,"bias":0,"continuity":0,"index":18,"pointType":0},"p19":{"x":-3.42660617828369,"y":2.07175827026367,"z":-1.19209289550781E-07,"tension":0,"bias":0,"continuity":0,"index":19,"pointType":0},"p20":{"x":-3.5553560256958,"y":0.517227590084076,"z":-1.19209289550781E-07,"tension":0,"bias":0,"continuity":0,"index":20,"pointType":0},"p21":{"x":-3.70317912101746,"y":2.76319026947021,"z":-1.19209289550781E-07,"tension":0,"bias":0,"continuity":0,"index":21,"pointType":0},"p22":{"x":-4.10373306274414,"y":1.92393445968628,"z":-1.19209289550781E-07,"tension":0,"bias":0,"continuity":0,"index":22,"pointType":2},"p23":{"x":-4.18479776382446,"y":0.970234632492065,"z":-1.19209289550781E-07,"tension":0,"bias":0,"continuity":0,"index":23,"pointType":2},"splineCount":6,"spline0":{"closed":true,"numPoints":12,"points":{"p0":0,"p1":1,"p2":2,"p3":3,"p4":4,"p5":9,"p6":5,"p7":6,"p8":7,"p9":8,"p10":10,"p11":11}},"spline1":{"closed":false,"numPoints":4,"points":{"p0":10,"p1":12,"p2":13,"p3":14}},"spline2":{"closed":false,"numPoints":4,"points":{"p0":12,"p1":15,"p2":16,"p3":17}},"spline3":{"closed":false,"numPoints":4,"points":{"p0":15,"p1":18,"p2":19,"p3":20}},"spline4":{"closed":false,"numPoints":8,"points":{"p0":18,"p1":21,"p2":22,"p3":23,"p4":20,"p5":17,"p6":14,"p7":10}},"spline5":{"closed":false,"numPoints":5,"points":{"p0":21,"p1":19,"p2":16,"p3":13,"p4":11}}}