{"name":"skipping","pointCount":10,"p0":{"x":-0.629019796848297,"y":0.53017383813858,"z":-1.19209289550781E-07,"tension":0,"bias":0,"continuity":0,"index":0,"pointType":0,"word":"","text":{"x":-0.129019796848297,"y":0.53017383813858,"z":-1.19209289550781E-07,"font":0,"fontSize":48}},"p1":{"x":-0.220156952738762,"y":0.602061808109283,"z":-1.19209289550781E-07,"tension":-1,"bias":0.0150732062757015,"continuity":0,"index":1,"pointType":2,"word":"","text":{"x":0.279843032360077,"y":0.602061808109283,"z":-1.19209289550781E-07,"font":0,"fontSize":48}},"p2":{"x":0.103339105844498,"y":0.3729188144207,"z":-1.19209289550781E-07,"tension":0,"bias":0,"continuity":0,"index":2,"pointType":1,"word":"","text":{"x":0.603339076042175,"y":0.3729188144207,"z":-1.19209289550781E-07,"font":0,"fontSize":48}},"p3":{"x":0.261167019605637,"y":0.039397619664669,"z":-1.19209289550781E-07,"tension":0,"bias":0,"continuity":0,"index":3,"pointType":0,"word":"","text":{"x":0.761167049407959,"y":0.039397619664669,"z":-1.19209289550781E-07,"font":0,"fontSize":48}},"p4":{"x":0.210110068321228,"y":-0.362212538719177,"z":-1.19209289550781E-07,"tension":-1,"bias":0.0150732062757015,"continuity":0,"index":4,"pointType":2,"word":"","text":{"x":0.710110068321228,"y":-0.362212538719177,"z":-1.19209289550781E-07,"font":0,"fontSize":48}},"p5":{"x":-0.0891554802656174,"y":-0.627967238426209,"z":-1.19209289550781E-07,"tension":0,"bias":0,"continuity":0,"index":5,"pointType":1,"word":"","text":{"x":0.410844504833221,"y":-0.627967238426209,"z":-1.19209289550781E-07,"font":0,"fontSize":48}},"p6":{"x":-0.58811753988266,"y":-0.545027077198029,"z":-1.19209289550781E-07,"tension":0,"bias":0,"continuity":0,"index":6,"pointType":0,"word":"","text":{"x":-0.0881175398826599,"y":-0.545027077198029,"z":-1.19209289550781E-07,"font":0,"fontSize":48}},"p7":{"x":-0.891597449779511,"y":-0.277076721191406,"z":-1.19209289550781E-07,"tension":-1,"bias":0.0150732062757015,"continuity":0,"index":7,"pointType":2,"word":"","text":{"x":-0.391597449779511,"y":-0.277076721191406,"z":-1.19209289550781E-07,"font":0,"fontSize":48}},"p8":{"x":-0.94320684671402,"y":0.119813524186611,"z":-1.19209289550781E-07,"tension":0,"bias":0,"continuity":0,"index":8,"pointType":1,"word":"","text":{"x":-0.44320684671402,"y":0.119813524186611,"z":-1.19209289550781E-07,"font":0,"fontSize":48}},"p9":{"x":-0.317742586135864,"y":0.00530435144901276,"z":-1.19209289550781E-07,"tension":0,"bias":0,"continuity":0,"index":9,"pointType":5,"word":"","text":{"x":0.182257413864136,"y":0.00530435144901276,"z":-1.19209289550781E-07,"font":0,"fontSize":48}},"splineCount":4,"spline0":{"closed":false,"numPoints":3,"lineTexture":0,"points":{"p0":0,"p1":1,"p2":2}},"spline1":{"closed":false,"numPoints":3,"lineTexture":0,"points":{"p0":3,"p1":4,"p2":5}},"spline2":{"closed":false,"numPoints":3,"lineTexture":0,"points":{"p0":6,"p1":7,"p2":8}},"spline3":{"closed":false,"numPoints":2,"lineTexture":0,"points":{"p0":9,"p1":0}}}