{"name":"Sprial","pointCount":22,"p0":{"x":-0.0465097427368164,"y":0.00894427299499512,"z":-1.19209289550781E-07,"tension":0,"bias":0,"continuity":0,"index":0,"pointType":2,"word":"","collect":false,"text":{"x":0.453490257263184,"y":0.00894427299499512,"z":-1.19209289550781E-07,"font":0,"fontSize":48}},"p1":{"x":-0.143103122711182,"y":-0.112696647644043,"z":-1.19209289550781E-07,"tension":0,"bias":0,"continuity":0,"index":1,"pointType":6,"word":"","collect":false,"text":{"x":0.356896877288818,"y":-0.112696647644043,"z":-1.19209289550781E-07,"font":0,"fontSize":48}},"p2":{"x":-0.042931079864502,"y":-0.245066165924072,"z":-1.19209289550781E-07,"tension":0,"bias":0,"continuity":0,"index":2,"pointType":2,"word":"","collect":false,"text":{"x":0.457068920135498,"y":-0.245066165924072,"z":-1.19209289550781E-07,"font":0,"fontSize":48}},"p3":{"x":0.15383768081665,"y":-0.223600625991821,"z":-1.19209289550781E-07,"tension":0,"bias":0,"continuity":0,"index":3,"pointType":2,"word":"","collect":false,"text":{"x":0.65383768081665,"y":-0.223600625991821,"z":-1.19209289550781E-07,"font":0,"fontSize":48}},"p4":{"x":0.232544660568237,"y":-0.030409574508667,"z":-1.19209289550781E-07,"tension":0,"bias":0,"continuity":0,"index":4,"pointType":2,"word":"","collect":false,"text":{"x":0.732544660568237,"y":-0.030409574508667,"z":-1.19209289550781E-07,"font":0,"fontSize":48}},"p5":{"x":0.0894396305084229,"y":0.194979667663574,"z":-1.19209289550781E-07,"tension":0,"bias":0,"continuity":0,"index":5,"pointType":2,"word":"","collect":false,"text":{"x":0.589439630508423,"y":0.194979667663574,"z":-1.19209289550781E-07,"font":0,"fontSize":48}},"p6":{"x":-0.168149471282959,"y":0.194981336593628,"z":-1.19209289550781E-07,"tension":0,"bias":0,"continuity":0,"index":6,"pointType":2,"word":"","collect":false,"text":{"x":0.331850528717041,"y":0.194981336593628,"z":-1.19209289550781E-07,"font":0,"fontSize":48}},"p7":{"x":-0.350601673126221,"y":-0.0840802192687988,"z":-1.19209289550781E-07,"tension":0,"bias":0,"continuity":0,"index":7,"pointType":2,"word":"","collect":false,"text":{"x":0.149398326873779,"y":-0.0840802192687988,"z":-1.19209289550781E-07,"font":0,"fontSize":48}},"p8":{"x":-0.182456970214844,"y":-0.359549999237061,"z":-1.19209289550781E-07,"tension":0,"bias":0,"continuity":0,"index":8,"pointType":2,"word":"","collect":false,"text":{"x":0.317543029785156,"y":-0.359549999237061,"z":-1.19209289550781E-07,"font":0,"fontSize":48}},"p9":{"x":0.282631397247314,"y":-0.334506750106812,"z":-1.19209289550781E-07,"tension":0,"bias":0,"continuity":0,"index":9,"pointType":2,"word":"","collect":false,"text":{"x":0.782631397247314,"y":-0.334506750106812,"z":-1.19209289550781E-07,"font":0,"fontSize":48}},"p10":{"x":0.407854795455933,"y":0.0876578092575073,"z":-1.19209289550781E-07,"tension":0,"bias":0,"continuity":0,"index":10,"pointType":2,"word":"","collect":false,"text":{"x":0.907854795455933,"y":0.0876578092575073,"z":-1.19209289550781E-07,"font":0,"fontSize":48}},"p11":{"x":0.042931079864502,"y":0.413213968276978,"z":-1.19209289550781E-07,"tension":0,"bias":0,"continuity":0,"index":11,"pointType":2,"word":"","collect":false,"text":{"x":0.542931079864502,"y":0.413213968276978,"z":-1.19209289550781E-07,"font":0,"fontSize":48}},"p12":{"x":-0.443623542785645,"y":0.245064854621887,"z":-1.19209289550781E-07,"tension":0,"bias":0,"continuity":0,"index":12,"pointType":2,"word":"","collect":false,"text":{"x":0.0563764572143555,"y":0.245064854621887,"z":-1.19209289550781E-07,"font":0,"fontSize":48}},"p13":{"x":-0.511606216430664,"y":-0.320207357406616,"z":-1.19209289550781E-07,"tension":0,"bias":0,"continuity":0,"index":13,"pointType":2,"word":"","collect":false,"text":{"x":-0.0116062164306641,"y":-0.320207357406616,"z":-1.19209289550781E-07,"font":0,"fontSize":48}},"p14":{"x":0.128794193267822,"y":-0.660069704055786,"z":-1.19209289550781E-07,"tension":0,"bias":0,"continuity":0,"index":14,"pointType":2,"word":"","collect":false,"text":{"x":0.628794193267822,"y":-0.660069704055786,"z":-1.19209289550781E-07,"font":0,"fontSize":48}},"p15":{"x":0.661899566650391,"y":-0.194968461990356,"z":-1.19209289550781E-07,"tension":0,"bias":0,"continuity":0,"index":15,"pointType":2,"word":"","collect":false,"text":{"x":1.16189956665039,"y":-0.194968461990356,"z":-1.19209289550781E-07,"font":0,"fontSize":48}},"p16":{"x":0.321982622146606,"y":0.595672845840454,"z":-1.19209289550781E-07,"tension":0,"bias":0,"continuity":0,"index":16,"pointType":2,"word":"","collect":false,"text":{"x":0.821982622146606,"y":0.595672845840454,"z":-1.19209289550781E-07,"font":0,"fontSize":48}},"p17":{"x":-0.647624969482422,"y":0.534834384918213,"z":-1.19209289550781E-07,"tension":0,"bias":0,"continuity":0,"index":17,"pointType":2,"word":"","collect":false,"text":{"x":-0.147624969482422,"y":0.534834384918213,"z":-1.19209289550781E-07,"font":0,"fontSize":48}},"p18":{"x":-0.837155342102051,"y":-0.538431167602539,"z":-1.19209289550781E-07,"tension":0,"bias":0,"continuity":0,"index":18,"pointType":2,"word":"","collect":false,"text":{"x":-0.337155342102051,"y":-0.538431167602539,"z":-1.19209289550781E-07,"font":0,"fontSize":48}},"p19":{"x":0.0858626365661621,"y":-0.885458469390869,"z":-1.19209289550781E-07,"tension":0,"bias":0,"continuity":0,"index":19,"pointType":2,"word":"","collect":false,"text":{"x":0.585862636566162,"y":-0.885458469390869,"z":-1.19209289550781E-07,"font":0,"fontSize":48}},"p20":{"x":0.640392780303955,"y":-0.738771438598633,"z":-1.19209289550781E-07,"tension":0,"bias":0,"continuity":0,"index":20,"pointType":2,"word":"","collect":false,"text":{"x":1.14039278030396,"y":-0.738771438598633,"z":-1.19209289550781E-07,"font":0,"fontSize":48}},"p21":{"x":0.468664169311523,"y":-0.166357755661011,"z":-1.19209289550781E-07,"tension":0,"bias":0,"continuity":0,"index":21,"pointType":2,"word":"","collect":false,"text":{"x":0.968664169311523,"y":-0.166357755661011,"z":-1.19209289550781E-07,"font":0,"fontSize":48}},"splineCount":1,"unlockType":0,"speed":0,"acceleration":0.524346947669983,"maxSpeed":1.53793942928314,"time":0,"laps":3,"startSpeed":0.279730230569839,"text":"","title":"Sprial","forceOrder":false,"camera":{"lockX":false,"lockY":false,"lockZ":false,"x":-0.0876278877258301,"y":-0.144892811775208,"z":-1.19209289550781E-07,"setPos":false,"fov":40},"spline0":{"order":0,"closed":true,"numPoints":22,"type":0,"lineTexture":0,"lineWidth":1,"bidirectional":false,"speed":0,"points":{"p0":0,"p1":1,"p2":2,"p3":3,"p4":4,"p5":5,"p6":6,"p7":7,"p8":8,"p9":9,"p10":10,"p11":11,"p12":12,"p13":13,"p14":14,"p15":15,"p16":16,"p17":17,"p18":18,"p19":19,"p20":20,"p21":21}}}