{"name":"4","pointCount":8,"p0":{"x":-0.340151309967041,"y":0.379551291465759,"z":0.0859982669353485,"tension":0,"bias":0,"continuity":0,"index":0,"pointType":6,"word":"","collect":false,"text":{"x":0.159848690032959,"y":0.379551291465759,"z":0.0859982669353485,"font":0,"fontSize":48}},"p1":{"x":0.0484755039215088,"y":0.2387775182724,"z":0,"tension":-0.897555232048035,"bias":0,"continuity":0,"index":1,"pointType":2,"word":"","collect":false,"text":{"x":0.548475503921509,"y":0.2387775182724,"z":0,"font":0,"fontSize":48}},"p2":{"x":-0.250460624694824,"y":0.517696022987366,"z":0,"tension":-0.82547515630722,"bias":0,"continuity":0,"index":2,"pointType":2,"word":"","collect":false,"text":{"x":0.249539375305176,"y":0.517696022987366,"z":0,"font":0,"fontSize":48}},"p3":{"x":-0.0707111358642578,"y":0.682418346405029,"z":0,"tension":-0.753395080566406,"bias":0,"continuity":0,"index":3,"pointType":2,"word":"","collect":false,"text":{"x":0.429288864135742,"y":0.682418346405029,"z":0,"font":0,"fontSize":48}},"p4":{"x":-0.0275053977966309,"y":0.353187561035156,"z":-0.153009921312332,"tension":0,"bias":0,"continuity":0,"index":4,"pointType":7,"word":"","collect":false,"text":{"x":0.472494602203369,"y":0.353187561035156,"z":-0.153009921312332,"font":0,"fontSize":48}},"p5":{"x":-0.167109966278076,"y":0.171508312225342,"z":-0.20661923289299,"tension":-1,"bias":0,"continuity":0,"index":5,"pointType":2,"word":"","collect":false,"text":{"x":0.332890033721924,"y":0.171508312225342,"z":-0.20661923289299,"font":0,"fontSize":48}},"p6":{"x":0.123167753219604,"y":0.566621780395508,"z":0,"tension":-0.70534086227417,"bias":0,"continuity":0,"index":6,"pointType":2,"word":"","collect":false,"text":{"x":0.623167753219604,"y":0.566621780395508,"z":0,"font":0,"fontSize":48}},"p7":{"x":0.335527658462524,"y":0.205594778060913,"z":-0.125331878662109,"tension":0,"bias":0,"continuity":0,"index":7,"pointType":2,"word":"","collect":false,"text":{"x":0.835527658462524,"y":0.205594778060913,"z":-0.125331878662109,"font":0,"fontSize":48}},"splineCount":1,"unlockType":1,"speed":1,"acceleration":0.100000001490116,"maxSpeed":5,"time":1,"laps":1,"startSpeed":0.200000002980232,"text":"knotted,","title":"4","forceOrder":false,"camera":{"lockX":true,"lockY":true,"lockZ":false,"x":0.0410692058503628,"y":0.334797412157059,"z":0,"setPos":true,"fov":19},"spline0":{"order":0,"closed":false,"numPoints":8,"type":0,"lineTexture":5,"lineWidth":1,"bidirectional":true,"speed":0,"crawlerType":0,"crawlerIndex":0,"crawlerDir":true,"crawlerSpeed":1,"points":{"p0":0,"p1":1,"p2":6,"p3":7,"p4":5,"p5":3,"p6":2,"p7":4}}}