{"name":"5","pointCount":13,"p0":{"x":-0.428430557250977,"y":0.217633128166199,"z":0.0859982669353485,"tension":0,"bias":0,"continuity":0,"index":0,"pointType":6,"word":"","collect":false,"text":{"x":0.0715694427490234,"y":0.217633128166199,"z":0.0859982669353485,"font":0,"fontSize":48}},"p1":{"x":0.0484755039215088,"y":0.2387775182724,"z":0,"tension":-0.897555232048035,"bias":0,"continuity":0,"index":1,"pointType":2,"word":"","collect":false,"text":{"x":0.548475503921509,"y":0.2387775182724,"z":0,"font":0,"fontSize":48}},"p2":{"x":-0.527503967285156,"y":0.347360491752625,"z":0,"tension":-0.753395080566406,"bias":0,"continuity":0,"index":2,"pointType":2,"word":"","collect":false,"text":{"x":-0.0275039672851563,"y":0.347360491752625,"z":0,"font":0,"fontSize":48}},"p3":{"x":-0.22832202911377,"y":0.816127061843872,"z":-0.153009921312332,"tension":0,"bias":0,"continuity":0,"index":3,"pointType":2,"word":"","collect":false,"text":{"x":0.27167797088623,"y":0.816127061843872,"z":-0.153009921312332,"font":0,"fontSize":48}},"p4":{"x":0.166423797607422,"y":0.602818965911865,"z":-0.20661923289299,"tension":-1,"bias":0,"continuity":0,"index":4,"pointType":2,"word":"","collect":false,"text":{"x":0.666423797607422,"y":0.602818965911865,"z":-0.20661923289299,"font":0,"fontSize":48}},"p5":{"x":-0.0365316867828369,"y":0.512576460838318,"z":0,"tension":-0.70534086227417,"bias":0,"continuity":0,"index":5,"pointType":2,"word":"","collect":false,"text":{"x":0.463468313217163,"y":0.512576460838318,"z":0,"font":0,"fontSize":48}},"p6":{"x":0.165667057037354,"y":0.144068956375122,"z":-0.125331878662109,"tension":0,"bias":0,"continuity":0,"index":6,"pointType":2,"word":"","collect":false,"text":{"x":0.665667057037354,"y":0.144068956375122,"z":-0.125331878662109,"font":0,"fontSize":48}},"p7":{"x":-0.20856237411499,"y":0.270955085754395,"z":-0.0631105825304985,"tension":-0.921581149101257,"bias":0,"continuity":0,"index":7,"pointType":2,"word":"","collect":false,"text":{"x":0.29143762588501,"y":0.270955085754395,"z":-0.0631105825304985,"font":0,"fontSize":48}},"p8":{"x":0.167538404464722,"y":0.491038203239441,"z":-0.00796008110046387,"tension":0,"bias":0,"continuity":0,"index":8,"pointType":2,"word":"","collect":false,"text":{"x":0.667538404464722,"y":0.491038203239441,"z":-0.00796008110046387,"font":0,"fontSize":48}},"p9":{"x":0.109988689422607,"y":-0.0729341506958008,"z":-0.00796008110046387,"tension":-0.392994701862335,"bias":0,"continuity":0,"index":9,"pointType":2,"word":"","collect":false,"text":{"x":0.609988689422607,"y":-0.0729341506958008,"z":-0.00796008110046387,"font":0,"fontSize":48}},"p10":{"x":-0.481349945068359,"y":0.018006443977356,"z":-0.00796008110046387,"tension":-0.633260846138,"bias":0,"continuity":0,"index":10,"pointType":2,"word":"","collect":false,"text":{"x":0.0186500549316406,"y":0.018006443977356,"z":-0.00796008110046387,"font":0,"fontSize":48}},"p11":{"x":-0.0556166172027588,"y":0.355391263961792,"z":0,"tension":0,"bias":0,"continuity":0,"index":11,"pointType":2,"word":"","collect":false,"text":{"x":0.444383382797241,"y":0.355391263961792,"z":0,"font":0,"fontSize":48}},"p12":{"x":-0.243088006973267,"y":0.62137496471405,"z":0,"tension":0,"bias":0,"continuity":0,"index":12,"pointType":7,"word":"","collect":false,"text":{"x":0.256911993026733,"y":0.62137496471405,"z":0,"font":0,"fontSize":48}},"splineCount":1,"unlockType":1,"speed":1,"acceleration":0.149274900555611,"maxSpeed":5,"time":1,"laps":1,"startSpeed":0.500341773033142,"text":"chased,","title":"5","forceOrder":false,"camera":{"lockX":true,"lockY":true,"lockZ":false,"x":-0.179982781410217,"y":0.371596455574036,"z":-0.0603104829788208,"setPos":false,"fov":27},"spline0":{"order":0,"closed":false,"numPoints":13,"type":0,"lineTexture":0,"lineWidth":1,"bidirectional":true,"speed":0,"crawlerType":1,"crawlerIndex":0,"crawlerDir":true,"crawlerSpeed":0.827226281166077,"points":{"p0":0,"p1":1,"p2":5,"p3":7,"p4":6,"p5":4,"p6":2,"p7":3,"p8":8,"p9":9,"p10":10,"p11":11,"p12":12}}}