{"name":"6","pointCount":25,"p0":{"x":-0.428430557250977,"y":0.220837473869324,"z":0.0859982669353485,"tension":-0.489100635051727,"bias":0,"continuity":0,"index":0,"pointType":6,"word":"","collect":false,"text":{"x":0.0715694427490234,"y":0.220837473869324,"z":0.0859982669353485,"font":0,"fontSize":48}},"p1":{"x":0.0484755039215088,"y":0.241981863975525,"z":0,"tension":-0.489100635051727,"bias":0,"continuity":0,"index":1,"pointType":2,"word":"","collect":false,"text":{"x":0.548475503921509,"y":0.241981863975525,"z":0,"font":0,"fontSize":48}},"p2":{"x":0.162153244018555,"y":0.659988522529602,"z":0,"tension":-0.489100635051727,"bias":0,"continuity":0,"index":2,"pointType":2,"word":"","collect":false,"text":{"x":0.662153244018555,"y":0.659988522529602,"z":0,"font":0,"fontSize":48}},"p3":{"x":-0.297317743301392,"y":0.76647412776947,"z":4.76837158203125E-07,"tension":-0.489100635051727,"bias":0,"continuity":0,"index":3,"pointType":2,"word":"","collect":false,"text":{"x":0.202682256698608,"y":0.76647412776947,"z":4.76837158203125E-07,"font":0,"fontSize":48}},"p4":{"x":-0.862931251525879,"y":0.162405133247375,"z":4.76837158203125E-07,"tension":-0.489100635051727,"bias":0,"continuity":0,"index":4,"pointType":2,"word":"","collect":false,"text":{"x":-0.362931251525879,"y":0.162405133247375,"z":4.76837158203125E-07,"font":0,"fontSize":48}},"p5":{"x":-0.419179201126099,"y":-0.424978494644165,"z":4.76837158203125E-07,"tension":-0.489100635051727,"bias":0,"continuity":0,"index":5,"pointType":2,"word":"","collect":false,"text":{"x":0.0808207988739014,"y":-0.424978494644165,"z":4.76837158203125E-07,"font":0,"fontSize":48}},"p6":{"x":0.74954080581665,"y":0.231842875480652,"z":4.76837158203125E-07,"tension":-0.489100635051727,"bias":0,"continuity":0,"index":6,"pointType":2,"word":"","collect":false,"text":{"x":1.24954080581665,"y":0.231842875480652,"z":4.76837158203125E-07,"font":0,"fontSize":48}},"p7":{"x":0.0841054916381836,"y":1.1526620388031,"z":4.76837158203125E-07,"tension":-0.489100635051727,"bias":0,"continuity":0,"index":7,"pointType":2,"word":"","collect":false,"text":{"x":0.584105491638184,"y":1.1526620388031,"z":4.76837158203125E-07,"font":0,"fontSize":48}},"p8":{"x":-0.72304630279541,"y":0.722705125808716,"z":4.76837158203125E-07,"tension":-0.489100635051727,"bias":0,"continuity":0,"index":8,"pointType":2,"word":"","collect":false,"text":{"x":-0.22304630279541,"y":0.722705125808716,"z":4.76837158203125E-07,"font":0,"fontSize":48}},"p9":{"x":-0.482290029525757,"y":-0.170197248458862,"z":4.76837158203125E-07,"tension":-0.489100635051727,"bias":0,"continuity":0,"index":9,"pointType":2,"word":"","collect":false,"text":{"x":0.0177099704742432,"y":-0.170197248458862,"z":4.76837158203125E-07,"font":0,"fontSize":48}},"p10":{"x":0.333476543426514,"y":-0.410953760147095,"z":4.76837158203125E-07,"tension":-0.489100635051727,"bias":0,"continuity":0,"index":10,"pointType":2,"word":"","collect":false,"text":{"x":0.833476543426514,"y":-0.410953760147095,"z":4.76837158203125E-07,"font":0,"fontSize":48}},"p11":{"x":0.494156360626221,"y":0.46407687664032,"z":4.76837158203125E-07,"tension":-0.489100635051727,"bias":0,"continuity":0,"index":11,"pointType":2,"word":"","collect":false,"text":{"x":0.994156360626221,"y":0.46407687664032,"z":4.76837158203125E-07,"font":0,"fontSize":48}},"p12":{"x":-0.141023635864258,"y":0.961124062538147,"z":4.76837158203125E-07,"tension":-0.489100635051727,"bias":0,"continuity":0,"index":12,"pointType":2,"word":"","collect":false,"text":{"x":0.358976364135742,"y":0.961124062538147,"z":4.76837158203125E-07,"font":0,"fontSize":48}},"p13":{"x":-0.414504289627075,"y":0.512335658073425,"z":4.76837158203125E-07,"tension":-0.489100635051727,"bias":0,"continuity":0,"index":13,"pointType":2,"word":"","collect":false,"text":{"x":0.0854957103729248,"y":0.512335658073425,"z":4.76837158203125E-07,"font":0,"fontSize":48}},"p14":{"x":-0.129336595535278,"y":-0.104748964309692,"z":4.76837158203125E-07,"tension":-0.489100635051727,"bias":0,"continuity":0,"index":14,"pointType":2,"word":"","collect":false,"text":{"x":0.370663404464722,"y":-0.104748964309692,"z":4.76837158203125E-07,"font":0,"fontSize":48}},"p15":{"x":0.335813760757446,"y":0.185093760490417,"z":4.76837158203125E-07,"tension":-0.489100635051727,"bias":0,"continuity":0,"index":15,"pointType":2,"word":"","collect":false,"text":{"x":0.835813760757446,"y":0.185093760490417,"z":4.76837158203125E-07,"font":0,"fontSize":48}},"p16":{"x":-0.0966124534606934,"y":0.601158142089844,"z":4.76837158203125E-07,"tension":-0.489100635051727,"bias":0,"continuity":0,"index":16,"pointType":2,"word":"","collect":false,"text":{"x":0.403387546539307,"y":0.601158142089844,"z":4.76837158203125E-07,"font":0,"fontSize":48}},"p17":{"x":-0.155048370361328,"y":0.365076661109924,"z":4.76837158203125E-07,"tension":-0.489100635051727,"bias":0,"continuity":0,"index":17,"pointType":2,"word":"","collect":false,"text":{"x":0.344951629638672,"y":0.365076661109924,"z":4.76837158203125E-07,"font":0,"fontSize":48}},"p18":{"x":0.0556833744049072,"y":0.380186796188354,"z":4.76837158203125E-07,"tension":-0.489100635051727,"bias":0,"continuity":0,"index":18,"pointType":2,"word":"","collect":false,"text":{"x":0.555683374404907,"y":0.380186796188354,"z":4.76837158203125E-07,"font":0,"fontSize":48}},"p19":{"x":0.00291752815246582,"y":0.672492742538452,"z":0,"tension":-0.489100635051727,"bias":0,"continuity":0,"index":19,"pointType":2,"word":"","collect":false,"text":{"x":0.502917528152466,"y":0.672492742538452,"z":0,"font":0,"fontSize":48}},"p20":{"x":-0.264667749404907,"y":0.600388884544373,"z":0,"tension":-0.489100635051727,"bias":0,"continuity":0,"index":20,"pointType":2,"word":"","collect":false,"text":{"x":0.235332250595093,"y":0.600388884544373,"z":0,"font":0,"fontSize":48}},"p21":{"x":-0.269474744796753,"y":0.303962230682373,"z":0,"tension":-0.489100635051727,"bias":0,"continuity":0,"index":21,"pointType":2,"word":"","collect":false,"text":{"x":0.230525255203247,"y":0.303962230682373,"z":0,"font":0,"fontSize":48}},"p22":{"x":0.0686120986938477,"y":0.0908553600311279,"z":0,"tension":-0.489100635051727,"bias":0,"continuity":0,"index":22,"pointType":2,"word":"","collect":false,"text":{"x":0.568612098693848,"y":0.0908553600311279,"z":0,"font":0,"fontSize":48}},"p23":{"x":0.3201744556427,"y":0.433748960494995,"z":0,"tension":-0.489100635051727,"bias":0,"continuity":0,"index":23,"pointType":2,"word":"","collect":false,"text":{"x":0.8201744556427,"y":0.433748960494995,"z":0,"font":0,"fontSize":48}},"p24":{"x":-0.0515608787536621,"y":0.475409030914307,"z":0,"tension":-0.489100635051727,"bias":0,"continuity":0,"index":24,"pointType":7,"word":"","collect":false,"text":{"x":0.448439121246338,"y":0.475409030914307,"z":0,"font":0,"fontSize":48}},"splineCount":1,"unlockType":1,"speed":1,"acceleration":0.0651818811893463,"maxSpeed":1.99666750431061,"time":1,"laps":1,"startSpeed":1.04671025276184,"text":"turning inward,","title":"6","forceOrder":false,"camera":{"lockX":false,"lockY":false,"lockZ":false,"x":-0.0566952228546143,"y":0.363841772079468,"z":0.0429991334676743,"setPos":false,"fov":27},"spline0":{"order":0,"closed":false,"numPoints":25,"type":0,"lineTexture":0,"lineWidth":1,"bidirectional":true,"speed":0,"crawlerType":1,"crawlerIndex":0,"crawlerDir":true,"crawlerSpeed":1.18763887882233,"points":{"p0":0,"p1":1,"p2":2,"p3":3,"p4":4,"p5":5,"p6":6,"p7":7,"p8":8,"p9":9,"p10":10,"p11":11,"p12":12,"p13":13,"p14":14,"p15":15,"p16":16,"p17":17,"p18":18,"p19":19,"p20":20,"p21":21,"p22":22,"p23":23,"p24":24}}}