{"name":"Carpoon","pointCount":59,"p0":{"x":1.47140073776245,"y":3.93826484680176,"z":0,"tension":0.559999942779541,"bias":0,"continuity":0,"index":0,"numPickups":0,"pointType":2,"word":"","collect":false,"text":{"x":1.97140073776245,"y":3.93826484680176,"z":0,"font":0,"fontSize":48}},"p1":{"x":1.47140073776245,"y":3.93826484680176,"z":0,"tension":0.559999942779541,"bias":0,"continuity":0,"index":1,"numPickups":0,"pointType":2,"word":"","collect":false,"text":{"x":1.97140073776245,"y":3.93826484680176,"z":0,"font":0,"fontSize":48}},"p2":{"x":1.47705984115601,"y":3.85337591171265,"z":0,"tension":0.559999942779541,"bias":0,"continuity":0,"index":2,"numPickups":0,"pointType":2,"word":"","collect":false,"text":{"x":1.97705984115601,"y":3.85337591171265,"z":0,"font":0,"fontSize":48}},"p3":{"x":1.47705984115601,"y":3.85337591171265,"z":0,"tension":0.559999942779541,"bias":0,"continuity":0,"index":3,"numPickups":0,"pointType":2,"word":"","collect":false,"text":{"x":1.97705984115601,"y":3.85337591171265,"z":0,"font":0,"fontSize":48}},"p4":{"x":1.69210863113403,"y":3.85337591171265,"z":0,"tension":0.559999942779541,"bias":0,"continuity":0,"index":4,"numPickups":0,"pointType":2,"word":"","collect":false,"text":{"x":2.19210863113403,"y":3.85337591171265,"z":0,"font":0,"fontSize":48}},"p5":{"x":1.68644952774048,"y":3.8590350151062,"z":0,"tension":0.559999942779541,"bias":0,"continuity":0,"index":5,"numPickups":0,"pointType":2,"word":"","collect":false,"text":{"x":2.18644952774048,"y":3.8590350151062,"z":0,"font":0,"fontSize":48}},"p6":{"x":15.6979923248291,"y":-0.523585796356201,"z":0,"tension":0,"bias":0,"continuity":0,"index":6,"numPickups":0,"pointType":6,"word":"","collect":false,"text":{"x":16.1979923248291,"y":-0.523585796356201,"z":0,"font":0,"fontSize":48}},"p7":{"x":14.8816928863525,"y":0.509253263473511,"z":0,"tension":0,"bias":0,"continuity":0,"index":7,"numPickups":0,"pointType":1,"word":"","collect":false,"text":{"x":15.3816928863525,"y":0.509253263473511,"z":0,"font":0,"fontSize":48}},"p8":{"x":15.35666847229,"y":1.38551211357117,"z":0,"tension":0,"bias":0,"continuity":0,"index":8,"numPickups":0,"pointType":2,"word":"","collect":false,"text":{"x":15.85666847229,"y":1.38551211357117,"z":0,"font":0,"fontSize":48}},"p9":{"x":14.6798038482666,"y":2.21857309341431,"z":0,"tension":0,"bias":0,"continuity":0,"index":9,"numPickups":0,"pointType":2,"word":"","collect":false,"text":{"x":15.1798038482666,"y":2.21857309341431,"z":0,"font":0,"fontSize":48}},"p10":{"x":15.5514602661133,"y":3.28077101707458,"z":0,"tension":0,"bias":0,"continuity":0,"index":10,"numPickups":0,"pointType":2,"word":"","collect":false,"text":{"x":16.0514602661133,"y":3.28077101707458,"z":0,"font":0,"fontSize":48}},"p11":{"x":18.7397632598877,"y":3.34771776199341,"z":0,"tension":0,"bias":0,"continuity":0,"index":11,"numPickups":0,"pointType":2,"word":"","collect":false,"text":{"x":19.2397632598877,"y":3.34771776199341,"z":0,"font":0,"fontSize":48}},"p12":{"x":19.3924922943115,"y":2.08963251113892,"z":0,"tension":0,"bias":0,"continuity":0,"index":12,"numPickups":0,"pointType":2,"word":"","collect":false,"text":{"x":19.8924922943115,"y":2.08963251113892,"z":0,"font":0,"fontSize":48}},"p13":{"x":18.0870399475098,"y":1.52343702316284,"z":0,"tension":0,"bias":0,"continuity":0,"index":13,"numPickups":0,"pointType":2,"word":"","collect":false,"text":{"x":18.5870399475098,"y":1.52343702316284,"z":0,"font":0,"fontSize":48}},"p14":{"x":19.2502288818359,"y":0.619665741920471,"z":0,"tension":0,"bias":0,"continuity":0,"index":14,"numPickups":0,"pointType":2,"word":"","collect":false,"text":{"x":19.7502288818359,"y":0.619665741920471,"z":0,"font":0,"fontSize":48}},"p15":{"x":17.5347347259521,"y":-0.777833938598633,"z":0,"tension":0,"bias":0,"continuity":0,"index":15,"numPickups":0,"pointType":2,"word":"","collect":false,"text":{"x":18.0347347259521,"y":-0.777833938598633,"z":0,"font":0,"fontSize":48}},"p16":{"x":15.8945579528809,"y":-0.685782909393311,"z":0,"tension":0,"bias":0,"continuity":0,"index":16,"numPickups":0,"pointType":2,"word":"","collect":false,"text":{"x":16.3945579528809,"y":-0.685782909393311,"z":0,"font":0,"fontSize":48}},"p17":{"x":15.8416080474854,"y":0.66424298286438,"z":0,"tension":0,"bias":0,"continuity":0,"index":17,"numPickups":0,"pointType":2,"word":"","collect":false,"text":{"x":16.3416080474854,"y":0.66424298286438,"z":0,"font":0,"fontSize":48}},"p18":{"x":17.7439422607422,"y":0.862344622612,"z":0,"tension":0,"bias":0,"continuity":0,"index":18,"numPickups":0,"pointType":2,"word":"","collect":false,"text":{"x":18.2439422607422,"y":0.862344622612,"z":0,"font":0,"fontSize":48}},"p19":{"x":17.7188396453857,"y":0.201252698898315,"z":0,"tension":0,"bias":0,"continuity":0,"index":19,"numPickups":0,"pointType":2,"word":"","collect":false,"text":{"x":18.2188396453857,"y":0.201252698898315,"z":0,"font":0,"fontSize":48}},"p20":{"x":16.0117149353027,"y":0.0924651622772217,"z":0,"tension":0,"bias":0,"continuity":0,"index":20,"numPickups":0,"pointType":2,"word":"","collect":false,"text":{"x":16.5117149353027,"y":0.0924651622772217,"z":0,"font":0,"fontSize":48}},"p21":{"x":16.1539726257324,"y":0.736820816993713,"z":0,"tension":0,"bias":0,"continuity":0,"index":21,"numPickups":0,"pointType":2,"word":"","collect":false,"text":{"x":16.6539726257324,"y":0.736820816993713,"z":0,"font":0,"fontSize":48}},"p22":{"x":16.9907970428467,"y":0.778662443161011,"z":0,"tension":0,"bias":0,"continuity":0,"index":22,"numPickups":0,"pointType":2,"word":"","collect":false,"text":{"x":17.4907970428467,"y":0.778662443161011,"z":0,"font":0,"fontSize":48}},"p23":{"x":16.932222366333,"y":1.18870735168457,"z":0,"tension":0,"bias":0,"continuity":0,"index":23,"numPickups":0,"pointType":2,"word":"","collect":false,"text":{"x":17.432222366333,"y":1.18870735168457,"z":0,"font":0,"fontSize":48}},"p24":{"x":17.8862056732178,"y":1.17197000980377,"z":0,"tension":1,"bias":0,"continuity":0,"index":24,"numPickups":0,"pointType":2,"word":"","collect":false,"text":{"x":18.3862056732178,"y":1.17197000980377,"z":0,"font":0,"fontSize":48}},"p25":{"x":16.8987483978271,"y":2.25147604942322,"z":0,"tension":0,"bias":0,"continuity":0,"index":25,"numPickups":0,"pointType":2,"word":"","collect":false,"text":{"x":17.3987483978271,"y":2.25147604942322,"z":0,"font":0,"fontSize":48}},"p26":{"x":16.5640201568604,"y":2.39373588562012,"z":0,"tension":0,"bias":0,"continuity":0,"index":26,"numPickups":0,"pointType":2,"word":"","collect":false,"text":{"x":17.0640201568604,"y":2.39373588562012,"z":0,"font":0,"fontSize":48}},"p27":{"x":16.3464431762695,"y":2.65315222740173,"z":0,"tension":0,"bias":0,"continuity":0,"index":27,"numPickups":0,"pointType":2,"word":"","collect":false,"text":{"x":16.8464431762695,"y":2.65315222740173,"z":0,"font":0,"fontSize":48}},"p28":{"x":15.2567100524902,"y":2.68465232849121,"z":0,"tension":0,"bias":0,"continuity":0,"index":28,"numPickups":0,"pointType":2,"word":"","collect":false,"text":{"x":15.7567100524902,"y":2.68465232849121,"z":0,"font":0,"fontSize":48}},"p29":{"x":15.2397994995117,"y":2.00784063339233,"z":0,"tension":0,"bias":0,"continuity":0,"index":29,"numPickups":0,"pointType":2,"word":"","collect":false,"text":{"x":15.7397994995117,"y":2.00784063339233,"z":0,"font":0,"fontSize":48}},"p30":{"x":15.6099147796631,"y":1.79809617996216,"z":0,"tension":0,"bias":0,"continuity":0,"index":30,"numPickups":0,"pointType":2,"word":"","collect":false,"text":{"x":16.1099147796631,"y":1.79809617996216,"z":0,"font":0,"fontSize":48}},"p31":{"x":16.2292881011963,"y":1.80795812606812,"z":0,"tension":0,"bias":0,"continuity":0,"index":31,"numPickups":0,"pointType":2,"word":"","collect":false,"text":{"x":16.7292881011963,"y":1.80795812606812,"z":0,"font":0,"fontSize":48}},"p32":{"x":16.5094299316406,"y":1.99349367618561,"z":0,"tension":0,"bias":0,"continuity":0,"index":32,"numPickups":0,"pointType":2,"word":"","collect":false,"text":{"x":17.0094299316406,"y":1.99349367618561,"z":0,"font":0,"fontSize":48}},