{"name":"crawlerTest","pointCount":10,"p0":{"x":-0.00883150100708008,"y":0.333116769790649,"z":0,"tension":-0.599999785423279,"bias":0,"continuity":0,"index":0,"pointType":6,"word":"","collect":false,"text":{"x":0.49116849899292,"y":0.333116769790649,"z":0,"font":0,"fontSize":48}},"p1":{"x":-0.36190938949585,"y":-0.0209112167358398,"z":0,"tension":-0.599999785423279,"bias":0,"continuity":0,"index":1,"pointType":0,"word":"","collect":false,"text":{"x":0.13809061050415,"y":-0.0209112167358398,"z":0,"font":0,"fontSize":48}},"p2":{"x":-0.00787878036499023,"y":-0.373988628387451,"z":0,"tension":-0.599999785423279,"bias":0,"continuity":0,"index":2,"pointType":3,"word":"","collect":false,"text":{"x":0.49212121963501,"y":-0.373988628387451,"z":0,"font":0,"fontSize":48}},"p3":{"x":0.345199584960938,"y":-0.0199580192565918,"z":0,"tension":-0.599999785423279,"bias":0,"continuity":0,"index":3,"pointType":0,"word":"","collect":false,"text":{"x":0.845199584960938,"y":-0.0199580192565918,"z":0,"font":0,"fontSize":48}},"p4":{"x":-1.09318161010742,"y":-0.0837306976318359,"z":0,"tension":1,"bias":0,"continuity":0,"index":4,"pointType":0,"word":"","collect":false,"text":{"x":-0.593181610107422,"y":-0.0837306976318359,"z":0,"font":0,"fontSize":48}},"p5":{"x":-1.15729188919067,"y":0.261415243148804,"z":0,"tension":1,"bias":0,"continuity":0,"index":5,"pointType":0,"word":"","collect":false,"text":{"x":-0.657291889190674,"y":0.261415243148804,"z":0,"font":0,"fontSize":48}},"p6":{"x":-1.5361967086792,"y":0.220041751861572,"z":0,"tension":0,"bias":0,"continuity":0,"index":6,"pointType":0,"word":"","collect":false,"text":{"x":-1.0361967086792,"y":0.220041751861572,"z":0,"font":0,"fontSize":48}},"p7":{"x":-1.51659345626831,"y":-0.4441237449646,"z":0,"tension":1,"bias":0,"continuity":0,"index":7,"pointType":0,"word":"","collect":false,"text":{"x":-1.01659345626831,"y":-0.4441237449646,"z":0,"font":0,"fontSize":48}},"p8":{"x":-1.06801009178162,"y":-0.431057453155518,"z":0,"tension":0,"bias":0,"continuity":0,"index":8,"pointType":0,"word":"","collect":false,"text":{"x":-0.568010091781616,"y":-0.431057453155518,"z":0,"font":0,"fontSize":48}},"p9":{"x":0.865689277648926,"y":0.0131710767745972,"z":0,"tension":1,"bias":0,"continuity":0,"index":9,"pointType":1,"word":"","collect":false,"text":{"x":1.36568927764893,"y":0.0131710767745972,"z":0,"font":0,"fontSize":48}},"splineCount":5,"unlockType":1,"speed":0.199999988079071,"acceleration":0.0999999940395355,"maxSpeed":3.19999980926514,"time":1,"laps":6,"startSpeed":0.299999982118607,"text":"","title":"crawlerTest","forceOrder":false,"camera":{"lockX":true,"lockY":true,"lockZ":false,"x":-0.335253715515137,"y":-0.0555034875869751,"z":0,"setPos":false,"fov":29},"spline0":{"order":0,"closed":true,"numPoints":4,"type":2,"lineTexture":0,"lineWidth":1,"bidirectional":true,"speed":0,"points":{"p0":0,"p1":1,"p2":2,"p3":3}},"spline1":{"order":1,"closed":false,"numPoints":6,"type":0,"lineTexture":0,"lineWidth":1,"bidirectional":true,"speed":0,"points":{"p0":1,"p1":4,"p2":5,"p3":6,"p4":7,"p5":8}},"spline2":{"order":2,"closed":false,"numPoints":2,"type":0,"lineTexture":0,"lineWidth":1,"bidirectional":true,"speed":0,"points":{"p0":8,"p1":4}},"spline3":{"order":3,"closed":false,"numPoints":2,"type":0,"lineTexture":0,"lineWidth":1,"bidirectional":true,"speed":0,"points":{"p0":3,"p1":9}},"spline4":{"order":4,"closed":false,"numPoints":2,"type":0,"lineTexture":0,"lineWidth":1,"bidirectional":true,"speed":0,"points":{"p0":0,"p1":2}}}