{"name":"crawlerTest","pointCount":15,"p0":{"x":-0.029695987701416,"y":0.375061988830566,"z":0.133753836154938,"tension":-0.599999785423279,"bias":0,"continuity":0,"index":0,"pointType":0,"word":"","collect":false,"text":{"x":0.470304012298584,"y":0.375061988830566,"z":0.133753836154938,"font":0,"fontSize":48}},"p1":{"x":-0.374773502349854,"y":0.0101186037063599,"z":0.133753836154938,"tension":-0.599999785423279,"bias":0,"continuity":0,"index":1,"pointType":4,"word":"","collect":false,"text":{"x":0.125226497650146,"y":0.0101186037063599,"z":0.133753836154938,"font":0,"fontSize":48}},"p2":{"x":-0.0130093097686768,"y":-0.335031509399414,"z":0.133753836154938,"tension":-0.599999785423279,"bias":0,"continuity":0,"index":2,"pointType":3,"word":"","collect":false,"text":{"x":0.486990690231323,"y":-0.335031509399414,"z":0.133753836154938,"font":0,"fontSize":48}},"p3":{"x":0.399185657501221,"y":0.0186649560928345,"z":0.133753836154938,"tension":-0.599999785423279,"bias":0,"continuity":0,"index":3,"pointType":3,"word":"","collect":false,"text":{"x":0.899185657501221,"y":0.0186649560928345,"z":0.133753836154938,"font":0,"fontSize":48}},"p4":{"x":-1.09444165229797,"y":-0.0711565017700195,"z":0.133753836154938,"tension":1,"bias":0,"continuity":0,"index":4,"pointType":0,"word":"","collect":false,"text":{"x":-0.594441652297974,"y":-0.0711565017700195,"z":0.133753836154938,"font":0,"fontSize":48}},"p5":{"x":-1.17621374130249,"y":0.274760246276855,"z":0.133753836154938,"tension":1,"bias":0,"continuity":0,"index":5,"pointType":0,"word":"","collect":false,"text":{"x":-0.67621374130249,"y":0.274760246276855,"z":0.133753836154938,"font":0,"fontSize":48}},"p6":{"x":-1.54594027996063,"y":0.225186467170715,"z":0.133753836154938,"tension":0,"bias":0,"continuity":0,"index":6,"pointType":8,"word":"","collect":false,"text":{"x":-1.04594027996063,"y":0.225186467170715,"z":0.133753836154938,"font":0,"fontSize":48}},"p7":{"x":-1.48359251022339,"y":-0.382847309112549,"z":0.133753836154938,"tension":-0.0806484818458557,"bias":0,"continuity":0,"index":7,"pointType":2,"word":"","collect":false,"text":{"x":-0.983592510223389,"y":-0.382847309112549,"z":0.133753836154938,"font":0,"fontSize":48}},"p8":{"x":-1.14608669281006,"y":-0.659322023391724,"z":0.133753836154938,"tension":0,"bias":0,"continuity":0,"index":8,"pointType":2,"word":"","collect":false,"text":{"x":-0.646086692810059,"y":-0.659322023391724,"z":0.133753836154938,"font":0,"fontSize":48}},"p9":{"x":-0.675634622573853,"y":0.684900879859924,"z":0.133753836154938,"tension":0,"bias":0,"continuity":0,"index":9,"pointType":2,"word":"","collect":false,"text":{"x":-0.175634622573853,"y":0.684900879859924,"z":0.133753836154938,"font":0,"fontSize":48}},"p10":{"x":-0.518087863922119,"y":-0.764454364776611,"z":0.133753836154938,"tension":0,"bias":0,"continuity":0,"index":10,"pointType":0,"word":"","collect":false,"text":{"x":-0.0180878639221191,"y":-0.764454364776611,"z":0.133753836154938,"font":0,"fontSize":48}},"p11":{"x":0.775822162628174,"y":0.0823960304260254,"z":0.133753836154938,"tension":0,"bias":0,"continuity":0,"index":11,"pointType":6,"word":"","collect":false,"text":{"x":1.27582216262817,"y":0.0823960304260254,"z":0.133753836154938,"font":0,"fontSize":48}},"p12":{"x":0.539647579193115,"y":-0.652641296386719,"z":0.133753836154938,"tension":0,"bias":0,"continuity":0,"index":12,"pointType":1,"word":"","collect":false,"text":{"x":1.03964757919312,"y":-0.652641296386719,"z":0.133753836154938,"font":0,"fontSize":48}},"p13":{"x":0.404395580291748,"y":0.875811696052551,"z":0.133753836154938,"tension":0,"bias":0,"continuity":0,"index":13,"pointType":1,"word":"","collect":false,"text":{"x":0.904395580291748,"y":0.875811696052551,"z":0.133753836154938,"font":0,"fontSize":48}},"p14":{"x":0.855930805206299,"y":0.591719508171082,"z":0,"tension":0,"bias":0,"continuity":0,"index":14,"pointType":8,"word":"","collect":false,"text":{"x":1.3559308052063,"y":0.591719508171082,"z":0,"font":0,"fontSize":48}},"splineCount":9,"unlockType":3,"speed":10,"acceleration":0.189999997615814,"maxSpeed":4.79999971389771,"time":1,"laps":3,"startSpeed":0.450000017881393,"text":"all together now","title":"crawlerTest","forceOrder":false,"camera":{"lockX":true,"lockY":true,"lockZ":false,"x":-0.345004737377167,"y":0.05567866563797,"z":0.0668769180774689,"setPos":false,"fov":41},"spline0":{"order":0,"closed":false,"numPoints":2,"type":0,"lineTexture":1,"lineWidth":1,"bidirectional":true,"speed":0,"crawlerType":0,"crawlerIndex":0,"crawlerDir":false,"crawlerSpeed":0,"points":{"p0":11,"p1":3}},"spline1":{"order":1,"closed":false,"numPoints":5,"type":0,"lineTexture":0,"lineWidth":1,"bidirectional":true,"speed":0,"crawlerType":2,"crawlerIndex":0,"crawlerDir":false,"crawlerSpeed":1.00000417232513,"points":{"p0":4,"p1":5,"p2":6,"p3":7,"p4":8}},"spline2":{"order":2,"closed":true,"numPoints":4,"type":2,"lineTexture":2,"lineWidth":1,"bidirectional":true,"speed":0,"crawlerType":0,"crawlerIndex":0,"crawlerDir":false,"crawlerSpeed":0,"points":{"p0":0,"p1":1,"p2":2,"p3":3}},"spline3":{"order":3,"closed":false,"numPoints":4,"type":0,"lineTexture":0,"lineWidth":1,"bidirectional":true,"speed":0,"crawlerType":0,"crawlerIndex":0,"crawlerDir":false,"crawlerSpeed":0,"points":{"p0":2,"p1":10,"p2":8,"p3":4}},"spline4":{"order":4,"closed":false,"numPoints":2,"type":0,"lineTexture":0,"lineWidth":1,"bidirectional":true,"speed":0,"crawlerType":0,"crawlerIndex":0,"crawlerDir":false,"crawlerSpeed":0,"points":{"p0":0,"p1":2}},"spline5":{"order":5,"closed":false,"numPoints":3,"type":0,"lineTexture":3,"lineWidth":1,"bidirectional":true,"speed":0,"crawlerType":0,"crawlerIndex":0,"crawlerDir":false,"crawlerSpeed":0,"points":{"p0":5,"p1":9,"p2":0}},"spline6":{"order":6,"closed":true,"numPoints":2,"type":0,"lineTexture":0,"lineWidth":1,"bidirectional":true,"speed":0,"crawlerType":0,"crawlerIndex":0,"crawlerDir":false,"crawlerSpeed":0,"points":{"p0":2,"p1":12}},"spline7":{"order":7,"closed":false,"numPoints":2,"type":0,"lineTexture":0,"lineWidth":1,"bidirectional":true,"speed":0,"crawlerType":0,"crawlerIndex":0,"crawlerDir":true,"crawlerSpeed":2.80000400543213,"points":{"p0":13,"p1":0}},"spline8":{"order":8,"closed":false,"numPoints":2,"type":0,"lineTexture":0,"lineWidth":1,"bidirectional":true,"speed":0,"crawlerType":0,"crawlerIndex":0,"crawlerDir":true,"crawlerSpeed":1,"points":{"p0":2,"p1":4}}}