{"name":"crawlerTest","pointCount":14,"p0":{"x":-0.00883150100708008,"y":0.336299896240234,"z":0,"tension":-0.599999785423279,"bias":0,"continuity":0,"index":0,"pointType":1,"word":"","collect":false,"text":{"x":0.49116849899292,"y":0.336299896240234,"z":0,"font":0,"fontSize":48}},"p1":{"x":-0.36190938949585,"y":-0.0209112167358398,"z":0,"tension":-0.599999785423279,"bias":0,"continuity":0,"index":1,"pointType":4,"word":"","collect":false,"text":{"x":0.13809061050415,"y":-0.0209112167358398,"z":0,"font":0,"fontSize":48}},"p2":{"x":-0.00787878036499023,"y":-0.373988628387451,"z":0,"tension":-0.599999785423279,"bias":0,"continuity":0,"index":2,"pointType":3,"word":"","collect":false,"text":{"x":0.49212121963501,"y":-0.373988628387451,"z":0,"font":0,"fontSize":48}},"p3":{"x":0.412050247192383,"y":-0.029508113861084,"z":0,"tension":-0.599999785423279,"bias":0,"continuity":0,"index":3,"pointType":3,"word":"","collect":false,"text":{"x":0.912050247192383,"y":-0.029508113861084,"z":0,"font":0,"fontSize":48}},"p4":{"x":-1.09318161010742,"y":-0.0837306976318359,"z":0,"tension":1,"bias":0,"continuity":0,"index":4,"pointType":0,"word":"","collect":false,"text":{"x":-0.593181610107422,"y":-0.0837306976318359,"z":0,"font":0,"fontSize":48}},"p5":{"x":-1.15729188919067,"y":0.261415243148804,"z":0,"tension":1,"bias":0,"continuity":0,"index":5,"pointType":0,"word":"","collect":false,"text":{"x":-0.657291889190674,"y":0.261415243148804,"z":0,"font":0,"fontSize":48}},"p6":{"x":-1.53301513195038,"y":0.220041751861572,"z":0,"tension":0,"bias":0,"continuity":0,"index":6,"pointType":0,"word":"","collect":false,"text":{"x":-1.03301513195038,"y":0.220041751861572,"z":0,"font":0,"fontSize":48}},"p7":{"x":-1.51659345626831,"y":-0.4441237449646,"z":0,"tension":1,"bias":0,"continuity":0,"index":7,"pointType":0,"word":"","collect":false,"text":{"x":-1.01659345626831,"y":-0.4441237449646,"z":0,"font":0,"fontSize":48}},"p8":{"x":-1.06801009178162,"y":-0.431057453155518,"z":0,"tension":0,"bias":0,"continuity":0,"index":8,"pointType":2,"word":"","collect":false,"text":{"x":-0.568010091781616,"y":-0.431057453155518,"z":0,"font":0,"fontSize":48}},"p9":{"x":-0.647752046585083,"y":0.660367965698242,"z":0,"tension":0,"bias":0,"continuity":0,"index":9,"pointType":8,"word":"","collect":false,"text":{"x":-0.147752046585083,"y":0.660367965698242,"z":0,"font":0,"fontSize":48}},"p10":{"x":-0.522340774536133,"y":-0.792120218276978,"z":0,"tension":0,"bias":0,"continuity":0,"index":10,"pointType":0,"word":"","collect":false,"text":{"x":-0.0223407745361328,"y":-0.792120218276978,"z":0,"font":0,"fontSize":48}},"p11":{"x":0.790005207061768,"y":0.0258632898330688,"z":0,"tension":0,"bias":0,"continuity":0,"index":11,"pointType":6,"word":"","collect":false,"text":{"x":1.29000520706177,"y":0.0258632898330688,"z":0,"font":0,"fontSize":48}},"p12":{"x":0.407254219055176,"y":-0.833178520202637,"z":0,"tension":0,"bias":0,"continuity":0,"index":12,"pointType":5,"word":"","collect":false,"text":{"x":0.907254219055176,"y":-0.833178520202637,"z":0,"font":0,"fontSize":48}},"p13":{"x":0.43874454498291,"y":0.842283964157104,"z":0,"tension":0,"bias":0,"continuity":0,"index":13,"pointType":1,"word":"","collect":false,"text":{"x":0.93874454498291,"y":0.842283964157104,"z":0,"font":0,"fontSize":48}},"splineCount":8,"unlockType":2,"speed":10,"acceleration":0.174999997019768,"maxSpeed":4,"time":1,"laps":6,"startSpeed":0.5,"text":"","title":"crawlerTest","forceOrder":false,"camera":{"lockX":true,"lockY":true,"lockZ":false,"x":-0.371504962444305,"y":0.00455272197723389,"z":0,"setPos":false,"fov":51},"spline0":{"order":0,"closed":false,"numPoints":2,"type":0,"lineTexture":1,"lineWidth":1,"bidirectional":true,"speed":0,"points":{"p0":11,"p1":3}},"spline1":{"order":1,"closed":false,"numPoints":5,"type":0,"lineTexture":0,"lineWidth":1,"bidirectional":true,"speed":0,"points":{"p0":4,"p1":5,"p2":6,"p3":7,"p4":8}},"spline2":{"order":2,"closed":true,"numPoints":4,"type":2,"lineTexture":2,"lineWidth":1,"bidirectional":true,"speed":0,"points":{"p0":0,"p1":1,"p2":2,"p3":3}},"spline3":{"order":3,"closed":false,"numPoints":4,"type":0,"lineTexture":0,"lineWidth":1,"bidirectional":true,"speed":0,"points":{"p0":2,"p1":10,"p2":8,"p3":4}},"spline4":{"order":4,"closed":false,"numPoints":2,"type":0,"lineTexture":0,"lineWidth":1,"bidirectional":true,"speed":0,"points":{"p0":0,"p1":2}},"spline5":{"order":5,"closed":false,"numPoints":3,"type":0,"lineTexture":3,"lineWidth":1,"bidirectional":true,"speed":0,"points":{"p0":5,"p1":9,"p2":0}},"spline6":{"order":6,"closed":true,"numPoints":2,"type":0,"lineTexture":0,"lineWidth":1,"bidirectional":true,"speed":0,"points":{"p0":2,"p1":12}},"spline7":{"order":7,"closed":false,"numPoints":2,"type":0,"lineTexture":0,"lineWidth":1,"bidirectional":true,"speed":0,"points":{"p0":13,"p1":0}}}