{"name":"crawlerTest","pointCount":14,"p0":{"x":-0.022547721862793,"y":0.367163419723511,"z":0.133753836154938,"tension":-0.599999785423279,"bias":0,"continuity":0,"index":0,"pointType":1,"word":"","collect":false,"text":{"x":0.477452278137207,"y":0.367163419723511,"z":0.133753836154938,"font":0,"fontSize":48}},"p1":{"x":-0.375625610351563,"y":0.00995254516601563,"z":0.133753836154938,"tension":-0.599999785423279,"bias":0,"continuity":0,"index":1,"pointType":4,"word":"","collect":false,"text":{"x":0.124374389648438,"y":0.00995254516601563,"z":0.133753836154938,"font":0,"fontSize":48}},"p2":{"x":-0.0215950012207031,"y":-0.343125104904175,"z":0.133753836154938,"tension":-0.599999785423279,"bias":0,"continuity":0,"index":2,"pointType":3,"word":"","collect":false,"text":{"x":0.478404998779297,"y":-0.343125104904175,"z":0.133753836154938,"font":0,"fontSize":48}},"p3":{"x":0.39833402633667,"y":0.00135540962219238,"z":0.133753836154938,"tension":-0.599999785423279,"bias":0,"continuity":0,"index":3,"pointType":3,"word":"","collect":false,"text":{"x":0.89833402633667,"y":0.00135540962219238,"z":0.133753836154938,"font":0,"fontSize":48}},"p4":{"x":-1.10689783096313,"y":-0.0528671741485596,"z":0.133753836154938,"tension":1,"bias":0,"continuity":0,"index":4,"pointType":0,"word":"","collect":false,"text":{"x":-0.606897830963135,"y":-0.0528671741485596,"z":0.133753836154938,"font":0,"fontSize":48}},"p5":{"x":-1.17100811004639,"y":0.29227876663208,"z":0.133753836154938,"tension":1,"bias":0,"continuity":0,"index":5,"pointType":0,"word":"","collect":false,"text":{"x":-0.671008110046387,"y":0.29227876663208,"z":0.133753836154938,"font":0,"fontSize":48}},"p6":{"x":-1.54174160957336,"y":0.250905275344849,"z":0.133753836154938,"tension":0,"bias":0,"continuity":0,"index":6,"pointType":3,"word":"","collect":false,"text":{"x":-1.04174160957336,"y":0.250905275344849,"z":0.133753836154938,"font":0,"fontSize":48}},"p7":{"x":-1.53529667854309,"y":-0.398285627365112,"z":0.133753836154938,"tension":1,"bias":0,"continuity":0,"index":7,"pointType":3,"word":"","collect":false,"text":{"x":-1.03529667854309,"y":-0.398285627365112,"z":0.133753836154938,"font":0,"fontSize":48}},"p8":{"x":-1.08172607421875,"y":-0.400193929672241,"z":0.133753836154938,"tension":0,"bias":0,"continuity":0,"index":8,"pointType":2,"word":"","collect":false,"text":{"x":-0.58172607421875,"y":-0.400193929672241,"z":0.133753836154938,"font":0,"fontSize":48}},"p9":{"x":-0.661468029022217,"y":0.691231489181519,"z":0.133753836154938,"tension":0,"bias":0,"continuity":0,"index":9,"pointType":8,"word":"","collect":false,"text":{"x":-0.161468029022217,"y":0.691231489181519,"z":0.133753836154938,"font":0,"fontSize":48}},"p10":{"x":-0.536056995391846,"y":-0.76125693321228,"z":0.133753836154938,"tension":0,"bias":0,"continuity":0,"index":10,"pointType":0,"word":"","collect":false,"text":{"x":-0.0360569953918457,"y":-0.76125693321228,"z":0.133753836154938,"font":0,"fontSize":48}},"p11":{"x":0.776289463043213,"y":0.0567266941070557,"z":0.133753836154938,"tension":0,"bias":0,"continuity":0,"index":11,"pointType":6,"word":"","collect":false,"text":{"x":1.27628946304321,"y":0.0567266941070557,"z":0.133753836154938,"font":0,"fontSize":48}},"p12":{"x":0.393537998199463,"y":-0.80231499671936,"z":0.133753836154938,"tension":0,"bias":0,"continuity":0,"index":12,"pointType":5,"word":"","collect":false,"text":{"x":0.893537998199463,"y":-0.80231499671936,"z":0.133753836154938,"font":0,"fontSize":48}},"p13":{"x":0.435007572174072,"y":0.870651960372925,"z":0.133753836154938,"tension":0,"bias":0,"continuity":0,"index":13,"pointType":1,"word":"","collect":false,"text":{"x":0.935007572174072,"y":0.870651960372925,"z":0.133753836154938,"font":0,"fontSize":48}},"splineCount":8,"unlockType":2,"speed":10,"acceleration":0.174999997019768,"maxSpeed":4,"time":1,"laps":6,"startSpeed":0.5,"text":"","title":"crawlerTest","forceOrder":false,"camera":{"lockX":true,"lockY":true,"lockZ":false,"x":-0.382726073265076,"y":0.0341684818267822,"z":0.133753836154938,"setPos":false,"fov":41},"spline0":{"order":0,"closed":false,"numPoints":2,"type":0,"lineTexture":1,"lineWidth":1,"bidirectional":true,"speed":0,"crawlerType":0,"crawlerIndex":0,"crawlerDir":false,"crawlerSpeed":0,"points":{"p0":11,"p1":3}},"spline1":{"order":1,"closed":true,"numPoints":5,"type":0,"lineTexture":0,"lineWidth":1,"bidirectional":true,"speed":0,"crawlerType":4,"crawlerIndex":0,"crawlerDir":false,"crawlerSpeed":1.30777966976166,"points":{"p0":4,"p1":5,"p2":6,"p3":7,"p4":8}},"spline2":{"order":2,"closed":true,"numPoints":4,"type":2,"lineTexture":2,"lineWidth":1,"bidirectional":true,"speed":0,"crawlerType":0,"crawlerIndex":0,"crawlerDir":false,"crawlerSpeed":0,"points":{"p0":0,"p1":1,"p2":2,"p3":3}},"spline3":{"order":3,"closed":false,"numPoints":4,"type":0,"lineTexture":0,"lineWidth":1,"bidirectional":true,"speed":0,"crawlerType":0,"crawlerIndex":0,"crawlerDir":false,"crawlerSpeed":0,"points":{"p0":2,"p1":10,"p2":8,"p3":4}},"spline4":{"order":4,"closed":false,"numPoints":2,"type":0,"lineTexture":0,"lineWidth":1,"bidirectional":true,"speed":0,"crawlerType":0,"crawlerIndex":0,"crawlerDir":false,"crawlerSpeed":0,"points":{"p0":0,"p1":2}},"spline5":{"order":5,"closed":false,"numPoints":3,"type":0,"lineTexture":3,"lineWidth":1,"bidirectional":true,"speed":0,"crawlerType":0,"crawlerIndex":0,"crawlerDir":false,"crawlerSpeed":0,"points":{"p0":5,"p1":9,"p2":0}},"spline6":{"order":6,"closed":true,"numPoints":2,"type":0,"lineTexture":0,"lineWidth":1,"bidirectional":true,"speed":0,"crawlerType":0,"crawlerIndex":0,"crawlerDir":false,"crawlerSpeed":0,"points":{"p0":2,"p1":12}},"spline7":{"order":7,"closed":false,"numPoints":2,"type":0,"lineTexture":0,"lineWidth":1,"bidirectional":true,"speed":0,"crawlerType":1,"crawlerIndex":0,"crawlerDir":true,"crawlerSpeed":1.7883095741272,"points":{"p0":13,"p1":0}}}