{"name":"Crossroads","pointCount":29,"p0":{"x":0.921785354614258,"y":0.0253946781158447,"z":0,"tension":1,"bias":-0.0999990701675415,"continuity":9.5367431640625E-07,"index":0,"pointType":6,"word":"","collect":false,"text":{"x":1.42178535461426,"y":0.0253946781158447,"z":0,"font":0,"fontSize":48}},"p1":{"x":0.0591785907745361,"y":2.88361644744873,"z":0,"tension":0,"bias":0,"continuity":0,"index":1,"pointType":2,"word":"","collect":false,"text":{"x":0.559178590774536,"y":2.88361644744873,"z":0,"font":0,"fontSize":48}},"p2":{"x":1.34993410110474,"y":2.8852276802063,"z":0,"tension":0,"bias":0,"continuity":0,"index":2,"pointType":2,"word":"","collect":false,"text":{"x":1.84993410110474,"y":2.8852276802063,"z":0,"font":0,"fontSize":48}},"p3":{"x":3.66366147994995,"y":-0.90368914604187,"z":0,"tension":0,"bias":0,"continuity":0,"index":3,"pointType":2,"word":"","collect":false,"text":{"x":4.16366147994995,"y":-0.90368914604187,"z":0,"font":0,"fontSize":48}},"p4":{"x":2.58314180374146,"y":-2.37711620330811,"z":0,"tension":0,"bias":0,"continuity":0,"index":4,"pointType":2,"word":"","collect":false,"text":{"x":3.08314180374146,"y":-2.37711620330811,"z":0,"font":0,"fontSize":48}},"p5":{"x":2.7734580039978,"y":-0.958943128585815,"z":0,"tension":0,"bias":0,"continuity":0,"index":5,"pointType":1,"word":"","collect":false,"text":{"x":3.2734580039978,"y":-0.958943128585815,"z":0,"font":0,"fontSize":48}},"p6":{"x":4.03167390823364,"y":-2.12878036499023,"z":0,"tension":-0.199999094009399,"bias":0,"continuity":0,"index":6,"pointType":2,"word":"","collect":false,"text":{"x":4.53167390823364,"y":-2.12878036499023,"z":0,"font":0,"fontSize":48}},"p7":{"x":0.208669662475586,"y":-0.46891450881958,"z":0,"tension":-0.39999908208847,"bias":0,"continuity":0,"index":7,"pointType":2,"word":"","collect":false,"text":{"x":0.708669662475586,"y":-0.46891450881958,"z":0,"font":0,"fontSize":48}},"p8":{"x":-0.00888347625732422,"y":0.0609908103942871,"z":0,"tension":-0.39999908208847,"bias":0,"continuity":0,"index":8,"pointType":2,"word":"","collect":false,"text":{"x":0.491116523742676,"y":0.0609908103942871,"z":0,"font":0,"fontSize":48}},"p9":{"x":-0.198532104492188,"y":-0.312734603881836,"z":0,"tension":-0.859999060630798,"bias":0,"continuity":0,"index":9,"pointType":2,"word":"","collect":false,"text":{"x":0.301467895507813,"y":-0.312734603881836,"z":0,"font":0,"fontSize":48}},"p10":{"x":-0.343576669692993,"y":1.13755321502686,"z":0,"tension":-0.579999089241028,"bias":0,"continuity":0,"index":10,"pointType":2,"word":"","collect":false,"text":{"x":0.156423330307007,"y":1.13755321502686,"z":0,"font":0,"fontSize":48}},"p11":{"x":0.671658992767334,"y":2.10813689231873,"z":0,"tension":-0.579999089241028,"bias":0,"continuity":0,"index":11,"pointType":2,"word":"","collect":false,"text":{"x":1.17165899276733,"y":2.10813689231873,"z":0,"font":0,"fontSize":48}},"p12":{"x":2.0438380241394,"y":1.29931664466858,"z":0,"tension":-0.579999089241028,"bias":0,"continuity":0,"index":12,"pointType":2,"word":"","collect":false,"text":{"x":2.5438380241394,"y":1.29931664466858,"z":0,"font":0,"fontSize":48}},"p13":{"x":1.92674207687378,"y":0.278528928756714,"z":0,"tension":-0.579999089241028,"bias":0,"continuity":0,"index":13,"pointType":2,"word":"","collect":false,"text":{"x":2.42674207687378,"y":0.278528928756714,"z":0,"font":0,"fontSize":48}},"p14":{"x":-0.30462121963501,"y":-0.959803819656372,"z":0,"tension":-0.619999051094055,"bias":0,"continuity":0,"index":14,"pointType":2,"word":"","collect":false,"text":{"x":0.19537878036499,"y":-0.959803819656372,"z":0,"font":0,"fontSize":48}},"p15":{"x":-1.30531120300293,"y":-0.530572414398193,"z":0,"tension":-0.619999051094055,"bias":0,"continuity":0,"index":15,"pointType":2,"word":"","collect":false,"text":{"x":-0.80531120300293,"y":-0.530572414398193,"z":0,"font":0,"fontSize":48}},"p16":{"x":-1.02830648422241,"y":0.361073970794678,"z":0,"tension":-0.619999051094055,"bias":0,"continuity":0,"index":16,"pointType":2,"word":"","collect":false,"text":{"x":-0.528306484222412,"y":0.361073970794678,"z":0,"font":0,"fontSize":48}},"p17":{"x":-1.3993227481842,"y":-0.743092775344849,"z":0,"tension":0,"bias":0,"continuity":0,"index":17,"pointType":1,"word":"","collect":false,"text":{"x":-0.899322748184204,"y":-0.743092775344849,"z":0,"font":0,"fontSize":48}},"p18":{"x":3.31760358810425,"y":1.76973402500153,"z":0,"tension":0,"bias":0,"continuity":0,"index":18,"pointType":1,"word":"","collect":false,"text":{"x":3.81760358810425,"y":1.76973402500153,"z":0,"font":0,"fontSize":48}},"p19":{"x":4.0584888458252,"y":-0.10715651512146,"z":0,"tension":0,"bias":0,"continuity":0,"index":19,"pointType":1,"word":"","collect":false,"text":{"x":4.5584888458252,"y":-0.10715651512146,"z":0,"font":0,"fontSize":48}},"p20":{"x":5.82428026199341,"y":1.46721243858337,"z":0,"tension":0,"bias":0,"continuity":0,"index":20,"pointType":1,"word":"","collect":false,"text":{"x":6.32428026199341,"y":1.46721243858337,"z":0,"font":0,"fontSize":48}},"p21":{"x":0.087007999420166,"y":-2.23731231689453,"z":0,"tension":0,"bias":0,"continuity":0,"index":21,"pointType":1,"word":"","collect":false,"text":{"x":0.587007999420166,"y":-2.23731231689453,"z":0,"font":0,"fontSize":48}},"p22":{"x":1.39579343795776,"y":-2.27463579177856,"z":0,"tension":0,"bias":0,"continuity":0,"index":22,"pointType":2,"word":"","collect":false,"text":{"x":1.89579343795776,"y":-2.27463579177856,"z":0,"font":0,"fontSize":48}},"p23":{"x":2.42217826843262,"y":-2.5574369430542,"z":0,"tension":0,"bias":0,"continuity":0,"index":23,"pointType":2,"word":"","collect":false,"text":{"x":2.92217826843262,"y":-2.5574369430542,"z":0,"font":0,"fontSize":48}},"p24":{"x":2.48557710647583,"y":-1.56713151931763,"z":0,"tension":0,"bias":0,"continuity":0,"index":24,"pointType":2,"word":"","collect":false,"text":{"x":2.98557710647583,"y":-1.56713151931763,"z":0,"font":0,"fontSize":48}},"p25":{"x":4.16531562805176,"y":2.87579369544983,"z":0,"tension":-1,"bias":0,"continuity":0,"index":25,"pointType":2,"word":"","collect":false,"text":{"x":4.66531562805176,"y":2.87579369544983,"z":0,"font":0,"fontSize":48}},"p26":{"x":-0.397112131118774,"y":3.0276050567627,"z":0,"tension":-1,"bias":0,"continuity":0,"index":26,"pointType":2,"word":"","collect":false,"text":{"x":0.102887868881226,"y":3.0276050567627,"z":0,"font":0,"fontSize":48}},"p27":{"x":1.75468015670776,"y":5.20069599151611,"z":0,"tension":0,"bias":0,"continuity":0,"index":27,"pointType":2,"word":"","collect":false,"text":{"x":2.25468015670776,"y":5.20069599151611,"z":0,"font":0,"fontSize":48}},"p28":{"x":2.68512964248657,"y":3.254727602005,"z":0,"tension":0,"bias":0,"continuity":0,"index":28,"pointType":1,"word":"","collect":false,"text":{"x":3.18512964248657,"y":3.254727602005,"z":0,"font":0,"fontSize":48}},"splineCount":13,"unlockType":1,"speed":1,"acceleration":0.25,"maxSpeed":5.40000009536743,"time":1,"laps":6,"startSpeed":0.450000017881393,"text":"","title":"Crossroads","forceOrder":false,"camera":{"lockX":false,"lockY":false,"lockZ":false,"x":2.21247863769531,"y":1.32162952423096,"z":0,"setPos":false,"fov":71},"spline0":{"order":0,"closed":true,"numPoints":3,"type":0,"lineTexture":3,"lineWidth":2,"bidirectional":true,"speed":0,"crawlerType":0,"crawlerIndex":0,"crawlerDir":false,"crawlerSpeed":0,"points":{"p0":0,"p1":1,"p2":2}},"spline1":{"order":1,"closed":true,"numPoints":4,"type":0,"lineTexture":0,"lineWidth":1,"bidirectional":true,"speed":0,"crawlerType":0,"crawlerIndex":0,"crawlerDir":false,"crawlerSpeed":0,"points":{"p0":0,"p1":3,"p2":6,"p3":4}},"spline2":{"order":2,"closed":false,"numPoints":3,"type":0,"lineTexture":5,"lineWidth":1,"bidirectional":true,"speed":0,"crawlerType":0,"crawlerIndex":0,"crawlerDir":false,"crawlerSpeed":0,"points":{"p0":17,"p1":0,"p2":5}},"spline3":{"order":3,"closed":true,"numPoints":4,"type":0,"lineTexture":5,"lineWidth":1,"bidirectional":true,"speed":0,"crawlerType":0,"crawlerIndex":0,"crawlerDir":false,"crawlerSpeed":0,"points":{"p0":7,"p1":0,"p2":8,"p3":9}},