{"name":"Flying4","pointCount":9,"p0":{"x":0.42218542098999,"y":-0.185478687286377,"z":0,"tension":-1,"bias":0,"continuity":0,"index":0,"numPickups":0,"pointType":6,"word":"","collect":false,"text":{"x":0.92218542098999,"y":-0.185478687286377,"z":0,"font":0,"fontSize":48}},"p1":{"x":1.27478075027466,"y":0.301511883735657,"z":0,"tension":-0.0085684061050415,"bias":0,"continuity":0,"index":1,"numPickups":0,"pointType":8,"word":"","collect":false,"text":{"x":1.77478075027466,"y":0.301511883735657,"z":0,"font":0,"fontSize":48}},"p2":{"x":1.16415596008301,"y":-0.19486403465271,"z":0,"tension":-0.633260846138,"bias":0.15962016582489,"continuity":0,"index":2,"numPickups":0,"pointType":2,"word":"","collect":false,"text":{"x":1.66415596008301,"y":-0.19486403465271,"z":0,"font":0,"fontSize":48}},"p3":{"x":0.325956344604492,"y":0.283293128013611,"z":0,"tension":-0.70534086227417,"bias":0,"continuity":0,"index":3,"numPickups":0,"pointType":2,"word":"","collect":false,"text":{"x":0.825956344604492,"y":0.283293128013611,"z":0,"font":0,"fontSize":48}},"p4":{"x":0.582108497619629,"y":0.819985270500183,"z":0,"tension":0,"bias":0,"continuity":0,"index":4,"numPickups":0,"pointType":8,"word":"","collect":false,"text":{"x":1.08210849761963,"y":0.819985270500183,"z":0,"font":0,"fontSize":48}},"p5":{"x":0.850983619689941,"y":0.599370718002319,"z":0,"tension":0,"bias":0,"continuity":0,"index":5,"numPickups":0,"pointType":2,"word":"","collect":false,"text":{"x":1.35098361968994,"y":0.599370718002319,"z":0,"font":0,"fontSize":48}},"p6":{"x":0.0672545433044434,"y":0.586040735244751,"z":0,"tension":0,"bias":0,"continuity":0,"index":6,"numPickups":0,"pointType":3,"word":"","collect":false,"text":{"x":0.567254543304443,"y":0.586040735244751,"z":0,"font":0,"fontSize":48}},"p7":{"x":1.67919683456421,"y":-0.19183874130249,"z":0,"tension":0,"bias":0,"continuity":0,"index":7,"numPickups":0,"pointType":3,"word":"","collect":false,"text":{"x":2.17919683456421,"y":-0.19183874130249,"z":0,"font":0,"fontSize":48}},"p8":{"x":0.92636251449585,"y":0.439171552658081,"z":0,"tension":0,"bias":0,"continuity":0,"index":8,"numPickups":0,"pointType":2,"word":"","collect":false,"text":{"x":1.42636251449585,"y":0.439171552658081,"z":0,"font":0,"fontSize":48}},"splineCount":3,"unlockType":3,"speed":1.97329103946686,"acceleration":0.125249028205872,"maxSpeed":2.93435072898865,"time":1,"laps":10,"startSpeed":0.746380627155304,"text":"parcelled out","title":"Flying4","forceOrder":false,"camera":{"lockX":true,"lockY":true,"lockZ":false,"x":0.873225688934326,"y":0.312560617923737,"z":0,"setPos":false,"fov":38},"spline0":{"order":0,"closed":true,"numPoints":7,"type":2,"lineWidth":1,"bidirectional":true,"speed":0,"crawlerType":2,"crawlerIndex":0,"crawlerDir":true,"crawlerSpeed":0.707108676433563,"locked":false,"points":{"p0":0,"p1":8,"p2":1,"p3":2,"p4":3,"p5":4,"p6":5}},"spline1":{"order":1,"closed":false,"numPoints":2,"type":0,"lineWidth":1,"bidirectional":true,"speed":0,"crawlerType":0,"crawlerIndex":0,"crawlerDir":true,"crawlerSpeed":1,"locked":false,"points":{"p0":3,"p1":6}},"spline2":{"order":2,"closed":false,"numPoints":2,"type":0,"lineWidth":1,"bidirectional":true,"speed":0,"crawlerType":0,"crawlerIndex":0,"crawlerDir":true,"crawlerSpeed":1,"locked":false,"points":{"p0":2,"p1":7}}}