{"name":"Flying3","pointCount":10,"p0":{"x":0.454357147216797,"y":-0.327958822250366,"z":0,"tension":-0.70534086227417,"bias":0,"continuity":0,"index":0,"pointType":6,"word":"","collect":false,"text":{"x":0.954357147216797,"y":-0.327958822250366,"z":0,"font":0,"fontSize":48}},"p1":{"x":0.948452472686768,"y":0.450886726379395,"z":0,"tension":-0.70534086227417,"bias":0,"continuity":0,"index":1,"pointType":2,"word":"","collect":false,"text":{"x":1.44845247268677,"y":0.450886726379395,"z":0,"font":0,"fontSize":48}},"p2":{"x":1.25837659835815,"y":-0.107537031173706,"z":0,"tension":-1,"bias":0,"continuity":0,"index":2,"pointType":2,"word":"","collect":false,"text":{"x":1.75837659835815,"y":-0.107537031173706,"z":0,"font":0,"fontSize":48}},"p3":{"x":0.406388998031616,"y":0.225841283798218,"z":0,"tension":-0.70534086227417,"bias":0,"continuity":0,"index":3,"pointType":1,"word":"","collect":false,"text":{"x":0.906388998031616,"y":0.225841283798218,"z":0,"font":0,"fontSize":48}},"p4":{"x":0.615432739257813,"y":0.586610078811646,"z":0,"tension":0,"bias":0,"continuity":0,"index":4,"pointType":8,"word":"","collect":false,"text":{"x":1.11543273925781,"y":0.586610078811646,"z":0,"font":0,"fontSize":48}},"p5":{"x":1.02338171005249,"y":0.8132483959198,"z":0,"tension":0,"bias":0,"continuity":0,"index":5,"pointType":8,"word":"","collect":false,"text":{"x":1.52338171005249,"y":0.8132483959198,"z":0,"font":0,"fontSize":48}},"p6":{"x":1.34634113311768,"y":0.470457792282104,"z":0,"tension":0,"bias":0,"continuity":0,"index":6,"pointType":8,"word":"","collect":false,"text":{"x":1.84634113311768,"y":0.470457792282104,"z":0,"font":0,"fontSize":48}},"p7":{"x":-0.210078239440918,"y":0.0827652215957642,"z":0,"tension":0,"bias":0,"continuity":0,"index":7,"pointType":3,"word":"","collect":false,"text":{"x":0.289921760559082,"y":0.0827652215957642,"z":0,"font":0,"fontSize":48}},"p8":{"x":0.33842945098877,"y":0.825789928436279,"z":0,"tension":0,"bias":0,"continuity":0,"index":8,"pointType":3,"word":"","collect":false,"text":{"x":0.83842945098877,"y":0.825789928436279,"z":0,"font":0,"fontSize":48}},"p9":{"x":-0.218901395797729,"y":0.634608864784241,"z":0,"tension":0,"bias":0,"continuity":0,"index":9,"pointType":3,"word":"","collect":false,"text":{"x":0.281098604202271,"y":0.634608864784241,"z":0,"font":0,"fontSize":48}},"splineCount":1,"unlockType":3,"speed":1.97329103946686,"acceleration":0.125249028205872,"maxSpeed":2.93435072898865,"time":1,"laps":10,"startSpeed":0.746380627155304,"text":"parcelled out","title":"Flying3","forceOrder":false,"camera":{"lockX":true,"lockY":true,"lockZ":false,"x":0.563719868659973,"y":0.248915553092957,"z":0,"setPos":false,"fov":38},"spline0":{"order":0,"closed":false,"numPoints":4,"type":2,"lineTexture":5,"lineWidth":1,"bidirectional":true,"speed":0,"crawlerType":2,"crawlerIndex":0,"crawlerDir":false,"crawlerSpeed":0,"points":{"p0":3,"p1":2,"p2":1,"p3":0}}}