{"name":"Flying2","pointCount":17,"p0":{"x":0.454357147216797,"y":-0.327958822250366,"z":0,"tension":-0.70534086227417,"bias":0,"continuity":0,"index":0,"numPickups":0,"pointType":6,"word":"","collect":false,"text":{"x":0.954357147216797,"y":-0.327958822250366,"z":0,"font":0,"fontSize":48}},"p1":{"x":0.948452472686768,"y":0.450886726379395,"z":0,"tension":-0.70534086227417,"bias":0,"continuity":0,"index":1,"numPickups":0,"pointType":2,"word":"","collect":false,"text":{"x":1.44845247268677,"y":0.450886726379395,"z":0,"font":0,"fontSize":48}},"p2":{"x":1.25148153305054,"y":-0.119027137756348,"z":0,"tension":-1,"bias":0,"continuity":0,"index":2,"numPickups":0,"pointType":2,"word":"","collect":false,"text":{"x":1.75148153305054,"y":-0.119027137756348,"z":0,"font":0,"fontSize":48}},"p3":{"x":0.406388998031616,"y":0.223543167114258,"z":0,"tension":-0.70534086227417,"bias":0,"continuity":0,"index":3,"numPickups":0,"pointType":1,"word":"","collect":false,"text":{"x":0.906388998031616,"y":0.223543167114258,"z":0,"font":0,"fontSize":48}},"p4":{"x":0.615432739257813,"y":0.586610078811646,"z":0,"tension":0,"bias":0,"continuity":0,"index":4,"numPickups":0,"pointType":8,"word":"","collect":false,"text":{"x":1.11543273925781,"y":0.586610078811646,"z":0,"font":0,"fontSize":48}},"p5":{"x":1.02338171005249,"y":0.8132483959198,"z":0,"tension":0,"bias":0,"continuity":0,"index":5,"numPickups":0,"pointType":8,"word":"","collect":false,"text":{"x":1.52338171005249,"y":0.8132483959198,"z":0,"font":0,"fontSize":48}},"p6":{"x":1.34634113311768,"y":0.470457792282104,"z":0,"tension":0,"bias":0,"continuity":0,"index":6,"numPickups":0,"pointType":8,"word":"","collect":false,"text":{"x":1.84634113311768,"y":0.470457792282104,"z":0,"font":0,"fontSize":48}},"p7":{"x":-0.210078239440918,"y":0.0827652215957642,"z":0,"tension":0,"bias":0,"continuity":0,"index":7,"numPickups":0,"pointType":3,"word":"","collect":false,"text":{"x":0.289921760559082,"y":0.0827652215957642,"z":0,"font":0,"fontSize":48}},"p8":{"x":0.33842945098877,"y":0.825789928436279,"z":0,"tension":0,"bias":0,"continuity":0,"index":8,"numPickups":0,"pointType":3,"word":"","collect":false,"text":{"x":0.83842945098877,"y":0.825789928436279,"z":0,"font":0,"fontSize":48}},"p9":{"x":-0.269458532333374,"y":0.62082052230835,"z":0,"tension":0,"bias":0,"continuity":0,"index":9,"numPickups":0,"pointType":4,"word":"","collect":false,"text":{"x":0.230541467666626,"y":0.62082052230835,"z":0,"font":0,"fontSize":48}},"p10":{"x":-0.100589275360107,"y":-0.269146203994751,"z":0,"tension":0,"bias":0,"continuity":0,"index":10,"numPickups":0,"pointType":0,"word":"","collect":false,"text":{"x":0.399410724639893,"y":-0.269146203994751,"z":0,"font":0,"fontSize":48}},"p11":{"x":1.49077844619751,"y":-0.178257942199707,"z":0,"tension":0,"bias":0,"continuity":0,"index":11,"numPickups":0,"pointType":0,"word":"","collect":false,"text":{"x":1.99077844619751,"y":-0.178257942199707,"z":0,"font":0,"fontSize":48}},"p12":{"x":-0.540153980255127,"y":0.348891854286194,"z":0,"tension":0,"bias":0,"continuity":0,"index":12,"numPickups":0,"pointType":0,"word":"","collect":false,"text":{"x":-0.040153980255127,"y":0.348891854286194,"z":0,"font":0,"fontSize":48}},"p13":{"x":1.00494050979614,"y":0.148938655853271,"z":0,"tension":0,"bias":0,"continuity":0,"index":13,"numPickups":0,"pointType":8,"word":"","collect":false,"text":{"x":1.50494050979614,"y":0.148938655853271,"z":0,"font":0,"fontSize":48}},"p14":{"x":0.124154090881348,"y":0.448042869567871,"z":0,"tension":0,"bias":0,"continuity":0,"index":14,"numPickups":0,"pointType":8,"word":"","collect":false,"text":{"x":0.624154090881348,"y":0.448042869567871,"z":0,"font":0,"fontSize":48}},"p15":{"x":0.102671384811401,"y":0.983455419540405,"z":0,"tension":0,"bias":0,"continuity":0,"index":15,"numPickups":0,"pointType":8,"word":"","collect":false,"text":{"x":0.602671384811401,"y":0.983455419540405,"z":0,"font":0,"fontSize":48}},"p16":{"x":0.681049346923828,"y":0.938837766647339,"z":0,"tension":0,"bias":0,"continuity":0,"index":16,"numPickups":0,"pointType":8,"word":"","collect":false,"text":{"x":1.18104934692383,"y":0.938837766647339,"z":0,"font":0,"fontSize":48}},"splineCount":5,"unlockType":3,"speed":1.97329103946686,"acceleration":0.125249028205872,"maxSpeed":2.93435072898865,"time":1,"laps":10,"startSpeed":0.746380627155304,"text":"","title":"Flying2","forceOrder":false,"camera":{"lockX":true,"lockY":true,"lockZ":false,"x":0.475312232971191,"y":0.32774829864502,"z":0,"setPos":false,"fov":38},"spline0":{"order":0,"closed":false,"numPoints":4,"type":2,"lineWidth":1,"bidirectional":true,"speed":0,"crawlerType":0,"crawlerIndex":0,"crawlerDir":false,"crawlerSpeed":0,"locked":false,"points":{"p0":3,"p1":2,"p2":1,"p3":0}},"spline1":{"order":1,"closed":false,"numPoints":5,"type":0,"lineWidth":1,"bidirectional":true,"speed":0,"crawlerType":0,"crawlerIndex":0,"crawlerDir":true,"crawlerSpeed":1,"locked":false,"points":{"p0":7,"p1":9,"p2":8,"p3":4,"p4":6}},"spline2":{"order":2,"closed":false,"numPoints":5,"type":0,"lineWidth":1,"bidirectional":true,"speed":0,"crawlerType":0,"crawlerIndex":0,"crawlerDir":true,"crawlerSpeed":1,"locked":false,"points":{"p0":10,"p1":7,"p2":0,"p3":3,"p4":8}},"spline3":{"order":3,"closed":false,"numPoints":4,"type":0,"lineWidth":1,"bidirectional":true,"speed":0,"crawlerType":0,"crawlerIndex":0,"crawlerDir":true,"crawlerSpeed":1,"locked":false,"points":{"p0":5,"p1":6,"p2":11,"p3":0}},"spline4":{"order":4,"closed":false,"numPoints":4,"type":0,"lineWidth":1,"bidirectional":true,"speed":0,"crawlerType":0,"crawlerIndex":0,"crawlerDir":true,"crawlerSpeed":1,"locked":false,"points":{"p0":14,"p1":15,"p2":16,"p3":6}}}