{"name":"Flying1","pointCount":10,"p0":{"x":0.616048336029053,"y":-0.369539737701416,"z":-0.0348303616046906,"tension":-0.599999785423279,"bias":0,"continuity":0,"index":0,"numPickups":0,"pointType":2,"word":"","collect":false,"text":{"x":1.11604833602905,"y":-0.369539737701416,"z":-0.0348303616046906,"font":0,"fontSize":48}},"p1":{"x":0.377353668212891,"y":0.489152431488037,"z":-0.195526540279388,"tension":-0.599999070167542,"bias":0,"continuity":0,"index":1,"numPickups":0,"pointType":2,"word":"","collect":false,"text":{"x":0.877353668212891,"y":0.489152431488037,"z":-0.195526540279388,"font":0,"fontSize":48}},"p2":{"x":-0.227153778076172,"y":0.379678845405579,"z":-0.113319024443626,"tension":-0.959999084472656,"bias":0,"continuity":0,"index":2,"numPickups":0,"pointType":2,"word":"","collect":false,"text":{"x":0.272846221923828,"y":0.379678845405579,"z":-0.113319024443626,"font":0,"fontSize":48}},"p3":{"x":0.903290271759033,"y":0.108085989952087,"z":-0.470633268356323,"tension":-0.659999072551727,"bias":0,"continuity":0,"index":3,"numPickups":0,"pointType":6,"word":"","collect":false,"text":{"x":1.40329027175903,"y":0.108085989952087,"z":-0.470633268356323,"font":0,"fontSize":48}},"p4":{"x":0.377068996429443,"y":-0.128151655197144,"z":-0.13203701376915,"tension":0,"bias":0,"continuity":0,"index":4,"numPickups":0,"pointType":2,"word":"","collect":false,"text":{"x":0.877068996429443,"y":-0.128151655197144,"z":-0.13203701376915,"font":0,"fontSize":48}},"p5":{"x":-0.133347988128662,"y":-0.0824801921844482,"z":-0.103829503059387,"tension":0.140000939369202,"bias":0,"continuity":0,"index":5,"numPickups":0,"pointType":2,"word":"","collect":false,"text":{"x":0.366652011871338,"y":-0.0824801921844482,"z":-0.103829503059387,"font":0,"fontSize":48}},"p6":{"x":1.04736566543579,"y":-0.622570753097534,"z":0,"tension":0,"bias":0,"continuity":0,"index":6,"numPickups":0,"pointType":1,"word":"","collect":false,"text":{"x":1.54736566543579,"y":-0.622570753097534,"z":0,"font":0,"fontSize":48}},"p7":{"x":1.96482515335083,"y":-0.389580249786377,"z":0,"tension":0,"bias":0,"continuity":0,"index":7,"numPickups":0,"pointType":0,"word":"","collect":false,"text":{"x":2.46482515335083,"y":-0.389580249786377,"z":0,"font":0,"fontSize":48}},"p8":{"x":2.41411209106445,"y":0.418312072753906,"z":0,"tension":-0.70534086227417,"bias":0,"continuity":0,"index":8,"numPickups":0,"pointType":2,"word":"","collect":false,"text":{"x":2.91411209106445,"y":0.418312072753906,"z":0,"font":0,"fontSize":48}},"p9":{"x":1.79685688018799,"y":0.823970437049866,"z":-0.428057789802551,"tension":0,"bias":0,"continuity":0,"index":9,"numPickups":0,"pointType":1,"word":"","collect":false,"text":{"x":2.29685688018799,"y":0.823970437049866,"z":-0.428057789802551,"font":0,"fontSize":48}},"splineCount":2,"unlockType":2,"speed":1.97329103946686,"acceleration":0.125249028205872,"maxSpeed":2.93435072898865,"time":1,"laps":10,"startSpeed":0.566180408000946,"text":"a path of escape","title":"Flying1","forceOrder":false,"camera":{"lockX":true,"lockY":true,"lockZ":false,"x":1.09347915649414,"y":0.100699841976166,"z":-0.235316634178162,"setPos":false,"fov":46},"spline0":{"order":0,"closed":false,"numPoints":7,"type":2,"lineWidth":1,"bidirectional":true,"speed":0,"crawlerType":0,"crawlerIndex":0,"crawlerDir":false,"crawlerSpeed":0,"locked":false,"points":{"p0":6,"p1":0,"p2":1,"p3":2,"p4":5,"p5":4,"p6":3}},"spline1":{"order":1,"closed":false,"numPoints":3,"type":0,"lineWidth":1,"bidirectional":true,"speed":0,"crawlerType":0,"crawlerIndex":0,"crawlerDir":true,"crawlerSpeed":1,"locked":false,"points":{"p0":7,"p1":8,"p2":9}}}