{"name":"IF","pointCount":23,"p0":{"x":-0.994152307510376,"y":0.21000599861145,"z":0,"tension":0,"bias":0,"continuity":0,"index":0,"pointType":6,"word":"interactive","collect":false,"text":{"x":-1.08663153648376,"y":0.495151162147522,"z":0,"font":1,"fontSize":162}},"p1":{"x":0.870848655700684,"y":0.714788675308228,"z":0,"tension":0,"bias":0,"continuity":0,"index":1,"pointType":0,"word":"fund","collect":false,"text":{"x":0.816902637481689,"y":1.02305364608765,"z":0,"font":4,"fontSize":108}},"p2":{"x":1.45654821395874,"y":-0.26009726524353,"z":0,"tension":0,"bias":0,"continuity":0,"index":2,"pointType":0,"word":"due","collect":false,"text":{"x":1.38333606719971,"y":0.0635807514190674,"z":0,"font":4,"fontSize":108}},"p3":{"x":-0.0116009712219238,"y":-0.651284217834473,"z":0,"tension":0,"bias":0,"continuity":0,"index":3,"pointType":1,"word":"apply","collect":false,"text":{"x":-0.389225482940674,"y":-0.395035982131958,"z":0,"font":4,"fontSize":162}},"p4":{"x":0.273541450500488,"y":-0.0848476886749268,"z":0,"tension":0,"bias":0,"continuity":0,"index":4,"pointType":2,"word":"","collect":false,"text":{"x":0.773541450500488,"y":-0.0848476886749268,"z":0,"font":0,"fontSize":48}},"p5":{"x":-0.396931648254395,"y":1.14050614833832,"z":0,"tension":0,"bias":0,"continuity":0,"index":5,"pointType":0,"word":"","collect":false,"text":{"x":0.103068351745605,"y":1.14050614833832,"z":0,"font":0,"fontSize":48}},"p6":{"x":-1.45659303665161,"y":-0.572288036346436,"z":0,"tension":0,"bias":0,"continuity":0,"index":6,"pointType":1,"word":"now","collect":false,"text":{"x":-1.51439225673676,"y":-0.842023372650146,"z":0,"font":4,"fontSize":243}},"p7":{"x":-2.2311007976532,"y":-0.00199651718139648,"z":0,"tension":0,"bias":0,"continuity":0,"index":7,"pointType":1,"word":"now","collect":false,"text":{"x":-2.28889989852905,"y":-0.271731853485107,"z":0,"font":4,"fontSize":243}},"p8":{"x":-2.00760746002197,"y":0.768665671348572,"z":0,"tension":0,"bias":0,"continuity":0,"index":8,"pointType":1,"word":"now","collect":false,"text":{"x":-2.06540679931641,"y":0.498930335044861,"z":0,"font":4,"fontSize":243}},"p9":{"x":-1.04042649269104,"y":-0.0867691040039063,"z":0,"tension":0,"bias":0,"continuity":0,"index":9,"pointType":1,"word":"now","collect":false,"text":{"x":-1.09822559356689,"y":-0.356504440307617,"z":0,"font":4,"fontSize":243}},"p10":{"x":-0.119478225708008,"y":0.163692712783813,"z":0,"tension":0,"bias":0,"continuity":0,"index":10,"pointType":3,"word":"now","collect":false,"text":{"x":-0.177277565002441,"y":-0.106042623519897,"z":0,"font":4,"fontSize":243}},"p11":{"x":-1.34868574142456,"y":0.926647305488586,"z":0,"tension":0,"bias":0,"continuity":0,"index":11,"pointType":1,"word":"now","collect":false,"text":{"x":-1.40648508071899,"y":0.656911969184875,"z":0,"font":4,"fontSize":243}},"p12":{"x":-0.31214714050293,"y":0.845728874206543,"z":0,"tension":0,"bias":0,"continuity":0,"index":12,"pointType":1,"word":"now","collect":false,"text":{"x":-0.369946479797363,"y":0.575993537902832,"z":0,"font":4,"fontSize":243}},"p13":{"x":0.246579647064209,"y":1.38904666900635,"z":0,"tension":0,"bias":0,"continuity":0,"index":13,"pointType":1,"word":"now","collect":false,"text":{"x":0.188780307769775,"y":1.11931133270264,"z":0,"font":4,"fontSize":243}},"p14":{"x":1.37559747695923,"y":0.992153644561768,"z":0,"tension":0,"bias":0,"continuity":0,"index":14,"pointType":1,"word":"now","collect":false,"text":{"x":1.31779813766479,"y":0.722418308258057,"z":0,"font":4,"fontSize":243}},"p15":{"x":1.09816408157349,"y":0.194519877433777,"z":0,"tension":0,"bias":0,"continuity":0,"index":15,"pointType":1,"word":"now","collect":false,"text":{"x":1.04036474227905,"y":-0.0752153396606445,"z":0,"font":4,"fontSize":243}},"p16":{"x":0.319797515869141,"y":0.283145904541016,"z":0,"tension":0,"bias":0,"continuity":0,"index":16,"pointType":1,"word":"now","collect":false,"text":{"x":0.261998176574707,"y":0.0134105682373047,"z":0,"font":4,"fontSize":243}},"p17":{"x":0.566414356231689,"y":-0.275584697723389,"z":0,"tension":0,"bias":0,"continuity":0,"index":17,"pointType":1,"word":"now","collect":false,"text":{"x":0.508615016937256,"y":-0.5453200340271,"z":0,"font":4,"fontSize":243}},"p18":{"x":0.27356481552124,"y":-0.919087409973145,"z":0,"tension":0,"bias":0,"continuity":0,"index":18,"pointType":1,"word":"now","collect":false,"text":{"x":0.215765476226807,"y":-1.18882274627686,"z":0,"font":4,"fontSize":243}},"p19":{"x":-0.527921199798584,"y":-0.00970602035522461,"z":0,"tension":0,"bias":0,"continuity":0,"index":19,"pointType":1,"word":"now","collect":false,"text":{"x":-0.585720539093018,"y":-0.279441356658936,"z":0,"font":4,"fontSize":243}},"p20":{"x":0.712843418121338,"y":1.44684565067291,"z":0,"tension":0,"bias":0,"continuity":0,"index":20,"pointType":1,"word":"now","collect":false,"text":{"x":0.655044078826904,"y":1.1771103143692,"z":0,"font":4,"fontSize":243}},"p21":{"x":0.0693380832672119,"y":0.91508936882019,"z":0,"tension":0,"bias":0,"continuity":0,"index":21,"pointType":1,"word":"now","collect":false,"text":{"x":0.0115387439727783,"y":0.645354032516479,"z":0,"font":4,"fontSize":243}},"p22":{"x":-0.477831363677979,"y":1.52005982398987,"z":0,"tension":0,"bias":0,"continuity":0,"index":22,"pointType":1,"word":"now","collect":false,"text":{"x":-0.535630702972412,"y":1.25032448768616,"z":0,"font":4,"fontSize":243}},"splineCount":15,"unlockType":0,"speed":1,"acceleration":0.349999994039536,"maxSpeed":3,"time":1,"laps":1,"startSpeed":0.299999982118607,"text":"","title":"IF","forceOrder":false,"camera":{"lockX":true,"lockY":true,"lockZ":false,"x":-0.387276291847229,"y":0.300486207008362,"z":0,"setPos":false,"fov":60},"spline0":{"order":0,"closed":false,"numPoints":5,"type":0,"lineTexture":0,"lineWidth":1,"bidirectional":true,"speed":0,"points":{"p0":4,"p1":3,"p2":2,"p3":1,"p4":0}},"spline1":{"order":1,"closed":false,"numPoints":4,"type":0,"lineTexture":0,"lineWidth":1,"bidirectional":true,"speed":0,"points":{"p0":4,"p1":1,"p2":5,"p3":0}},"spline2":{"order":2,"closed":false,"numPoints":2,"type":0,"lineTexture":0,"lineWidth":1,"bidirectional":true,"speed":0,"points":{"p0":9,"p1":7}},"spline3":{"order":3,"closed":false,"numPoints":2,"type":0,"lineTexture":0,"lineWidth":1,"bidirectional":true,"speed":0,"points":{"p0":8,"p1":9}},"spline4":{"order":4,"closed":false,"numPoints":3,"type":0,"lineTexture":0,"lineWidth":1,"bidirectional":true,"speed":0,"points":{"p0":6,"p1":9,"p2":11}},"spline5":{"order":5,"closed":false,"numPoints":2,"type":0,"lineTexture":0,"lineWidth":1,"bidirectional":true,"speed":0,"points":{"p0":22,"p1":11}},"spline6":{"order":6,"closed":false,"numPoints":2,"type":0,"lineTexture":0,"lineWidth":1,"bidirectional":true,"speed":0,"points":{"p0":12,"p1":22}},"spline7":{"order":7,"closed":false,"numPoints":2,"type":0,"lineTexture":0,"lineWidth":1,"bidirectional":true,"speed":0,"points":{"p0":21,"p1":22}},"spline8":{"order":8,"closed":false,"numPoints":2,"type":0,"lineTexture":0,"lineWidth":1,"bidirectional":true,"speed":0,"points":{"p0":19,"p1":12}},"spline9":{"order":9,"closed":false,"numPoints":2,"type":0,"lineTexture":0,"lineWidth":1,"bidirectional":true,"speed":0,"points":{"p0":10,"p1":21}},"spline10":{"order":10,"closed":false,"numPoints":3,"type":0,"lineTexture":0,"lineWidth":1,"bidirectional":true,"speed":0,"points":{"p0":15,"p1":16,"p2":12}},"spline11":{"order":11,"closed":false,"numPoints":2,"type":0,"lineTexture":0,"lineWidth":1,"bidirectional":true,"speed":0,"points":{"p0":17,"p1":16}},"spline12":{"order":12,"closed":false,"numPoints":2,"type":0,"lineTexture":0,"lineWidth":1,"bidirectional":true,"speed":0,"points":{"p0":15,"p1":14}},"spline13":{"order":13,"closed":false,"numPoints":2,"type":0,"lineTexture":0,"lineWidth":1,"bidirectional":true,"speed":0,"points":{"p0":13,"p1":15}},"spline14":{"order":14,"closed":false,"numPoints":2,"type":0,"lineTexture":0,"lineWidth":1,"bidirectional":true,"speed":0,"points":{"p0":14,"p1":20}}}