{"name":"Locktest","pointCount":10,"p0":{"x":-1.39103507995605,"y":-0.0211930274963379,"z":0,"tension":0,"bias":0,"continuity":0,"index":0,"numPickups":10,"pointType":6,"word":"","collect":false,"text":{"x":-0.891035079956055,"y":-0.0211930274963379,"z":0,"font":0,"fontSize":48}},"p1":{"x":-0.254316806793213,"y":0.244683623313904,"z":0,"tension":0,"bias":0,"continuity":0,"index":1,"numPickups":0,"pointType":7,"word":"","collect":false,"text":{"x":0.245683193206787,"y":0.244683623313904,"z":0,"font":0,"fontSize":48}},"p2":{"x":-0.822675943374634,"y":0.111745357513428,"z":0,"tension":0,"bias":0,"continuity":0,"index":2,"numPickups":10,"pointType":8,"word":"","collect":false,"text":{"x":-0.322675943374634,"y":0.111745357513428,"z":0,"font":0,"fontSize":48}},"p3":{"x":0.1888108253479,"y":0.94212806224823,"z":0,"tension":0,"bias":0,"continuity":0,"index":3,"numPickups":10,"pointType":8,"word":"","collect":false,"text":{"x":0.6888108253479,"y":0.94212806224823,"z":0,"font":0,"fontSize":48}},"p4":{"x":0.48551344871521,"y":-0.202297449111938,"z":0,"tension":0,"bias":0,"continuity":0,"index":4,"numPickups":1,"pointType":7,"word":"","collect":false,"text":{"x":0.98551344871521,"y":-0.202297449111938,"z":0,"font":0,"fontSize":48}},"p5":{"x":0.710930824279785,"y":0.144497752189636,"z":0,"tension":0,"bias":0,"continuity":0,"index":5,"numPickups":10,"pointType":8,"word":"","collect":false,"text":{"x":1.21093082427979,"y":0.144497752189636,"z":0,"font":0,"fontSize":48}},"p6":{"x":0.348721981048584,"y":-0.676251649856567,"z":0,"tension":0,"bias":0,"continuity":0,"index":6,"numPickups":1,"pointType":7,"word":"","collect":false,"text":{"x":0.848721981048584,"y":-0.676251649856567,"z":0,"font":0,"fontSize":48}},"p7":{"x":0.85930871963501,"y":-0.751193046569824,"z":0,"tension":0,"bias":0,"continuity":0,"index":7,"numPickups":10,"pointType":3,"word":"","collect":false,"text":{"x":1.35930871963501,"y":-0.751193046569824,"z":0,"font":0,"fontSize":48}},"p8":{"x":-0.728243827819824,"y":1.20242142677307,"z":0,"tension":0,"bias":0,"continuity":0,"index":8,"numPickups":10,"pointType":7,"word":"","collect":false,"text":{"x":-0.228243827819824,"y":1.20242142677307,"z":0,"font":0,"fontSize":48}},"p9":{"x":-0.467451572418213,"y":0.194831848144531,"z":0,"tension":0,"bias":0,"continuity":0,"index":9,"numPickups":1,"pointType":1,"word":"","collect":false,"text":{"x":0.0325484275817871,"y":0.194831848144531,"z":0,"font":0,"fontSize":48}},"splineCount":4,"unlockType":0,"speed":1,"acceleration":0.100000001490116,"maxSpeed":5,"time":1,"laps":1,"startSpeed":0.200000002980232,"text":"","title":"Locktest","forceOrder":false,"camera":{"lockX":true,"lockY":true,"lockZ":false,"x":-0.265863180160522,"y":0.225614190101624,"z":0,"setPos":false,"fov":60},"spline0":{"order":0,"closed":false,"numPoints":4,"type":0,"lineWidth":1,"bidirectional":true,"speed":0,"crawlerType":0,"crawlerIndex":0,"crawlerDir":true,"crawlerSpeed":1,"locked":false,"points":{"p0":0,"p1":2,"p2":9,"p3":1}},"spline1":{"order":1,"closed":false,"numPoints":3,"type":0,"lineWidth":1,"bidirectional":true,"speed":0,"crawlerType":0,"crawlerIndex":0,"crawlerDir":true,"crawlerSpeed":1,"locked":true,"points":{"p0":3,"p1":1,"p2":4}},"spline2":{"order":2,"closed":false,"numPoints":3,"type":0,"lineWidth":1,"bidirectional":true,"speed":0,"crawlerType":0,"crawlerIndex":0,"crawlerDir":true,"crawlerSpeed":1,"locked":true,"points":{"p0":5,"p1":4,"p2":6}},"spline3":{"order":3,"closed":false,"numPoints":4,"type":0,"lineWidth":1,"bidirectional":true,"speed":0,"crawlerType":0,"crawlerIndex":0,"crawlerDir":true,"crawlerSpeed":1,"locked":true,"points":{"p0":7,"p1":6,"p2":2,"p3":8}}}