{"name":"Loop2","pointCount":14,"p0":{"x":0.332717895507813,"y":-0.0383319854736328,"z":-0.0363685339689255,"tension":-0.599999785423279,"bias":0,"continuity":0,"index":0,"pointType":2,"word":"","collect":false,"text":{"x":0.832717895507813,"y":-0.0383319854736328,"z":-0.0363685339689255,"font":0,"fontSize":48}},"p1":{"x":0.244787693023682,"y":0.587588906288147,"z":-0.0471802614629269,"tension":-0.599999070167542,"bias":0,"continuity":0,"index":1,"pointType":2,"word":"","collect":false,"text":{"x":0.744787693023682,"y":0.587588906288147,"z":-0.0471802614629269,"font":0,"fontSize":48}},"p2":{"x":-0.217906475067139,"y":0.371693849563599,"z":-0.00237504462711513,"tension":-0.959999084472656,"bias":0,"continuity":0,"index":2,"pointType":2,"word":"","collect":false,"text":{"x":0.282093524932861,"y":0.371693849563599,"z":-0.00237504462711513,"font":0,"fontSize":48}},"p3":{"x":0.604095935821533,"y":0.24714994430542,"z":0.0221386794000864,"tension":-0.659999072551727,"bias":0,"continuity":0,"index":3,"pointType":0,"word":"","collect":false,"text":{"x":1.10409593582153,"y":0.24714994430542,"z":0.0221386794000864,"font":0,"fontSize":48}},"p4":{"x":0.374031543731689,"y":-0.121170043945313,"z":-0.0068183783441782,"tension":0,"bias":0,"continuity":0,"index":4,"pointType":2,"word":"","collect":false,"text":{"x":0.874031543731689,"y":-0.121170043945313,"z":-0.0068183783441782,"font":0,"fontSize":48}},"p5":{"x":-0.126354694366455,"y":-0.117537260055542,"z":-0.0255550742149353,"tension":0.140000939369202,"bias":0,"continuity":0,"index":5,"pointType":2,"word":"","collect":false,"text":{"x":0.373645305633545,"y":-0.117537260055542,"z":-0.0255550742149353,"font":0,"fontSize":48}},"p6":{"x":-0.0862536430358887,"y":-0.430454730987549,"z":-0.00237504462711513,"tension":-0.873529374599457,"bias":0,"continuity":0,"index":6,"pointType":6,"word":"","collect":false,"text":{"x":0.413746356964111,"y":-0.430454730987549,"z":-0.00237504462711513,"font":0,"fontSize":48}},"p7":{"x":0.25391674041748,"y":0.713936328887939,"z":-0.00237504462711513,"tension":0,"bias":0,"continuity":0,"index":7,"pointType":2,"word":"","collect":false,"text":{"x":0.75391674041748,"y":0.713936328887939,"z":-0.00237504462711513,"font":0,"fontSize":48}},"p8":{"x":-0.335565090179443,"y":0.651819467544556,"z":-0.00237504462711513,"tension":0,"bias":0,"continuity":0,"index":8,"pointType":2,"word":"","collect":false,"text":{"x":0.164434909820557,"y":0.651819467544556,"z":-0.00237504462711513,"font":0,"fontSize":48}},"p9":{"x":-0.281190395355225,"y":-0.571840286254883,"z":-0.00237504462711513,"tension":-0.801449298858643,"bias":0,"continuity":0,"index":9,"pointType":2,"word":"","collect":false,"text":{"x":0.218809604644775,"y":-0.571840286254883,"z":-0.00237504462711513,"font":0,"fontSize":48}},"p10":{"x":0.339278221130371,"y":-0.508137941360474,"z":-0.00237504462711513,"tension":1,"bias":0,"continuity":0,"index":10,"pointType":0,"word":"","collect":false,"text":{"x":0.839278221130371,"y":-0.508137941360474,"z":-0.00237504462711513,"font":0,"fontSize":48}},"p11":{"x":0.848825454711914,"y":0.08842933177948,"z":0,"tension":0,"bias":0,"continuity":0,"index":11,"pointType":2,"word":"","collect":false,"text":{"x":1.34882545471191,"y":0.08842933177948,"z":0,"font":0,"fontSize":48}},"p12":{"x":0.768434047698975,"y":0.604279756546021,"z":0,"tension":-0.921581149101257,"bias":-0.20078033208847,"continuity":0,"index":12,"pointType":2,"word":"","collect":false,"text":{"x":1.26843404769897,"y":0.604279756546021,"z":0,"font":0,"fontSize":48}},"p13":{"x":0.948023319244385,"y":0.501856327056885,"z":-0.00197654869407415,"tension":0,"bias":0,"continuity":0,"index":13,"pointType":2,"word":"","collect":false,"text":{"x":1.44802331924438,"y":0.501856327056885,"z":-0.00197654869407415,"font":0,"fontSize":48}},"splineCount":2,"unlockType":2,"speed":2.93433785438538,"acceleration":0.125249028205872,"maxSpeed":3.41489267349243,"time":1,"laps":10,"startSpeed":0.446044921875,"text":"tripling down","title":"Loop2","forceOrder":false,"camera":{"lockX":true,"lockY":true,"lockZ":false,"x":0.306229114532471,"y":0.0710480213165283,"z":-0.0125207910314202,"setPos":false,"fov":37},"spline0":{"order":0,"closed":false,"numPoints":11,"type":2,"lineTexture":5,"lineWidth":1,"bidirectional":true,"speed":0,"crawlerType":4,"crawlerIndex":0,"crawlerDir":true,"crawlerSpeed":1.06750905513763,"points":{"p0":10,"p1":9,"p2":8,"p3":7,"p4":6,"p5":0,"p6":1,"p7":2,"p8":5,"p9":4,"p10":3}},"spline1":{"order":1,"closed":false,"numPoints":5,"type":0,"lineTexture":3,"lineWidth":1,"bidirectional":true,"speed":0,"crawlerType":0,"crawlerIndex":0,"crawlerDir":true,"crawlerSpeed":1,"points":{"p0":3,"p1":12,"p2":13,"p3":11,"p4":10}}}