{"name":"Loop3","pointCount":9,"p0":{"x":0.2691330909729,"y":-0.441522836685181,"z":0,"tension":-0.659999072551727,"bias":0,"continuity":0,"index":0,"pointType":6,"word":"","collect":false,"text":{"x":0.7691330909729,"y":-0.441522836685181,"z":0,"font":0,"fontSize":48}},"p1":{"x":0.368481636047363,"y":0.191228032112122,"z":0,"tension":0,"bias":0,"continuity":0,"index":1,"pointType":2,"word":"","collect":false,"text":{"x":0.868481636047363,"y":0.191228032112122,"z":0,"font":0,"fontSize":48}},"p2":{"x":0.141012907028198,"y":0.7092125415802,"z":0,"tension":-0.439999103546143,"bias":0,"continuity":0,"index":2,"pointType":1,"word":"","collect":false,"text":{"x":0.641012907028198,"y":0.7092125415802,"z":0,"font":0,"fontSize":48}},"p3":{"x":-0.139396905899048,"y":-0.71760368347168,"z":-0.403334736824036,"tension":0,"bias":0,"continuity":0,"index":3,"pointType":8,"word":"","collect":false,"text":{"x":0.360603094100952,"y":-0.71760368347168,"z":-0.403334736824036,"font":0,"fontSize":48}},"p4":{"x":-0.746367931365967,"y":-0.751980781555176,"z":-0.403334736824036,"tension":0,"bias":0,"continuity":0,"index":4,"pointType":8,"word":"","collect":false,"text":{"x":-0.246367931365967,"y":-0.751980781555176,"z":-0.403334736824036,"font":0,"fontSize":48}},"p5":{"x":-0.815826416015625,"y":-0.28835916519165,"z":-0.403334736824036,"tension":0,"bias":0,"continuity":0,"index":5,"pointType":8,"word":"","collect":false,"text":{"x":-0.315826416015625,"y":-0.28835916519165,"z":-0.403334736824036,"font":0,"fontSize":48}},"p6":{"x":-0.611741542816162,"y":0.772038817405701,"z":-0.403334498405457,"tension":0,"bias":0,"continuity":0,"index":6,"pointType":3,"word":"","collect":false,"text":{"x":-0.111741542816162,"y":0.772038817405701,"z":-0.403334498405457,"font":0,"fontSize":48}},"p7":{"x":-1.27126741409302,"y":1.11877548694611,"z":-0.403302073478699,"tension":0,"bias":0,"continuity":0,"index":7,"pointType":3,"word":"","collect":false,"text":{"x":-0.771267414093018,"y":1.11877548694611,"z":-0.403302073478699,"font":0,"fontSize":48}},"p8":{"x":-0.869308948516846,"y":1.30637490749359,"z":-0.403302073478699,"tension":0,"bias":0,"continuity":0,"index":8,"pointType":3,"word":"","collect":false,"text":{"x":-0.369308948516846,"y":1.30637490749359,"z":-0.403302073478699,"font":0,"fontSize":48}},"splineCount":1,"unlockType":3,"speed":4,"acceleration":0.149999991059303,"maxSpeed":5.59999990463257,"time":1,"laps":10,"startSpeed":0,"text":"","title":"Loop3","forceOrder":false,"camera":{"lockX":false,"lockY":false,"lockZ":false,"x":-0.451392889022827,"y":0.277197062969208,"z":-0.201667368412018,"setPos":false,"fov":37},"spline0":{"order":0,"closed":false,"numPoints":3,"type":2,"lineTexture":3,"lineWidth":1,"bidirectional":true,"speed":0,"points":{"p0":2,"p1":1,"p2":0}}}