{"name":"Loop3","pointCount":9,"p0":{"x":0.2691330909729,"y":-0.441522836685181,"z":0,"tension":-0.659999072551727,"bias":0,"continuity":0,"index":0,"pointType":6,"word":"","collect":false,"text":{"x":0.7691330909729,"y":-0.441522836685181,"z":0,"font":0,"fontSize":48}},"p1":{"x":0.368481636047363,"y":0.191228032112122,"z":0,"tension":0,"bias":0,"continuity":0,"index":1,"pointType":2,"word":"","collect":false,"text":{"x":0.868481636047363,"y":0.191228032112122,"z":0,"font":0,"fontSize":48}},"p2":{"x":0.141012907028198,"y":0.7092125415802,"z":0,"tension":-0.439999103546143,"bias":0,"continuity":0,"index":2,"pointType":1,"word":"","collect":false,"text":{"x":0.641012907028198,"y":0.7092125415802,"z":0,"font":0,"fontSize":48}},"p3":{"x":-0.139396905899048,"y":-0.720187187194824,"z":-3.26633453369141E-05,"tension":0,"bias":0,"continuity":0,"index":3,"pointType":8,"word":"","collect":false,"text":{"x":0.360603094100952,"y":-0.720187187194824,"z":-3.26633453369141E-05,"font":0,"fontSize":48}},"p4":{"x":-0.746367931365967,"y":-0.75456428527832,"z":-3.26633453369141E-05,"tension":0,"bias":0,"continuity":0,"index":4,"pointType":8,"word":"","collect":false,"text":{"x":-0.246367931365967,"y":-0.75456428527832,"z":-3.26633453369141E-05,"font":0,"fontSize":48}},"p5":{"x":-0.815826416015625,"y":-0.290942430496216,"z":-3.26633453369141E-05,"tension":0,"bias":0,"continuity":0,"index":5,"pointType":8,"word":"","collect":false,"text":{"x":-0.315826416015625,"y":-0.290942430496216,"z":-3.26633453369141E-05,"font":0,"fontSize":48}},"p6":{"x":-0.510907649993896,"y":0.686998605728149,"z":-3.24249267578125E-05,"tension":0,"bias":0,"continuity":0,"index":6,"pointType":3,"word":"","collect":false,"text":{"x":-0.0109076499938965,"y":0.686998605728149,"z":-3.24249267578125E-05,"font":0,"fontSize":48}},"p7":{"x":-1.17043447494507,"y":1.0337347984314,"z":0,"tension":0,"bias":0,"continuity":0,"index":7,"pointType":3,"word":"","collect":false,"text":{"x":-0.670434474945068,"y":1.0337347984314,"z":0,"font":0,"fontSize":48}},"p8":{"x":-0.768476486206055,"y":1.22133409976959,"z":0,"tension":0,"bias":0,"continuity":0,"index":8,"pointType":3,"word":"","collect":false,"text":{"x":-0.268476486206055,"y":1.22133409976959,"z":0,"font":0,"fontSize":48}},"splineCount":1,"unlockType":3,"speed":4,"acceleration":0.149999991059303,"maxSpeed":5.59999990463257,"time":1,"laps":10,"startSpeed":0,"text":"","title":"Loop3","forceOrder":false,"camera":{"lockX":false,"lockY":false,"lockZ":false,"x":-0.400976419448853,"y":0.233384907245636,"z":-1.6331672668457E-05,"setPos":false,"fov":37},"spline0":{"order":0,"closed":false,"numPoints":3,"type":2,"lineTexture":3,"lineWidth":1,"bidirectional":true,"speed":0,"points":{"p0":2,"p1":1,"p2":0}}}