{"name":"Playground","pointCount":45,"p0":{"x":-0.115229606628418,"y":0.176872491836548,"z":0,"tension":0,"bias":0,"continuity":0,"index":0,"pointType":6,"word":"","collect":false,"text":{"x":0.384770393371582,"y":0.176872491836548,"z":0,"font":0,"fontSize":48}},"p1":{"x":0.759176731109619,"y":-0.201107978820801,"z":0,"tension":0,"bias":0,"continuity":0,"index":1,"pointType":3,"word":"","collect":false,"text":{"x":1.25917673110962,"y":-0.201107978820801,"z":0,"font":0,"fontSize":48}},"p2":{"x":1.1841869354248,"y":0.478211760520935,"z":0,"tension":0,"bias":0,"continuity":0,"index":2,"pointType":0,"word":"","collect":false,"text":{"x":1.6841869354248,"y":0.478211760520935,"z":0,"font":0,"fontSize":48}},"p3":{"x":1.47333431243896,"y":-0.342197418212891,"z":0,"tension":0,"bias":0,"continuity":0,"index":3,"pointType":2,"word":"","collect":false,"text":{"x":1.97333431243896,"y":-0.342197418212891,"z":0,"font":0,"fontSize":48}},"p4":{"x":1.92969703674316,"y":0.258739233016968,"z":0,"tension":0,"bias":0,"continuity":0,"index":4,"pointType":2,"word":"","collect":false,"text":{"x":2.42969703674316,"y":0.258739233016968,"z":0,"font":0,"fontSize":48}},"p5":{"x":1.44720506668091,"y":0.699426054954529,"z":0,"tension":0,"bias":0,"continuity":0,"index":5,"pointType":2,"word":"","collect":false,"text":{"x":1.94720506668091,"y":0.699426054954529,"z":0,"font":0,"fontSize":48}},"p6":{"x":0.685004234313965,"y":-0.308268308639526,"z":0,"tension":-0.660000026226044,"bias":0,"continuity":0,"index":6,"pointType":2,"word":"","collect":false,"text":{"x":1.18500423431396,"y":-0.308268308639526,"z":0,"font":0,"fontSize":48}},"p7":{"x":0.551791667938232,"y":-0.33446478843689,"z":0,"tension":-0.660000026226044,"bias":0,"continuity":0,"index":7,"pointType":2,"word":"","collect":false,"text":{"x":1.05179166793823,"y":-0.33446478843689,"z":0,"font":0,"fontSize":48}},"p8":{"x":0.641085147857666,"y":-0.436731338500977,"z":0,"tension":-0.660000026226044,"bias":0,"continuity":0,"index":8,"pointType":2,"word":"","collect":false,"text":{"x":1.14108514785767,"y":-0.436731338500977,"z":0,"font":0,"fontSize":48}},"p9":{"x":0.507872581481934,"y":-0.462928771972656,"z":0,"tension":-0.660000026226044,"bias":0,"continuity":0,"index":9,"pointType":2,"word":"","collect":false,"text":{"x":1.00787258148193,"y":-0.462928771972656,"z":0,"font":0,"fontSize":48}},"p10":{"x":0.597165584564209,"y":-0.565194606781006,"z":0,"tension":-0.660000026226044,"bias":0,"continuity":0,"index":10,"pointType":2,"word":"","collect":false,"text":{"x":1.09716558456421,"y":-0.565194606781006,"z":0,"font":0,"fontSize":48}},"p11":{"x":0.463953495025635,"y":-0.591391563415527,"z":0,"tension":-0.660000026226044,"bias":0,"continuity":0,"index":11,"pointType":2,"word":"","collect":false,"text":{"x":0.963953495025635,"y":-0.591391563415527,"z":0,"font":0,"fontSize":48}},"p12":{"x":0.553246021270752,"y":-0.693657875061035,"z":0,"tension":-0.660000026226044,"bias":0,"continuity":0,"index":12,"pointType":2,"word":"","collect":false,"text":{"x":1.05324602127075,"y":-0.693657875061035,"z":0,"font":0,"fontSize":48}},"p13":{"x":0.420034170150757,"y":-0.719855070114136,"z":0,"tension":-0.660000026226044,"bias":0,"continuity":0,"index":13,"pointType":2,"word":"","collect":false,"text":{"x":0.920034170150757,"y":-0.719855070114136,"z":0,"font":0,"fontSize":48}},"p14":{"x":0.509326696395874,"y":-0.822121858596802,"z":0,"tension":-0.660000026226044,"bias":0,"continuity":0,"index":14,"pointType":2,"word":"","collect":false,"text":{"x":1.00932669639587,"y":-0.822121858596802,"z":0,"font":0,"fontSize":48}},"p15":{"x":0.358696222305298,"y":-0.874445915222168,"z":0,"tension":-0.660000026226044,"bias":0,"continuity":0,"index":15,"pointType":1,"word":"","collect":false,"text":{"x":0.858696222305298,"y":-0.874445915222168,"z":0,"font":0,"fontSize":48}},"p16":{"x":-0.467089653015137,"y":-0.148476839065552,"z":0,"tension":0,"bias":0,"continuity":0,"index":16,"pointType":2,"word":"","collect":false,"text":{"x":0.0329103469848633,"y":-0.148476839065552,"z":0,"font":0,"fontSize":48}},"p17":{"x":-0.164008617401123,"y":-0.704125642776489,"z":0,"tension":0,"bias":0,"continuity":0,"index":17,"pointType":2,"word":"","collect":false,"text":{"x":0.335991382598877,"y":-0.704125642776489,"z":0,"font":0,"fontSize":48}},"p18":{"x":0.218110084533691,"y":0.716876626014709,"z":0,"tension":-0.5,"bias":0,"continuity":0,"index":18,"pointType":2,"word":"","collect":false,"text":{"x":0.718110084533691,"y":0.716876626014709,"z":0,"font":0,"fontSize":48}},"p19":{"x":0.0344526767730713,"y":0.703792572021484,"z":0,"tension":-0.5,"bias":0,"continuity":0,"index":19,"pointType":2,"word":"","collect":false,"text":{"x":0.534452676773071,"y":0.703792572021484,"z":0,"font":0,"fontSize":48}},"p20":{"x":0.14066219329834,"y":0.539966821670532,"z":0,"tension":-0.5,"bias":0,"continuity":0,"index":20,"pointType":2,"word":"","collect":false,"text":{"x":0.64066219329834,"y":0.539966821670532,"z":0,"font":0,"fontSize":48}},"p21":{"x":0.381710290908813,"y":0.633518218994141,"z":0,"tension":-0.5,"bias":0,"continuity":0,"index":21,"pointType":2,"word":"","collect":false,"text":{"x":0.881710290908813,"y":0.633518218994141,"z":0,"font":0,"fontSize":48}},"p22":{"x":0.340056896209717,"y":0.812867641448975,"z":0,"tension":-0.5,"bias":0,"continuity":0,"index":22,"pointType":2,"word":"","collect":false,"text":{"x":0.840056896209717,"y":0.812867641448975,"z":0,"font":0,"fontSize":48}},"p23":{"x":0.194863080978394,"y":0.682337522506714,"z":0,"tension":-0.5,"bias":0,"continuity":0,"index":23,"pointType":2,"word":"","collect":false,"text":{"x":0.694863080978394,"y":0.682337522506714,"z":0,"font":0,"fontSize":48}},"p24":{"x":0.324970960617065,"y":0.458891868591309,"z":0,"tension":-0.5,"bias":0,"continuity":0,"index":24,"pointType":2,"word":"","collect":false,"text":{"x":0.824970960617065,"y":0.458891868591309,"z":0,"font":0,"fontSize":48}},"p25":{"x":0.495596170425415,"y":0.528088927268982,"z":0,"tension":-0.5,"bias":0,"continuity":0,"index":25,"pointType":2,"word":"","collect":false,"text":{"x":0.995596170425415,"y":0.528088927268982,"z":0,"font":0,"fontSize":48}},"p26":{"x":0.343959808349609,"y":0.651075720787048,"z":0,"tension":-0.5,"bias":0,"continuity":0,"index":26,"pointType":2,"word":"","collect":false,"text":{"x":0.843959808349609,"y":0.651075720787048,"z":0,"font":0,"fontSize":48}},"p27":{"x":0.143618583679199,"y":0.48761510848999,"z":0,"tension":-0.5,"bias":0,"continuity":0,"index":27,"pointType":2,"word":"","collect":false,"text":{"x":0.643618583679199,"y":0.48761510848999,"z":0,"font":0,"fontSize":48}},"p28":{"x":0.23865532875061,"y":0.329915404319763,"z":0,"tension":-0.5,"bias":0,"continuity":0,"index":28,"pointType":2,"word":"","collect":false,"text":{"x":0.73865532875061,"y":0.329915404319763,"z":0,"font":0,"fontSize":48}},"p29":{"x":0.336406707763672,"y":0.498924374580383,"z":0,"tension":-0.5,"bias":0,"continuity":0,"index":29,"pointType":2,"word":"","collect":false,"text":{"x":0.836406707763672,"y":0.498924374580383,"z":0,"font":0,"fontSize":48}},"p30":{"x":0.14361834526062,"y":0.671228170394897,"z":0,"tension":-0.5,"bias":0,"continuity":0,"index":30,"pointType":2,"word":"","collect":false,"text":{"x":0.64361834526062,"y":0.671228170394897,"z":0,"font":0,"fontSize":48}},"p31":{"x":0.00272727012634277,"y":0.552691698074341,"z":0,"tension":-0.5,"bias":0,"continuity":0,"index":31,"pointType":2,"word":"","collect":false,"text":{"x":0.502727270126343,"y":0.552691698074341,"z":0,"font":0,"fontSize":48}},"p32":{"x":0.18494701385498,"y":0.482582688331604,"z":0,"tension":-0.5,"bias":0,"continuity":0,"index":32,"pointType":2,"word":"","collect":false,"text":{"x":0.68494701385498,"y":0.482582688331604,"z":0,"font":0,"fontSize":48}},"p33":{"x":0.324970722198486,"y":0.699951887130737,"z":0,"tension":-0.5,"bias":0,"continuity":0,"index":33,"pointType":2,"word":"","collect":false,"text":{"x":0.824970722198486,"y":0.699951887130737,"z":0,"font":0,"fontSize":48}},"p34":{"x":0.185853481292725,