{"name":"Playground","pointCount":18,"p0":{"x":-0.115229606628418,"y":0.176872491836548,"z":0,"tension":0,"bias":0,"continuity":0,"index":0,"pointType":6,"word":"","collect":false,"text":{"x":0.384770393371582,"y":0.176872491836548,"z":0,"font":0,"fontSize":48}},"p1":{"x":0.759176731109619,"y":-0.201107978820801,"z":0,"tension":0,"bias":0,"continuity":0,"index":1,"pointType":3,"word":"","collect":false,"text":{"x":1.25917673110962,"y":-0.201107978820801,"z":0,"font":0,"fontSize":48}},"p2":{"x":1.1841869354248,"y":0.478211760520935,"z":0,"tension":0,"bias":0,"continuity":0,"index":2,"pointType":0,"word":"","collect":false,"text":{"x":1.6841869354248,"y":0.478211760520935,"z":0,"font":0,"fontSize":48}},"p3":{"x":1.47333431243896,"y":-0.342197418212891,"z":0,"tension":0,"bias":0,"continuity":0,"index":3,"pointType":2,"word":"","collect":false,"text":{"x":1.97333431243896,"y":-0.342197418212891,"z":0,"font":0,"fontSize":48}},"p4":{"x":1.92969703674316,"y":0.258739233016968,"z":0,"tension":0,"bias":0,"continuity":0,"index":4,"pointType":2,"word":"","collect":false,"text":{"x":2.42969703674316,"y":0.258739233016968,"z":0,"font":0,"fontSize":48}},"p5":{"x":1.44720506668091,"y":0.699426054954529,"z":0,"tension":0,"bias":0,"continuity":0,"index":5,"pointType":2,"word":"","collect":false,"text":{"x":1.94720506668091,"y":0.699426054954529,"z":0,"font":0,"fontSize":48}},"p6":{"x":0.685004234313965,"y":-0.308268308639526,"z":0,"tension":-0.660000026226044,"bias":0,"continuity":0,"index":6,"pointType":2,"word":"","collect":false,"text":{"x":1.18500423431396,"y":-0.308268308639526,"z":0,"font":0,"fontSize":48}},"p7":{"x":0.551791667938232,"y":-0.33446478843689,"z":0,"tension":-0.660000026226044,"bias":0,"continuity":0,"index":7,"pointType":2,"word":"","collect":false,"text":{"x":1.05179166793823,"y":-0.33446478843689,"z":0,"font":0,"fontSize":48}},"p8":{"x":0.641085147857666,"y":-0.436731338500977,"z":0,"tension":-0.660000026226044,"bias":0,"continuity":0,"index":8,"pointType":2,"word":"","collect":false,"text":{"x":1.14108514785767,"y":-0.436731338500977,"z":0,"font":0,"fontSize":48}},"p9":{"x":0.507872581481934,"y":-0.462928771972656,"z":0,"tension":-0.660000026226044,"bias":0,"continuity":0,"index":9,"pointType":2,"word":"","collect":false,"text":{"x":1.00787258148193,"y":-0.462928771972656,"z":0,"font":0,"fontSize":48}},"p10":{"x":0.597165584564209,"y":-0.565194606781006,"z":0,"tension":-0.660000026226044,"bias":0,"continuity":0,"index":10,"pointType":2,"word":"","collect":false,"text":{"x":1.09716558456421,"y":-0.565194606781006,"z":0,"font":0,"fontSize":48}},"p11":{"x":0.463953495025635,"y":-0.591391563415527,"z":0,"tension":-0.660000026226044,"bias":0,"continuity":0,"index":11,"pointType":2,"word":"","collect":false,"text":{"x":0.963953495025635,"y":-0.591391563415527,"z":0,"font":0,"fontSize":48}},"p12":{"x":0.553246021270752,"y":-0.693657875061035,"z":0,"tension":-0.660000026226044,"bias":0,"continuity":0,"index":12,"pointType":2,"word":"","collect":false,"text":{"x":1.05324602127075,"y":-0.693657875061035,"z":0,"font":0,"fontSize":48}},"p13":{"x":0.420034170150757,"y":-0.719855070114136,"z":0,"tension":-0.660000026226044,"bias":0,"continuity":0,"index":13,"pointType":2,"word":"","collect":false,"text":{"x":0.920034170150757,"y":-0.719855070114136,"z":0,"font":0,"fontSize":48}},"p14":{"x":0.509326696395874,"y":-0.822121858596802,"z":0,"tension":-0.660000026226044,"bias":0,"continuity":0,"index":14,"pointType":2,"word":"","collect":false,"text":{"x":1.00932669639587,"y":-0.822121858596802,"z":0,"font":0,"fontSize":48}},"p15":{"x":0.358696222305298,"y":-0.874445915222168,"z":0,"tension":-0.660000026226044,"bias":0,"continuity":0,"index":15,"pointType":1,"word":"","collect":false,"text":{"x":0.858696222305298,"y":-0.874445915222168,"z":0,"font":0,"fontSize":48}},"p16":{"x":-0.467089653015137,"y":-0.148476839065552,"z":0,"tension":0,"bias":0,"continuity":0,"index":16,"pointType":2,"word":"","collect":false,"text":{"x":0.0329103469848633,"y":-0.148476839065552,"z":0,"font":0,"fontSize":48}},"p17":{"x":-0.164008617401123,"y":-0.704125642776489,"z":0,"tension":0,"bias":0,"continuity":0,"index":17,"pointType":2,"word":"","collect":false,"text":{"x":0.335991382598877,"y":-0.704125642776489,"z":0,"font":0,"fontSize":48}},"splineCount":5,"unlockType":0,"speed":1,"acceleration":0.589999973773956,"maxSpeed":9.5,"time":1,"laps":1,"startSpeed":1.29999995231628,"text":"","title":"Playground","forceOrder":false,"camera":{"lockX":true,"lockY":true,"lockZ":false,"x":0.731303691864014,"y":-0.0875099301338196,"z":0,"setPos":false,"fov":60},"spline0":{"order":0,"closed":false,"numPoints":2,"type":0,"lineWidth":1,"bidirectional":true,"speed":0,"crawlerType":0,"crawlerIndex":0,"crawlerDir":true,"crawlerSpeed":1,"locked":false,"points":{"p0":0,"p1":1}},"spline1":{"order":1,"closed":false,"numPoints":11,"type":5,"lineWidth":1,"bidirectional":true,"speed":3,"crawlerType":0,"crawlerIndex":0,"crawlerDir":true,"crawlerSpeed":1,"locked":false,"points":{"p0":1,"p1":6,"p2":7,"p3":8,"p4":9,"p5":10,"p6":11,"p7":12,"p8":13,"p9":14,"p10":15}},"spline2":{"order":2,"closed":false,"numPoints":2,"type":3,"lineWidth":1,"bidirectional":true,"speed":0,"crawlerType":0,"crawlerIndex":0,"crawlerDir":true,"crawlerSpeed":1,"locked":false,"points":{"p0":2,"p1":1}},"spline3":{"order":3,"closed":false,"numPoints":5,"type":2,"lineWidth":1,"bidirectional":true,"speed":2.09999990463257,"crawlerType":0,"crawlerIndex":0,"crawlerDir":true,"crawlerSpeed":1,"locked":false,"points":{"p0":1,"p1":3,"p2":4,"p3":5,"p4":2}},"spline4":{"order":4,"closed":false,"numPoints":4,"type":4,"lineWidth":1,"bidirectional":true,"speed":0,"crawlerType":0,"crawlerIndex":0,"crawlerDir":true,"crawlerSpeed":1,"locked":false,"points":{"p0":0,"p1":16,"p2":17,"p3":15}}}