{"name":"Schedule","pointCount":23,"p0":{"x":-0.817913055419922,"y":0.338390946388245,"z":0,"tension":0,"bias":0,"continuity":0,"index":0,"pointType":6,"word":"Production\r\nSchedule","collect":false,"text":{"x":-0.894893169403076,"y":0.652728319168091,"z":0,"font":0,"fontSize":72}},"p1":{"x":-0.0833954811096191,"y":0.322353482246399,"z":0,"tension":0,"bias":0,"continuity":0,"index":1,"pointType":3,"word":"Q1","collect":false,"text":{"x":-0.173205852508545,"y":0.65272581577301,"z":0,"font":4,"fontSize":162}},"p2":{"x":0.567728519439697,"y":0.325561761856079,"z":0,"tension":0,"bias":0,"continuity":0,"index":2,"pointType":3,"word":"Q2","collect":false,"text":{"x":0.490747928619385,"y":0.639896273612976,"z":0,"font":3,"fontSize":162}},"p3":{"x":1.26696157455444,"y":0.360844850540161,"z":0,"tension":0,"bias":0,"continuity":0,"index":3,"pointType":3,"word":"Q3","collect":false,"text":{"x":1.16111516952515,"y":0.67517876625061,"z":0,"font":3,"fontSize":162}},"p4":{"x":2.00789594650269,"y":0.370467185974121,"z":0,"tension":0,"bias":0,"continuity":0,"index":4,"pointType":3,"word":"Q4","collect":false,"text":{"x":1.91167068481445,"y":0.688008308410645,"z":0,"font":3,"fontSize":162}},"p5":{"x":2.60317850112915,"y":0.376185059547424,"z":0,"tension":0,"bias":0,"continuity":0,"index":5,"pointType":1,"word":"Release!","collect":false,"text":{"x":2.49091482162476,"y":0.72259521484375,"z":0,"font":4,"fontSize":162}},"p6":{"x":-0.0683374404907227,"y":-0.740560054779053,"z":0,"tension":0,"bias":0,"continuity":0,"index":6,"pointType":3,"word":"Writing","collect":false,"text":{"x":0.136553049087524,"y":-0.752878904342651,"z":0,"font":3,"fontSize":72}},"p7":{"x":-0.0724549293518066,"y":-0.369734287261963,"z":0,"tension":1,"bias":0,"continuity":0,"index":7,"pointType":3,"word":"Soundscape Development","collect":false,"text":{"x":0.115467309951782,"y":-0.366323232650757,"z":0,"font":3,"fontSize":72}},"p8":{"x":-0.0809628963470459,"y":-0.00105738639831543,"z":0,"tension":0,"bias":0,"continuity":0,"index":8,"pointType":3,"word":"Build out level editor","collect":false,"text":{"x":0.0838401317596436,"y":0.00617659091949463,"z":0,"font":3,"fontSize":72}},"p9":{"x":-0.0637507438659668,"y":-1.15349173545837,"z":0,"tension":0,"bias":0,"continuity":0,"index":9,"pointType":3,"word":"Level Creation","collect":false,"text":{"x":0.147097826004028,"y":-1.12537908554077,"z":0,"font":4,"fontSize":72}},"p10":{"x":0.579185009002686,"y":-0.575298547744751,"z":0,"tension":0,"bias":0,"continuity":0,"index":10,"pointType":3,"word":"Announcement Trailer","collect":false,"text":{"x":0.784075736999512,"y":-0.58761739730835,"z":0,"font":3,"fontSize":72}},"p11":{"x":0.575067043304443,"y":-0.204472780227661,"z":0,"tension":1,"bias":0,"continuity":0,"index":11,"pointType":3,"word":"Music composition","collect":false,"text":{"x":0.762989044189453,"y":-0.201061725616455,"z":0,"font":3,"fontSize":72}},"p12":{"x":0.566559314727783,"y":0.164201736450195,"z":0,"tension":0,"bias":0,"continuity":0,"index":12,"pointType":3,"word":"More level creation","collect":false,"text":{"x":0.731362342834473,"y":0.171435832977295,"z":0,"font":3,"fontSize":72}},"p13":{"x":1.28950452804565,"y":-1.13592171669006,"z":0,"tension":1,"bias":0,"continuity":0,"index":13,"pointType":3,"word":"QA","collect":false,"text":{"x":1.51792144775391,"y":-1.11835074424744,"z":0,"font":4,"fontSize":72}},"p14":{"x":1.28812456130981,"y":-0.722990274429321,"z":0,"tension":0,"bias":0,"continuity":0,"index":14,"pointType":3,"word":"Social Media marketing","collect":false,"text":{"x":1.49301481246948,"y":-0.73530912399292,"z":0,"font":3,"fontSize":72}},"p15":{"x":1.28400754928589,"y":-0.352164506912231,"z":0,"tension":1,"bias":0,"continuity":0,"index":15,"pointType":3,"word":"Launch Trailer","collect":false,"text":{"x":1.47193002700806,"y":-0.348753452301025,"z":0,"font":3,"fontSize":72}},"p16":{"x":1.27549886703491,"y":0.0165127515792847,"z":0,"tension":0,"bias":0,"continuity":0,"index":16,"pointType":3,"word":"Steam workshop support","collect":false,"text":{"x":1.4403018951416,"y":0.0237467288970947,"z":0,"font":3,"fontSize":72}},"p17":{"x":0.0375297069549561,"y":-1.5199408531189,"z":0,"tension":0,"bias":0,"continuity":0,"index":17,"pointType":2,"word":"","collect":false,"text":{"x":0.537529706954956,"y":-1.5199408531189,"z":0,"font":0,"fontSize":48}},"p18":{"x":0.512239694595337,"y":-1.43654632568359,"z":0,"tension":0,"bias":0,"continuity":0,"index":18,"pointType":2,"word":"","collect":false,"text":{"x":1.01223969459534,"y":-1.43654632568359,"z":0,"font":0,"fontSize":48}},"p19":{"x":0.656578540802002,"y":1.19360601902008,"z":0,"tension":0,"bias":0,"continuity":0,"index":19,"pointType":2,"word":"","collect":false,"text":{"x":1.156578540802,"y":1.19360601902008,"z":0,"font":0,"fontSize":48}},"p20":{"x":1.16336441040039,"y":1.19681417942047,"z":0,"tension":0,"bias":0,"continuity":0,"index":20,"pointType":2,"word":"","collect":false,"text":{"x":1.66336441040039,"y":1.19681417942047,"z":0,"font":0,"fontSize":48}},"p21":{"x":1.48732089996338,"y":-1.41088390350342,"z":0,"tension":-0.819999098777771,"bias":0,"continuity":0,"index":21,"pointType":2,"word":"","collect":false,"text":{"x":1.98732089996338,"y":-1.41088390350342,"z":0,"font":0,"fontSize":48}},"p22":{"x":1.97806882858276,"y":-1.09654998779297,"z":0,"tension":0,"bias":0,"continuity":0,"index":22,"pointType":2,"word":"","collect":false,"text":{"x":2.47806882858276,"y":-1.09654998779297,"z":0,"font":0,"fontSize":48}},"splineCount":10,"unlockType":1,"speed":1,"acceleration":0.100000001490116,"maxSpeed":5,"time":1,"laps":1,"startSpeed":0.200000002980232,"text":"","title":"Schedule","forceOrder":false,"camera":{"lockX":true,"lockY":true,"lockZ":false,"x":0.892632722854614,"y":-0.161563336849213,"z":0,"setPos":false,"fov":60},"spline0":{"order":0,"closed":false,"numPoints":2,"type":0,"lineTexture":0,"lineWidth":1,"bidirectional":true,"speed":0,"crawlerType":0,"crawlerIndex":0,"crawlerDir":true,"crawlerSpeed":1,"points":{"p0":0,"p1":1}},"spline1":{"order":1,"closed":false,"numPoints":2,"type":0,"lineTexture":1,"lineWidth":1,"bidirectional":true,"speed":2.04999995231628,"crawlerType":0,"crawlerIndex":0,"crawlerDir":true,"crawlerSpeed":1,"points":{"p0":4,"p1":5}},"spline2":{"order":2,"closed":false,"numPoints":4,"type":0,"lineTexture":0,"lineWidth":1,"bidirectional":true,"speed":0,"crawlerType":0,"crawlerIndex":0,"crawlerDir":true,"crawlerSpeed":1,"points":{"p0":6,"p1":7,"p2":8,"p3":1}},"spline3":{"order":3,"closed":false,"numPoints":5,"type":0,"lineTexture":0,"lineWidth":1,"bidirectional":true,"speed":0,"crawlerType":0,"crawlerIndex":0,"crawlerDir":true,"crawlerSpeed":1,"points":{"p0":10,"p1":18,"p2":17,"p3":9,"p4":6}},"spline4":{"order":4,"closed":false,"numPoints":7,"type":0,"lineTexture":0,"lineWidth":1,"bidirectional":true,"speed":0,"crawlerType":0,"crawlerIndex":0,"crawlerDir":true,"crawlerSpeed":1,"points":{"p0":10,"p1":11,"p2":12,"p3":2,"p4":19,"p5":20,"p6":3}},"spline5":{"order":5,"closed":false,"numPoints":2,"type":0,"lineTexture":0,"lineWidth":1,"bidirectional":true,"speed":0,"crawlerType":0,"crawlerIndex":0,"crawlerDir":true,"crawlerSpeed":1,"points":{"p0":13,"p1":14}},"spline6":{"order":6,"closed":false,"numPoints":3,"type":0,"lineTexture":0,"lineWidth":1,"bidirectional":true,"speed":0,"crawlerType":0,"crawlerIndex":0,"crawlerDir":true,"crawlerSpeed":1,"points":{"p0":14,"p1":15,"p2":16}},"spline7":{"order":7,"closed":false,"numPoints":4,"type":0,"lineTexture":0,"lineWidth":1,"bidirectional":true,"speed":0,"crawlerType":0,"crawlerIndex":0,"crawlerDir":true,"crawlerSpeed":1,"points":{"p0":13,"p1":21,"p2":22,"p3":4}},"spline8":{"order":8,"closed":false,"numPoints":2,"type":0,"lineTexture":0,"lineWidth":1,"bidirectional":true,"speed":0,"crawlerType":0,"crawlerIndex":0,"crawlerDir":true,"crawlerSpeed":1,"points":{"p0":3,"p1":16}},"spline9":{"order":9,"closed":false,"numPoints":4,"type":0,"lineTexture":2,"lineWidth":1,"bidirectional":true,"speed":0,"crawlerType":0,"crawlerIndex":0,