{"name":"Skipping","pointCount":12,"p0":{"x":-1.38489985466003,"y":-0.300737857818604,"z":0,"tension":-0.0799990892410278,"bias":0,"continuity":0,"index":0,"pointType":6,"word":"","collect":false,"text":{"x":-0.884899854660034,"y":-0.300737857818604,"z":0,"font":0,"fontSize":48}},"p1":{"x":-0.939822435379028,"y":0.0796917676925659,"z":0,"tension":-0.379999101161957,"bias":0,"continuity":0,"index":1,"pointType":8,"word":"","collect":false,"text":{"x":-0.439822435379028,"y":0.0796917676925659,"z":0,"font":0,"fontSize":48}},"p2":{"x":-0.520858526229858,"y":-0.148805141448975,"z":0,"tension":-0.0799990892410278,"bias":0,"continuity":0,"index":2,"pointType":8,"word":"","collect":false,"text":{"x":-0.0208585262298584,"y":-0.148805141448975,"z":0,"font":0,"fontSize":48}},"p3":{"x":-0.343697309494019,"y":-0.715868949890137,"z":0,"tension":-0.0799990892410278,"bias":0,"continuity":0,"index":3,"pointType":3,"word":"","collect":false,"text":{"x":0.156302690505981,"y":-0.715868949890137,"z":0,"font":0,"fontSize":48}},"p4":{"x":0.0786540508270264,"y":-0.988339900970459,"z":0,"tension":-0.239999055862427,"bias":0,"continuity":0,"index":4,"pointType":8,"word":"","collect":false,"text":{"x":0.578654050827026,"y":-0.988339900970459,"z":0,"font":0,"fontSize":48}},"p5":{"x":-0.726002931594849,"y":-1.08577013015747,"z":0,"tension":-0.0799990892410278,"bias":0,"continuity":0,"index":5,"pointType":1,"word":"","collect":false,"text":{"x":-0.226002931594849,"y":-1.08577013015747,"z":0,"font":0,"fontSize":48}},"p6":{"x":0.667357921600342,"y":-0.735800266265869,"z":0,"tension":1,"bias":0,"continuity":0,"index":6,"pointType":1,"word":"","collect":false,"text":{"x":1.16735792160034,"y":-0.735800266265869,"z":0,"font":0,"fontSize":48}},"p7":{"x":0.969769954681396,"y":-0.290614604949951,"z":0,"tension":1,"bias":0,"continuity":0,"index":7,"pointType":8,"word":"","collect":false,"text":{"x":1.4697699546814,"y":-0.290614604949951,"z":0,"font":0,"fontSize":48}},"p8":{"x":0.580174922943115,"y":0.819296717643738,"z":0,"tension":-0.5,"bias":0,"continuity":0,"index":8,"pointType":3,"word":"","collect":false,"text":{"x":1.08017492294312,"y":0.819296717643738,"z":0,"font":0,"fontSize":48}},"p9":{"x":0.949053287506104,"y":0.371487975120544,"z":0,"tension":-0.5,"bias":0,"continuity":0,"index":9,"pointType":3,"word":"","collect":false,"text":{"x":1.4490532875061,"y":0.371487975120544,"z":0,"font":0,"fontSize":48}},"p10":{"x":-0.133158445358276,"y":0.881717085838318,"z":0,"tension":-0.5,"bias":0,"continuity":0,"index":10,"pointType":3,"word":"","collect":false,"text":{"x":0.366841554641724,"y":0.881717085838318,"z":0,"font":0,"fontSize":48}},"p11":{"x":-0.783086061477661,"y":0.676529049873352,"z":0,"tension":-0.5,"bias":0,"continuity":0,"index":11,"pointType":3,"word":"","collect":false,"text":{"x":-0.283086061477661,"y":0.676529049873352,"z":0,"font":0,"fontSize":48}},"splineCount":2,"unlockType":2,"speed":1,"acceleration":0.200000002980232,"maxSpeed":3,"time":1,"laps":1,"startSpeed":0,"text":"","title":"Skipping","forceOrder":false,"camera":{"lockX":true,"lockY":true,"lockZ":false,"x":-0.207564949989319,"y":-0.102026522159576,"z":0,"setPos":false,"fov":73},"spline0":{"order":0,"closed":false,"numPoints":5,"type":0,"lineTexture":0,"lineWidth":1,"bidirectional":true,"speed":0,"points":{"p0":0,"p1":1,"p2":2,"p3":3,"p4":5}},"spline1":{"order":1,"closed":false,"numPoints":3,"type":0,"lineTexture":0,"lineWidth":1,"bidirectional":true,"speed":0,"points":{"p0":6,"p1":4,"p2":3}}}