{"name":"Spa","pointCount":20,"p0":{"x":-1.98937511444092,"y":0.133711934089661,"z":0,"tension":-0.5,"bias":0,"continuity":0,"index":0,"numPickups":0,"pointType":6,"word":"","collect":false,"text":{"x":-1.48937511444092,"y":0.133711934089661,"z":0,"font":0,"fontSize":48}},"p1":{"x":-1.61274456977844,"y":1.84715342521667,"z":0,"tension":-0.5,"bias":0,"continuity":0,"index":1,"numPickups":0,"pointType":2,"word":"","collect":false,"text":{"x":-1.11274456977844,"y":1.84715342521667,"z":0,"font":0,"fontSize":48}},"p2":{"x":-1.28468227386475,"y":2.11550307273865,"z":0,"tension":-0.5,"bias":0,"continuity":0,"index":2,"numPickups":0,"pointType":2,"word":"","collect":false,"text":{"x":-0.784682273864746,"y":2.11550307273865,"z":0,"font":0,"fontSize":48}},"p3":{"x":-0.971413135528564,"y":2.11225986480713,"z":0,"tension":-0.5,"bias":0,"continuity":0,"index":3,"numPickups":0,"pointType":2,"word":"","collect":false,"text":{"x":-0.471413135528564,"y":2.11225986480713,"z":0,"font":0,"fontSize":48}},"p4":{"x":-1.33269381523132,"y":2.84245014190674,"z":0,"tension":-0.5,"bias":0,"continuity":0,"index":4,"numPickups":0,"pointType":2,"word":"","collect":false,"text":{"x":-0.832693815231323,"y":2.84245014190674,"z":0,"font":0,"fontSize":48}},"p5":{"x":-1.06013607978821,"y":2.93225145339966,"z":0,"tension":-0.5,"bias":0,"continuity":0,"index":5,"numPickups":0,"pointType":2,"word":"","collect":false,"text":{"x":-0.560136079788208,"y":2.93225145339966,"z":0,"font":0,"fontSize":48}},"p6":{"x":-0.795749187469482,"y":3.05485343933105,"z":0,"tension":-0.5,"bias":0,"continuity":0,"index":6,"numPickups":0,"pointType":2,"word":"","collect":false,"text":{"x":-0.295749187469482,"y":3.05485343933105,"z":0,"font":0,"fontSize":48}},"p7":{"x":-0.662775754928589,"y":2.98994445800781,"z":0,"tension":-0.5,"bias":0,"continuity":0,"index":7,"numPickups":0,"pointType":2,"word":"","collect":false,"text":{"x":-0.162775754928589,"y":2.98994445800781,"z":0,"font":0,"fontSize":48}},"p8":{"x":-0.622269153594971,"y":3.20430302619934,"z":0,"tension":-0.5,"bias":0,"continuity":0,"index":8,"numPickups":0,"pointType":2,"word":"","collect":false,"text":{"x":-0.122269153594971,"y":3.20430302619934,"z":0,"font":0,"fontSize":48}},"p9":{"x":-0.504322290420532,"y":3.06965780258179,"z":0,"tension":-0.5,"bias":0,"continuity":0,"index":9,"numPickups":0,"pointType":2,"word":"","collect":false,"text":{"x":-0.00432229042053223,"y":3.06965780258179,"z":0,"font":0,"fontSize":48}},"p10":{"x":-0.305629968643188,"y":2.78595995903015,"z":0,"tension":-0.5,"bias":0,"continuity":0,"index":10,"numPickups":0,"pointType":2,"word":"","collect":false,"text":{"x":0.194370031356812,"y":2.78595995903015,"z":0,"font":0,"fontSize":48}},"p11":{"x":-0.271685123443604,"y":2.39825773239136,"z":0,"tension":-0.5,"bias":0,"continuity":0,"index":11,"numPickups":0,"pointType":2,"word":"","collect":false,"text":{"x":0.228314876556396,"y":2.39825773239136,"z":0,"font":0,"fontSize":48}},"p12":{"x":-0.708794355392456,"y":1.94069516658783,"z":0,"tension":-0.5,"bias":0,"continuity":0,"index":12,"numPickups":0,"pointType":2,"word":"","collect":false,"text":{"x":-0.208794355392456,"y":1.94069516658783,"z":0,"font":0,"fontSize":48}},"p13":{"x":-0.845392942428589,"y":1.41060876846313,"z":0,"tension":-0.5,"bias":0,"continuity":0,"index":13,"numPickups":0,"pointType":2,"word":"","collect":false,"text":{"x":-0.345392942428589,"y":1.41060876846313,"z":0,"font":0,"fontSize":48}},"p14":{"x":-1.19626069068909,"y":0.995303630828857,"z":0,"tension":-0.5,"bias":0,"continuity":0,"index":14,"numPickups":0,"pointType":2,"word":"","collect":false,"text":{"x":-0.696260690689087,"y":0.995303630828857,"z":0,"font":0,"fontSize":48}},"p15":{"x":-1.81614208221436,"y":0.849173069000244,"z":0,"tension":-0.5,"bias":0,"continuity":0,"index":15,"numPickups":0,"pointType":2,"word":"","collect":false,"text":{"x":-1.31614208221436,"y":0.849173069000244,"z":0,"font":0,"fontSize":48}},"p16":{"x":-2.04251050949097,"y":0.718725442886353,"z":0,"tension":-0.5,"bias":0,"continuity":0,"index":16,"numPickups":0,"pointType":2,"word":"","collect":false,"text":{"x":-1.54251050949097,"y":0.718725442886353,"z":0,"font":0,"fontSize":48}},"p17":{"x":-2.64142537117004,"y":0.603067398071289,"z":0,"tension":-0.5,"bias":0,"continuity":0,"index":17,"numPickups":0,"pointType":2,"word":"","collect":false,"text":{"x":-2.14142537117004,"y":0.603067398071289,"z":0,"font":0,"fontSize":48}},"p18":{"x":-2.85697340965271,"y":0.810848355293274,"z":0,"tension":-0.5,"bias":0,"continuity":0,"index":18,"numPickups":0,"pointType":2,"word":"","collect":false,"text":{"x":-2.35697340965271,"y":0.810848355293274,"z":0,"font":0,"fontSize":48}},"p19":{"x":-2.95743370056152,"y":1.1075394153595,"z":0,"tension":-0.5,"bias":0,"continuity":0,"index":19,"numPickups":0,"pointType":2,"word":"","collect":false,"text":{"x":-2.45743370056152,"y":1.1075394153595,"z":0,"font":0,"fontSize":48}},"splineCount":1,"unlockType":1,"speed":1,"acceleration":0.100000001490116,"maxSpeed":5,"time":1,"laps":1,"startSpeed":0.200000002980232,"text":"","title":"Spa","forceOrder":false,"camera":{"lockX":true,"lockY":true,"lockZ":false,"x":0,"y":0,"z":0,"setPos":false,"fov":60},"spline0":{"order":0,"closed":true,"numPoints":20,"type":0,"lineWidth":1,"bidirectional":true,"speed":0,"crawlerType":0,"crawlerIndex":0,"crawlerDir":true,"crawlerSpeed":1,"locked":false,"points":{"p0":0,"p1":1,"p2":2,"p3":3,"p4":4,"p5":5,"p6":6,"p7":7,"p8":8,"p9":9,"p10":10,"p11":11,"p12":12,"p13":13,"p14":14,"p15":15,"p16":16,"p17":17,"p18":18,"p19":19}}}