{"name":"StateMachine","pointCount":37,"p0":{"x":-0.884155750274658,"y":1.21528935432434,"z":0,"tension":0,"bias":0,"continuity":0,"index":0,"pointType":6,"word":"","collect":false,"text":{"x":-0.384155750274658,"y":1.21528935432434,"z":0,"font":0,"fontSize":48}},"p1":{"x":-0.566463232040405,"y":0.905874252319336,"z":0,"tension":0,"bias":0,"continuity":0,"index":1,"pointType":2,"word":"","collect":false,"text":{"x":-0.0664632320404053,"y":0.905874252319336,"z":0,"font":0,"fontSize":48}},"p2":{"x":-0.0887601375579834,"y":0.679828763008118,"z":0,"tension":-0.519999086856842,"bias":0,"continuity":0,"index":2,"pointType":0,"word":"","collect":false,"text":{"x":0.411239862442017,"y":0.679828763008118,"z":0,"font":0,"fontSize":48}},"p3":{"x":-0.488667011260986,"y":1.42815709114075,"z":0,"tension":-0.539999127388,"bias":0,"continuity":0,"index":3,"pointType":0,"word":"","collect":false,"text":{"x":0.0113329887390137,"y":1.42815709114075,"z":0,"font":0,"fontSize":48}},"p4":{"x":0.108933925628662,"y":1.90634703636169,"z":0,"tension":-0.519999086856842,"bias":0,"continuity":0,"index":4,"pointType":0,"word":"","collect":false,"text":{"x":0.608933925628662,"y":1.90634703636169,"z":0,"font":0,"fontSize":48}},"p5":{"x":0.911817073822021,"y":1.47399663925171,"z":0,"tension":-0.519999086856842,"bias":0,"continuity":0,"index":5,"pointType":0,"word":"","collect":false,"text":{"x":1.41181707382202,"y":1.47399663925171,"z":0,"font":0,"fontSize":48}},"p6":{"x":1.72679567337036,"y":1.23259198665619,"z":0,"tension":0,"bias":0,"continuity":0,"index":6,"pointType":2,"word":"","collect":false,"text":{"x":2.22679567337036,"y":1.23259198665619,"z":0,"font":0,"fontSize":48}},"p7":{"x":1.48068475723267,"y":0.631440401077271,"z":0,"tension":0,"bias":0,"continuity":0,"index":7,"pointType":2,"word":"","collect":false,"text":{"x":1.98068475723267,"y":0.631440401077271,"z":0,"font":0,"fontSize":48}},"p8":{"x":2.21900606155396,"y":0.74440324306488,"z":0,"tension":0,"bias":0,"continuity":0,"index":8,"pointType":3,"word":"","collect":false,"text":{"x":2.71900606155396,"y":0.74440324306488,"z":0,"font":0,"fontSize":48}},"p9":{"x":2.28760290145874,"y":1.59569430351257,"z":0,"tension":0,"bias":0,"continuity":0,"index":9,"pointType":0,"word":"","collect":false,"text":{"x":2.78760290145874,"y":1.59569430351257,"z":0,"font":0,"fontSize":48}},"p10":{"x":2.62250185012817,"y":2.87867593765259,"z":0,"tension":0.0200009346008301,"bias":0,"continuity":0,"index":10,"pointType":0,"word":"","collect":false,"text":{"x":3.12250185012817,"y":2.87867593765259,"z":0,"font":0,"fontSize":48}},"p11":{"x":2.01326036453247,"y":2.11212110519409,"z":0,"tension":0,"bias":0,"continuity":0,"index":11,"pointType":2,"word":"","collect":false,"text":{"x":2.51326036453247,"y":2.11212110519409,"z":0,"font":0,"fontSize":48}},"p12":{"x":3.14724016189575,"y":1.78800618648529,"z":0,"tension":0,"bias":0,"continuity":0,"index":12,"pointType":2,"word":"","collect":false,"text":{"x":3.64724016189575,"y":1.78800618648529,"z":0,"font":0,"fontSize":48}},"p13":{"x":3.93608236312866,"y":2.84613251686096,"z":0,"tension":0,"bias":0,"continuity":0,"index":13,"pointType":3,"word":"","collect":false,"text":{"x":4.43608236312866,"y":2.84613251686096,"z":0,"font":0,"fontSize":48}},"p14":{"x":2.1631498336792,"y":4.67993831634521,"z":0,"tension":0,"bias":0,"continuity":0,"index":14,"pointType":0,"word":"","collect":false,"text":{"x":2.6631498336792,"y":4.67993831634521,"z":0,"font":0,"fontSize":48}},"p15":{"x":2.87665700912476,"y":3.6129744052887,"z":0,"tension":0,"bias":0,"continuity":0,"index":15,"pointType":2,"word":"","collect":false,"text":{"x":3.37665700912476,"y":3.6129744052887,"z":0,"font":0,"fontSize":48}},"p16":{"x":2.13943815231323,"y":3.58783483505249,"z":0,"tension":0,"bias":0,"continuity":0,"index":16,"pointType":3,"word":"","collect":false,"text":{"x":2.63943815231323,"y":3.58783483505249,"z":0,"font":0,"fontSize":48}},"p17":{"x":0.977953910827637,"y":3.8154616355896,"z":0,"tension":1,"bias":0,"continuity":0,"index":17,"pointType":2,"word":"","collect":false,"text":{"x":1.47795391082764,"y":3.8154616355896,"z":0,"font":0,"fontSize":48}},"p18":{"x":-0.267144203186035,"y":3.4530827999115,"z":0,"tension":-0.539999127388,"bias":0,"continuity":0,"index":18,"pointType":2,"word":"","collect":false,"text":{"x":0.232855796813965,"y":3.4530827999115,"z":0,"font":0,"fontSize":48}},"p19":{"x":-1.28388094902039,"y":2.51060843467712,"z":0,"tension":-0.339999079704285,"bias":0,"continuity":0,"index":19,"pointType":3,"word":"","collect":false,"text":{"x":-0.783880949020386,"y":2.51060843467712,"z":0,"font":0,"fontSize":48}},"p20":{"x":-0.518012523651123,"y":2.23592376708984,"z":0,"tension":-0.539999127388,"bias":0,"continuity":0,"index":20,"pointType":2,"word":"","collect":false,"text":{"x":-0.018012523651123,"y":2.23592376708984,"z":0,"font":0,"fontSize":48}},"p21":{"x":0.452973127365112,"y":2.94674372673035,"z":0,"tension":-0.539999127388,"bias":0,"continuity":0,"index":21,"pointType":2,"word":"","collect":false,"text":{"x":0.952973127365112,"y":2.94674372673035,"z":0,"font":0,"fontSize":48}},"p22":{"x":1.14158964157104,"y":2.60669445991516,"z":0,"tension":0.880001068115234,"bias":0,"continuity":0,"index":22,"pointType":0,"word":"","collect":false,"text":{"x":1.64158964157104,"y":2.60669445991516,"z":0,"font":0,"fontSize":48}},"p23":{"x":2.09761953353882,"y":4.1128134727478,"z":0,"tension":0,"bias":0,"continuity":0,"index":23,"pointType":3,"word":"","collect":false,"text":{"x":2.59761953353882,"y":4.1128134727478,"z":0,"font":0,"fontSize":48}},"p24":{"x":-1.15909552574158,"y":4.11174821853638,"z":0,"tension":0,"bias":0,"continuity":0,"index":24,"pointType":3,"word":"","collect":false,"text":{"x":-0.659095525741577,"y":4.11174821853638,"z":0,"font":0,"fontSize":48}},"p25":{"x":0.465460777282715,"y":5.2828540802002,"z":0,"tension":0,"bias":0,"continuity":0,"index":25,"pointType":2,"word":"","collect":false,"text":{"x":0.965460777282715,"y":5.2828540802002,"z":0,"font":0,"fontSize":48}},"p26":{"x":-0.136375427246094,"y":5.80919027328491,"z":0,"tension":0,"bias":0,"continuity":0,"index":26,"pointType":0,"word":"","collect":false,"text":{"x":0.363624572753906,"y":5.80919027328491,"z":0,"font":0,"fontSize":48}},"p27":{"x":1.20053911209106,"y":6.10537147521973,"z":0,"tension":0,"bias":0,"continuity":0,"index":27,"pointType":0,"word":"","collect":false,"text":{"x":1.70053911209106,"y":6.10537147521973,"z":0,"font":0,"fontSize":48}},"p28":{"x":2.84517812728882,"y":5.32946825027466,"z":0,"tension":0.0200009346008301,"bias":0,"continuity":0,"index":28,"pointType":0,"word":"","collect":false,"text":{"x":3.34517812728882,"y":5.32946825027466,"z":0,"font":0,"fontSize":48}},"p29":{"x":1.63724756240845,"y":5.51522970199585,"z":0,"tension":0,"bias":0,"continuity":0,"index":29,"pointType":2,"word":"","collect":false,"text":{"x":2.13724756240845,"y":5.51522970199585,"z":0,"font":0,"fontSize":48}},"p30":{"x":2.08326387405396,"y":6.3237476348877,"z":0,"tension":0,"bias":0,"continuity":0,"index":30,"pointType":0,"word":"","collect":false,"text":{"x":2.58326387405396,"y":6.3237476348877,"z":0,"font":0,"fontSize":48}},"p31":{"x":3.54438209533691,"y":4.21835660934448,"z":0,"tension":0.0200009346008301,"bias":0,"continuity":0,"index":31,"pointType":0,"word":"","collect":false,"text":{"x":4.04438209533691,"y":4.21835660934448,"z":0,"font":0,"fontSize":48}},"p32":{"x":3.20059490203857,"y":4.97101449966431,"z":0,"tension":0.0200009346008301,"bias":0,"continuity":0,"index":32,"pointType":2,"word":"","collect":false,"text":{"x":3.70059490203857,"y":4.97101449966431,"z":0,"font":0,"fontSize":48}},"p33":{"x":3.38922357559204,"y":3.77386474609375,"z":0,"tension":0.0200009346008301,"bias":0,"continuity":0,"index":33,"pointType":2,"word":"","collect":false,"text":{"x":3.88922357559204,"y":3.77386474609375,"z":0,"font":0,"fontSize":48}},"p34":{"x":1.98412752151489,"y":0.252220034599304,"z":0,"tension":0,"bias":0,"continuity":0,"index":34,"pointType":2,"word":"",