{"name":"ThankYou","pointCount":25,"p0":{"x":-0.177267074584961,"y":0.460471868515015,"z":0,"tension":0,"bias":0,"continuity":0,"index":0,"pointType":6,"word":"Thank you for playing!","collect":false,"text":{"x":-0.931859970092773,"y":0.650046348571777,"z":0,"font":2,"fontSize":162}},"p1":{"x":-0.0500879287719727,"y":-0.167617559432983,"z":0,"tension":1,"bias":0,"continuity":0,"index":1,"pointType":0,"word":"add your email\r\nfor updates, ","collect":false,"text":{"x":0.168382167816162,"y":-0.149507999420166,"z":0,"font":2,"fontSize":72}},"p2":{"x":0.233125448226929,"y":0.117525577545166,"z":0,"tension":1,"bias":0,"continuity":0,"index":2,"pointType":0,"word":"","collect":false,"text":{"x":0.733125448226929,"y":0.117525577545166,"z":0,"font":0,"fontSize":48}},"p3":{"x":1.20415449142456,"y":0.0539015531539917,"z":0,"tension":0,"bias":0,"continuity":0,"index":3,"pointType":1,"word":"PC, MacOS, 2025","collect":false,"text":{"x":1.2165093421936,"y":-0.142290353775024,"z":0,"font":2,"fontSize":72}},"p4":{"x":0.667589664459229,"y":-0.474942684173584,"z":0,"tension":0,"bias":0,"continuity":0,"index":4,"pointType":2,"word":"","collect":false,"text":{"x":1.16758966445923,"y":-0.474942684173584,"z":0,"font":0,"fontSize":48}},"p5":{"x":2.30650663375854,"y":2.13476467132568,"z":-1.20425093173981,"tension":1,"bias":0,"continuity":0,"index":5,"pointType":1,"word":"","collect":false,"text":{"x":2.80650663375854,"y":2.13476467132568,"z":-1.20425093173981,"font":0,"fontSize":48}},"p6":{"x":2.87617158889771,"y":1.53166818618774,"z":-1.20425093173981,"tension":1,"bias":0,"continuity":0,"index":6,"pointType":1,"word":"","collect":false,"text":{"x":3.37617158889771,"y":1.53166818618774,"z":-1.20425093173981,"font":0,"fontSize":48}},"p7":{"x":2.88427019119263,"y":2.70596218109131,"z":-1.20425093173981,"tension":1,"bias":0,"continuity":0,"index":7,"pointType":1,"word":"","collect":false,"text":{"x":3.38427019119263,"y":2.70596218109131,"z":-1.20425093173981,"font":0,"fontSize":48}},"p8":{"x":2.6881251335144,"y":0.0558547973632813,"z":-0.533388257026672,"tension":1,"bias":0,"continuity":0,"index":8,"pointType":1,"word":"","collect":false,"text":{"x":3.1881251335144,"y":0.0558547973632813,"z":-0.533388257026672,"font":0,"fontSize":48}},"p9":{"x":3.25230836868286,"y":-0.29536771774292,"z":-0.533388257026672,"tension":1,"bias":0,"continuity":0,"index":9,"pointType":1,"word":"","collect":false,"text":{"x":3.75230836868286,"y":-0.29536771774292,"z":-0.533388257026672,"font":0,"fontSize":48}},"p10":{"x":3.28338766098022,"y":0.413290500640869,"z":-0.533388257026672,"tension":1,"bias":0,"continuity":0,"index":10,"pointType":0,"word":"","collect":false,"text":{"x":3.78338766098022,"y":0.413290500640869,"z":-0.533388257026672,"font":0,"fontSize":48}},"p11":{"x":2.68856573104858,"y":0.696135997772217,"z":0,"tension":0,"bias":0,"continuity":0,"index":11,"pointType":1,"word":"","collect":false,"text":{"x":3.18856573104858,"y":0.696135997772217,"z":0,"font":0,"fontSize":48}},"p12":{"x":4.02208662033081,"y":-0.0671896934509277,"z":0,"tension":0,"bias":0,"continuity":0,"index":12,"pointType":1,"word":"","collect":false,"text":{"x":4.52208662033081,"y":-0.0671896934509277,"z":0,"font":0,"fontSize":48}},"p13":{"x":2.78337335586548,"y":-0.506431102752686,"z":0,"tension":0,"bias":0,"continuity":0,"index":13,"pointType":1,"word":"","collect":false,"text":{"x":3.28337335586548,"y":-0.506431102752686,"z":0,"font":0,"fontSize":48}},"p14":{"x":0.51650333404541,"y":2.27123689651489,"z":-1.13115894794464,"tension":1,"bias":0,"continuity":0,"index":14,"pointType":1,"word":"","collect":false,"text":{"x":1.01650333404541,"y":2.27123689651489,"z":-1.13115894794464,"font":0,"fontSize":48}},"p15":{"x":1.08068513870239,"y":1.92001438140869,"z":-1.13115894794464,"tension":1,"bias":0,"continuity":0,"index":15,"pointType":1,"word":"","collect":false,"text":{"x":1.58068513870239,"y":1.92001438140869,"z":-1.13115894794464,"font":0,"fontSize":48}},"p16":{"x":1.11176347732544,"y":2.62867307662964,"z":-1.13115894794464,"tension":1,"bias":0,"continuity":0,"index":16,"pointType":0,"word":"","collect":false,"text":{"x":1.61176347732544,"y":2.62867307662964,"z":-1.13115894794464,"font":0,"fontSize":48}},"p17":{"x":0.535951137542725,"y":1.57800555229187,"z":-1.38408255577087,"tension":0,"bias":0,"continuity":0,"index":17,"pointType":1,"word":"","collect":false,"text":{"x":1.03595113754272,"y":1.57800555229187,"z":-1.38408255577087,"font":0,"fontSize":48}},"p18":{"x":1.85568857192993,"y":2.20797610282898,"z":-1.38408255577087,"tension":0,"bias":0,"continuity":0,"index":18,"pointType":1,"word":"","collect":false,"text":{"x":2.35568857192993,"y":2.20797610282898,"z":-1.38408255577087,"font":0,"fontSize":48}},"p19":{"x":0.522171258926392,"y":2.97130298614502,"z":-1.38408255577087,"tension":0,"bias":0,"continuity":0,"index":19,"pointType":1,"word":"","collect":false,"text":{"x":1.02217125892639,"y":2.97130298614502,"z":-1.38408255577087,"font":0,"fontSize":48}},"p20":{"x":2.44171667098999,"y":1.68883419036865,"z":-0.585186898708344,"tension":1,"bias":0,"continuity":0,"index":20,"pointType":1,"word":"","collect":false,"text":{"x":2.94171667098999,"y":1.68883419036865,"z":-0.585186898708344,"font":0,"fontSize":48}},"p21":{"x":2.45572805404663,"y":2.54397583007813,"z":-0.585186898708344,"tension":1,"bias":0,"continuity":0,"index":21,"pointType":1,"word":"","collect":false,"text":{"x":2.95572805404663,"y":2.54397583007813,"z":-0.585186898708344,"font":0,"fontSize":48}},"p22":{"x":3.34584474563599,"y":2.51520967483521,"z":-0.585186898708344,"tension":1,"bias":0,"continuity":0,"index":22,"pointType":1,"word":"","collect":false,"text":{"x":3.84584474563599,"y":2.51520967483521,"z":-0.585186898708344,"font":0,"fontSize":48}},"p23":{"x":3.32770586013794,"y":1.71533489227295,"z":-0.585186898708344,"tension":1,"bias":0,"continuity":0,"index":23,"pointType":1,"word":"","collect":false,"text":{"x":3.82770586013794,"y":1.71533489227295,"z":-0.585186898708344,"font":0,"fontSize":48}},"p24":{"x":3.57083654403687,"y":2.1045184135437,"z":-1.19711828231812,"tension":1,"bias":0,"continuity":0,"index":24,"pointType":1,"word":"","collect":false,"text":{"x":4.07083654403687,"y":2.1045184135437,"z":-1.19711828231812,"font":0,"fontSize":48}},"splineCount":19,"unlockType":0,"speed":1,"acceleration":0.159999996423721,"maxSpeed":5,"time":1,"laps":1,"startSpeed":1.10677492618561,"text":"","title":"ThankYou","forceOrder":false,"camera":{"lockX":false,"lockY":false,"lockZ":false,"x":1.92240977287292,"y":1.23243594169617,"z":-0.692041277885437,"setPos":false,"fov":50},"spline0":{"order":0,"closed":false,"numPoints":3,"type":0,"lineTexture":0,"lineWidth":1,"bidirectional":true,"speed":0,"crawlerType":0,"crawlerIndex":0,"crawlerDir":true,"crawlerSpeed":1,"points":{"p0":20,"p1":23,"p2":22}},"spline1":{"order":1,"closed":true,"numPoints":3,"type":0,"lineTexture":0,"lineWidth":1,"bidirectional":true,"speed":0,"crawlerType":0,"crawlerIndex":0,"crawlerDir":true,"crawlerSpeed":1,"points":{"p0":5,"p1":6,"p2":7}},"spline2":{"order":2,"closed":true,"numPoints":3,"type":0,"lineTexture":0,"lineWidth":1,"bidirectional":true,"speed":0,"crawlerType":0,"crawlerIndex":0,"crawlerDir":true,"crawlerSpeed":1,"points":{"p0":8,"p1":9,"p2":10}},"spline3":{"order":3,"closed":true,"numPoints":6,"type":0,"lineTexture":0,"lineWidth":1,"bidirectional":true,"speed":0,"crawlerType":0,"crawlerIndex":0,"crawlerDir":true,"crawlerSpeed":1,"points":{"p0":13,"p1":9,"p2":12,"p3":10,"p4":11,"p5":8}},"spline4":{"order":4,"closed":true,"numPoints":3,"type":0,"lineTexture":0,"lineWidth":1,"bidirectional":true,"speed":0,"crawlerType":0,"crawlerIndex":0,"crawlerDir":true,"crawlerSpeed":1,"points":{"p0":14,"p1":15,"p2":16}},"spline5":{"order":5,"closed":true,"numPoints":6,"type":0,"lineTexture":0,"lineWidth":1,"bidirectional":true,"speed":0,"crawlerType":0,"crawlerIndex":0,"crawlerDir":true,"crawlerSpeed":1,"points":{"p0":17,"p1":15,"p2":18,"p3":16,"p4":19,"p5":14}},"spline6":{"order":6,