{"name":"ThankYou","pointCount":25,"p0":{"x":-0.177267074584961,"y":0.460471868515015,"z":0,"tension":0,"bias":0,"continuity":0,"index":0,"pointType":6,"word":"Thank you for playing!","collect":false,"text":{"x":-1.35082864761353,"y":0.878685593605042,"z":0,"font":4,"fontSize":162}},"p1":{"x":-0.0500879287719727,"y":-0.167617559432983,"z":0,"tension":1,"bias":0,"continuity":0,"index":1,"pointType":0,"word":"Coming out on Steam 2025","collect":false,"text":{"x":-1.79756689071655,"y":0.466252326965332,"z":0,"font":3,"fontSize":162}},"p2":{"x":0.233125448226929,"y":0.121379137039185,"z":0,"tension":1,"bias":0,"continuity":0,"index":2,"pointType":0,"word":"","collect":false,"text":{"x":0.733125448226929,"y":0.121379137039185,"z":0,"font":0,"fontSize":48}},"p3":{"x":1.20415449142456,"y":0.0539015531539917,"z":0,"tension":0,"bias":0,"continuity":0,"index":3,"pointType":1,"word":"Write down your email for updates!","collect":false,"text":{"x":-1.06156754493713,"y":-0.138757705688477,"z":0,"font":4,"fontSize":108}},"p4":{"x":0.667589664459229,"y":-0.474942684173584,"z":0,"tension":0,"bias":0,"continuity":0,"index":4,"pointType":2,"word":"","collect":false,"text":{"x":1.16758966445923,"y":-0.474942684173584,"z":0,"font":0,"fontSize":48}},"p5":{"x":0.462775707244873,"y":-0.155624866485596,"z":-1.20425093173981,"tension":1,"bias":0,"continuity":0,"index":5,"pointType":1,"word":"","collect":false,"text":{"x":0.962775707244873,"y":-0.155624866485596,"z":-1.20425093173981,"font":0,"fontSize":48}},"p6":{"x":1.03244018554688,"y":-0.758721351623535,"z":-1.20425093173981,"tension":1,"bias":0,"continuity":0,"index":6,"pointType":1,"word":"","collect":false,"text":{"x":1.53244018554688,"y":-0.758721351623535,"z":-1.20425093173981,"font":0,"fontSize":48}},"p7":{"x":1.0405387878418,"y":0.41557240486145,"z":-1.20425093173981,"tension":1,"bias":0,"continuity":0,"index":7,"pointType":1,"word":"","collect":false,"text":{"x":1.5405387878418,"y":0.41557240486145,"z":-1.20425093173981,"font":0,"fontSize":48}},"p8":{"x":2.13287258148193,"y":0.357622623443604,"z":-0.533388257026672,"tension":1,"bias":0,"continuity":0,"index":8,"pointType":1,"word":"","collect":false,"text":{"x":2.63287258148193,"y":0.357622623443604,"z":-0.533388257026672,"font":0,"fontSize":48}},"p9":{"x":2.69705581665039,"y":0.00640022754669189,"z":-0.533388257026672,"tension":1,"bias":0,"continuity":0,"index":9,"pointType":1,"word":"","collect":false,"text":{"x":3.19705581665039,"y":0.00640022754669189,"z":-0.533388257026672,"font":0,"fontSize":48}},"p10":{"x":2.72813510894775,"y":0.715058326721191,"z":-0.533388257026672,"tension":1,"bias":0,"continuity":0,"index":10,"pointType":0,"word":"","collect":false,"text":{"x":3.22813510894775,"y":0.715058326721191,"z":-0.533388257026672,"font":0,"fontSize":48}},"p11":{"x":2.13331317901611,"y":0.997903823852539,"z":0,"tension":0,"bias":0,"continuity":0,"index":11,"pointType":1,"word":"","collect":false,"text":{"x":2.63331317901611,"y":0.997903823852539,"z":0,"font":0,"fontSize":48}},"p12":{"x":3.46683406829834,"y":0.234578371047974,"z":0,"tension":0,"bias":0,"continuity":0,"index":12,"pointType":1,"word":"","collect":false,"text":{"x":3.96683406829834,"y":0.234578371047974,"z":0,"font":0,"fontSize":48}},"p13":{"x":2.22812080383301,"y":-0.204663276672363,"z":0,"tension":0,"bias":0,"continuity":0,"index":13,"pointType":1,"word":"","collect":false,"text":{"x":2.72812080383301,"y":-0.204663276672363,"z":0,"font":0,"fontSize":48}},"p14":{"x":0.574008941650391,"y":1.65436017513275,"z":-1.13115894794464,"tension":1,"bias":0,"continuity":0,"index":14,"pointType":1,"word":"","collect":false,"text":{"x":1.07400894165039,"y":1.65436017513275,"z":-1.13115894794464,"font":0,"fontSize":48}},"p15":{"x":1.13819122314453,"y":1.30313777923584,"z":-1.13115894794464,"tension":1,"bias":0,"continuity":0,"index":15,"pointType":1,"word":"","collect":false,"text":{"x":1.63819122314453,"y":1.30313777923584,"z":-1.13115894794464,"font":0,"fontSize":48}},"p16":{"x":1.16926956176758,"y":2.01179647445679,"z":-1.13115894794464,"tension":1,"bias":0,"continuity":0,"index":16,"pointType":0,"word":"","collect":false,"text":{"x":1.66926956176758,"y":2.01179647445679,"z":-1.13115894794464,"font":0,"fontSize":48}},"p17":{"x":0.588230133056641,"y":0.961128950119019,"z":-1.38408255577087,"tension":0,"bias":0,"continuity":0,"index":17,"pointType":1,"word":"","collect":false,"text":{"x":1.08823013305664,"y":0.961128950119019,"z":-1.38408255577087,"font":0,"fontSize":48}},"p18":{"x":1.90796661376953,"y":1.59109950065613,"z":-1.38408255577087,"tension":0,"bias":0,"continuity":0,"index":18,"pointType":1,"word":"","collect":false,"text":{"x":2.40796661376953,"y":1.59109950065613,"z":-1.38408255577087,"font":0,"fontSize":48}},"p19":{"x":0.57444953918457,"y":2.35442638397217,"z":-1.38408255577087,"tension":0,"bias":0,"continuity":0,"index":19,"pointType":1,"word":"","collect":false,"text":{"x":1.07444953918457,"y":2.35442638397217,"z":-1.38408255577087,"font":0,"fontSize":48}},"p20":{"x":0.597984790802002,"y":-0.601555347442627,"z":-0.585186898708344,"tension":1,"bias":0,"continuity":0,"index":20,"pointType":1,"word":"","collect":false,"text":{"x":1.097984790802,"y":-0.601555347442627,"z":-0.585186898708344,"font":0,"fontSize":48}},"p21":{"x":0.611996173858643,"y":0.253586053848267,"z":-0.585186898708344,"tension":1,"bias":0,"continuity":0,"index":21,"pointType":1,"word":"","collect":false,"text":{"x":1.11199617385864,"y":0.253586053848267,"z":-0.585186898708344,"font":0,"fontSize":48}},"p22":{"x":1.50211334228516,"y":0.224819898605347,"z":-0.585186898708344,"tension":1,"bias":0,"continuity":0,"index":22,"pointType":1,"word":"","collect":false,"text":{"x":2.00211334228516,"y":0.224819898605347,"z":-0.585186898708344,"font":0,"fontSize":48}},"p23":{"x":1.48397445678711,"y":-0.57505464553833,"z":-0.585186898708344,"tension":1,"bias":0,"continuity":0,"index":23,"pointType":1,"word":"","collect":false,"text":{"x":1.98397445678711,"y":-0.57505464553833,"z":-0.585186898708344,"font":0,"fontSize":48}},"p24":{"x":1.64233207702637,"y":-0.208991050720215,"z":-1.19711828231812,"tension":1,"bias":0,"continuity":0,"index":24,"pointType":1,"word":"","collect":false,"text":{"x":2.14233207702637,"y":-0.208991050720215,"z":-1.19711828231812,"font":0,"fontSize":48}},"splineCount":19,"unlockType":0,"speed":1,"acceleration":0.159999996423721,"maxSpeed":5,"time":1,"laps":1,"startSpeed":1.10677492618561,"text":"","title":"ThankYou","forceOrder":false,"camera":{"lockX":false,"lockY":false,"lockZ":false,"x":1.64478349685669,"y":0.797852516174316,"z":-0.692041277885437,"setPos":false,"fov":60},"spline0":{"order":0,"closed":false,"numPoints":5,"type":0,"lineTexture":0,"lineWidth":1,"bidirectional":true,"speed":0,"crawlerType":0,"crawlerIndex":0,"crawlerDir":true,"crawlerSpeed":1,"points":{"p0":0,"p1":2,"p2":1,"p3":4,"p4":3}},"spline1":{"order":1,"closed":true,"numPoints":3,"type":0,"lineTexture":0,"lineWidth":1,"bidirectional":true,"speed":0,"crawlerType":0,"crawlerIndex":0,"crawlerDir":true,"crawlerSpeed":1,"points":{"p0":5,"p1":6,"p2":7}},"spline2":{"order":2,"closed":true,"numPoints":3,"type":0,"lineTexture":0,"lineWidth":1,"bidirectional":true,"speed":0,"crawlerType":0,"crawlerIndex":0,"crawlerDir":true,"crawlerSpeed":1,"points":{"p0":8,"p1":9,"p2":10}},"spline3":{"order":3,"closed":true,"numPoints":6,"type":0,"lineTexture":0,"lineWidth":1,"bidirectional":true,"speed":0,"crawlerType":0,"crawlerIndex":0,"crawlerDir":true,"crawlerSpeed":1,"points":{"p0":13,"p1":9,"p2":12,"p3":10,"p4":11,"p5":8}},"spline4":{"order":4,"closed":true,"numPoints":3,"type":0,"lineTexture":0,"lineWidth":1,"bidirectional":true,"speed":0,"crawlerType":0,"crawlerIndex":0,"crawlerDir":true,"crawlerSpeed":1,"points":{"p0":14,"p1":15,"p2":16}},"spline5":{"order":5,"closed":true,"numPoints":6,"type":0,"lineTexture":0,"lineWidth":1,"bidirectional":true,"speed":0,"crawlerType":0,"crawlerIndex":0,"crawlerDir":true,"crawlerSpeed":1,"points":{"p0":17,"p1":15,"p2":18,