{"name":"Untitled","pointCount":40,"p0":{"x":0.554897785186768,"y":0.434616327285767,"z":0,"tension":-0.479999780654907,"bias":0,"continuity":0,"index":0,"pointType":2,"word":"","collect":false,"text":{"x":1.05489778518677,"y":0.434616327285767,"z":0,"font":0,"fontSize":48}},"p1":{"x":-0.432790756225586,"y":0.278181791305542,"z":0,"tension":-0.479999780654907,"bias":0,"continuity":0,"index":1,"pointType":2,"word":"","collect":false,"text":{"x":0.0672092437744141,"y":0.278181791305542,"z":0,"font":0,"fontSize":48}},"p2":{"x":-0.0871415138244629,"y":-0.825457334518433,"z":0,"tension":-0.479999780654907,"bias":0,"continuity":0,"index":2,"pointType":2,"word":"","collect":false,"text":{"x":0.412858486175537,"y":-0.825457334518433,"z":0,"font":0,"fontSize":48}},"p3":{"x":1.00888824462891,"y":-0.456390380859375,"z":0,"tension":-0.479999780654907,"bias":0,"continuity":0,"index":3,"pointType":2,"word":"","collect":false,"text":{"x":1.50888824462891,"y":-0.456390380859375,"z":0,"font":0,"fontSize":48}},"p4":{"x":0.554897785186768,"y":0.434616088867188,"z":0,"tension":-0.479999780654907,"bias":0,"continuity":0,"index":4,"pointType":2,"word":"","collect":false,"text":{"x":1.05489778518677,"y":0.434616088867188,"z":0,"font":0,"fontSize":48}},"p5":{"x":-0.152208805084229,"y":-0.272490739822388,"z":0,"tension":-0.479999780654907,"bias":0,"continuity":0,"index":5,"pointType":2,"word":"","collect":false,"text":{"x":0.347791194915771,"y":-0.272490739822388,"z":0,"font":0,"fontSize":48}},"p6":{"x":0.776129722595215,"y":-0.962185859680176,"z":0,"tension":-0.479999780654907,"bias":0,"continuity":0,"index":6,"pointType":2,"word":"","collect":false,"text":{"x":1.27612972259521,"y":-0.962185859680176,"z":0,"font":0,"fontSize":48}},"p7":{"x":1.44590425491333,"y":-0.0193741321563721,"z":0,"tension":-0.479999780654907,"bias":0,"continuity":0,"index":7,"pointType":2,"word":"","collect":false,"text":{"x":1.94590425491333,"y":-0.0193741321563721,"z":0,"font":0,"fontSize":48}},"p8":{"x":0.554897785186768,"y":0.434616088867188,"z":0,"tension":-0.479999780654907,"bias":0,"continuity":0,"index":8,"pointType":2,"word":"","collect":false,"text":{"x":1.05489778518677,"y":0.434616088867188,"z":0,"font":0,"fontSize":48}},"p9":{"x":0.398463726043701,"y":-0.553072452545166,"z":0,"tension":-0.479999780654907,"bias":0,"continuity":0,"index":9,"pointType":2,"word":"","collect":false,"text":{"x":0.898463726043701,"y":-0.553072452545166,"z":0,"font":0,"fontSize":48}},"p10":{"x":1.55489778518677,"y":-0.565383672714233,"z":0,"tension":-0.479999780654907,"bias":0,"continuity":0,"index":10,"pointType":2,"word":"","collect":false,"text":{"x":2.05489778518677,"y":-0.565383672714233,"z":0,"font":0,"fontSize":48}},"p11":{"x":1.54258584976196,"y":0.591050863265991,"z":0,"tension":-0.479999780654907,"bias":0,"continuity":0,"index":11,"pointType":2,"word":"","collect":false,"text":{"x":2.04258584976196,"y":0.591050863265991,"z":0,"font":0,"fontSize":48}},"p12":{"x":0.554897785186768,"y":0.434615969657898,"z":0,"tension":-0.479999780654907,"bias":0,"continuity":0,"index":12,"pointType":2,"word":"","collect":false,"text":{"x":1.05489778518677,"y":0.434615969657898,"z":0,"font":0,"fontSize":48}},"p13":{"x":1.00888872146606,"y":-0.456390380859375,"z":0,"tension":-0.479999780654907,"bias":0,"continuity":0,"index":13,"pointType":2,"word":"","collect":false,"text":{"x":1.50888872146606,"y":-0.456390380859375,"z":0,"font":0,"fontSize":48}},"p14":{"x":1.95170021057129,"y":0.213384866714478,"z":0,"tension":-0.479999780654907,"bias":0,"continuity":0,"index":14,"pointType":2,"word":"","collect":false,"text":{"x":2.45170021057129,"y":0.213384866714478,"z":0,"font":0,"fontSize":48}},"p15":{"x":1.26200437545776,"y":1.14172291755676,"z":0,"tension":-0.479999780654907,"bias":0,"continuity":0,"index":15,"pointType":2,"word":"","collect":false,"text":{"x":1.76200437545776,"y":1.14172291755676,"z":0,"font":0,"fontSize":48}},"p16":{"x":0.554897785186768,"y":0.43461549282074,"z":0,"tension":-0.479999780654907,"bias":0,"continuity":0,"index":16,"pointType":2,"word":"","collect":false,"text":{"x":1.05489778518677,"y":0.43461549282074,"z":0,"font":0,"fontSize":48}},"p17":{"x":1.44590520858765,"y":-0.0193743705749512,"z":0,"tension":-0.479999780654907,"bias":0,"continuity":0,"index":17,"pointType":2,"word":"","collect":false,"text":{"x":1.94590520858765,"y":-0.0193743705749512,"z":0,"font":0,"fontSize":48}},"p18":{"x":1.81497144699097,"y":1.07665610313416,"z":0,"tension":-0.479999780654907,"bias":0,"continuity":0,"index":18,"pointType":2,"word":"","collect":false,"text":{"x":2.31497144699097,"y":1.07665610313416,"z":0,"font":0,"fontSize":48}},"p19":{"x":0.711331844329834,"y":1.42230403423309,"z":0,"tension":-0.479999780654907,"bias":0,"continuity":0,"index":19,"pointType":2,"word":"","collect":false,"text":{"x":1.21133184432983,"y":1.42230403423309,"z":0,"font":0,"fontSize":48}},"p20":{"x":0.554898262023926,"y":0.434615612030029,"z":0,"tension":-0.479999780654907,"bias":0,"continuity":0,"index":20,"pointType":2,"word":"","collect":false,"text":{"x":1.05489826202393,"y":0.434615612030029,"z":0,"font":0,"fontSize":48}},"p21":{"x":1.54258680343628,"y":0.59105110168457,"z":0,"tension":-0.479999780654907,"bias":0,"continuity":0,"index":21,"pointType":2,"word":"","collect":false,"text":{"x":2.04258680343628,"y":0.59105110168457,"z":0,"font":0,"fontSize":48}},"p22":{"x":1.196937084198,"y":1.69468998908997,"z":0,"tension":-0.479999780654907,"bias":0,"continuity":0,"index":22,"pointType":2,"word":"","collect":false,"text":{"x":1.696937084198,"y":1.69468998908997,"z":0,"font":0,"fontSize":48}},"p23":{"x":0.10090708732605,"y":1.3256219625473,"z":0,"tension":-0.479999780654907,"bias":0,"continuity":0,"index":23,"pointType":2,"word":"","collect":false,"text":{"x":0.60090708732605,"y":1.3256219625473,"z":0,"font":0,"fontSize":48}},"p24":{"x":0.554898738861084,"y":0.434616088867188,"z":0,"tension":-0.479999780654907,"bias":0,"continuity":0,"index":24,"pointType":2,"word":"","collect":false,"text":{"x":1.05489873886108,"y":0.434616088867188,"z":0,"font":0,"fontSize":48}},"p25":{"x":1.26200437545776,"y":1.14172375202179,"z":0,"tension":-0.479999780654907,"bias":0,"continuity":0,"index":25,"pointType":2,"word":"","collect":false,"text":{"x":1.76200437545776,"y":1.14172375202179,"z":0,"font":0,"fontSize":48}},"p26":{"x":0.333665370941162,"y":1.83141827583313,"z":0,"tension":-0.479999780654907,"bias":0,"continuity":0,"index":26,"pointType":2,"word":"","collect":false,"text":{"x":0.833665370941162,"y":1.83141827583313,"z":0,"font":0,"fontSize":48}},"p27":{"x":-0.336108446121216,"y":0.888605833053589,"z":0,"tension":-0.479999780654907,"bias":0,"continuity":0,"index":27,"pointType":2,"word":"","collect":false,"text":{"x":0.163891553878784,"y":0.888605833053589,"z":0,"font":0,"fontSize":48}},"p28":{"x":0.554898738861084,"y":0.434616327285767,"z":0,"tension":-0.479999780654907,"bias":0,"continuity":0,"index":28,"pointType":2,"word":"","collect":false,"text":{"x":1.05489873886108,"y":0.434616327285767,"z":0,"font":0,"fontSize":48}},"p29":{"x":0.711331844329834,"y":1.42230498790741,"z":0,"tension":-0.479999780654907,"bias":0,"continuity":0,"index":29,"pointType":2,"word":"","collect":false,"text":{"x":1.21133184432983,"y":1.42230498790741,"z":0,"font":0,"fontSize":48}},"p30":{"x":-0.445102453231812,"y":1.43461537361145,"z":0,"tension":-0.479999780654907,"bias":0,"continuity":0,"index":30,"pointType":2,"word":"","collect":false,"text":{"x":0.0548975467681885,"y":1.43461537361145,"z":0,"font":0,"fontSize":48}},"p31":{"x":-0.432789325714111,"y":0.278181076049805,"z":0,"tension":-0.479999780654907,"bias":0,"continuity":0,"index":31,"pointType":2,"word":"","collect":false,"text":{"x":0.0672106742858887,"y":0.278181076049805,"z":0,"font":0,"fontSize":48}},"p32":{"x":0.554898738861084,"y":0.434616804122925,"z":0,"tension":-0.479999780654907,"bias":0,"continuity":0,"index":32,"pointType":2,"word":"","collect":false,"text":{"x":1.05489873886108,