{"name":"Untitled","pointCount":9,"p0":{"x":-1.13224792480469,"y":0.450653910636902,"z":0,"tension":0,"bias":0,"continuity":0,"index":0,"numPickups":1,"pointType":6,"word":"","collect":false,"text":{"x":-0.632247924804688,"y":0.450653910636902,"z":0,"font":0,"fontSize":48}},"p1":{"x":0.0384900569915771,"y":0.0785837173461914,"z":0,"tension":0,"bias":0,"continuity":0,"index":1,"numPickups":4,"pointType":7,"word":"","collect":false,"text":{"x":0.538490056991577,"y":0.0785837173461914,"z":0,"font":0,"fontSize":48}},"p2":{"x":0.311126708984375,"y":0.518011331558228,"z":0,"tension":0,"bias":0,"continuity":0,"index":2,"numPickups":1,"pointType":8,"word":"","collect":false,"text":{"x":0.811126708984375,"y":0.518011331558228,"z":0,"font":0,"fontSize":48}},"p3":{"x":0.208487033843994,"y":-0.386504411697388,"z":0,"tension":0,"bias":0,"continuity":0,"index":3,"numPickups":1,"pointType":8,"word":"","collect":false,"text":{"x":0.708487033843994,"y":-0.386504411697388,"z":0,"font":0,"fontSize":48}},"p4":{"x":-0.481125354766846,"y":-0.258203983306885,"z":0,"tension":0,"bias":0,"continuity":0,"index":4,"numPickups":1,"pointType":8,"word":"","collect":false,"text":{"x":0.0188746452331543,"y":-0.258203983306885,"z":0,"font":0,"fontSize":48}},"p5":{"x":-0.234147548675537,"y":0.588576436042786,"z":0,"tension":1,"bias":0,"continuity":0,"index":5,"numPickups":1,"pointType":8,"word":"","collect":false,"text":{"x":0.265852451324463,"y":0.588576436042786,"z":0,"font":0,"fontSize":48}},"p6":{"x":1.1932692527771,"y":0.0865721702575684,"z":0,"tension":0,"bias":0,"continuity":0,"index":6,"numPickups":1,"pointType":8,"word":"","collect":false,"text":{"x":1.6932692527771,"y":0.0865721702575684,"z":0,"font":0,"fontSize":48}},"p7":{"x":-1.56711113452911,"y":-0.0223524570465088,"z":0,"tension":0,"bias":0,"continuity":0,"index":7,"numPickups":1,"pointType":7,"word":"","collect":false,"text":{"x":-1.06711113452911,"y":-0.0223524570465088,"z":0,"font":0,"fontSize":48}},"p8":{"x":-1.995774269104,"y":-0.436545848846436,"z":0,"tension":0,"bias":0,"continuity":0,"index":8,"numPickups":1,"pointType":1,"word":"","collect":false,"text":{"x":-1.495774269104,"y":-0.436545848846436,"z":0,"font":0,"fontSize":48}},"splineCount":6,"unlockType":0,"speed":1,"acceleration":0.100000001490116,"maxSpeed":5,"time":1,"laps":1,"startSpeed":0.200000002980232,"text":"","title":"Untitled","forceOrder":false,"camera":{"lockX":true,"lockY":true,"lockZ":false,"x":-0.186920940876007,"y":0.101036012172699,"z":0,"setPos":false,"fov":60},"spline0":{"order":0,"closed":false,"numPoints":2,"type":0,"lineWidth":1,"bidirectional":true,"speed":0,"crawlerType":0,"crawlerIndex":0,"crawlerDir":true,"crawlerSpeed":1,"locked":false,"points":{"p0":0,"p1":1}},"spline1":{"order":1,"closed":false,"numPoints":3,"type":0,"lineWidth":1,"bidirectional":true,"speed":0,"crawlerType":0,"crawlerIndex":0,"crawlerDir":true,"crawlerSpeed":1,"locked":false,"points":{"p0":2,"p1":1,"p2":3}},"spline2":{"order":2,"closed":false,"numPoints":3,"type":0,"lineWidth":1,"bidirectional":true,"speed":0,"crawlerType":0,"crawlerIndex":0,"crawlerDir":true,"crawlerSpeed":1,"locked":false,"points":{"p0":4,"p1":1,"p2":5}},"spline3":{"order":3,"closed":false,"numPoints":2,"type":0,"lineWidth":1,"bidirectional":true,"speed":0,"crawlerType":0,"crawlerIndex":0,"crawlerDir":true,"crawlerSpeed":1,"locked":true,"points":{"p0":6,"p1":1}},"spline4":{"order":4,"closed":false,"numPoints":2,"type":0,"lineWidth":1,"bidirectional":true,"speed":0,"crawlerType":0,"crawlerIndex":0,"crawlerDir":true,"crawlerSpeed":1,"locked":false,"points":{"p0":7,"p1":0}},"spline5":{"order":5,"closed":false,"numPoints":2,"type":0,"lineWidth":1,"bidirectional":true,"speed":0,"crawlerType":0,"crawlerIndex":0,"crawlerDir":true,"crawlerSpeed":1,"locked":true,"points":{"p0":8,"p1":7}}}