{"name":"Untitled","pointCount":16,"p0":{"x":-1.2060866355896,"y":0.221565365791321,"z":0,"tension":0,"bias":0,"continuity":0,"index":0,"pointType":6,"word":"","collect":false,"text":{"x":-0.7060866355896,"y":0.221565365791321,"z":0,"font":0,"fontSize":48}},"p1":{"x":-0.0423862934112549,"y":0.402671098709106,"z":0,"tension":0,"bias":0,"continuity":0,"index":1,"pointType":0,"word":"","collect":false,"text":{"x":0.457613706588745,"y":0.402671098709106,"z":0,"font":0,"fontSize":48}},"p2":{"x":0.296705007553101,"y":-0.59918999671936,"z":0,"tension":0,"bias":0,"continuity":0,"index":2,"pointType":0,"word":"","collect":false,"text":{"x":0.796705007553101,"y":-0.59918999671936,"z":0,"font":0,"fontSize":48}},"p3":{"x":1.13672685623169,"y":-0.433497667312622,"z":0,"tension":0,"bias":0,"continuity":0,"index":3,"pointType":0,"word":"","collect":false,"text":{"x":1.63672685623169,"y":-0.433497667312622,"z":0,"font":0,"fontSize":48}},"p4":{"x":1.0635142326355,"y":0.0597262382507324,"z":0,"tension":0,"bias":0,"continuity":0,"index":4,"pointType":0,"word":"","collect":false,"text":{"x":1.5635142326355,"y":0.0597262382507324,"z":0,"font":0,"fontSize":48}},"p5":{"x":0.508637189865112,"y":-0.236978769302368,"z":0,"tension":0,"bias":0,"continuity":0,"index":5,"pointType":0,"word":"","collect":false,"text":{"x":1.00863718986511,"y":-0.236978769302368,"z":0,"font":0,"fontSize":48}},"p6":{"x":0.732129096984863,"y":-0.957547903060913,"z":0,"tension":0,"bias":0,"continuity":0,"index":6,"pointType":0,"word":"","collect":false,"text":{"x":1.23212909698486,"y":-0.957547903060913,"z":0,"font":0,"fontSize":48}},"p7":{"x":-0.98259449005127,"y":0.861215114593506,"z":0,"tension":1,"bias":0,"continuity":0,"index":7,"pointType":1,"word":"","collect":false,"text":{"x":-0.48259449005127,"y":0.861215114593506,"z":0,"font":0,"fontSize":48}},"p8":{"x":-0.697449445724487,"y":-0.337164640426636,"z":0,"tension":1,"bias":0,"continuity":0,"index":8,"pointType":0,"word":"","collect":false,"text":{"x":-0.197449445724487,"y":-0.337164640426636,"z":0,"font":0,"fontSize":48}},"p9":{"x":0.350651264190674,"y":-0.410377740859985,"z":0,"tension":1,"bias":0,"continuity":0,"index":9,"pointType":0,"word":"","collect":false,"text":{"x":0.850651264190674,"y":-0.410377740859985,"z":0,"font":0,"fontSize":48}},"p10":{"x":0.874701976776123,"y":-0.275511741638184,"z":0,"tension":1,"bias":0,"continuity":0,"index":10,"pointType":0,"word":"","collect":false,"text":{"x":1.37470197677612,"y":-0.275511741638184,"z":0,"font":0,"fontSize":48}},"p11":{"x":1.04810047149658,"y":-0.845801830291748,"z":0,"tension":1,"bias":0,"continuity":0,"index":11,"pointType":0,"word":"","collect":false,"text":{"x":1.54810047149658,"y":-0.845801830291748,"z":0,"font":0,"fontSize":48}},"p12":{"x":0.751396179199219,"y":0.468177080154419,"z":0,"tension":0,"bias":0,"continuity":0,"index":12,"pointType":8,"word":"","collect":false,"text":{"x":1.25139617919922,"y":0.468177080154419,"z":0,"font":0,"fontSize":48}},"p13":{"x":1.28315305709839,"y":0.402671098709106,"z":0,"tension":0,"bias":0,"continuity":0,"index":13,"pointType":8,"word":"","collect":false,"text":{"x":1.78315305709839,"y":0.402671098709106,"z":0,"font":0,"fontSize":48}},"p14":{"x":1.6569242477417,"y":-0.0597264766693115,"z":0,"tension":0,"bias":0,"continuity":0,"index":14,"pointType":8,"word":"","collect":false,"text":{"x":2.1569242477417,"y":-0.0597264766693115,"z":0,"font":0,"fontSize":48}},"p15":{"x":1.55288505554199,"y":-0.645429849624634,"z":0,"tension":0,"bias":0,"continuity":0,"index":15,"pointType":8,"word":"","collect":false,"text":{"x":2.05288505554199,"y":-0.645429849624634,"z":0,"font":0,"fontSize":48}},"splineCount":2,"unlockType":0,"speed":1,"acceleration":0,"maxSpeed":3,"time":1,"laps":1,"startSpeed":1.04999995231628,"text":"","title":"Untitled","forceOrder":false,"camera":{"lockX":true,"lockY":true,"lockZ":false,"x":0,"y":0,"z":0,"setPos":false,"fov":60},"spline0":{"order":0,"closed":false,"numPoints":7,"type":0,"lineTexture":0,"lineWidth":1,"bidirectional":true,"speed":0,"points":{"p0":0,"p1":1,"p2":2,"p3":3,"p4":4,"p5":5,"p6":6}},"spline1":{"order":1,"closed":false,"numPoints":6,"type":0,"lineTexture":1,"lineWidth":2,"bidirectional":true,"speed":0,"points":{"p0":7,"p1":8,"p2":9,"p3":10,"p4":11,"p5":6}}}