{"name":"Untitled","pointCount":20,"p0":{"x":0.594615459442139,"y":1.94786822795868,"z":0,"tension":-0.559999108314514,"bias":0,"continuity":0,"index":0,"pointType":2,"word":"","collect":false,"text":{"x":1.09461545944214,"y":1.94786822795868,"z":0,"font":0,"fontSize":48}},"p1":{"x":-0.792575836181641,"y":1.69738984107971,"z":0,"tension":-0.559999108314514,"bias":0,"continuity":0,"index":1,"pointType":6,"word":"","collect":false,"text":{"x":-0.292575836181641,"y":1.69738984107971,"z":0,"font":0,"fontSize":48}},"p2":{"x":0.0358867645263672,"y":1.06931781768799,"z":0,"tension":-0.559999108314514,"bias":0,"continuity":0,"index":2,"pointType":2,"word":"","collect":false,"text":{"x":0.535886764526367,"y":1.06931781768799,"z":0,"font":0,"fontSize":48}},"p3":{"x":0.94912576675415,"y":1.24458599090576,"z":0,"tension":0,"bias":0,"continuity":0,"index":3,"pointType":5,"word":"","collect":false,"text":{"x":1.44912576675415,"y":1.24458599090576,"z":0,"font":0,"fontSize":48}},"p4":{"x":1.26124334335327,"y":1.45266592502594,"z":0,"tension":0,"bias":0,"continuity":0,"index":4,"pointType":5,"word":"","collect":false,"text":{"x":1.76124334335327,"y":1.45266592502594,"z":0,"font":0,"fontSize":48}},"p5":{"x":0.348003625869751,"y":1.27739775180817,"z":0,"tension":-0.559999108314514,"bias":0,"continuity":0,"index":5,"pointType":2,"word":"","collect":false,"text":{"x":0.848003625869751,"y":1.27739775180817,"z":0,"font":0,"fontSize":48}},"p6":{"x":0.90673303604126,"y":2.15594887733459,"z":0,"tension":-0.559999108314514,"bias":0,"continuity":0,"index":6,"pointType":2,"word":"","collect":false,"text":{"x":1.40673303604126,"y":2.15594887733459,"z":0,"font":0,"fontSize":48}},"p7":{"x":-0.480458974838257,"y":1.90546977519989,"z":0,"tension":-0.559999108314514,"bias":0,"continuity":0,"index":7,"pointType":6,"word":"","collect":false,"text":{"x":0.0195410251617432,"y":1.90546977519989,"z":0,"font":0,"fontSize":48}},"p8":{"x":1.73589515686035,"y":1.79263257980347,"z":0,"tension":0,"bias":0,"continuity":0,"index":8,"pointType":5,"word":"","collect":false,"text":{"x":2.23589515686035,"y":1.79263257980347,"z":0,"font":0,"fontSize":48}},"p9":{"x":0.72132396697998,"y":1.47855806350708,"z":0,"tension":-0.559999108314514,"bias":0,"continuity":0,"index":9,"pointType":2,"word":"","collect":false,"text":{"x":1.22132396697998,"y":1.47855806350708,"z":0,"font":0,"fontSize":48}},"p10":{"x":1.24481964111328,"y":2.54627633094788,"z":0,"tension":-0.559999108314514,"bias":0,"continuity":0,"index":10,"pointType":2,"word":"","collect":false,"text":{"x":1.74481964111328,"y":2.54627633094788,"z":0,"font":0,"fontSize":48}},"p11":{"x":-0.298275947570801,"y":2.08708214759827,"z":0,"tension":-0.559999108314514,"bias":0,"continuity":0,"index":11,"pointType":6,"word":"","collect":false,"text":{"x":0.201724052429199,"y":2.08708214759827,"z":0,"font":0,"fontSize":48}},"p12":{"x":1.96676015853882,"y":1.95338344573975,"z":0,"tension":0,"bias":0,"continuity":0,"index":12,"pointType":5,"word":"","collect":false,"text":{"x":2.46676015853882,"y":1.95338344573975,"z":0,"font":0,"fontSize":48}},"p13":{"x":0.906119823455811,"y":1.61898481845856,"z":0,"tension":-0.559999108314514,"bias":0,"continuity":0,"index":13,"pointType":2,"word":"","collect":false,"text":{"x":1.40611982345581,"y":1.61898481845856,"z":0,"font":0,"fontSize":48}},"p14":{"x":1.44844770431519,"y":2.73984527587891,"z":0,"tension":-0.559999108314514,"bias":0,"continuity":0,"index":14,"pointType":2,"word":"","collect":false,"text":{"x":1.94844770431519,"y":2.73984527587891,"z":0,"font":0,"fontSize":48}},"p15":{"x":-0.164822578430176,"y":2.25060749053955,"z":0,"tension":-0.559999108314514,"bias":0,"continuity":0,"index":15,"pointType":6,"word":"","collect":false,"text":{"x":0.335177421569824,"y":2.25060749053955,"z":0,"font":0,"fontSize":48}},"p16":{"x":2.48363161087036,"y":2.42282629013062,"z":0,"tension":0,"bias":0,"continuity":0,"index":16,"pointType":5,"word":"","collect":false,"text":{"x":2.98363161087036,"y":2.42282629013062,"z":0,"font":0,"fontSize":48}},"p17":{"x":1.32179594039917,"y":1.90953469276428,"z":0,"tension":-0.559999108314514,"bias":0,"continuity":0,"index":17,"pointType":2,"word":"","collect":false,"text":{"x":1.82179594039917,"y":1.90953469276428,"z":0,"font":0,"fontSize":48}},"p18":{"x":1.79613256454468,"y":3.25024223327637,"z":0,"tension":-0.559999108314514,"bias":0,"continuity":0,"index":18,"pointType":2,"word":"","collect":false,"text":{"x":2.29613256454468,"y":3.25024223327637,"z":0,"font":0,"fontSize":48}},"p19":{"x":0.0265026092529297,"y":2.4915246963501,"z":0,"tension":-0.559999108314514,"bias":0,"continuity":0,"index":19,"pointType":6,"word":"","collect":false,"text":{"x":0.52650260925293,"y":2.4915246963501,"z":0,"font":0,"fontSize":48}},"splineCount":5,"unlockType":2,"speed":5.09999990463257,"acceleration":0.199999988079071,"maxSpeed":6.10000038146973,"time":1,"laps":1,"startSpeed":0,"text":"","title":"Untitled","forceOrder":false,"camera":{"lockX":true,"lockY":true,"lockZ":false,"x":0.84552788734436,"y":2.15978002548218,"z":0,"setPos":false,"fov":60},"spline0":{"order":0,"closed":false,"numPoints":4,"type":0,"lineTexture":0,"lineWidth":1,"bidirectional":true,"speed":0,"points":{"p0":3,"p1":2,"p2":0,"p3":1}},"spline1":{"order":1,"closed":false,"numPoints":4,"type":0,"lineTexture":0,"lineWidth":1,"bidirectional":true,"speed":0,"points":{"p0":4,"p1":5,"p2":6,"p3":7}},"spline2":{"order":2,"closed":false,"numPoints":4,"type":0,"lineTexture":0,"lineWidth":1,"bidirectional":true,"speed":0,"points":{"p0":8,"p1":9,"p2":10,"p3":11}},"spline3":{"order":3,"closed":false,"numPoints":4,"type":0,"lineTexture":0,"lineWidth":1,"bidirectional":true,"speed":0,"points":{"p0":12,"p1":13,"p2":14,"p3":15}},"spline4":{"order":4,"closed":false,"numPoints":4,"type":0,"lineTexture":0,"lineWidth":1,"bidirectional":true,"speed":0,"points":{"p0":16,"p1":17,"p2":18,"p3":19}}}