{"name":"Untitled","pointCount":11,"p0":{"x":-1.33708906173706,"y":0.109818458557129,"z":0,"tension":0,"bias":0,"continuity":0,"index":0,"numPickups":10,"pointType":0,"word":"","collect":false,"text":{"x":-0.837089061737061,"y":0.109818458557129,"z":0,"font":0,"fontSize":48}},"p1":{"x":-0.28899621963501,"y":0.356428742408752,"z":0,"tension":0,"bias":0,"continuity":0,"index":1,"numPickups":10,"pointType":0,"word":"","collect":false,"text":{"x":0.21100378036499,"y":0.356428742408752,"z":0,"font":0,"fontSize":48}},"p2":{"x":0.589552402496338,"y":-0.341015577316284,"z":0,"tension":0,"bias":0,"continuity":0,"index":2,"numPickups":10,"pointType":1,"word":"","collect":false,"text":{"x":1.08955240249634,"y":-0.341015577316284,"z":0,"font":0,"fontSize":48}},"p3":{"x":0.967174053192139,"y":0.549092769622803,"z":0,"tension":0,"bias":0,"continuity":0,"index":3,"numPickups":10,"pointType":0,"word":"","collect":false,"text":{"x":1.46717405319214,"y":0.549092769622803,"z":0,"font":0,"fontSize":48}},"p4":{"x":-0.262023448944092,"y":1.18103134632111,"z":0,"tension":0,"bias":0,"continuity":0,"index":4,"numPickups":10,"pointType":0,"word":"","collect":false,"text":{"x":0.237976551055908,"y":1.18103134632111,"z":0,"font":0,"fontSize":48}},"p5":{"x":-1.13671851158142,"y":0.892035007476807,"z":0,"tension":0,"bias":0,"continuity":0,"index":5,"numPickups":10,"pointType":0,"word":"","collect":false,"text":{"x":-0.636718511581421,"y":0.892035007476807,"z":0,"font":0,"fontSize":48}},"p6":{"x":-1.649205327034,"y":0.857355356216431,"z":0,"tension":0,"bias":0,"continuity":0,"index":6,"numPickups":10,"pointType":0,"word":"","collect":false,"text":{"x":-1.149205327034,"y":0.857355356216431,"z":0,"font":0,"fontSize":48}},"p7":{"x":-1.1444251537323,"y":-0.468173980712891,"z":0,"tension":0,"bias":0,"continuity":0,"index":7,"numPickups":10,"pointType":6,"word":"","collect":false,"text":{"x":-0.6444251537323,"y":-0.468173980712891,"z":0,"font":0,"fontSize":48}},"p8":{"x":-0.175821781158447,"y":-0.547179222106934,"z":0,"tension":-0.0799990892410278,"bias":0,"continuity":0,"index":8,"numPickups":10,"pointType":3,"word":"","collect":false,"text":{"x":0.324178218841553,"y":-0.547179222106934,"z":0,"font":0,"fontSize":48}},"p9":{"x":0.416638612747192,"y":0.360766410827637,"z":0,"tension":0,"bias":0,"continuity":0,"index":9,"numPickups":10,"pointType":3,"word":"","collect":false,"text":{"x":0.916638612747192,"y":0.360766410827637,"z":0,"font":0,"fontSize":48}},"p10":{"x":0.349945068359375,"y":-0.710955142974854,"z":0,"tension":0,"bias":0,"continuity":0,"index":10,"numPickups":10,"pointType":3,"word":"","collect":false,"text":{"x":0.849945068359375,"y":-0.710955142974854,"z":0,"font":0,"fontSize":48}},"splineCount":2,"unlockType":1,"speed":1,"acceleration":0.170000001788139,"maxSpeed":5,"time":1,"laps":1,"startSpeed":0.799999952316284,"text":"","title":"Untitled","forceOrder":false,"camera":{"lockX":true,"lockY":true,"lockZ":false,"x":-0.341015636920929,"y":0.235038101673126,"z":0,"setPos":false,"fov":60},"spline0":{"order":0,"closed":true,"numPoints":7,"type":0,"lineWidth":1,"bidirectional":true,"speed":0,"crawlerType":0,"crawlerIndex":0,"crawlerDir":true,"crawlerSpeed":1,"locked":false,"points":{"p0":0,"p1":1,"p2":2,"p3":3,"p4":4,"p5":5,"p6":6}},"spline1":{"order":1,"closed":false,"numPoints":4,"type":0,"lineWidth":1,"bidirectional":true,"speed":0,"crawlerType":0,"crawlerIndex":0,"crawlerDir":true,"crawlerSpeed":1,"locked":false,"points":{"p0":7,"p1":8,"p2":9,"p3":1}}}