{"name":"Waves","pointCount":20,"p0":{"x":1.05390977859497,"y":2.41363191604614,"z":0,"tension":-0.559999108314514,"bias":0,"continuity":0,"index":0,"pointType":2,"word":"","collect":false,"text":{"x":1.55390977859497,"y":2.41363191604614,"z":0,"font":0,"fontSize":48}},"p1":{"x":2.37279367446899,"y":2.91120958328247,"z":0,"tension":-0.559999108314514,"bias":0,"continuity":0,"index":1,"pointType":6,"word":"","collect":false,"text":{"x":2.87279367446899,"y":2.91120958328247,"z":0,"font":0,"fontSize":48}},"p2":{"x":1.44427824020386,"y":3.37884759902954,"z":0,"tension":-0.559999108314514,"bias":0,"continuity":0,"index":2,"pointType":2,"word":"","collect":false,"text":{"x":1.94427824020386,"y":3.37884759902954,"z":0,"font":0,"fontSize":48}},"p3":{"x":0.577887535095215,"y":3.04107570648193,"z":0,"tension":0,"bias":0,"continuity":0,"index":3,"pointType":5,"word":"","collect":false,"text":{"x":1.07788753509521,"y":3.04107570648193,"z":0,"font":0,"fontSize":48}},"p4":{"x":0.308618068695068,"y":2.77990627288818,"z":0,"tension":0,"bias":0,"continuity":0,"index":4,"pointType":5,"word":"","collect":false,"text":{"x":0.808618068695068,"y":2.77990627288818,"z":0,"font":0,"fontSize":48}},"p5":{"x":1.17500972747803,"y":3.11767816543579,"z":0,"tension":-0.559999108314514,"bias":0,"continuity":0,"index":5,"pointType":2,"word":"","collect":false,"text":{"x":1.67500972747803,"y":3.11767816543579,"z":0,"font":0,"fontSize":48}},"p6":{"x":0.784642696380615,"y":2.15246105194092,"z":0,"tension":-0.559999108314514,"bias":0,"continuity":0,"index":6,"pointType":2,"word":"","collect":false,"text":{"x":1.28464269638062,"y":2.15246105194092,"z":0,"font":0,"fontSize":48}},"p7":{"x":2.10352563858032,"y":2.65004396438599,"z":0,"tension":-0.559999108314514,"bias":0,"continuity":0,"index":7,"pointType":6,"word":"","collect":false,"text":{"x":2.60352563858032,"y":2.65004396438599,"z":0,"font":0,"fontSize":48}},"p8":{"x":-0.096611499786377,"y":2.35959553718567,"z":0,"tension":0,"bias":0,"continuity":0,"index":8,"pointType":5,"word":"","collect":false,"text":{"x":0.403388500213623,"y":2.35959553718567,"z":0,"font":0,"fontSize":48}},"p9":{"x":0.844298362731934,"y":2.8522310256958,"z":0,"tension":-0.559999108314514,"bias":0,"continuity":0,"index":9,"pointType":2,"word":"","collect":false,"text":{"x":1.34429836273193,"y":2.8522310256958,"z":0,"font":0,"fontSize":48}},"p10":{"x":0.52284049987793,"y":1.70736026763916,"z":0,"tension":-0.559999108314514,"bias":0,"continuity":0,"index":10,"pointType":2,"word":"","collect":false,"text":{"x":1.02284049987793,"y":1.70736026763916,"z":0,"font":0,"fontSize":48}},"p11":{"x":1.95724678039551,"y":2.43843626976013,"z":0,"tension":-0.559999108314514,"bias":0,"continuity":0,"index":11,"pointType":6,"word":"","collect":false,"text":{"x":2.45724678039551,"y":2.43843626976013,"z":0,"font":0,"fontSize":48}},"p12":{"x":-0.294543743133545,"y":2.15968799591064,"z":0,"tension":0,"bias":0,"continuity":0,"index":12,"pointType":5,"word":"","collect":false,"text":{"x":0.205456256866455,"y":2.15968799591064,"z":0,"font":0,"fontSize":48}},"p13":{"x":0.687992572784424,"y":2.68065667152405,"z":0,"tension":-0.559999108314514,"bias":0,"continuity":0,"index":13,"pointType":2,"word":"","collect":false,"text":{"x":1.18799257278442,"y":2.68065667152405,"z":0,"font":0,"fontSize":48}},"p14":{"x":0.357638835906982,"y":1.48011040687561,"z":0,"tension":-0.559999108314514,"bias":0,"continuity":0,"index":14,"pointType":2,"word":"","collect":false,"text":{"x":0.857638835906982,"y":1.48011040687561,"z":0,"font":0,"fontSize":48}},"p15":{"x":1.85562086105347,"y":2.25344491004944,"z":0,"tension":-0.559999108314514,"bias":0,"continuity":0,"index":15,"pointType":6,"word":"","collect":false,"text":{"x":2.35562086105347,"y":2.25344491004944,"z":0,"font":0,"fontSize":48}},"p16":{"x":-0.717842578887939,"y":1.60439574718475,"z":0,"tension":0,"bias":0,"continuity":0,"index":16,"pointType":5,"word":"","collect":false,"text":{"x":-0.217842578887939,"y":1.60439574718475,"z":0,"font":0,"fontSize":48}},"p17":{"x":0.33181357383728,"y":2.31962728500366,"z":0,"tension":-0.559999108314514,"bias":0,"continuity":0,"index":17,"pointType":2,"word":"","collect":false,"text":{"x":0.83181357383728,"y":2.31962728500366,"z":0,"font":0,"fontSize":48}},"p18":{"x":0.108145236968994,"y":0.915181398391724,"z":0,"tension":-0.559999108314514,"bias":0,"continuity":0,"index":18,"pointType":2,"word":"","collect":false,"text":{"x":0.608145236968994,"y":0.915181398391724,"z":0,"font":0,"fontSize":48}},"p19":{"x":1.7110915184021,"y":1.98186182975769,"z":0,"tension":-0.559999108314514,"bias":0,"continuity":0,"index":19,"pointType":6,"word":"","collect":false,"text":{"x":2.2110915184021,"y":1.98186182975769,"z":0,"font":0,"fontSize":48}},"splineCount":5,"unlockType":2,"speed":4.09999990463257,"acceleration":0.25,"maxSpeed":5,"time":1,"laps":1,"startSpeed":0,"text":"","title":"Waves","forceOrder":false,"camera":{"lockX":true,"lockY":true,"lockZ":false,"x":0.827475547790527,"y":2.14701461791992,"z":0,"setPos":false,"fov":49},"spline0":{"order":0,"closed":false,"numPoints":4,"type":0,"lineTexture":0,"lineWidth":1,"bidirectional":true,"speed":0,"crawlerType":0,"crawlerIndex":0,"crawlerDir":false,"crawlerSpeed":0,"points":{"p0":3,"p1":2,"p2":0,"p3":1}},"spline1":{"order":1,"closed":false,"numPoints":4,"type":0,"lineTexture":1,"lineWidth":1,"bidirectional":true,"speed":0,"crawlerType":0,"crawlerIndex":0,"crawlerDir":false,"crawlerSpeed":0,"points":{"p0":4,"p1":5,"p2":6,"p3":7}},"spline2":{"order":2,"closed":false,"numPoints":4,"type":0,"lineTexture":3,"lineWidth":1,"bidirectional":true,"speed":0,"crawlerType":0,"crawlerIndex":0,"crawlerDir":false,"crawlerSpeed":0,"points":{"p0":8,"p1":9,"p2":10,"p3":11}},"spline3":{"order":3,"closed":false,"numPoints":4,"type":0,"lineTexture":5,"lineWidth":2,"bidirectional":true,"speed":0,"crawlerType":0,"crawlerIndex":0,"crawlerDir":false,"crawlerSpeed":0,"points":{"p0":12,"p1":13,"p2":14,"p3":15}},"spline4":{"order":4,"closed":false,"numPoints":4,"type":0,"lineTexture":4,"lineWidth":1,"bidirectional":true,"speed":0,"crawlerType":0,"crawlerIndex":0,"crawlerDir":false,"crawlerSpeed":0,"points":{"p0":16,"p1":17,"p2":18,"p3":19}}}