{"name":"Widening","pointCount":15,"p0":{"x":-0.139817237854004,"y":-0.382217645645142,"z":0,"tension":-0.599999785423279,"bias":0,"continuity":0,"index":0,"pointType":3,"word":"","collect":false,"text":{"x":0.360182762145996,"y":-0.382217645645142,"z":0,"font":0,"fontSize":48}},"p1":{"x":-0.0866684913635254,"y":0.273092150688171,"z":0,"tension":-0.599999785423279,"bias":0,"continuity":0,"index":1,"pointType":3,"word":"","collect":false,"text":{"x":0.413331508636475,"y":0.273092150688171,"z":0,"font":0,"fontSize":48}},"p2":{"x":-0.740474224090576,"y":0.326237082481384,"z":0,"tension":-0.599999785423279,"bias":0,"continuity":0,"index":2,"pointType":2,"word":"","collect":false,"text":{"x":-0.240474224090576,"y":0.326237082481384,"z":0,"font":0,"fontSize":48}},"p3":{"x":-0.793622493743896,"y":-0.327571153640747,"z":0,"tension":-0.599999785423279,"bias":0,"continuity":0,"index":3,"pointType":8,"word":"","collect":false,"text":{"x":-0.293622493743896,"y":-0.327571153640747,"z":0,"font":0,"fontSize":48}},"p4":{"x":-0.71998929977417,"y":-0.598584890365601,"z":0,"tension":-0.559999108314514,"bias":-0.0399990677833557,"continuity":0,"index":4,"pointType":2,"word":"","collect":false,"text":{"x":-0.21998929977417,"y":-0.598584890365601,"z":0,"font":0,"fontSize":48}},"p5":{"x":-0.685235023498535,"y":-0.210979700088501,"z":0,"tension":-0.599999785423279,"bias":0,"continuity":0,"index":5,"pointType":8,"word":"","collect":false,"text":{"x":-0.185235023498535,"y":-0.210979700088501,"z":0,"font":0,"fontSize":48}},"p6":{"x":-1.07284116744995,"y":-0.176227807998657,"z":0,"tension":-0.559999108314514,"bias":-0.0399990677833557,"continuity":0,"index":6,"pointType":2,"word":"","collect":false,"text":{"x":-0.572841167449951,"y":-0.176227807998657,"z":0,"font":0,"fontSize":48}},"p7":{"x":-0.160861253738403,"y":-0.699484825134277,"z":0,"tension":-0.599999785423279,"bias":0,"continuity":0,"index":7,"pointType":2,"word":"","collect":false,"text":{"x":0.339138746261597,"y":-0.699484825134277,"z":0,"font":0,"fontSize":48}},"p8":{"x":-1.03398942947388,"y":0.355032205581665,"z":0,"tension":-0.599999785423279,"bias":0,"continuity":0,"index":8,"pointType":2,"word":"","collect":false,"text":{"x":-0.533989429473877,"y":0.355032205581665,"z":0,"font":0,"fontSize":48}},"p9":{"x":-1.10662245750427,"y":-0.56397008895874,"z":0,"tension":-0.519999086856842,"bias":0,"continuity":0,"index":9,"pointType":3,"word":"","collect":false,"text":{"x":-0.606622457504272,"y":-0.56397008895874,"z":0,"font":0,"fontSize":48}},"p10":{"x":-0.121523380279541,"y":-0.000421047210693359,"z":0,"tension":-0.599999785423279,"bias":0,"continuity":0,"index":10,"pointType":2,"word":"","collect":false,"text":{"x":0.378476619720459,"y":-0.000421047210693359,"z":0,"font":0,"fontSize":48}},"p11":{"x":-0.498506784439087,"y":0.0152962207794189,"z":0,"tension":-0.599999785423279,"bias":0,"continuity":0,"index":11,"pointType":3,"word":"","collect":false,"text":{"x":0.00149321556091309,"y":0.0152962207794189,"z":0,"font":0,"fontSize":48}},"p12":{"x":-0.514471530914307,"y":-0.358749151229858,"z":0,"tension":-0.599999785423279,"bias":0,"continuity":0,"index":12,"pointType":2,"word":"","collect":false,"text":{"x":-0.0144715309143066,"y":-0.358749151229858,"z":0,"font":0,"fontSize":48}},"p13":{"x":-0.66162633895874,"y":0.176315069198608,"z":0,"tension":1,"bias":0,"continuity":0,"index":13,"pointType":6,"word":"","collect":false,"text":{"x":-0.16162633895874,"y":0.176315069198608,"z":0,"font":0,"fontSize":48}},"p14":{"x":-0.576114892959595,"y":0.0897228717803955,"z":0,"tension":1,"bias":0,"continuity":0,"index":14,"pointType":2,"word":"","collect":false,"text":{"x":-0.0761148929595947,"y":0.0897228717803955,"z":0,"font":0,"fontSize":48}},"splineCount":5,"unlockType":3,"speed":1,"acceleration":0.125249028205872,"maxSpeed":2.33369135856628,"time":1,"laps":1,"startSpeed":0.385974109172821,"text":"eccentric orbit","title":"Widening","forceOrder":false,"camera":{"lockX":true,"lockY":true,"lockZ":false,"x":-0.596664190292358,"y":-0.172226309776306,"z":0,"setPos":true,"fov":34},"spline0":{"order":0,"closed":true,"numPoints":3,"type":0,"lineTexture":1,"lineWidth":1,"bidirectional":true,"speed":0,"crawlerType":0,"crawlerIndex":0,"crawlerDir":false,"crawlerSpeed":0,"points":{"p0":11,"p1":13,"p2":14}},"spline1":{"order":1,"closed":true,"numPoints":4,"type":0,"lineTexture":5,"lineWidth":1,"bidirectional":true,"speed":0,"crawlerType":0,"crawlerIndex":0,"crawlerDir":false,"crawlerSpeed":0,"points":{"p0":0,"p1":10,"p2":11,"p3":12}},"spline2":{"order":2,"closed":true,"numPoints":4,"type":0,"lineTexture":4,"lineWidth":1,"bidirectional":true,"speed":0,"crawlerType":0,"crawlerIndex":0,"crawlerDir":true,"crawlerSpeed":0.586979269981384,"points":{"p0":0,"p1":1,"p2":2,"p3":3}},"spline3":{"order":3,"closed":true,"numPoints":4,"type":2,"lineTexture":2,"lineWidth":1,"bidirectional":true,"speed":0,"crawlerType":0,"crawlerIndex":0,"crawlerDir":false,"crawlerSpeed":0,"points":{"p0":8,"p1":9,"p2":7,"p3":1}},"spline4":{"order":4,"closed":true,"numPoints":4,"type":0,"lineTexture":0,"lineWidth":1,"bidirectional":true,"speed":0,"crawlerType":1,"crawlerIndex":0,"crawlerDir":true,"crawlerSpeed":0.827238082885742,"points":{"p0":9,"p1":4,"p2":5,"p3":6}}}