{"name":"World","pointCount":19,"p0":{"x":-2.15244674682617,"y":-0.170206546783447,"z":0,"tension":0,"bias":0,"continuity":0,"index":0,"pointType":6,"word":"","collect":false,"text":{"x":-1.65244674682617,"y":-0.170206546783447,"z":0,"font":0,"fontSize":48}},"p1":{"x":-0.916421890258789,"y":-0.144087553024292,"z":0,"tension":0,"bias":0,"continuity":0,"index":1,"pointType":2,"word":"","collect":false,"text":{"x":-0.416421890258789,"y":-0.144087553024292,"z":0,"font":0,"fontSize":48}},"p2":{"x":0.100800514221191,"y":0.0646331310272217,"z":0,"tension":0,"bias":0,"continuity":0,"index":2,"pointType":2,"word":"","collect":false,"text":{"x":0.600800514221191,"y":0.0646331310272217,"z":0,"font":0,"fontSize":48}},"p3":{"x":0.260866641998291,"y":0.60422945022583,"z":0,"tension":0,"bias":0,"continuity":0,"index":3,"pointType":0,"word":"","collect":false,"text":{"x":0.760866641998291,"y":0.60422945022583,"z":0,"font":0,"fontSize":48}},"p4":{"x":0.20187783241272,"y":1.1279548406601,"z":0,"tension":0,"bias":0,"continuity":0,"index":4,"pointType":2,"word":"","collect":false,"text":{"x":0.70187783241272,"y":1.1279548406601,"z":0,"font":0,"fontSize":48}},"p5":{"x":0.0290815830230713,"y":1.38314342498779,"z":0,"tension":0,"bias":0,"continuity":0,"index":5,"pointType":2,"word":"","collect":false,"text":{"x":0.529081583023071,"y":1.38314342498779,"z":0,"font":0,"fontSize":48}},"p6":{"x":-0.247349262237549,"y":1.20769798755646,"z":0,"tension":0,"bias":0,"continuity":0,"index":6,"pointType":2,"word":"","collect":false,"text":{"x":0.252650737762451,"y":1.20769798755646,"z":0,"font":0,"fontSize":48}},"p7":{"x":-0.0346920490264893,"y":1.01630926132202,"z":0,"tension":0,"bias":0,"continuity":0,"index":7,"pointType":2,"word":"","collect":false,"text":{"x":0.465307950973511,"y":1.01630926132202,"z":0,"font":0,"fontSize":48}},"p8":{"x":0.326817512512207,"y":1.30073261260986,"z":0,"tension":0,"bias":0,"continuity":0,"index":8,"pointType":2,"word":"","collect":false,"text":{"x":0.826817512512207,"y":1.30073261260986,"z":0,"font":0,"fontSize":48}},"p9":{"x":-0.0187439918518066,"y":1.21301198005676,"z":0,"tension":0,"bias":0,"continuity":0,"index":9,"pointType":2,"word":"","collect":false,"text":{"x":0.481256008148193,"y":1.21301198005676,"z":0,"font":0,"fontSize":48}},"p10":{"x":-0.154308795928955,"y":1.42566931247711,"z":0,"tension":0,"bias":0,"continuity":0,"index":10,"pointType":2,"word":"","collect":false,"text":{"x":0.345691204071045,"y":1.42566931247711,"z":0,"font":0,"fontSize":48}},"p11":{"x":0.0716366767883301,"y":1.48946690559387,"z":0,"tension":0,"bias":0,"continuity":0,"index":11,"pointType":2,"word":"","collect":false,"text":{"x":0.57163667678833,"y":1.48946690559387,"z":0,"font":0,"fontSize":48}},"p12":{"x":-0.348357677459717,"y":1.00301516056061,"z":0,"tension":0,"bias":0,"continuity":0,"index":12,"pointType":2,"word":"","collect":false,"text":{"x":0.151642322540283,"y":1.00301516056061,"z":0,"font":0,"fontSize":48}},"p13":{"x":-0.329749345779419,"y":1.37782454490662,"z":0,"tension":0,"bias":0,"continuity":0,"index":13,"pointType":2,"word":"","collect":false,"text":{"x":0.170250654220581,"y":1.37782454490662,"z":0,"font":0,"fontSize":48}},"p14":{"x":0.0530281066894531,"y":0.93921685218811,"z":0,"tension":0,"bias":0,"continuity":0,"index":14,"pointType":2,"word":"","collect":false,"text":{"x":0.553028106689453,"y":0.93921685218811,"z":0,"font":0,"fontSize":48}},"p15":{"x":0.191252708435059,"y":1.38579857349396,"z":0,"tension":0,"bias":0,"continuity":0,"index":15,"pointType":2,"word":"","collect":false,"text":{"x":0.691252708435059,"y":1.38579857349396,"z":0,"font":0,"fontSize":48}},"p16":{"x":-0.0719082355499268,"y":1.55592572689056,"z":0,"tension":0,"bias":0,"continuity":0,"index":16,"pointType":2,"word":"","collect":false,"text":{"x":0.428091764450073,"y":1.55592572689056,"z":0,"font":0,"fontSize":48}},"p17":{"x":-0.0479922294616699,"y":0.713273286819458,"z":0,"tension":0,"bias":0,"continuity":0,"index":17,"pointType":2,"word":"","collect":false,"text":{"x":0.45200777053833,"y":0.713273286819458,"z":0,"font":0,"fontSize":48}},"p18":{"x":-0.0346918106079102,"y":-0.33937931060791,"z":0,"tension":0,"bias":0,"continuity":0,"index":18,"pointType":3,"word":"","collect":false,"text":{"x":0.46530818939209,"y":-0.33937931060791,"z":0,"font":0,"fontSize":48}},"splineCount":2,"unlockType":1,"speed":1,"acceleration":0,"maxSpeed":3,"time":1,"laps":1,"startSpeed":0.949999988079071,"text":"","title":"World","forceOrder":false,"camera":{"lockX":false,"lockY":false,"lockZ":false,"x":-0.912814617156982,"y":0.608273208141327,"z":0,"setPos":false,"fov":60},"spline0":{"order":0,"closed":false,"numPoints":4,"type":0,"lineTexture":0,"lineWidth":1,"bidirectional":true,"speed":0,"points":{"p0":0,"p1":1,"p2":2,"p3":3}},"spline1":{"order":1,"closed":false,"numPoints":16,"type":0,"lineTexture":3,"lineWidth":1,"bidirectional":true,"speed":2.59999990463257,"points":{"p0":3,"p1":4,"p2":5,"p3":6,"p4":7,"p5":8,"p6":9,"p7":10,"p8":11,"p9":12,"p10":13,"p11":14,"p12":15,"p13":16,"p14":17,"p15":18}}}