{"name":"001","pointCount":22,"p0":{"x":0.0926108360290527,"y":0.659280300140381,"z":0,"tension":1,"bias":0,"continuity":0,"index":0,"pointType":6,"word":"","text":{"x":0.592610836029053,"y":0.659280300140381,"z":0,"font":0,"fontSize":48}},"p1":{"x":-0.298111915588379,"y":0.662067294120789,"z":0,"tension":0,"bias":0,"continuity":0,"index":1,"pointType":0,"word":"","text":{"x":0.201888084411621,"y":0.662067294120789,"z":0,"font":0,"fontSize":48}},"p2":{"x":-0.854894638061523,"y":0.665488958358765,"z":-0.0102589130401611,"tension":0,"bias":0,"continuity":0,"index":2,"pointType":0,"word":"","text":{"x":-0.354894638061523,"y":0.665488958358765,"z":-0.0102589130401611,"font":0,"fontSize":48}},"p3":{"x":-0.854722499847412,"y":0.0766352415084839,"z":-0.0285215377807617,"tension":0,"bias":0,"continuity":0,"index":3,"pointType":0,"word":"","text":{"x":-0.354722499847412,"y":0.0766352415084839,"z":-0.0285215377807617,"font":0,"fontSize":48}},"p4":{"x":-0.294214963912964,"y":0.0732743740081787,"z":-0.055446982383728,"tension":1,"bias":0,"continuity":0,"index":4,"pointType":0,"word":"","text":{"x":0.205785036087036,"y":0.0732743740081787,"z":-0.055446982383728,"font":0,"fontSize":48}},"p5":{"x":-0.300720691680908,"y":0.925975322723389,"z":0.00561748072504997,"tension":1,"bias":0,"continuity":0,"index":5,"pointType":0,"word":"","text":{"x":0.199279308319092,"y":0.925975322723389,"z":0.00561748072504997,"font":0,"fontSize":48}},"p6":{"x":-1.05761384963989,"y":0.941500782966614,"z":0.0962714627385139,"tension":1,"bias":0,"continuity":0,"index":6,"pointType":0,"word":"","text":{"x":-0.557613849639893,"y":0.941500782966614,"z":0.0962714627385139,"font":0,"fontSize":48}},"p7":{"x":-1.05749607086182,"y":0.332723021507263,"z":0.0962714627385139,"tension":1,"bias":0,"continuity":0,"index":7,"pointType":0,"word":"","text":{"x":-0.557496070861816,"y":0.332723021507263,"z":0.0962714627385139,"font":0,"fontSize":48}},"p8":{"x":-0.548503875732422,"y":0.333085536956787,"z":0.0962714627385139,"tension":1,"bias":0,"continuity":0,"index":8,"pointType":0,"word":"","text":{"x":-0.0485038757324219,"y":0.333085536956787,"z":0.0962714627385139,"font":0,"fontSize":48}},"p9":{"x":-0.538909435272217,"y":-0.244513511657715,"z":0.00289482995867729,"tension":1,"bias":0,"continuity":0,"index":9,"pointType":0,"word":"","text":{"x":-0.0389094352722168,"y":-0.244513511657715,"z":0.00289482995867729,"font":0,"fontSize":48}},"p10":{"x":0.0804853439331055,"y":-0.250264167785645,"z":0.00289482995867729,"tension":1,"bias":0,"continuity":0,"index":10,"pointType":0,"word":"","text":{"x":0.580485343933105,"y":-0.250264167785645,"z":0.00289482995867729,"font":0,"fontSize":48}},"p11":{"x":-1.2165060043335,"y":0.595764636993408,"z":-0.274595856666565,"tension":1,"bias":0,"continuity":0,"index":11,"pointType":0,"word":"","text":{"x":-0.716506004333496,"y":0.595764636993408,"z":-0.274595856666565,"font":0,"fontSize":48}},"p12":{"x":-1.22043514251709,"y":-0.362918853759766,"z":-0.274595856666565,"tension":1,"bias":0,"continuity":0,"index":12,"pointType":0,"word":"","text":{"x":-0.72043514251709,"y":-0.362918853759766,"z":-0.274595856666565,"font":0,"fontSize":48}},"p13":{"x":-0.65661096572876,"y":-0.358989477157593,"z":-0.274595856666565,"tension":1,"bias":0,"continuity":0,"index":13,"pointType":0,"word":"","text":{"x":-0.15661096572876,"y":-0.358989477157593,"z":-0.274595856666565,"font":0,"fontSize":48}},"p14":{"x":-0.662500858306885,"y":-0.0387704372406006,"z":-0.274595856666565,"tension":1,"bias":0,"continuity":0,"index":14,"pointType":0,"word":"","text":{"x":-0.162500858306885,"y":-0.0387704372406006,"z":-0.274595856666565,"font":0,"fontSize":48}},"p15":{"x":-1.10845470428467,"y":-0.0446639060974121,"z":-0.274595856666565,"tension":1,"bias":0,"continuity":0,"index":15,"pointType":0,"word":"","text":{"x":-0.608454704284668,"y":-0.0446639060974121,"z":-0.274595856666565,"font":0,"fontSize":48}},"p16":{"x":-1.10844659805298,"y":0.0810655355453491,"z":-0.274595856666565,"tension":1,"bias":0,"continuity":0,"index":16,"pointType":0,"word":"","text":{"x":-0.608446598052979,"y":0.0810655355453491,"z":-0.274595856666565,"font":0,"fontSize":48}},"p17":{"x":0.0898337364196777,"y":1.03315329551697,"z":0,"tension":0,"bias":0,"continuity":0,"index":17,"pointType":1,"word":"","text":{"x":0.589833736419678,"y":1.03315329551697,"z":0,"font":0,"fontSize":48}},"p18":{"x":0.0575051307678223,"y":2.03458714485168,"z":0,"tension":1,"bias":0,"continuity":0,"index":18,"pointType":0,"word":"","text":{"x":0.557505130767822,"y":2.03458714485168,"z":0,"font":0,"fontSize":48}},"p19":{"x":0.811048984527588,"y":2.04714512825012,"z":0,"tension":1,"bias":0,"continuity":0,"index":19,"pointType":0,"word":"","text":{"x":1.31104898452759,"y":2.04714512825012,"z":0,"font":0,"fontSize":48}},"p20":{"x":0.815237045288086,"y":1.68293285369873,"z":0,"tension":1,"bias":0,"continuity":0,"index":20,"pointType":0,"word":"","text":{"x":1.31523704528809,"y":1.68293285369873,"z":0,"font":0,"fontSize":48}},"p21":{"x":0.0491275787353516,"y":1.6829252243042,"z":0,"tension":1,"bias":0,"continuity":0,"index":21,"pointType":0,"word":"","text":{"x":0.549127578735352,"y":1.6829252243042,"z":0,"font":0,"fontSize":48}},"splineCount":8,"unlockType":0,"speed":1,"acceleration":0.450000017881393,"maxSpeed":10,"time":1,"laps":1,"startSpeed":0,"text":"","title":"","forceOrder":true,"camera":{"lockX":false,"lockY":false,"lockZ":false,"x":-0.461605340242386,"y":0.395609378814697,"z":-2,"setPos":false,"fixCam":false,"fov":68},"spline0":{"order":0,"closed":false,"numPoints":2,"type":0,"lineTexture":0,"lineWidth":1,"bidirectional":true,"speed":0,"points":{"p0":0,"p1":1}},"spline1":{"order":1,"closed":false,"numPoints":2,"type":0,"lineTexture":0,"lineWidth":1,"bidirectional":true,"speed":0,"points":{"p0":1,"p1":2}},"spline2":{"order":2,"closed":false,"numPoints":2,"type":0,"lineTexture":0,"lineWidth":1,"bidirectional":true,"speed":0,"points":{"p0":2,"p1":3}},"spline3":{"order":3,"closed":false,"numPoints":4,"type":0,"lineTexture":0,"lineWidth":1,"bidirectional":true,"speed":0,"points":{"p0":3,"p1":4,"p2":1,"p3":5}},"spline4":{"order":4,"closed":false,"numPoints":7,"type":0,"lineTexture":3,"lineWidth":1,"bidirectional":true,"speed":0,"points":{"p0":5,"p1":6,"p2":7,"p3":8,"p4":9,"p5":10,"p6":0}},"spline5":{"order":5,"closed":false,"numPoints":8,"type":0,"lineTexture":1,"lineWidth":1,"bidirectional":true,"speed":0,"points":{"p0":2,"p1":11,"p2":12,"p3":13,"p4":14,"p5":15,"p6":16,"p7":3}},"spline6":{"order":6,"closed":false,"numPoints":2,"type":0,"lineTexture":0,"lineWidth":1,"bidirectional":true,"speed":0,"points":{"p0":17,"p1":0}},"spline7":{"order":7,"closed":true,"numPoints":4,"type":0,"lineTexture":0,"lineWidth":1,"bidirectional":true,"speed":0,"points":{"p0":21,"p1":20,"p2":19,"p3":18}}}