{"name":"City","pointCount":62,"p0":{"x":-0.610985994338989,"y":0.420424938201904,"z":0,"tension":0,"bias":0,"continuity":0,"index":0,"pointType":0,"word":"","text":{"x":-0.110985994338989,"y":0.420424938201904,"z":0,"font":0,"fontSize":48}},"p1":{"x":-0.322027206420898,"y":0.153122901916504,"z":0,"tension":1,"bias":0,"continuity":0,"index":1,"pointType":3,"word":"","text":{"x":0.177972793579102,"y":0.153122901916504,"z":0,"font":0,"fontSize":48}},"p2":{"x":-0.169692516326904,"y":0.324427366256714,"z":0,"tension":1,"bias":0,"continuity":0,"index":2,"pointType":0,"word":"","text":{"x":0.330307483673096,"y":0.324427366256714,"z":0,"font":0,"fontSize":48}},"p3":{"x":0.209028005599976,"y":-0.0198590755462646,"z":0,"tension":1,"bias":0,"continuity":0,"index":3,"pointType":3,"word":"","text":{"x":0.709028005599976,"y":-0.0198590755462646,"z":0,"font":0,"fontSize":48}},"p4":{"x":0.138567686080933,"y":-0.099637508392334,"z":0,"tension":1,"bias":0,"continuity":0,"index":4,"pointType":0,"word":"","text":{"x":0.638567686080933,"y":-0.099637508392334,"z":0,"font":0,"fontSize":48}},"p5":{"x":-0.243117809295654,"y":0.241516828536987,"z":0,"tension":1,"bias":0,"continuity":0,"index":5,"pointType":0,"word":"","text":{"x":0.256882190704346,"y":0.241516828536987,"z":0,"font":0,"fontSize":48}},"p6":{"x":-0.7785964012146,"y":0.795684099197388,"z":0,"tension":1,"bias":0,"continuity":0,"index":6,"pointType":0,"word":"","text":{"x":-0.2785964012146,"y":0.795684099197388,"z":0,"font":0,"fontSize":48}},"p7":{"x":-0.619867324829102,"y":0.0575988292694092,"z":0,"tension":1,"bias":0,"continuity":0,"index":7,"pointType":0,"word":"","text":{"x":-0.119867324829102,"y":0.0575988292694092,"z":0,"font":0,"fontSize":48}},"p8":{"x":-0.785000085830688,"y":-0.131033420562744,"z":0,"tension":1,"bias":0,"continuity":0,"index":8,"pointType":6,"word":"","text":{"x":-0.285000085830688,"y":-0.131033420562744,"z":0,"font":0,"fontSize":48}},"p9":{"x":-0.521621942520142,"y":-0.392698287963867,"z":0,"tension":0,"bias":0,"continuity":0,"index":9,"pointType":0,"word":"","text":{"x":-0.0216219425201416,"y":-0.392698287963867,"z":0,"font":0,"fontSize":48}},"p10":{"x":-0.358637094497681,"y":-0.209958553314209,"z":0,"tension":1,"bias":0,"continuity":0,"index":10,"pointType":0,"word":"","text":{"x":0.141362905502319,"y":-0.209958553314209,"z":0,"font":0,"fontSize":48}},"p11":{"x":0.0256829261779785,"y":-0.57873010635376,"z":0,"tension":1,"bias":0,"continuity":0,"index":11,"pointType":3,"word":"","text":{"x":0.525682926177979,"y":-0.57873010635376,"z":0,"font":0,"fontSize":48}},"p12":{"x":-0.881645679473877,"y":0.271044492721558,"z":0,"tension":1,"bias":0,"continuity":0,"index":12,"pointType":0,"word":"","text":{"x":-0.381645679473877,"y":0.271044492721558,"z":0,"font":0,"fontSize":48}},"p13":{"x":-1.05794453620911,"y":-0.434117317199707,"z":0,"tension":1,"bias":-0.00173346430528909,"continuity":0,"index":13,"pointType":0,"word":"","text":{"x":-0.557944536209106,"y":-0.434117317199707,"z":0,"font":0,"fontSize":48}},"p14":{"x":-1.31659770011902,"y":-0.169721126556396,"z":0,"tension":1,"bias":0,"continuity":0,"index":14,"pointType":0,"word":"","text":{"x":-0.816597700119019,"y":-0.169721126556396,"z":0,"font":0,"fontSize":48}},"p15":{"x":0.699686527252197,"y":-0.397275924682617,"z":0,"tension":1,"bias":0,"continuity":0,"index":15,"pointType":0,"word":"","text":{"x":1.1996865272522,"y":-0.397275924682617,"z":0,"font":0,"fontSize":48}},"p16":{"x":0.336603879928589,"y":-0.871214628219604,"z":0,"tension":1,"bias":0,"continuity":0,"index":16,"pointType":0,"word":"","text":{"x":0.836603879928589,"y":-0.871214628219604,"z":0,"font":0,"fontSize":48}},"p17":{"x":-0.280985832214355,"y":0.612983703613281,"z":0,"tension":0,"bias":0,"continuity":0,"index":17,"pointType":0,"word":"","text":{"x":0.219014167785645,"y":0.612983703613281,"z":0,"font":0,"fontSize":48}},"p18":{"x":-0.581851959228516,"y":0.246393799781799,"z":0,"tension":0,"bias":0,"continuity":0,"index":18,"pointType":2,"word":"","text":{"x":-0.0818519592285156,"y":0.246393799781799,"z":0,"font":0,"fontSize":48}},"p19":{"x":-0.945497989654541,"y":-0.170185089111328,"z":0,"tension":0,"bias":0,"continuity":0,"index":19,"pointType":2,"word":"","text":{"x":-0.445497989654541,"y":-0.170185089111328,"z":0,"font":0,"fontSize":48}},"p20":{"x":-0.132757902145386,"y":-0.125363826751709,"z":0,"tension":0,"bias":0,"continuity":0,"index":20,"pointType":2,"word":"","text":{"x":0.367242097854614,"y":-0.125363826751709,"z":0,"font":0,"fontSize":48}},"p21":{"x":-0.213010787963867,"y":-1.06895875930786,"z":0,"tension":0,"bias":0,"continuity":0,"index":21,"pointType":2,"word":"","text":{"x":0.286989212036133,"y":-1.06895875930786,"z":0,"font":0,"fontSize":48}},"p22":{"x":-0.0665826797485352,"y":-0.338699340820313,"z":0,"tension":0,"bias":0,"continuity":0,"index":22,"pointType":2,"word":"","text":{"x":0.433417320251465,"y":-0.338699340820313,"z":0,"font":0,"fontSize":48}},"p23":{"x":0.448196172714233,"y":-0.274621486663818,"z":0,"tension":-0.459999084472656,"bias":0,"continuity":0,"index":23,"pointType":2,"word":"","text":{"x":0.948196172714233,"y":-0.274621486663818,"z":0,"font":0,"fontSize":48}},"p24":{"x":0.781339168548584,"y":-0.0965580940246582,"z":0,"tension":0,"bias":0,"continuity":0,"index":24,"pointType":2,"word":"","text":{"x":1.28133916854858,"y":-0.0965580940246582,"z":0,"font":0,"fontSize":48}},"p25":{"x":0.526272296905518,"y":0.238809823989868,"z":0,"tension":0,"bias":0,"continuity":0,"index":25,"pointType":0,"word":"","text":{"x":1.02627229690552,"y":0.238809823989868,"z":0,"font":0,"fontSize":48}},"p26":{"x":-0.649344444274902,"y":0.96663498878479,"z":0,"tension":1,"bias":0,"continuity":0,"index":26,"pointType":0,"word":"","text":{"x":-0.149344444274902,"y":0.96663498878479,"z":0,"font":0,"fontSize":48}},"p27":{"x":0.190383672714233,"y":0.575258731842041,"z":0,"tension":0,"bias":0,"continuity":0,"index":27,"pointType":0,"word":"","text":{"x":0.690383672714233,"y":0.575258731842041,"z":0,"font":0,"fontSize":48}},"p28":{"x":0.471748352050781,"y":0.986871957778931,"z":0,"tension":-0.379999101161957,"bias":0,"continuity":0,"index":28,"pointType":2,"word":"","text":{"x":0.971748352050781,"y":0.986871957778931,"z":0,"font":0,"fontSize":48}},"p29":{"x":0.477892398834229,"y":1.21827876567841,"z":0,"tension":1,"bias":0,"continuity":0,"index":29,"pointType":0,"word":"","text":{"x":0.977892398834229,"y":1.21827876567841,"z":0,"font":0,"fontSize":48}},"p30":{"x":1.36378622055054,"y":0.0962252616882324,"z":0,"tension":1,"bias":0,"continuity":0,"index":30,"pointType":0,"word":"","text":{"x":1.86378622055054,"y":0.0962252616882324,"z":0,"font":0,"fontSize":48}},"p31":{"x":1.22657442092896,"y":-0.0656800270080566,"z":0,"tension":1,"bias":0,"continuity":0,"index":31,"pointType":0,"word":"","text":{"x":1.72657442092896,"y":-0.0656800270080566,"z":0,"font":0,"fontSize":48}},"p32":{"x":1.45708799362183,"y":-0.263257503509521,"z":0,"tension":1,"bias":0,"continuity":0,"index":32,"pointType":0,"word":"","text":{"x":1.95708799362183,"y":-0.263257503509521,"z":0,"font":0,"fontSize":48}},"p33":{"x":1.75070524215698,"y":0.0934810638427734,"z":0,"tension":1,"bias":0,"continuity":0,"index":33,"pointType":0,"word":"","text":{"x":2.25070524215698,"y":0.0934810638427734,"z":0,"font":0,"fontSize":48}},"p34":{"x":1.57233572006226,"y":0.233431816101074,"z":0,"tension":1,"bias":0,"continuity":0,"index":34,"pointType":0,"word":"","text":{"x":2.07233572006226,"y":0.233431816101074,"z":0,"font":0,"fontSize":48}},"p35":{"x":1.12504625320435,"y":-0.296187400817871,"z":0,"tension":1,"bias":0,"continuity":0,"index":35,"pointType":0,"word":"","text":{"x":1.62504625320435,"y":-0.296187400817871,"z":0,"font":0,"fontSize":48}},"p36":{"x":0.716713428497314,"y":0.649340391159058,"z":0,"tension":1,"bias":0,"continuity":0,"index":36,"pointType":0,"word":"","text":{"x":1.21671342849731,"y":0.649340391159058,"z":0,"font":0,"fontSize":48}},"p37":{"x":-0.80319881439209,"y":1.33144783973694,"z":0,"tension":0,