{"name":"Fly1","pointCount":17,"p0":{"x":-4.16907787322998,"y":3.98449182510376,"z":0,"tension":0,"bias":0,"continuity":0,"index":0,"pointType":6,"word":"","text":{"x":-3.66907787322998,"y":3.98449182510376,"z":0,"font":0,"fontSize":48}},"p1":{"x":-3.73473453521729,"y":3.98385453224182,"z":0,"tension":1,"bias":0,"continuity":0,"index":1,"pointType":1,"word":"","text":{"x":-3.23473453521729,"y":3.98385453224182,"z":0,"font":0,"fontSize":48}},"p2":{"x":-1.20983242988586,"y":3.95315289497375,"z":0,"tension":-0.499999105930328,"bias":0,"continuity":0,"index":2,"pointType":0,"word":"","text":{"x":-0.709832429885864,"y":3.95315289497375,"z":0,"font":0,"fontSize":48}},"p3":{"x":-1.72196292877197,"y":4.34852266311646,"z":0,"tension":0,"bias":0,"continuity":0,"index":3,"pointType":2,"word":"","text":{"x":-1.22196292877197,"y":4.34852266311646,"z":0,"font":0,"fontSize":48}},"p4":{"x":-1.8362752199173,"y":3.25465035438538,"z":0,"tension":0,"bias":0,"continuity":0,"index":4,"pointType":2,"word":"","text":{"x":-1.3362752199173,"y":3.25465035438538,"z":0,"font":0,"fontSize":48}},"p5":{"x":-2.73417806625366,"y":4.09644889831543,"z":0,"tension":0,"bias":0,"continuity":0,"index":5,"pointType":0,"word":"","text":{"x":-2.23417806625366,"y":4.09644889831543,"z":0,"font":0,"fontSize":48}},"p6":{"x":-2.1273980140686,"y":4.22974872589111,"z":0,"tension":0,"bias":0,"continuity":0,"index":6,"pointType":2,"word":"","text":{"x":-1.6273980140686,"y":4.22974872589111,"z":0,"font":0,"fontSize":48}},"p7":{"x":-2.22912001609802,"y":4.52787494659424,"z":0,"tension":0,"bias":0,"continuity":0,"index":7,"pointType":0,"word":"","text":{"x":-1.72912001609802,"y":4.52787494659424,"z":0,"font":0,"fontSize":48}},"p8":{"x":-2.65706348419189,"y":3.54404282569885,"z":0,"tension":0,"bias":0,"continuity":0,"index":8,"pointType":0,"word":"","text":{"x":-2.15706348419189,"y":3.54404282569885,"z":0,"font":0,"fontSize":48}},"p9":{"x":-2.85698652267456,"y":4.74353694915771,"z":0,"tension":0,"bias":0,"continuity":0,"index":9,"pointType":0,"word":"","text":{"x":-2.35698652267456,"y":4.74353694915771,"z":0,"font":0,"fontSize":48}},"p10":{"x":-2.03272151947021,"y":5.17496299743652,"z":0,"tension":0,"bias":0,"continuity":0,"index":10,"pointType":2,"word":"","text":{"x":-1.53272151947021,"y":5.17496299743652,"z":0,"font":0,"fontSize":48}},"p11":{"x":-2.03973913192749,"y":4.02448129653931,"z":0,"tension":0,"bias":0,"continuity":0,"index":11,"pointType":2,"word":"","text":{"x":-1.53973913192749,"y":4.02448129653931,"z":0,"font":0,"fontSize":48}},"p12":{"x":-2.99027109146118,"y":3.20026278495789,"z":0,"tension":0,"bias":0,"continuity":0,"index":12,"pointType":0,"word":"","text":{"x":-2.49027109146118,"y":3.20026278495789,"z":0,"font":0,"fontSize":48}},"p13":{"x":-2.57288241386414,"y":2.93018198013306,"z":0,"tension":0,"bias":0,"continuity":0,"index":13,"pointType":2,"word":"","text":{"x":-2.07288241386414,"y":2.93018198013306,"z":0,"font":0,"fontSize":48}},"p14":{"x":-2.32033491134644,"y":3.63165926933289,"z":0,"tension":0,"bias":0,"continuity":0,"index":14,"pointType":2,"word":"","text":{"x":-1.82033491134644,"y":3.63165926933289,"z":0,"font":0,"fontSize":48}},"p15":{"x":-1.84683871269226,"y":3.8491268157959,"z":0,"tension":0,"bias":0,"continuity":0,"index":15,"pointType":2,"word":"","text":{"x":-1.34683871269226,"y":3.8491268157959,"z":0,"font":0,"fontSize":48}},"p16":{"x":-0.713924169540405,"y":3.94736099243164,"z":0,"tension":0,"bias":0,"continuity":0,"index":16,"pointType":7,"word":"","text":{"x":-0.213924169540405,"y":3.94736099243164,"z":0,"font":0,"fontSize":48}},"splineCount":7,"unlockType":0,"speed":2,"acceleration":0.149999991059303,"maxSpeed":5,"time":1,"laps":1,"startSpeed":1.5,"text":"","title":"","forceOrder":false,"camera":{"lockX":true,"lockY":true,"lockZ":false,"x":-2.59041619300842,"y":3.96667456626892,"z":-2,"setPos":true,"fixCam":false,"fov":76},"spline0":{"order":0,"closed":false,"numPoints":2,"type":0,"lineTexture":0,"lineWidth":1,"bidirectional":true,"speed":0,"points":{"p0":0,"p1":1}},"spline1":{"order":1,"closed":false,"numPoints":3,"type":0,"lineTexture":1,"lineWidth":1,"bidirectional":true,"speed":0,"points":{"p0":7,"p1":3,"p2":2}},"spline2":{"order":2,"closed":false,"numPoints":3,"type":0,"lineTexture":3,"lineWidth":2,"bidirectional":true,"speed":0,"points":{"p0":8,"p1":4,"p2":2}},"spline3":{"order":3,"closed":false,"numPoints":3,"type":0,"lineTexture":0,"lineWidth":1,"bidirectional":true,"speed":0,"points":{"p0":5,"p1":6,"p2":2}},"spline4":{"order":4,"closed":false,"numPoints":4,"type":0,"lineTexture":3,"lineWidth":1,"bidirectional":true,"speed":0,"points":{"p0":9,"p1":10,"p2":11,"p3":2}},"spline5":{"order":5,"closed":false,"numPoints":5,"type":0,"lineTexture":0,"lineWidth":2,"bidirectional":true,"speed":0,"points":{"p0":12,"p1":13,"p2":14,"p3":15,"p4":2}},"spline6":{"order":6,"closed":false,"numPoints":2,"type":0,"lineTexture":0,"lineWidth":1,"bidirectional":false,"speed":0,"points":{"p0":2,"p1":16}}}