{"name":"gravityTest","pointCount":11,"p0":{"x":-0.30380916595459,"y":0.97119152545929,"z":0,"tension":0,"bias":0,"continuity":0,"index":0,"pointType":2,"word":"","text":{"x":0.19619083404541,"y":0.97119152545929,"z":0,"font":0,"fontSize":48}},"p1":{"x":-0.193184852600098,"y":1.29555106163025,"z":0,"tension":0,"bias":0,"continuity":0,"index":1,"pointType":2,"word":"","text":{"x":0.306815147399902,"y":1.29555106163025,"z":0,"font":0,"fontSize":48}},"p2":{"x":-0.0599732398986816,"y":1.12840855121613,"z":0,"tension":0,"bias":0,"continuity":0,"index":2,"pointType":2,"word":"","text":{"x":0.440026760101318,"y":1.12840855121613,"z":0,"font":0,"fontSize":48}},"p3":{"x":0.106778144836426,"y":0.684391260147095,"z":0,"tension":0,"bias":0,"continuity":0,"index":3,"pointType":2,"word":"","text":{"x":0.606778144836426,"y":0.684391260147095,"z":0,"font":0,"fontSize":48}},"p4":{"x":0.490466356277466,"y":0.449785470962524,"z":0,"tension":0,"bias":0,"continuity":0,"index":4,"pointType":2,"word":"","text":{"x":0.990466356277466,"y":0.449785470962524,"z":0,"font":0,"fontSize":48}},"p5":{"x":0.578435897827148,"y":1.23899912834167,"z":0,"tension":0,"bias":0,"continuity":0,"index":5,"pointType":0,"word":"","text":{"x":1.07843589782715,"y":1.23899912834167,"z":0,"font":0,"fontSize":48}},"p6":{"x":0.00513267517089844,"y":1.59067106246948,"z":0,"tension":0,"bias":0,"continuity":0,"index":6,"pointType":0,"word":"","text":{"x":0.505132675170898,"y":1.59067106246948,"z":0,"font":0,"fontSize":48}},"p7":{"x":-1.02612066268921,"y":1.31846392154694,"z":0,"tension":0,"bias":0,"continuity":0,"index":7,"pointType":0,"word":"","text":{"x":-0.526120662689209,"y":1.31846392154694,"z":0,"font":0,"fontSize":48}},"p8":{"x":-1.06634664535522,"y":1.03974783420563,"z":0,"tension":0,"bias":0,"continuity":0,"index":8,"pointType":6,"word":"","text":{"x":-0.566346645355225,"y":1.03974783420563,"z":0,"font":0,"fontSize":48}},"p9":{"x":-0.828459978103638,"y":0.724187612533569,"z":0,"tension":0,"bias":0,"continuity":0,"index":9,"pointType":0,"word":"","text":{"x":-0.328459978103638,"y":0.724187612533569,"z":0,"font":0,"fontSize":48}},"p10":{"x":-0.424793243408203,"y":0.741186141967773,"z":0,"tension":0,"bias":0,"continuity":0,"index":10,"pointType":0,"word":"","text":{"x":0.0752067565917969,"y":0.741186141967773,"z":0,"font":0,"fontSize":48}},"splineCount":2,"unlockType":0,"speed":1,"acceleration":1,"maxSpeed":10,"time":1,"laps":1,"startSpeed":0.299999982118607,"text":"","title":"","forceOrder":false,"camera":{"lockX":true,"lockY":true,"lockZ":false,"x":-0.0370597206056118,"y":0.992301464080811,"z":-2,"setPos":true,"fixCam":false,"fov":47},"spline0":{"order":0,"closed":false,"numPoints":9,"type":0,"lineTexture":0,"lineWidth":1,"bidirectional":true,"speed":0,"points":{"p0":0,"p1":1,"p2":2,"p3":3,"p4":4,"p5":5,"p6":6,"p7":7,"p8":8}},"spline1":{"order":1,"closed":false,"numPoints":4,"type":0,"lineTexture":3,"lineWidth":1,"bidirectional":false,"speed":0.949999988079071,"points":{"p0":8,"p1":9,"p2":10,"p3":0}}}