{"name":"Room3D","pointCount":16,"p0":{"x":-0.162168741226196,"y":0.462763071060181,"z":0.236403986811638,"tension":1,"bias":0,"continuity":0,"index":0,"pointType":0,"word":"","text":{"x":0.337831258773804,"y":0.462763071060181,"z":0.236403986811638,"font":0,"fontSize":48}},"p1":{"x":-0.161972284317017,"y":0.804269671440125,"z":0.234998896718025,"tension":1,"bias":0,"continuity":0,"index":1,"pointType":0,"word":"","text":{"x":0.338027715682983,"y":0.804269671440125,"z":0.234998896718025,"font":0,"fontSize":48}},"p2":{"x":-0.0963363647460938,"y":0.807742953300476,"z":-0.235525995492935,"tension":1,"bias":0,"continuity":0,"index":2,"pointType":1,"word":"","text":{"x":0.403663635253906,"y":0.807742953300476,"z":-0.235525995492935,"font":0,"fontSize":48}},"p3":{"x":-0.09621262550354,"y":0.457945108413696,"z":-0.236403584480286,"tension":1,"bias":0,"continuity":0,"index":3,"pointType":0,"word":"","text":{"x":0.40378737449646,"y":0.457945108413696,"z":-0.236403584480286,"font":0,"fontSize":48}},"p4":{"x":-0.160987138748169,"y":-0.00755047798156738,"z":0.236403986811638,"tension":1,"bias":0,"continuity":0,"index":4,"pointType":0,"word":"","text":{"x":0.339012861251831,"y":-0.00755047798156738,"z":0.236403986811638,"font":0,"fontSize":48}},"p5":{"x":-0.160790681838989,"y":0.333956003189087,"z":0.234998896718025,"tension":1,"bias":0,"continuity":0,"index":5,"pointType":0,"word":"","text":{"x":0.339209318161011,"y":0.333956003189087,"z":0.234998896718025,"font":0,"fontSize":48}},"p6":{"x":-0.0951547622680664,"y":0.337429285049438,"z":-0.235525995492935,"tension":1,"bias":0,"continuity":0,"index":6,"pointType":0,"word":"","text":{"x":0.404845237731934,"y":0.337429285049438,"z":-0.235525995492935,"font":0,"fontSize":48}},"p7":{"x":-0.0950310230255127,"y":-0.0123684406280518,"z":-0.236403584480286,"tension":1,"bias":0,"continuity":0,"index":7,"pointType":1,"word":"","text":{"x":0.404968976974487,"y":-0.0123684406280518,"z":-0.236403584480286,"font":0,"fontSize":48}},"p8":{"x":-0.0681271553039551,"y":-0.21205472946167,"z":0,"tension":1,"bias":0,"continuity":0,"index":8,"pointType":6,"word":"","text":{"x":0.431872844696045,"y":-0.21205472946167,"z":0,"font":0,"fontSize":48}},"p9":{"x":0.797069072723389,"y":-0.201296806335449,"z":0,"tension":1,"bias":0,"continuity":0,"index":9,"pointType":0,"word":"","text":{"x":1.29706907272339,"y":-0.201296806335449,"z":0,"font":0,"fontSize":48}},"p10":{"x":0.781802654266357,"y":0.910382032394409,"z":0,"tension":1,"bias":0,"continuity":0,"index":10,"pointType":1,"word":"","text":{"x":1.28180265426636,"y":0.910382032394409,"z":0,"font":0,"fontSize":48}},"p11":{"x":-0.0634427070617676,"y":0.900570631027222,"z":0,"tension":1,"bias":0,"continuity":0,"index":11,"pointType":0,"word":"","text":{"x":0.436557292938232,"y":0.900570631027222,"z":0,"font":0,"fontSize":48}},"p12":{"x":0.943505764007568,"y":-0.258074283599854,"z":0.667191028594971,"tension":1,"bias":0,"continuity":0,"index":12,"pointType":0,"word":"","text":{"x":1.44350576400757,"y":-0.258074283599854,"z":0.667191028594971,"font":0,"fontSize":48}},"p13":{"x":0.941520214080811,"y":0.236089468002319,"z":0.665785908699036,"tension":1,"bias":0,"continuity":0,"index":13,"pointType":0,"word":"","text":{"x":1.44152021408081,"y":0.236089468002319,"z":0.665785908699036,"font":0,"fontSize":48}},"p14":{"x":1.01151990890503,"y":0.311530828475952,"z":-0.235525995492935,"tension":1,"bias":0,"continuity":0,"index":14,"pointType":1,"word":"","text":{"x":1.51151990890503,"y":0.311530828475952,"z":-0.235525995492935,"font":0,"fontSize":48}},"p15":{"x":1.0138258934021,"y":-0.190924167633057,"z":-0.236403584480286,"tension":1,"bias":0,"continuity":0,"index":15,"pointType":0,"word":"","text":{"x":1.5138258934021,"y":-0.190924167633057,"z":-0.236403584480286,"font":0,"fontSize":48}},"splineCount":4,"unlockType":0,"speed":1,"acceleration":1,"maxSpeed":10,"time":1,"laps":1,"startSpeed":1,"text":"","title":"","forceOrder":false,"camera":{"lockX":true,"lockY":true,"lockZ":true,"x":0.425824642181396,"y":0.329671025276184,"z":-2,"setPos":true,"fixCam":false,"fov":56},"spline0":{"order":0,"closed":true,"numPoints":4,"type":0,"lineTexture":0,"lineWidth":1,"bidirectional":true,"speed":0,"points":{"p0":8,"p1":9,"p2":10,"p3":11}},"spline1":{"order":1,"closed":true,"numPoints":4,"type":0,"lineTexture":0,"lineWidth":1,"bidirectional":true,"speed":0,"points":{"p0":0,"p1":1,"p2":2,"p3":3}},"spline2":{"order":2,"closed":true,"numPoints":4,"type":0,"lineTexture":0,"lineWidth":1,"bidirectional":true,"speed":0,"points":{"p0":4,"p1":5,"p2":6,"p3":7}},"spline3":{"order":3,"closed":true,"numPoints":4,"type":0,"lineTexture":0,"lineWidth":1,"bidirectional":true,"speed":0,"points":{"p0":12,"p1":13,"p2":14,"p3":15}}}