{"name":"Start","pointCount":19,"p0":{"x":-0.107896327972412,"y":0.538781642913818,"z":0,"tension":0,"bias":0,"continuity":0,"index":0,"pointType":6,"word":"","text":{"x":0.392103672027588,"y":0.538781642913818,"z":0,"font":0,"fontSize":48}},"p1":{"x":-0.108138561248779,"y":1.15094137191772,"z":0,"tension":1,"bias":0,"continuity":0,"index":1,"pointType":3,"word":"","text":{"x":0.391861438751221,"y":1.15094137191772,"z":0,"font":0,"fontSize":48}},"p2":{"x":-0.110190868377686,"y":1.45630502700806,"z":0,"tension":0,"bias":0,"continuity":0,"index":2,"pointType":3,"word":"","text":{"x":0.389809131622314,"y":1.45630502700806,"z":0,"font":0,"fontSize":48}},"p3":{"x":-0.112241268157959,"y":1.77371668815613,"z":0,"tension":0,"bias":0,"continuity":0,"index":3,"pointType":3,"word":"","text":{"x":0.387758731842041,"y":1.77371668815613,"z":0,"font":0,"fontSize":48}},"p4":{"x":-0.118381977081299,"y":2.11773824691772,"z":0,"tension":0,"bias":0,"continuity":0,"index":4,"pointType":3,"word":"","text":{"x":0.381618022918701,"y":2.11773824691772,"z":0,"font":0,"fontSize":48}},"p5":{"x":-0.57626485824585,"y":1.08828699588776,"z":0,"tension":0,"bias":0,"continuity":0,"index":5,"pointType":2,"word":"","text":{"x":-0.0762648582458496,"y":1.08828699588776,"z":0,"font":0,"fontSize":48}},"p6":{"x":-1.01276397705078,"y":0.886978030204773,"z":0,"tension":0,"bias":0,"continuity":0,"index":6,"pointType":1,"word":"","text":{"x":-0.512763977050781,"y":0.886978030204773,"z":0,"font":0,"fontSize":48}},"p7":{"x":0.871091365814209,"y":0.919334173202515,"z":0,"tension":0,"bias":0,"continuity":0,"index":7,"pointType":1,"word":"","text":{"x":1.37109136581421,"y":0.919334173202515,"z":0,"font":0,"fontSize":48}},"p8":{"x":0.398929119110107,"y":1.09986877441406,"z":0,"tension":0,"bias":0,"continuity":0,"index":8,"pointType":2,"word":"","text":{"x":0.898929119110107,"y":1.09986877441406,"z":0,"font":0,"fontSize":48}},"p9":{"x":1.12888097763062,"y":1.38927161693573,"z":-0.00882482528686523,"tension":0,"bias":0,"continuity":0,"index":9,"pointType":1,"word":"","text":{"x":1.62888097763062,"y":1.38927161693573,"z":-0.00882482528686523,"font":0,"fontSize":48}},"p10":{"x":-1.27665853500366,"y":1.39446711540222,"z":-0.00882482528686523,"tension":0,"bias":0,"continuity":0,"index":10,"pointType":1,"word":"","text":{"x":-0.776658535003662,"y":1.39446711540222,"z":-0.00882482528686523,"font":0,"fontSize":48}},"p11":{"x":1.05094337463379,"y":1.96986162662506,"z":-0.027742862701416,"tension":0,"bias":0,"continuity":0,"index":11,"pointType":1,"word":"","text":{"x":1.55094337463379,"y":1.96986162662506,"z":-0.027742862701416,"font":0,"fontSize":48}},"p12":{"x":-1.2974226474762,"y":1.9257036447525,"z":-0.027742862701416,"tension":0,"bias":0,"continuity":0,"index":12,"pointType":1,"word":"","text":{"x":-0.797422647476196,"y":1.9257036447525,"z":-0.027742862701416,"font":0,"fontSize":48}},"p13":{"x":0.243025779724121,"y":2.49593877792358,"z":-0.0540728569030762,"tension":0,"bias":0,"continuity":0,"index":13,"pointType":0,"word":"","text":{"x":0.743025779724121,"y":2.49593877792358,"z":-0.0540728569030762,"font":0,"fontSize":48}},"p14":{"x":-0.473965644836426,"y":2.4543731212616,"z":-0.0540728569030762,"tension":1,"bias":0,"continuity":0,"index":14,"pointType":0,"word":"","text":{"x":0.0260343551635742,"y":2.4543731212616,"z":-0.0540728569030762,"font":0,"fontSize":48}},"p15":{"x":1.93375635147095,"y":0.615827083587646,"z":-0.00220930576324463,"tension":0,"bias":0,"continuity":0,"index":15,"pointType":1,"word":"","text":{"x":2.43375635147095,"y":0.615827083587646,"z":-0.00220930576324463,"font":0,"fontSize":48}},"p16":{"x":2.51588916778564,"y":1.90799033641815,"z":-0.00220930576324463,"tension":0,"bias":0,"continuity":0,"index":16,"pointType":1,"word":"","text":{"x":3.01588916778564,"y":1.90799033641815,"z":-0.00220930576324463,"font":0,"fontSize":48}},"p17":{"x":-2.560138463974,"y":0.968637585639954,"z":-0.00220930576324463,"tension":0,"bias":0,"continuity":0,"index":17,"pointType":1,"word":"","text":{"x":-2.060138463974,"y":0.968637585639954,"z":-0.00220930576324463,"font":0,"fontSize":48}},"p18":{"x":-2.06620621681213,"y":2.47689366340637,"z":-0.00220930576324463,"tension":0,"bias":0,"continuity":0,"index":18,"pointType":1,"word":"","text":{"x":-1.56620621681213,"y":2.47689366340637,"z":-0.00220930576324463,"font":0,"fontSize":48}},"splineCount":6,"unlockType":0,"speed":1,"acceleration":1,"maxSpeed":10,"time":1,"laps":1,"startSpeed":1,"text":"","title":"","forceOrder":false,"camera":{"lockX":true,"lockY":true,"lockZ":true,"x":-0.108121640980244,"y":1.15165758132935,"z":-2.00220918655396,"setPos":true,"fixCam":false,"fov":90},"spline0":{"order":0,"closed":false,"numPoints":5,"type":0,"lineTexture":0,"lineWidth":1,"bidirectional":true,"speed":0,"points":{"p0":0,"p1":1,"p2":2,"p3":3,"p4":4}},"spline1":{"order":1,"closed":false,"numPoints":3,"type":0,"lineTexture":0,"lineWidth":1,"bidirectional":true,"speed":0,"points":{"p0":1,"p1":5,"p2":6}},"spline2":{"order":2,"closed":false,"numPoints":3,"type":0,"lineTexture":0,"lineWidth":1,"bidirectional":true,"speed":0,"points":{"p0":1,"p1":8,"p2":7}},"spline3":{"order":3,"closed":false,"numPoints":3,"type":0,"lineTexture":0,"lineWidth":1,"bidirectional":true,"speed":0,"points":{"p0":9,"p1":2,"p2":10}},"spline4":{"order":4,"closed":false,"numPoints":3,"type":0,"lineTexture":0,"lineWidth":1,"bidirectional":true,"speed":0,"points":{"p0":11,"p1":3,"p2":12}},"spline5":{"order":5,"closed":false,"numPoints":3,"type":0,"lineTexture":0,"lineWidth":1,"bidirectional":true,"speed":0,"points":{"p0":13,"p1":4,"p2":14}}}