{"name":"Stellations1Played","pointCount":40,"p0":{"x":-0.406681060791016,"y":0.844839811325073,"z":0,"tension":0,"bias":0,"continuity":0,"index":0,"pointType":6,"word":"","text":{"x":0.0933189392089844,"y":0.844839811325073,"z":0,"font":0,"fontSize":48}},"p1":{"x":0.17073130607605,"y":0.661528706550598,"z":0,"tension":0,"bias":0,"continuity":0,"index":1,"pointType":0,"word":"","text":{"x":0.67073130607605,"y":0.661528706550598,"z":0,"font":0,"fontSize":48}},"p2":{"x":-0.110729455947876,"y":0.368182420730591,"z":0,"tension":0,"bias":0,"continuity":0,"index":2,"pointType":0,"word":"","text":{"x":0.389270544052124,"y":0.368182420730591,"z":0,"font":0,"fontSize":48}},"p3":{"x":0.683386325836182,"y":0.471812605857849,"z":0,"tension":0,"bias":0,"continuity":0,"index":3,"pointType":0,"word":"","text":{"x":1.18338632583618,"y":0.471812605857849,"z":0,"font":0,"fontSize":48}},"p4":{"x":0.595256328582764,"y":0.994983196258545,"z":0,"tension":0,"bias":0,"continuity":0,"index":4,"pointType":0,"word":"","text":{"x":1.09525632858276,"y":0.994983196258545,"z":0,"font":0,"fontSize":48}},"p5":{"x":1.28626298904419,"y":0.935986280441284,"z":0,"tension":0,"bias":0,"continuity":0,"index":5,"pointType":1,"word":"","text":{"x":1.78626298904419,"y":0.935986280441284,"z":0,"font":0,"fontSize":48}},"p6":{"x":2.49692869186401,"y":1.85493743419647,"z":0,"tension":0,"bias":0,"continuity":0,"index":6,"pointType":4,"word":"","text":{"x":2.99692869186401,"y":1.85493743419647,"z":0,"font":0,"fontSize":48}},"p7":{"x":3.26357555389404,"y":1.42904353141785,"z":0,"tension":0,"bias":0,"continuity":0,"index":7,"pointType":4,"word":"","text":{"x":3.76357555389404,"y":1.42904353141785,"z":0,"font":0,"fontSize":48}},"p8":{"x":3.56044006347656,"y":1.74399042129517,"z":0,"tension":0,"bias":0,"continuity":0,"index":8,"pointType":4,"word":"","text":{"x":4.06044006347656,"y":1.74399042129517,"z":0,"font":0,"fontSize":48}},"p9":{"x":3.10868787765503,"y":2.23187470436096,"z":0,"tension":0,"bias":0,"continuity":0,"index":9,"pointType":4,"word":"","text":{"x":3.60868787765503,"y":2.23187470436096,"z":0,"font":0,"fontSize":48}},"p10":{"x":4.14125108718872,"y":1.99954450130463,"z":0,"tension":0,"bias":0,"continuity":0,"index":10,"pointType":1,"word":"","text":{"x":4.64125108718872,"y":1.99954450130463,"z":0,"font":0,"fontSize":48}},"p11":{"x":4.82537698745728,"y":3.31346130371094,"z":0,"tension":0,"bias":0,"continuity":0,"index":11,"pointType":4,"word":"","text":{"x":5.32537698745728,"y":3.31346130371094,"z":0,"font":0,"fontSize":48}},"p12":{"x":5.26418924331665,"y":3.2076268196106,"z":0,"tension":0,"bias":0,"continuity":0,"index":12,"pointType":4,"word":"","text":{"x":5.76418924331665,"y":3.2076268196106,"z":0,"font":0,"fontSize":48}},"p13":{"x":5.36248540878296,"y":2.74292087554932,"z":0,"tension":0,"bias":0,"continuity":0,"index":13,"pointType":4,"word":"","text":{"x":5.86248540878296,"y":2.74292087554932,"z":0,"font":0,"fontSize":48}},"p14":{"x":5.44244050979614,"y":2.30145311355591,"z":0,"tension":0,"bias":0,"continuity":0,"index":14,"pointType":4,"word":"","text":{"x":5.94244050979614,"y":2.30145311355591,"z":0,"font":0,"fontSize":48}},"p15":{"x":5.90179395675659,"y":2.14924716949463,"z":0,"tension":0,"bias":0,"continuity":0,"index":15,"pointType":4,"word":"","text":{"x":6.40179395675659,"y":2.14924716949463,"z":0,"font":0,"fontSize":48}},"p16":{"x":6.31224870681763,"y":2.4770770072937,"z":0,"tension":0,"bias":0,"continuity":0,"index":16,"pointType":4,"word":"","text":{"x":6.81224870681763,"y":2.4770770072937,"z":0,"font":0,"fontSize":48}},"p17":{"x":6.45424890518188,"y":2.89527416229248,"z":0,"tension":0,"bias":0,"continuity":0,"index":17,"pointType":4,"word":"","text":{"x":6.95424890518188,"y":2.89527416229248,"z":0,"font":0,"fontSize":48}},"p18":{"x":6.71761751174927,"y":3.27218151092529,"z":0,"tension":0,"bias":0,"continuity":0,"index":18,"pointType":4,"word":"","text":{"x":7.21761751174927,"y":3.27218151092529,"z":0,"font":0,"fontSize":48}},"p19":{"x":7.18484163284302,"y":3.3109073638916,"z":0,"tension":0,"bias":0,"continuity":0,"index":19,"pointType":1,"word":"","text":{"x":7.68484163284302,"y":3.3109073638916,"z":0,"font":0,"fontSize":48}},"p20":{"x":-0.406681060791016,"y":0.844839811325073,"z":0,"tension":0,"bias":0,"continuity":0,"index":20,"pointType":6,"word":"","text":{"x":0.0933189392089844,"y":0.844839811325073,"z":0,"font":0,"fontSize":48}},"p21":{"x":0.17073130607605,"y":0.661528706550598,"z":0,"tension":0,"bias":0,"continuity":0,"index":21,"pointType":4,"word":"","text":{"x":0.67073130607605,"y":0.661528706550598,"z":0,"font":0,"fontSize":48}},"p22":{"x":-0.110729455947876,"y":0.368182420730591,"z":0,"tension":0,"bias":0,"continuity":0,"index":22,"pointType":4,"word":"","text":{"x":0.389270544052124,"y":0.368182420730591,"z":0,"font":0,"fontSize":48}},"p23":{"x":0.683386325836182,"y":0.471812605857849,"z":0,"tension":0,"bias":0,"continuity":0,"index":23,"pointType":4,"word":"","text":{"x":1.18338632583618,"y":0.471812605857849,"z":0,"font":0,"fontSize":48}},"p24":{"x":0.595256328582764,"y":0.994983196258545,"z":0,"tension":0,"bias":0,"continuity":0,"index":24,"pointType":4,"word":"","text":{"x":1.09525632858276,"y":0.994983196258545,"z":0,"font":0,"fontSize":48}},"p25":{"x":1.28626298904419,"y":0.935986280441284,"z":0,"tension":0,"bias":0,"continuity":0,"index":25,"pointType":1,"word":"","text":{"x":1.78626298904419,"y":0.935986280441284,"z":0,"font":0,"fontSize":48}},"p26":{"x":2.49692869186401,"y":1.85493743419647,"z":0,"tension":0,"bias":0,"continuity":0,"index":26,"pointType":4,"word":"","text":{"x":2.99692869186401,"y":1.85493743419647,"z":0,"font":0,"fontSize":48}},"p27":{"x":3.26357555389404,"y":1.42904353141785,"z":0,"tension":0,"bias":0,"continuity":0,"index":27,"pointType":4,"word":"","text":{"x":3.76357555389404,"y":1.42904353141785,"z":0,"font":0,"fontSize":48}},"p28":{"x":3.56044006347656,"y":1.74399042129517,"z":0,"tension":0,"bias":0,"continuity":0,"index":28,"pointType":4,"word":"","text":{"x":4.06044006347656,"y":1.74399042129517,"z":0,"font":0,"fontSize":48}},"p29":{"x":3.10868787765503,"y":2.23187470436096,"z":0,"tension":0,"bias":0,"continuity":0,"index":29,"pointType":4,"word":"","text":{"x":3.60868787765503,"y":2.23187470436096,"z":0,"font":0,"fontSize":48}},"p30":{"x":4.14125108718872,"y":1.99954450130463,"z":0,"tension":0,"bias":0,"continuity":0,"index":30,"pointType":1,"word":"","text":{"x":4.64125108718872,"y":1.99954450130463,"z":0,"font":0,"fontSize":48}},"p31":{"x":4.82537698745728,"y":3.31346130371094,"z":0,"tension":0,"bias":0,"continuity":0,"index":31,"pointType":4,"word":"","text":{"x":5.32537698745728,"y":3.31346130371094,"z":0,"font":0,"fontSize":48}},"p32":{"x":5.26418924331665,"y":3.2076268196106,"z":0,"tension":0,"bias":0,"continuity":0,"index":32,"pointType":4,"word":"","text":{"x":5.76418924331665,"y":3.2076268196106,"z":0,"font":0,"fontSize":48}},"p33":{"x":5.36248540878296,"y":2.74292087554932,"z":0,"tension":0,"bias":0,"continuity":0,"index":33,"pointType":4,"word":"","text":{"x":5.86248540878296,"y":2.74292087554932,"z":0,"font":0,"fontSize":48}},"p34":{"x":5.44244050979614,"y":2.30145311355591,"z":0,"tension":0,"bias":0,"continuity":0,"index":34,"pointType":4,"word":"","text":{"x":5.94244050979614,"y":2.30145311355591,"z":0,"font":0,"fontSize":48}},"p35":{"x":5.90179395675659,"y":2.14924716949463,"z":0,"tension":0,"bias":0,"continuity":0,"index":35,"pointType":4,"word":"","text":{"x":6.40179395675659,"y":2.14924716949463,"z":0,"font":0,"fontSize":48}},"p36":{"x":6.31224870681763,"y":2.4770770072937,"z":0,"tension":0,"bias":0,"continuity":0,"index":36,"pointType":4,"word":"","text":{"x":6.81224870681763,"y":2.4770770072937,"z":0,"font":0,"fontSize":48}},"p37":{"x":6.45424890518188,"y":2.89527416229248,"z":0,"tension":0,"bias":0,"continuity":0,"index":37,"pointType":4,"word":"","text":{"x":6.95424890518188,"y":2.89527416229248,"z":0,"font":0,"fontSize":48}},"p38":{"x":6.71761751174927,"y":3.27218151092529,"z":0,"tension":0,"bias":0,