{"name":"3D","pointCount":12,"p0":{"x":-2.40526461601257,"y":-0.578266620635986,"z":-1.19209289550781E-07,"tension":1,"bias":0,"continuity":0,"index":0,"pointType":6,"word":"","text":{"x":-1.90526461601257,"y":-0.578266620635986,"z":-1.19209289550781E-07,"font":0,"fontSize":48}},"p1":{"x":-1.87504434585571,"y":-0.285534381866455,"z":-1.19209289550781E-07,"tension":1,"bias":0,"continuity":0,"index":1,"pointType":3,"word":"","text":{"x":-1.37504434585571,"y":-0.285534381866455,"z":-1.19209289550781E-07,"font":0,"fontSize":48}},"p2":{"x":-1.58033680915833,"y":-0.818740367889404,"z":-1.19209289550781E-07,"tension":1,"bias":0,"continuity":0,"index":2,"pointType":3,"word":"","text":{"x":-1.08033680915833,"y":-0.818740367889404,"z":-1.19209289550781E-07,"font":0,"fontSize":48}},"p3":{"x":-2.11245894432068,"y":-1.11373710632324,"z":-1.19209289550781E-07,"tension":1,"bias":0,"continuity":0,"index":3,"pointType":3,"word":"","text":{"x":-1.61245894432068,"y":-1.11373710632324,"z":-1.19209289550781E-07,"font":0,"fontSize":48}},"p4":{"x":-2.49609279632568,"y":-1.25272655487061,"z":0.560779333114624,"tension":1,"bias":0,"continuity":0,"index":4,"pointType":3,"word":"","text":{"x":-1.99609279632568,"y":-1.25272655487061,"z":0.560779333114624,"font":0,"fontSize":48}},"p5":{"x":-2.03099536895752,"y":-0.765896797180176,"z":0.560779333114624,"tension":1,"bias":0,"continuity":0,"index":5,"pointType":3,"word":"","text":{"x":-1.53099536895752,"y":-0.765896797180176,"z":0.560779333114624,"font":0,"fontSize":48}},"p6":{"x":-1.54125332832336,"y":-1.21679592132568,"z":0.616379499435425,"tension":1,"bias":0,"continuity":0,"index":6,"pointType":3,"word":"","text":{"x":-1.04125332832336,"y":-1.21679592132568,"z":0.616379499435425,"font":0,"fontSize":48}},"p7":{"x":-2.02405095100403,"y":-1.6954607963562,"z":0.560779333114624,"tension":1,"bias":0,"continuity":0,"index":7,"pointType":3,"word":"","text":{"x":-1.52405095100403,"y":-1.6954607963562,"z":0.560779333114624,"font":0,"fontSize":48}},"p8":{"x":-2.43743109703064,"y":-2.12263011932373,"z":0.560779333114624,"tension":1,"bias":0,"continuity":0,"index":8,"pointType":3,"word":"","text":{"x":-1.93743109703064,"y":-2.12263011932373,"z":0.560779333114624,"font":0,"fontSize":48}},"p9":{"x":-2.19669675827026,"y":-1.49384927749634,"z":0.560779333114624,"tension":1,"bias":0,"continuity":0,"index":9,"pointType":3,"word":"","text":{"x":-1.69669675827026,"y":-1.49384927749634,"z":0.560779333114624,"font":0,"fontSize":48}},"p10":{"x":-1.56929814815521,"y":-1.72375345230103,"z":0.616379499435425,"tension":1,"bias":0,"continuity":0,"index":10,"pointType":3,"word":"","text":{"x":-1.06929814815521,"y":-1.72375345230103,"z":0.616379499435425,"font":0,"fontSize":48}},"p11":{"x":-1.77838551998138,"y":-2.25181198120117,"z":0.560779333114624,"tension":1,"bias":0,"continuity":0,"index":11,"pointType":3,"word":"","text":{"x":-1.27838551998138,"y":-2.25181198120117,"z":0.560779333114624,"font":0,"fontSize":48}},"splineCount":9,"unlockType":0,"speed":1,"time":1,"laps":1,"startSpeed":2,"text":"","forceOrder":false,"camera":{"x":0,"y":0,"setPos":false,"fixCam":true,"fov":85},"spline0":{"order":0,"closed":true,"numPoints":4,"type":0,"lineTexture":1,"lineWidth":1,"bidirectional":true,"speed":0,"points":{"p0":0,"p1":1,"p2":2,"p3":3}},"spline1":{"order":1,"closed":false,"numPoints":2,"type":0,"lineTexture":1,"lineWidth":1,"bidirectional":true,"speed":0,"points":{"p0":1,"p1":5}},"spline2":{"order":2,"closed":false,"numPoints":2,"type":0,"lineTexture":4,"lineWidth":1,"bidirectional":true,"speed":0,"points":{"p0":6,"p1":2}},"spline3":{"order":3,"closed":true,"numPoints":4,"type":0,"lineTexture":3,"lineWidth":1,"bidirectional":true,"speed":0,"points":{"p0":4,"p1":5,"p2":6,"p3":7}},"spline4":{"order":4,"closed":false,"numPoints":3,"type":0,"lineTexture":5,"lineWidth":1,"bidirectional":true,"speed":0,"points":{"p0":3,"p1":7,"p2":11}},"spline5":{"order":5,"closed":false,"numPoints":3,"type":0,"lineTexture":4,"lineWidth":1,"bidirectional":true,"speed":0,"points":{"p0":8,"p1":4,"p2":0}},"spline6":{"order":6,"closed":true,"numPoints":4,"type":0,"lineTexture":4,"lineWidth":1,"bidirectional":true,"speed":0,"points":{"p0":8,"p1":9,"p2":10,"p3":11}},"spline7":{"order":7,"closed":false,"numPoints":2,"type":0,"lineTexture":0,"lineWidth":1,"bidirectional":true,"speed":0,"points":{"p0":6,"p1":10}},"spline8":{"order":8,"closed":false,"numPoints":2,"type":0,"lineTexture":0,"lineWidth":1,"bidirectional":true,"speed":0,"points":{"p0":5,"p1":9}}}