{"name":"4","pointCount":61,"p0":{"x":-0.310080051422119,"y":0.437556982040405,"z":0,"tension":0.728635847568512,"bias":0.262728214263916,"continuity":0,"index":0,"pointType":6,"word":"","text":{"x":0.189919948577881,"y":0.437556982040405,"z":0,"font":0,"fontSize":48}},"p1":{"x":-1.73549616336823,"y":1,"z":0.0500000007450581,"tension":-0.300049602985382,"bias":0.142766311764717,"continuity":0,"index":1,"pointType":2,"word":"","text":{"x":-1.23549616336823,"y":1,"z":0.0500000007450581,"font":0,"fontSize":48}},"p2":{"x":-3.37749910354614,"y":0.0499999523162842,"z":0.100000001490116,"tension":-0.100677251815796,"bias":0,"continuity":0,"index":2,"pointType":2,"word":"","text":{"x":-2.87749910354614,"y":0.0499999523162842,"z":0.100000001490116,"font":0,"fontSize":48}},"p3":{"x":-3.37749910354614,"y":-1.75500011444092,"z":0.150000005960464,"tension":-0.100677251815796,"bias":0,"continuity":0,"index":3,"pointType":2,"word":"","text":{"x":-2.87749910354614,"y":-1.75500011444092,"z":0.150000005960464,"font":0,"fontSize":48}},"p4":{"x":-1.89248216152191,"y":-2.61237525939941,"z":0.200000002980232,"tension":-0.100677251815796,"bias":0,"continuity":0,"index":4,"pointType":2,"word":"","text":{"x":-1.39248216152191,"y":-2.61237525939941,"z":0.200000002980232,"font":0,"fontSize":48}},"p5":{"x":-0.481716156005859,"y":-1.7978687286377,"z":0.25,"tension":-0.100677251815796,"bias":0,"continuity":0,"index":5,"pointType":2,"word":"","text":{"x":0.0182838439941406,"y":-1.7978687286377,"z":0.25,"font":0,"fontSize":48}},"p6":{"x":-0.481716156005859,"y":-0.250306844711304,"z":0.300000011920929,"tension":-0.100677251815796,"bias":0,"continuity":0,"index":6,"pointType":2,"word":"","text":{"x":0.0182838439941406,"y":-0.250306844711304,"z":0.300000011920929,"font":0,"fontSize":48}},"p7":{"x":-1.75493264198303,"y":0.484784960746765,"z":0.350000023841858,"tension":-0.100677251815796,"bias":0,"continuity":0,"index":7,"pointType":2,"word":"","text":{"x":-1.25493264198303,"y":0.484784960746765,"z":0.350000023841858,"font":0,"fontSize":48}},"p8":{"x":-2.96448802947998,"y":-0.213552236557007,"z":0.400000035762787,"tension":-0.100677251815796,"bias":0,"continuity":0,"index":8,"pointType":2,"word":"","text":{"x":-2.46448802947998,"y":-0.213552236557007,"z":0.400000035762787,"font":0,"fontSize":48}},"p9":{"x":-2.96448802947998,"y":-1.54039287567139,"z":0.450000047683716,"tension":-0.100677251815796,"bias":0,"continuity":0,"index":9,"pointType":2,"word":"","text":{"x":-2.46448802947998,"y":-1.54039287567139,"z":0.450000047683716,"font":0,"fontSize":48}},"p10":{"x":-1.87286424636841,"y":-2.17064189910889,"z":0.500000059604645,"tension":-0.100677251815796,"bias":0,"continuity":0,"index":10,"pointType":2,"word":"","text":{"x":-1.37286424636841,"y":-2.17064189910889,"z":0.500000059604645,"font":0,"fontSize":48}},"p11":{"x":-0.835821628570557,"y":-1.5719051361084,"z":0.550000071525574,"tension":-0.100677251815796,"bias":0,"continuity":0,"index":11,"pointType":2,"word":"","text":{"x":-0.335821628570557,"y":-1.5719051361084,"z":0.550000071525574,"font":0,"fontSize":48}},"p12":{"x":-0.835821866989136,"y":-0.434305191040039,"z":0.600000083446503,"tension":-0.100677251815796,"bias":0,"continuity":0,"index":12,"pointType":2,"word":"","text":{"x":-0.335821866989136,"y":-0.434305191040039,"z":0.600000083446503,"font":0,"fontSize":48}},"p13":{"x":-1.77175271511078,"y":0.106054663658142,"z":0.650000095367432,"tension":-0.100677251815796,"bias":0,"continuity":0,"index":13,"pointType":2,"word":"","text":{"x":-1.27175271511078,"y":0.106054663658142,"z":0.650000095367432,"font":0,"fontSize":48}},"p14":{"x":-2.66088700294495,"y":-0.407287359237671,"z":0.700000107288361,"tension":-0.100677251815796,"bias":0,"continuity":0,"index":14,"pointType":2,"word":"","text":{"x":-2.16088700294495,"y":-0.407287359237671,"z":0.700000107288361,"font":0,"fontSize":48}},"p15":{"x":-2.66088700294495,"y":-1.38263702392578,"z":0.75000011920929,"tension":-0.100677251815796,"bias":0,"continuity":0,"index":15,"pointType":2,"word":"","text":{"x":-2.16088700294495,"y":-1.38263702392578,"z":0.75000011920929,"font":0,"fontSize":48}},"p16":{"x":-1.85844326019287,"y":-1.84592819213867,"z":0.800000131130219,"tension":-0.100677251815796,"bias":0,"continuity":0,"index":16,"pointType":2,"word":"","text":{"x":-1.35844326019287,"y":-1.84592819213867,"z":0.800000131130219,"font":0,"fontSize":48}},"p17":{"x":-1.0961217880249,"y":-1.40580153465271,"z":0.850000143051147,"tension":-0.100677251815796,"bias":0,"continuity":0,"index":17,"pointType":2,"word":"","text":{"x":-0.596121788024902,"y":-1.40580153465271,"z":0.850000143051147,"font":0,"fontSize":48}},"p18":{"x":-1.0961217880249,"y":-0.569561004638672,"z":0.900000154972076,"tension":-0.100677251815796,"bias":0,"continuity":0,"index":18,"pointType":2,"word":"","text":{"x":-0.596121788024902,"y":-0.569561004638672,"z":0.900000154972076,"font":0,"fontSize":48}},"p19":{"x":-1.7841169834137,"y":-0.172346830368042,"z":0.950000166893005,"tension":-0.100677251815796,"bias":0,"continuity":0,"index":19,"pointType":2,"word":"","text":{"x":-1.2841169834137,"y":-0.172346830368042,"z":0.950000166893005,"font":0,"fontSize":48}},"p20":{"x":-2.43771243095398,"y":-0.549700260162354,"z":1.00000011920929,"tension":-0.100677251815796,"bias":0,"continuity":0,"index":20,"pointType":2,"word":"","text":{"x":-1.93771243095398,"y":-0.549700260162354,"z":1.00000011920929,"font":0,"fontSize":48}},"p21":{"x":-2.43771243095398,"y":-1.26667189598084,"z":1.05000007152557,"tension":-0.100677251815796,"bias":0,"continuity":0,"index":21,"pointType":2,"word":"","text":{"x":-1.93771243095398,"y":-1.26667189598084,"z":1.05000007152557,"font":0,"fontSize":48}},"p22":{"x":-1.84784269332886,"y":-1.60723352432251,"z":1.10000002384186,"tension":-0.100677251815796,"bias":0,"continuity":0,"index":22,"pointType":2,"word":"","text":{"x":-1.34784269332886,"y":-1.60723352432251,"z":1.10000002384186,"font":0,"fontSize":48}},"p23":{"x":-1.28746652603149,"y":-1.28369998931885,"z":1.14999997615814,"tension":-0.100677251815796,"bias":0,"continuity":0,"index":23,"pointType":2,"word":"","text":{"x":-0.787466526031494,"y":-1.28369998931885,"z":1.14999997615814,"font":0,"fontSize":48}},"p24":{"x":-1.28746652603149,"y":-0.668986558914185,"z":1.19999992847443,"tension":-0.100677251815796,"bias":0,"continuity":0,"index":24,"pointType":2,"word":"","text":{"x":-0.787466526031494,"y":-0.668986558914185,"z":1.19999992847443,"font":0,"fontSize":48}},"p25":{"x":-1.79320597648621,"y":-0.376997470855713,"z":1.24999988079071,"tension":-0.100677251815796,"bias":0,"continuity":0,"index":25,"pointType":2,"word":"","text":{"x":-1.29320597648621,"y":-0.376997470855713,"z":1.24999988079071,"font":0,"fontSize":48}},"p26":{"x":-2.27365851402283,"y":-0.6543869972229,"z":1.29999983310699,"tension":-0.100677251815796,"bias":0,"continuity":0,"index":26,"pointType":2,"word":"","text":{"x":-1.77365851402283,"y":-0.6543869972229,"z":1.29999983310699,"font":0,"fontSize":48}},"p27":{"x":-2.27365851402283,"y":-1.18142700195313,"z":1.34999978542328,"tension":-0.100677251815796,"bias":0,"continuity":0,"index":27,"pointType":2,"word":"","text":{"x":-1.77365851402283,"y":-1.18142700195313,"z":1.34999978542328,"font":0,"fontSize":48}},"p28":{"x":-1.84004998207092,"y":-1.43177103996277,"z":1.39999973773956,"tension":-0.100677251815796,"bias":0,"continuity":0,"index":28,"pointType":2,"word":"","text":{"x":-1.34004998207092,"y":-1.43177103996277,"z":1.39999973773956,"font":0,"fontSize":48}},"p29":{"x":-1.42812204360962,"y":-1.19394421577454,"z":1.44999969005585,"tension":-0.100677251815796,"bias":0,"continuity":0,"index":29,"pointType":2,"word":"","text":{"x":-0.928122043609619,"y":-1.19394421577454,"z":1.44999969005585,"font":0,"fontSize":48}},"p30":{"x":-1.42812204360962,"y":-0.74207329750061,"z":1.49999964237213,"tension":-0.100677251815796,"bias":0,"continuity":0,"index":30,"pointType":2,"word":"","text":{"x":-0.928122043609619,"y":-0.74207329750061,"z":1.49999964237213,"font":0,