{"name":"deeptimez","pointCount":41,"p0":{"x":-1.11430788040161,"y":1.43553423881531,"z":0,"tension":0,"bias":0,"continuity":0,"index":0,"pointType":6,"word":"","text":{"x":-0.614307880401611,"y":1.43553423881531,"z":0,"font":0,"fontSize":48}},"p1":{"x":0.182508945465088,"y":1.43190324306488,"z":0,"tension":0,"bias":0,"continuity":0,"index":1,"pointType":5,"word":"","text":{"x":0.682508945465088,"y":1.43190324306488,"z":0,"font":0,"fontSize":48}},"p2":{"x":-1.09705018997192,"y":0.98487651348114,"z":-0.556249022483826,"tension":0,"bias":0,"continuity":0,"index":2,"pointType":0,"word":"","text":{"x":-0.597050189971924,"y":0.98487651348114,"z":-0.556249022483826,"font":0,"fontSize":48}},"p3":{"x":0.151430130004883,"y":0.993071436882019,"z":-0.556249022483826,"tension":0,"bias":0,"continuity":0,"index":3,"pointType":5,"word":"","text":{"x":0.651430130004883,"y":0.993071436882019,"z":-0.556249022483826,"font":0,"fontSize":48}},"p4":{"x":-0.893575191497803,"y":0.996628403663635,"z":-0.556249022483826,"tension":0,"bias":1,"continuity":0,"index":4,"pointType":2,"word":"","text":{"x":-0.393575191497803,"y":0.996628403663635,"z":-0.556249022483826,"font":0,"fontSize":48}},"p5":{"x":-0.657015800476074,"y":1.2152658700943,"z":-0.556249022483826,"tension":0,"bias":0,"continuity":0,"index":5,"pointType":2,"word":"","text":{"x":-0.157015800476074,"y":1.2152658700943,"z":-0.556249022483826,"font":0,"fontSize":48}},"p6":{"x":-1.1401960849762,"y":0.681729316711426,"z":-0.832150995731354,"tension":0,"bias":0,"continuity":0,"index":6,"pointType":0,"word":"","text":{"x":-0.640196084976196,"y":0.681729316711426,"z":-0.832150995731354,"font":0,"fontSize":48}},"p7":{"x":-0.841966152191162,"y":0.818649768829346,"z":-0.832150995731354,"tension":0,"bias":1,"continuity":0,"index":7,"pointType":2,"word":"","text":{"x":-0.341966152191162,"y":0.818649768829346,"z":-0.832150995731354,"font":0,"fontSize":48}},"p8":{"x":-0.676278114318848,"y":1.05644488334656,"z":-0.832150995731354,"tension":0,"bias":0,"continuity":0,"index":8,"pointType":2,"word":"","text":{"x":-0.176278114318848,"y":1.05644488334656,"z":-0.832150995731354,"font":0,"fontSize":48}},"p9":{"x":-0.566963672637939,"y":0.845072746276855,"z":-0.832150995731354,"tension":0,"bias":-0.97999906539917,"continuity":0,"index":9,"pointType":2,"word":"","text":{"x":-0.0669636726379395,"y":0.845072746276855,"z":-0.832150995731354,"font":0,"fontSize":48}},"p10":{"x":0.14793586730957,"y":0.676557302474976,"z":-0.832150995731354,"tension":0,"bias":0,"continuity":0,"index":10,"pointType":5,"word":"","text":{"x":0.64793586730957,"y":0.676557302474976,"z":-0.832150995731354,"font":0,"fontSize":48}},"p11":{"x":-0.0594825744628906,"y":0.666244745254517,"z":-0.832150995731354,"tension":0,"bias":-1,"continuity":0,"index":11,"pointType":2,"word":"","text":{"x":0.440517425537109,"y":0.666244745254517,"z":-0.832150995731354,"font":0,"fontSize":48}},"p12":{"x":-0.237080574035645,"y":0.954541683197021,"z":-0.832150995731354,"tension":0,"bias":0,"continuity":0,"index":12,"pointType":2,"word":"","text":{"x":0.262919425964355,"y":0.954541683197021,"z":-0.832150995731354,"font":0,"fontSize":48}},"p13":{"x":-1.10052537918091,"y":1.2937890291214,"z":-0.222805991768837,"tension":0,"bias":0,"continuity":0,"index":13,"pointType":0,"word":"","text":{"x":-0.600525379180908,"y":1.2937890291214,"z":-0.222805991768837,"font":0,"fontSize":48}},"p14":{"x":0.168154239654541,"y":1.29719233512878,"z":-0.222805991768837,"tension":0,"bias":0,"continuity":0,"index":14,"pointType":5,"word":"","text":{"x":0.668154239654541,"y":1.29719233512878,"z":-0.222805991768837,"font":0,"fontSize":48}},"p15":{"x":-0.404290199279785,"y":1.33698129653931,"z":-0.222805991768837,"tension":0,"bias":0,"continuity":0,"index":15,"pointType":2,"word":"","text":{"x":0.0957098007202148,"y":1.33698129653931,"z":-0.222805991768837,"font":0,"fontSize":48}},"p16":{"x":-0.647325038909912,"y":1.38979077339172,"z":-0.222805991768837,"tension":0,"bias":0,"continuity":0,"index":16,"pointType":2,"word":"","text":{"x":-0.147325038909912,"y":1.38979077339172,"z":-0.222805991768837,"font":0,"fontSize":48}},"p17":{"x":-0.886603832244873,"y":1.30043244361877,"z":-0.222805991768837,"tension":0,"bias":0.060001015663147,"continuity":0,"index":17,"pointType":2,"word":"","text":{"x":-0.386603832244873,"y":1.30043244361877,"z":-0.222805991768837,"font":0,"fontSize":48}},"p18":{"x":-0.175243377685547,"y":1.3499174118042,"z":-0.222805991768837,"tension":0,"bias":1,"continuity":0,"index":18,"pointType":2,"word":"","text":{"x":0.324756622314453,"y":1.3499174118042,"z":-0.222805991768837,"font":0,"fontSize":48}},"p19":{"x":-0.00412702560424805,"y":1.29708337783813,"z":-0.222805991768837,"tension":0,"bias":0,"continuity":0,"index":19,"pointType":2,"word":"","text":{"x":0.495872974395752,"y":1.29708337783813,"z":-0.222805991768837,"font":0,"fontSize":48}},"p20":{"x":-1.10878801345825,"y":1.15012240409851,"z":-0.358188986778259,"tension":0,"bias":0,"continuity":0,"index":20,"pointType":0,"word":"","text":{"x":-0.608788013458252,"y":1.15012240409851,"z":-0.358188986778259,"font":0,"fontSize":48}},"p21":{"x":-0.791066646575928,"y":1.16520357131958,"z":-0.358188986778259,"tension":0,"bias":0.060001015663147,"continuity":0,"index":21,"pointType":2,"word":"","text":{"x":-0.291066646575928,"y":1.16520357131958,"z":-0.358188986778259,"font":0,"fontSize":48}},"p22":{"x":-0.607482433319092,"y":1.30406928062439,"z":-0.358188986778259,"tension":0,"bias":0,"continuity":0,"index":22,"pointType":2,"word":"","text":{"x":-0.107482433319092,"y":1.30406928062439,"z":-0.358188986778259,"font":0,"fontSize":48}},"p23":{"x":-0.447991371154785,"y":1.1955578327179,"z":-0.358188986778259,"tension":0,"bias":0,"continuity":0,"index":23,"pointType":2,"word":"","text":{"x":0.0520086288452148,"y":1.1955578327179,"z":-0.358188986778259,"font":0,"fontSize":48}},"p24":{"x":-0.243698120117188,"y":1.23634910583496,"z":-0.358188986778259,"tension":0,"bias":1,"continuity":0,"index":24,"pointType":2,"word":"","text":{"x":0.256301879882813,"y":1.23634910583496,"z":-0.358188986778259,"font":0,"fontSize":48}},"p25":{"x":-0.0602030754089355,"y":1.19899439811707,"z":-0.358188986778259,"tension":0,"bias":0,"continuity":0,"index":25,"pointType":2,"word":"","text":{"x":0.439796924591064,"y":1.19899439811707,"z":-0.358188986778259,"font":0,"fontSize":48}},"p26":{"x":0.173960208892822,"y":1.14649128913879,"z":-0.358188986778259,"tension":0,"bias":0,"continuity":0,"index":26,"pointType":5,"word":"","text":{"x":0.673960208892822,"y":1.14649128913879,"z":-0.358188986778259,"font":0,"fontSize":48}},"p27":{"x":-0.252082824707031,"y":1.08487236499786,"z":-0.556249022483826,"tension":0,"bias":0,"continuity":0,"index":27,"pointType":2,"word":"","text":{"x":0.247917175292969,"y":1.08487236499786,"z":-0.556249022483826,"font":0,"fontSize":48}},"p28":{"x":-0.565334796905518,"y":1.09781920909882,"z":-0.556249022483826,"tension":0,"bias":0,"continuity":0,"index":28,"pointType":2,"word":"","text":{"x":-0.0653347969055176,"y":1.09781920909882,"z":-0.556249022483826,"font":0,"fontSize":48}},"p29":{"x":-0.411283493041992,"y":1.01769459247589,"z":-0.556249022483826,"tension":0,"bias":0,"continuity":0,"index":29,"pointType":2,"word":"","text":{"x":0.0887165069580078,"y":1.01769459247589,"z":-0.556249022483826,"font":0,"fontSize":48}},"p30":{"x":-0.0266499519348145,"y":0.984480261802673,"z":-0.556249022483826,"tension":0,"bias":0,"continuity":0,"index":30,"pointType":2,"word":"","text":{"x":0.473350048065186,"y":0.984480261802673,"z":-0.556249022483826,"font":0,"fontSize":48}},"p31":{"x":-0.330679416656494,"y":0.867825031280518,"z":-0.832150995731354,"tension":0,"bias":0,"continuity":0,"index":31,"pointType":2,"word":"","text":{"x":0.169320583343506,"y":0.867825031280518,"z":-0.832150995731354,"font":0,"fontSize":48}},"p32":{"x":-0.437758922576904,"y":0.685949802398682,"z":-0.832150995731354,"tension":0,"bias":0,"continuity":0,"index":32,"pointType":2,"word":"",