{"name":"DreamKnot1","pointCount":13,"p0":{"x":-2.1595196723938,"y":-0.300390720367432,"z":-1.19209289550781E-07,"tension":0,"bias":0,"continuity":0,"index":0,"pointType":2,"word":"","text":{"x":-1.6595196723938,"y":-0.300390720367432,"z":-1.19209289550781E-07,"font":0,"fontSize":48}},"p1":{"x":-1.86262130737305,"y":0.113915324211121,"z":-1.19209289550781E-07,"tension":0,"bias":0,"continuity":0,"index":1,"pointType":2,"word":"","text":{"x":-1.36262130737305,"y":0.113915324211121,"z":-1.19209289550781E-07,"font":0,"fontSize":48}},"p2":{"x":-1.5519700050354,"y":0.05550217628479,"z":-1.19209289550781E-07,"tension":0,"bias":0,"continuity":0,"index":2,"pointType":2,"word":"","text":{"x":-1.0519700050354,"y":0.05550217628479,"z":-1.19209289550781E-07,"font":0,"fontSize":48}},"p3":{"x":-1.3723521232605,"y":-0.202107191085815,"z":-1.19209289550781E-07,"tension":0,"bias":0,"continuity":0,"index":3,"pointType":2,"word":"","text":{"x":-0.872352123260498,"y":-0.202107191085815,"z":-1.19209289550781E-07,"font":0,"fontSize":48}},"p4":{"x":-1.49879372119904,"y":-0.568432569503784,"z":-1.19209289550781E-07,"tension":0,"bias":0,"continuity":0,"index":4,"pointType":2,"word":"","text":{"x":-0.998793721199036,"y":-0.568432569503784,"z":-1.19209289550781E-07,"font":0,"fontSize":48}},"p5":{"x":-2.3193690776825,"y":-0.604496479034424,"z":-1.19209289550781E-07,"tension":0,"bias":0,"continuity":0,"index":5,"pointType":6,"word":"","text":{"x":-1.8193690776825,"y":-0.604496479034424,"z":-1.19209289550781E-07,"font":0,"fontSize":48}},"p6":{"x":-2.89899277687073,"y":-0.671057224273682,"z":-1.19209289550781E-07,"tension":0,"bias":0,"continuity":0,"index":6,"pointType":2,"word":"","text":{"x":-2.39899277687073,"y":-0.671057224273682,"z":-1.19209289550781E-07,"font":0,"fontSize":48}},"p7":{"x":-3.11501955986023,"y":-1.00826287269592,"z":-1.19209289550781E-07,"tension":0,"bias":0,"continuity":0,"index":7,"pointType":2,"word":"","text":{"x":-2.61501955986023,"y":-1.00826287269592,"z":-1.19209289550781E-07,"font":0,"fontSize":48}},"p8":{"x":-3.02434086799622,"y":-1.31215810775757,"z":-1.19209289550781E-07,"tension":0,"bias":0,"continuity":0,"index":8,"pointType":2,"word":"","text":{"x":-2.52434086799622,"y":-1.31215810775757,"z":-1.19209289550781E-07,"font":0,"fontSize":48}},"p9":{"x":-2.51594090461731,"y":-1.5217752456665,"z":-1.19209289550781E-07,"tension":0,"bias":0,"continuity":0,"index":9,"pointType":2,"word":"","text":{"x":-2.01594090461731,"y":-1.5217752456665,"z":-1.19209289550781E-07,"font":0,"fontSize":48}},"p10":{"x":-2.04021644592285,"y":-1.15843963623047,"z":-1.19209289550781E-07,"tension":0,"bias":0,"continuity":0,"index":10,"pointType":2,"word":"","text":{"x":-1.54021644592285,"y":-1.15843963623047,"z":-1.19209289550781E-07,"font":0,"fontSize":48}},"p11":{"x":-0.804669857025146,"y":-0.28550386428833,"z":-1.19209289550781E-07,"tension":0,"bias":0,"continuity":0,"index":11,"pointType":2,"word":"","text":{"x":-0.304669857025146,"y":-0.28550386428833,"z":-1.19209289550781E-07,"font":0,"fontSize":48}},"p12":{"x":-0.579244613647461,"y":0.112850308418274,"z":-1.19209289550781E-07,"tension":0,"bias":0,"continuity":0,"index":12,"pointType":1,"word":"","text":{"x":-0.0792446136474609,"y":0.112850308418274,"z":-1.19209289550781E-07,"font":0,"fontSize":48}},"fixedCamera":true,"fov":70,"splineCount":2,"unlockType":0,"speed":1,"time":0,"laps":2,"startSpeed":0,"spline0":{"order":0,"closed":true,"numPoints":11,"type":0,"lineTexture":0,"lineWidth":1,"points":{"p0":10,"p1":9,"p2":8,"p3":7,"p4":6,"p5":5,"p6":4,"p7":3,"p8":2,"p9":1,"p10":0}},"spline1":{"order":1,"closed":false,"numPoints":3,"type":2,"lineTexture":0,"lineWidth":1,"points":{"p0":4,"p1":11,"p2":12}}}