{"name":"room3","pointCount":37,"p0":{"x":-2.22849941253662,"y":-0.0901973247528076,"z":-1.19209289550781E-07,"tension":1,"bias":-0.0819363743066788,"continuity":0,"index":0,"pointType":0,"word":"","text":{"x":-1.72849941253662,"y":-0.0901973247528076,"z":-1.19209289550781E-07,"font":0,"fontSize":48}},"p1":{"x":-1.92177617549896,"y":-0.0902705192565918,"z":-1.19209289550781E-07,"tension":1,"bias":0,"continuity":0,"index":1,"pointType":6,"word":"","text":{"x":-1.42177617549896,"y":-0.0902705192565918,"z":-1.19209289550781E-07,"font":0,"fontSize":48}},"p2":{"x":-1.92321944236755,"y":-0.573248386383057,"z":-1.19209289550781E-07,"tension":1,"bias":0,"continuity":0,"index":2,"pointType":0,"word":"","text":{"x":-1.42321944236755,"y":-0.573248386383057,"z":-1.19209289550781E-07,"font":0,"fontSize":48}},"p3":{"x":-2.23415756225586,"y":-0.569295406341553,"z":-1.19209289550781E-07,"tension":1,"bias":0,"continuity":0,"index":3,"pointType":0,"word":"","text":{"x":-1.73415756225586,"y":-0.569295406341553,"z":-1.19209289550781E-07,"font":0,"fontSize":48}},"p4":{"x":-2.22644448280334,"y":-0.0398933887481689,"z":-1.19209289550781E-07,"tension":1,"bias":-0.099704697728157,"continuity":0,"index":4,"pointType":0,"word":"","text":{"x":-1.72644448280334,"y":-0.0398933887481689,"z":-1.19209289550781E-07,"font":0,"fontSize":48}},"p5":{"x":-1.67174911499023,"y":-0.0358147621154785,"z":-1.19209289550781E-07,"tension":0.99999326467514,"bias":-3.38788640874554E-06,"continuity":0,"index":5,"pointType":0,"word":"","text":{"x":-1.17174911499023,"y":-0.0358147621154785,"z":-1.19209289550781E-07,"font":0,"fontSize":48}},"p6":{"x":-1.67494571208954,"y":-0.841657638549805,"z":-1.19209289550781E-07,"tension":1,"bias":0,"continuity":0,"index":6,"pointType":0,"word":"","text":{"x":-1.17494571208954,"y":-0.841657638549805,"z":-1.19209289550781E-07,"font":0,"fontSize":48}},"p7":{"x":-2.23987126350403,"y":-0.837119102478027,"z":-1.19209289550781E-07,"tension":1,"bias":0,"continuity":0,"index":7,"pointType":0,"word":"","text":{"x":-1.73987126350403,"y":-0.837119102478027,"z":-1.19209289550781E-07,"font":0,"fontSize":48}},"p8":{"x":-1.42349052429199,"y":-0.559158563613892,"z":-1.19209289550781E-07,"tension":1,"bias":-0.0252659860998392,"continuity":0,"index":8,"pointType":0,"word":"","text":{"x":-0.923490524291992,"y":-0.559158563613892,"z":-1.19209289550781E-07,"font":0,"fontSize":48}},"p9":{"x":-1.41829109191895,"y":-0.284979343414307,"z":-1.19209289550781E-07,"tension":1,"bias":0,"continuity":0,"index":9,"pointType":0,"word":"","text":{"x":-0.918291091918945,"y":-0.284979343414307,"z":-1.19209289550781E-07,"font":0,"fontSize":48}},"p10":{"x":-1.08031702041626,"y":-0.284979820251465,"z":-1.19209289550781E-07,"tension":1,"bias":0,"continuity":0,"index":10,"pointType":0,"word":"","text":{"x":-0.58031702041626,"y":-0.284979820251465,"z":-1.19209289550781E-07,"font":0,"fontSize":48}},"p11":{"x":-1.08551645278931,"y":-0.67754864692688,"z":-1.19209289550781E-07,"tension":1,"bias":0,"continuity":0,"index":11,"pointType":0,"word":"","text":{"x":-0.585516452789307,"y":-0.67754864692688,"z":-1.19209289550781E-07,"font":0,"fontSize":48}},"p12":{"x":-1.53268229961395,"y":-0.677548885345459,"z":-1.19209289550781E-07,"tension":1,"bias":0,"continuity":0,"index":12,"pointType":0,"word":"","text":{"x":-1.03268229961395,"y":-0.677548885345459,"z":-1.19209289550781E-07,"font":0,"fontSize":48}},"p13":{"x":-1.54568123817444,"y":-1.38989019393921,"z":-1.19209289550781E-07,"tension":1,"bias":0,"continuity":0,"index":13,"pointType":0,"word":"","text":{"x":-1.04568123817444,"y":-1.38989019393921,"z":-1.19209289550781E-07,"font":0,"fontSize":48}},"p14":{"x":-1.07251858711243,"y":-1.38469457626343,"z":-1.19209289550781E-07,"tension":1,"bias":0,"continuity":0,"index":14,"pointType":0,"word":"","text":{"x":-0.572518587112427,"y":-1.38469457626343,"z":-1.19209289550781E-07,"font":0,"fontSize":48}},"p15":{"x":-1.07699751853943,"y":-1.83445930480957,"z":-1.19209289550781E-07,"tension":1,"bias":0,"continuity":0,"index":15,"pointType":0,"word":"","text":{"x":-0.576997518539429,"y":-1.83445930480957,"z":-1.19209289550781E-07,"font":0,"fontSize":48}},"p16":{"x":-2.23578333854675,"y":-1.83534955978394,"z":-1.19209289550781E-07,"tension":1,"bias":0,"continuity":0,"index":16,"pointType":0,"word":"","text":{"x":-1.73578333854675,"y":-1.83534955978394,"z":-1.19209289550781E-07,"font":0,"fontSize":48}},"p17":{"x":-2.23982739448547,"y":-0.973854303359985,"z":-1.19209289550781E-07,"tension":1,"bias":0,"continuity":0,"index":17,"pointType":0,"word":"","text":{"x":-1.73982739448547,"y":-0.973854303359985,"z":-1.19209289550781E-07,"font":0,"fontSize":48}},"p18":{"x":-1.67307150363922,"y":-0.975805997848511,"z":-1.19209289550781E-07,"tension":1,"bias":0,"continuity":0,"index":18,"pointType":0,"word":"","text":{"x":-1.17307150363922,"y":-0.975805997848511,"z":-1.19209289550781E-07,"font":0,"fontSize":48}},"p19":{"x":-1.67827093601227,"y":-1.39319276809692,"z":-1.19209289550781E-07,"tension":1,"bias":0,"continuity":0,"index":19,"pointType":0,"word":"","text":{"x":-1.17827093601227,"y":-1.39319276809692,"z":-1.19209289550781E-07,"font":0,"fontSize":48}},"p20":{"x":-1.86032748222351,"y":-1.39687061309814,"z":-1.19209289550781E-07,"tension":1,"bias":-0.0190242826938629,"continuity":0,"index":20,"pointType":0,"word":"","text":{"x":-1.36032748222351,"y":-1.39687061309814,"z":-1.19209289550781E-07,"font":0,"fontSize":48}},"p21":{"x":-1.85957229137421,"y":-1.32490205764771,"z":-1.19209289550781E-07,"tension":1,"bias":0.0532882921397686,"continuity":0,"index":21,"pointType":0,"word":"","text":{"x":-1.35957229137421,"y":-1.32490205764771,"z":-1.19209289550781E-07,"font":0,"fontSize":48}},"p22":{"x":-1.72915923595428,"y":-1.32336854934692,"z":-1.19209289550781E-07,"tension":1,"bias":0,"continuity":0,"index":22,"pointType":0,"word":"","text":{"x":-1.22915923595428,"y":-1.32336854934692,"z":-1.19209289550781E-07,"font":0,"fontSize":48}},"p23":{"x":-1.72561419010162,"y":-1.01376533508301,"z":-1.19209289550781E-07,"tension":1,"bias":0,"continuity":0,"index":23,"pointType":0,"word":"","text":{"x":-1.22561419010162,"y":-1.01376533508301,"z":-1.19209289550781E-07,"font":0,"fontSize":48}},"p24":{"x":-2.2049298286438,"y":-1.00617218017578,"z":-1.19209289550781E-07,"tension":1,"bias":0,"continuity":0,"index":24,"pointType":0,"word":"","text":{"x":-1.7049298286438,"y":-1.00617218017578,"z":-1.19209289550781E-07,"font":0,"fontSize":48}},"p25":{"x":-2.20423126220703,"y":-1.17684078216553,"z":-1.19209289550781E-07,"tension":1,"bias":0,"continuity":0,"index":25,"pointType":0,"word":"","text":{"x":-1.70423126220703,"y":-1.17684078216553,"z":-1.19209289550781E-07,"font":0,"fontSize":48}},"p26":{"x":-1.97325503826141,"y":-1.17653656005859,"z":-1.19209289550781E-07,"tension":1,"bias":0,"continuity":0,"index":26,"pointType":0,"word":"","text":{"x":-1.47325503826141,"y":-1.17653656005859,"z":-1.19209289550781E-07,"font":0,"fontSize":48}},"p27":{"x":-1.9712061882019,"y":-1.53715515136719,"z":-1.19209289550781E-07,"tension":1,"bias":0,"continuity":0,"index":27,"pointType":0,"word":"","text":{"x":-1.4712061882019,"y":-1.53715515136719,"z":-1.19209289550781E-07,"font":0,"fontSize":48}},"p28":{"x":-2.20069074630737,"y":-1.54330205917358,"z":-1.19209289550781E-07,"tension":1,"bias":0,"continuity":0,"index":28,"pointType":0,"word":"","text":{"x":-1.70069074630737,"y":-1.54330205917358,"z":-1.19209289550781E-07,"font":0,"fontSize":48}},"p29":{"x":-2.20273971557617,"y":-1.71131730079651,"z":-1.19209289550781E-07,"tension":1,"bias":0,"continuity":0,"index":29,"pointType":0,"word":"","text":{"x":-1.70273971557617,"y":-1.71131730079651,"z":-1.19209289550781E-07,"font":0,"fontSize":48}},"p30":{"x":-1.58599996566772,"y":-1.70517039299011,"z":-1.19209289550781E-07,"tension":1,"bias":0,"continuity":0,"index":30,"pointType":0,"word":"","text":{"x":-1.08599996566772,"y":-1.70517039299011,"z":-1.19209289550781E-07,"font":0,"fontSize":48}},"p31":{"x":-1.58599996566772,