{"name":"Detour","pointCount":31,"p0":{"x":-0.977566480636597,"y":1.7398601770401,"z":0,"tension":0,"bias":0,"continuity":0,"index":0,"pointType":6,"word":"detours","text":{"x":-1.15799188613892,"y":1.921710729599,"z":0,"font":1,"fontSize":72}},"p1":{"x":-0.750450611114502,"y":1.57738220691681,"z":0,"tension":1,"bias":0,"continuity":0,"index":1,"pointType":7,"word":"","text":{"x":-0.250450611114502,"y":1.57738220691681,"z":0,"font":0,"fontSize":48}},"p2":{"x":-0.348031520843506,"y":2.11426138877869,"z":0,"tension":1,"bias":0,"continuity":0,"index":2,"pointType":0,"word":"","text":{"x":0.151968479156494,"y":2.11426138877869,"z":0,"font":0,"fontSize":48}},"p3":{"x":-0.103669881820679,"y":1.97093403339386,"z":0,"tension":1,"bias":0,"continuity":0,"index":3,"pointType":0,"word":"","text":{"x":0.396330118179321,"y":1.97093403339386,"z":0,"font":0,"fontSize":48}},"p4":{"x":0.222113132476807,"y":2.46814012527466,"z":0,"tension":1,"bias":0,"continuity":0,"index":4,"pointType":0,"word":"","text":{"x":0.722113132476807,"y":2.46814012527466,"z":0,"font":0,"fontSize":48}},"p5":{"x":-0.337327480316162,"y":2.84494018554688,"z":0,"tension":1,"bias":0,"continuity":0,"index":5,"pointType":0,"word":"","text":{"x":0.162672519683838,"y":2.84494018554688,"z":0,"font":0,"fontSize":48}},"p6":{"x":-0.186948537826538,"y":3.04155039787292,"z":0,"tension":1,"bias":0,"continuity":0,"index":6,"pointType":0,"word":"","text":{"x":0.313051462173462,"y":3.04155039787292,"z":0,"font":0,"fontSize":48}},"p7":{"x":-0.360460042953491,"y":3.17263841629028,"z":0,"tension":1,"bias":0,"continuity":0,"index":7,"pointType":0,"word":"","text":{"x":0.139539957046509,"y":3.17263841629028,"z":0,"font":0,"fontSize":48}},"p8":{"x":-0.00958132743835449,"y":3.61606001853943,"z":0,"tension":1,"bias":0,"continuity":0,"index":8,"pointType":0,"word":"","text":{"x":0.490418672561646,"y":3.61606001853943,"z":0,"font":0,"fontSize":48}},"p9":{"x":0.271893262863159,"y":3.4117259979248,"z":0,"tension":1,"bias":0,"continuity":0,"index":9,"pointType":0,"word":"","text":{"x":0.771893262863159,"y":3.4117259979248,"z":0,"font":0,"fontSize":48}},"p10":{"x":0.692178726196289,"y":3.9939546585083,"z":0,"tension":1,"bias":0,"continuity":0,"index":10,"pointType":0,"word":"","text":{"x":1.19217872619629,"y":3.9939546585083,"z":0,"font":0,"fontSize":48}},"p11":{"x":1.77566480636597,"y":3.26135063171387,"z":0,"tension":-0.019999086856842,"bias":0,"continuity":0,"index":11,"pointType":0,"word":"","text":{"x":2.27566480636597,"y":3.26135063171387,"z":0,"font":0,"fontSize":48}},"p12":{"x":2.06099843978882,"y":2.89504957199097,"z":0,"tension":0,"bias":0,"continuity":0,"index":12,"pointType":2,"word":"","text":{"x":2.56099843978882,"y":2.89504957199097,"z":0,"font":0,"fontSize":48}},"p13":{"x":1.7101149559021,"y":2.28970336914063,"z":0,"tension":1,"bias":0,"continuity":0,"index":13,"pointType":3,"word":"","text":{"x":2.2101149559021,"y":2.28970336914063,"z":0,"font":0,"fontSize":48}},"p14":{"x":1.89432096481323,"y":2.16364455223084,"z":0,"tension":1,"bias":0,"continuity":0,"index":14,"pointType":0,"word":"","text":{"x":2.39432096481323,"y":2.16364455223084,"z":0,"font":0,"fontSize":48}},"p15":{"x":1.54387235641479,"y":1.862269282341,"z":-0.257153987884521,"tension":0,"bias":0,"continuity":0,"index":15,"pointType":2,"word":"","text":{"x":2.04387235641479,"y":1.862269282341,"z":-0.257153987884521,"font":0,"fontSize":48}},"p16":{"x":1.15963315963745,"y":1.93230795860291,"z":-0.340566962957382,"tension":0,"bias":0,"continuity":0,"index":16,"pointType":2,"word":"","text":{"x":1.65963315963745,"y":1.93230795860291,"z":-0.340566962957382,"font":0,"fontSize":48}},"p17":{"x":0.949605464935303,"y":1.61545181274414,"z":-0.529372990131378,"tension":0,"bias":0,"continuity":0,"index":17,"pointType":2,"word":"","text":{"x":1.4496054649353,"y":1.61545181274414,"z":-0.529372990131378,"font":0,"fontSize":48}},"p18":{"x":1.2055516242981,"y":1.31887543201447,"z":-0.542320013046265,"tension":0,"bias":0,"continuity":0,"index":18,"pointType":2,"word":"","text":{"x":1.7055516242981,"y":1.31887543201447,"z":-0.542320013046265,"font":0,"fontSize":48}},"p19":{"x":0.892098903656006,"y":1.15805101394653,"z":-0.499280035495758,"tension":-0.97999906539917,"bias":0,"continuity":0,"index":19,"pointType":2,"word":"","text":{"x":1.39209890365601,"y":1.15805101394653,"z":-0.499280035495758,"font":0,"fontSize":48}},"p20":{"x":0.859733104705811,"y":1.44180107116699,"z":-0.5745490193367,"tension":0,"bias":0,"continuity":0,"index":20,"pointType":2,"word":"","text":{"x":1.35973310470581,"y":1.44180107116699,"z":-0.5745490193367,"font":0,"fontSize":48}},"p21":{"x":0.513341426849365,"y":1.68536078929901,"z":-0.575374960899353,"tension":0,"bias":0,"continuity":0,"index":21,"pointType":2,"word":"","text":{"x":1.01334142684937,"y":1.68536078929901,"z":-0.575374960899353,"font":0,"fontSize":48}},"p22":{"x":0.374259948730469,"y":1.50960969924927,"z":-0.572562098503113,"tension":0,"bias":0,"continuity":0,"index":22,"pointType":2,"word":"","text":{"x":0.874259948730469,"y":1.50960969924927,"z":-0.572562098503113,"font":0,"fontSize":48}},"p23":{"x":0.655032634735107,"y":1.28030860424042,"z":-0.560183167457581,"tension":0,"bias":0,"continuity":0,"index":23,"pointType":2,"word":"","text":{"x":1.15503263473511,"y":1.28030860424042,"z":-0.560183167457581,"font":0,"fontSize":48}},"p24":{"x":0.568532466888428,"y":1.13239204883575,"z":-0.638054966926575,"tension":0,"bias":0,"continuity":0,"index":24,"pointType":2,"word":"","text":{"x":1.06853246688843,"y":1.13239204883575,"z":-0.638054966926575,"font":0,"fontSize":48}},"p25":{"x":0.403302192687988,"y":1.10386514663696,"z":-0.668100833892822,"tension":0,"bias":0,"continuity":0,"index":25,"pointType":0,"word":"","text":{"x":0.903302192687988,"y":1.10386514663696,"z":-0.668100833892822,"font":0,"fontSize":48}},"p26":{"x":0.849692821502686,"y":2.90060186386108,"z":0,"tension":1,"bias":0,"continuity":0,"index":26,"pointType":0,"word":"","text":{"x":1.34969282150269,"y":2.90060186386108,"z":0,"font":0,"fontSize":48}},"p27":{"x":0.726882457733154,"y":2.68298864364624,"z":0,"tension":1,"bias":0,"continuity":0,"index":27,"pointType":0,"word":"","text":{"x":1.22688245773315,"y":2.68298864364624,"z":0,"font":0,"fontSize":48}},"p28":{"x":0.292612791061401,"y":2.9922399520874,"z":0,"tension":1,"bias":0,"continuity":0,"index":28,"pointType":0,"word":"","text":{"x":0.792612791061401,"y":2.9922399520874,"z":0,"font":0,"fontSize":48}},"p29":{"x":-0.191794395446777,"y":2.30887413024902,"z":0,"tension":1,"bias":0,"continuity":0,"index":29,"pointType":0,"word":"","text":{"x":0.308205604553223,"y":2.30887413024902,"z":0,"font":0,"fontSize":48}},"p30":{"x":-0.410692930221558,"y":2.45737266540527,"z":0,"tension":1,"bias":0,"continuity":0,"index":30,"pointType":0,"word":"","text":{"x":0.0893070697784424,"y":2.45737266540527,"z":0,"font":0,"fontSize":48}},"splineCount":2,"unlockType":0,"speed":1,"acceleration":0,"maxSpeed":3,"time":1,"laps":1,"startSpeed":1.44999992847443,"text":"","title":"","forceOrder":true,"camera":{"lockX":false,"lockY":false,"lockZ":false,"x":0,"y":0,"z":0,"setPos":false,"fixCam":false,"fov":42},"spline0":{"order":0,"closed":false,"numPoints":26,"type":0,"lineTexture":0,"lineWidth":1,"bidirectional":true,"speed":0,"points":{"p0":0,"p1":1,"p2":2,"p3":3,"p4":4,"p5":5,"p6":6,"p7":7,"p8":8,"p9":9,"p10":10,"p11":11,"p12":12,"p13":13,"p14":14,"p15":15,"p16":16,"p17":17,"p18":18,"p19":19,"p20":20,"p21":21,"p22":22,"p23":23,"p24":24,"p25":25}},"spline1":{"order":1,"closed":false,"numPoints":7,"type":0,"lineTexture":3,"lineWidth":1,"bidirectional":false,"speed":1.10000002384186,"points":{"p0":13,"p1":26,"p2":27,"p3":28,"p4":29,"p5":30,"p6":0}}}