{"name":"drawtest","pointCount":15,"p0":{"x":-0.380155563354492,"y":0.943667769432068,"z":0,"tension":0,"bias":0,"continuity":0,"index":0,"pointType":6,"word":"","text":{"x":0.119844436645508,"y":0.943667769432068,"z":0,"font":0,"fontSize":48}},"p1":{"x":0.803584575653076,"y":1.06777143478394,"z":0,"tension":0,"bias":0,"continuity":0,"index":1,"pointType":0,"word":"","text":{"x":1.30358457565308,"y":1.06777143478394,"z":0,"font":0,"fontSize":48}},"p2":{"x":1.2355809211731,"y":0.331187725067139,"z":0,"tension":0,"bias":0,"continuity":0,"index":2,"pointType":0,"word":"","text":{"x":1.7355809211731,"y":0.331187725067139,"z":0,"font":0,"fontSize":48}},"p3":{"x":-0.288593292236328,"y":-0.332675933837891,"z":0,"tension":0,"bias":0,"continuity":0,"index":3,"pointType":0,"word":"","text":{"x":0.211406707763672,"y":-0.332675933837891,"z":0,"font":0,"fontSize":48}},"p4":{"x":-1.38632678985596,"y":-0.480911254882813,"z":0,"tension":0,"bias":0,"continuity":0,"index":4,"pointType":0,"word":"","text":{"x":-0.886326789855957,"y":-0.480911254882813,"z":0,"font":0,"fontSize":48}},"p5":{"x":-2.27973699569702,"y":1.20174741744995,"z":0,"tension":0,"bias":0,"continuity":0,"index":5,"pointType":0,"word":"","text":{"x":-1.77973699569702,"y":1.20174741744995,"z":0,"font":0,"fontSize":48}},"p6":{"x":-1.91916739940643,"y":1.82673192024231,"z":0,"tension":0,"bias":0,"continuity":0,"index":6,"pointType":0,"word":"","text":{"x":-1.41916739940643,"y":1.82673192024231,"z":0,"font":0,"fontSize":48}},"p7":{"x":-1.10988974571228,"y":2.10317134857178,"z":0,"tension":0,"bias":0,"continuity":0,"index":7,"pointType":0,"word":"","text":{"x":-0.60988974571228,"y":2.10317134857178,"z":0,"font":0,"fontSize":48}},"p8":{"x":-0.0802643299102783,"y":1.88282322883606,"z":0,"tension":0,"bias":0,"continuity":0,"index":8,"pointType":0,"word":"","text":{"x":0.419735670089722,"y":1.88282322883606,"z":0,"font":0,"fontSize":48}},"p9":{"x":1.39806985855103,"y":2.03506374359131,"z":0,"tension":0,"bias":0,"continuity":0,"index":9,"pointType":0,"word":"","text":{"x":1.89806985855103,"y":2.03506374359131,"z":0,"font":0,"fontSize":48}},"p10":{"x":-0.765346050262451,"y":-0.0722658634185791,"z":0,"tension":0,"bias":0,"continuity":0,"index":10,"pointType":0,"word":"","text":{"x":-0.265346050262451,"y":-0.0722658634185791,"z":0,"font":0,"fontSize":48}},"p11":{"x":-3.09302043914795,"y":-0.693244934082031,"z":0,"tension":0,"bias":0,"continuity":0,"index":11,"pointType":0,"word":"","text":{"x":-2.59302043914795,"y":-0.693244934082031,"z":0,"font":0,"fontSize":48}},"p12":{"x":1.87482213973999,"y":-0.312644958496094,"z":0,"tension":0,"bias":0,"continuity":0,"index":12,"pointType":0,"word":"","text":{"x":2.37482213973999,"y":-0.312644958496094,"z":0,"font":0,"fontSize":48}},"p13":{"x":-1.55058550834656,"y":0.865214824676514,"z":0,"tension":0,"bias":0,"continuity":0,"index":13,"pointType":0,"word":"","text":{"x":-1.05058550834656,"y":0.865214824676514,"z":0,"font":0,"fontSize":48}},"p14":{"x":-3.13308382034302,"y":2.0069055557251,"z":0,"tension":0,"bias":0,"continuity":0,"index":14,"pointType":0,"word":"","text":{"x":-2.63308382034302,"y":2.0069055557251,"z":0,"font":0,"fontSize":48}},"splineCount":3,"unlockType":0,"speed":1,"acceleration":1,"maxSpeed":10,"time":1,"laps":1,"startSpeed":0,"text":"","title":"","forceOrder":true,"camera":{"lockX":false,"lockY":false,"lockZ":false,"x":0,"y":0,"z":0,"setPos":false,"fixCam":false,"fov":59},"spline0":{"order":0,"closed":true,"numPoints":9,"type":0,"lineTexture":0,"lineWidth":1,"bidirectional":true,"speed":0,"points":{"p0":0,"p1":1,"p2":2,"p3":3,"p4":4,"p5":5,"p6":6,"p7":7,"p8":8}},"spline1":{"order":1,"closed":false,"numPoints":4,"type":0,"lineTexture":0,"lineWidth":1,"bidirectional":true,"speed":0,"points":{"p0":9,"p1":1,"p2":10,"p3":11}},"spline2":{"order":2,"closed":false,"numPoints":4,"type":0,"lineTexture":0,"lineWidth":1,"bidirectional":true,"speed":0,"points":{"p0":12,"p1":13,"p2":6,"p3":14}}}