{"name":"Fly2","pointCount":10,"p0":{"x":-1.05358505249023,"y":4.19286918640137,"z":0,"tension":0,"bias":0,"continuity":0,"index":0,"pointType":6,"word":"","text":{"x":-0.553585052490234,"y":4.19286918640137,"z":0,"font":0,"fontSize":48}},"p1":{"x":-0.652133941650391,"y":4.76208591461182,"z":0,"tension":0,"bias":0,"continuity":0,"index":1,"pointType":1,"word":"","text":{"x":-0.152133941650391,"y":4.76208591461182,"z":0,"font":0,"fontSize":48}},"p2":{"x":-0.0059199333190918,"y":4.94774389266968,"z":0,"tension":0,"bias":0,"continuity":0,"index":2,"pointType":1,"word":"","text":{"x":0.494080066680908,"y":4.94774389266968,"z":0,"font":0,"fontSize":48}},"p3":{"x":0.656309604644775,"y":4.79927492141724,"z":0,"tension":0,"bias":0,"continuity":0,"index":3,"pointType":1,"word":"","text":{"x":1.15630960464478,"y":4.79927492141724,"z":0,"font":0,"fontSize":48}},"p4":{"x":-0.94899845123291,"y":4.51415061950684,"z":0,"tension":0,"bias":0,"continuity":0,"index":4,"pointType":2,"word":"","text":{"x":-0.44899845123291,"y":4.51415061950684,"z":0,"font":0,"fontSize":48}},"p5":{"x":0.994926452636719,"y":4.34064865112305,"z":0,"tension":0,"bias":0,"continuity":0,"index":5,"pointType":1,"word":"","text":{"x":1.49492645263672,"y":4.34064865112305,"z":0,"font":0,"fontSize":48}},"p6":{"x":0.954440593719482,"y":3.65550756454468,"z":0,"tension":0,"bias":0,"continuity":0,"index":6,"pointType":1,"word":"","text":{"x":1.45444059371948,"y":3.65550756454468,"z":0,"font":0,"fontSize":48}},"p7":{"x":0.610141754150391,"y":3.1566059589386,"z":0,"tension":0,"bias":0,"continuity":0,"index":7,"pointType":1,"word":"","text":{"x":1.11014175415039,"y":3.1566059589386,"z":0,"font":0,"fontSize":48}},"p8":{"x":-0.17344331741333,"y":3.06469488143921,"z":0,"tension":0,"bias":0,"continuity":0,"index":8,"pointType":1,"word":"","text":{"x":0.32655668258667,"y":3.06469488143921,"z":0,"font":0,"fontSize":48}},"p9":{"x":-0.836069107055664,"y":3.4991614818573,"z":0,"tension":0,"bias":0,"continuity":0,"index":9,"pointType":7,"word":"","text":{"x":-0.336069107055664,"y":3.4991614818573,"z":0,"font":0,"fontSize":48}},"splineCount":1,"unlockType":0,"speed":1,"acceleration":0.450000017881393,"maxSpeed":10,"time":1,"laps":0,"startSpeed":0.450000017881393,"text":"","title":"","forceOrder":false,"camera":{"lockX":false,"lockY":false,"lockZ":true,"x":0,"y":0,"z":0,"setPos":false,"fixCam":false,"fov":34},"spline0":{"order":0,"closed":false,"numPoints":3,"type":0,"lineTexture":0,"lineWidth":1,"bidirectional":true,"speed":0,"points":{"p0":0,"p1":4,"p2":1}}}