{"name":"JustFlying","pointCount":16,"p0":{"x":-0.118381977081299,"y":2.11773824691772,"z":0,"tension":0,"bias":0,"continuity":0,"index":0,"pointType":2,"word":"","text":{"x":0.381618022918701,"y":2.11773824691772,"z":0,"font":0,"fontSize":48}},"p1":{"x":-1.01276397705078,"y":0.886978030204773,"z":0,"tension":0,"bias":0,"continuity":0,"index":1,"pointType":1,"word":"","text":{"x":-0.512763977050781,"y":0.886978030204773,"z":0,"font":0,"fontSize":48}},"p2":{"x":0.871091365814209,"y":0.919334173202515,"z":0,"tension":0,"bias":0,"continuity":0,"index":2,"pointType":1,"word":"","text":{"x":1.37109136581421,"y":0.919334173202515,"z":0,"font":0,"fontSize":48}},"p3":{"x":-1.27665853500366,"y":1.39446711540222,"z":-0.00882482528686523,"tension":0,"bias":0,"continuity":0,"index":3,"pointType":1,"word":"","text":{"x":-0.776658535003662,"y":1.39446711540222,"z":-0.00882482528686523,"font":0,"fontSize":48}},"p4":{"x":-0.278694152832031,"y":1.71843028068542,"z":-0.027742862701416,"tension":0,"bias":0,"continuity":0,"index":4,"pointType":1,"word":"","text":{"x":0.221305847167969,"y":1.71843028068542,"z":-0.027742862701416,"font":0,"fontSize":48}},"p5":{"x":0.556149482727051,"y":1.63597619533539,"z":-0.0540728569030762,"tension":0,"bias":0,"continuity":0,"index":5,"pointType":1,"word":"","text":{"x":1.05614948272705,"y":1.63597619533539,"z":-0.0540728569030762,"font":0,"fontSize":48}},"p6":{"x":-0.976722955703735,"y":2.10597276687622,"z":-0.0540728569030762,"tension":1,"bias":0,"continuity":0,"index":6,"pointType":6,"word":"","text":{"x":-0.476722955703735,"y":2.10597276687622,"z":-0.0540728569030762,"font":0,"fontSize":48}},"p7":{"x":1.93375635147095,"y":0.615827083587646,"z":-0.00220930576324463,"tension":0,"bias":0,"continuity":0,"index":7,"pointType":1,"word":"","text":{"x":2.43375635147095,"y":0.615827083587646,"z":-0.00220930576324463,"font":0,"fontSize":48}},"p8":{"x":2.51588916778564,"y":1.90799033641815,"z":-0.00220930576324463,"tension":0,"bias":0,"continuity":0,"index":8,"pointType":1,"word":"","text":{"x":3.01588916778564,"y":1.90799033641815,"z":-0.00220930576324463,"font":0,"fontSize":48}},"p9":{"x":-2.560138463974,"y":0.968637585639954,"z":-0.00220930576324463,"tension":0,"bias":0,"continuity":0,"index":9,"pointType":1,"word":"","text":{"x":-2.060138463974,"y":0.968637585639954,"z":-0.00220930576324463,"font":0,"fontSize":48}},"p10":{"x":-2.06620621681213,"y":2.47689366340637,"z":-0.00220930576324463,"tension":0,"bias":0,"continuity":0,"index":10,"pointType":1,"word":"","text":{"x":-1.56620621681213,"y":2.47689366340637,"z":-0.00220930576324463,"font":0,"fontSize":48}},"p11":{"x":0.0550527572631836,"y":0.532041788101196,"z":-0.00220930576324463,"tension":0,"bias":0,"continuity":0,"index":11,"pointType":1,"word":"","text":{"x":0.555052757263184,"y":0.532041788101196,"z":-0.00220930576324463,"font":0,"fontSize":48}},"p12":{"x":1.75294160842896,"y":1.33908700942993,"z":-0.00220930576324463,"tension":0,"bias":0,"continuity":0,"index":12,"pointType":1,"word":"","text":{"x":2.25294160842896,"y":1.33908700942993,"z":-0.00220930576324463,"font":0,"fontSize":48}},"p13":{"x":1.0958366394043,"y":1.76686334609985,"z":-0.00220930576324463,"tension":0,"bias":0,"continuity":0,"index":13,"pointType":4,"word":"","text":{"x":1.5958366394043,"y":1.76686334609985,"z":-0.00220930576324463,"font":0,"fontSize":48}},"p14":{"x":-0.011099100112915,"y":1.07447898387909,"z":-0.00220930576324463,"tension":0,"bias":0,"continuity":0,"index":14,"pointType":4,"word":"","text":{"x":0.488900899887085,"y":1.07447898387909,"z":-0.00220930576324463,"font":0,"fontSize":48}},"p15":{"x":-2.35286283493042,"y":1.5199019908905,"z":-0.00220930576324463,"tension":0,"bias":0,"continuity":0,"index":15,"pointType":4,"word":"","text":{"x":-1.85286283493042,"y":1.5199019908905,"z":-0.00220930576324463,"font":0,"fontSize":48}},"splineCount":1,"unlockType":0,"speed":1,"acceleration":1,"maxSpeed":10,"time":1,"laps":1,"startSpeed":1,"text":"","title":"","forceOrder":false,"camera":{"lockX":true,"lockY":true,"lockZ":true,"x":-0.108121640980244,"y":1.15165758132935,"z":-2.00220918655396,"setPos":true,"fixCam":false,"fov":90},"spline0":{"order":0,"closed":false,"numPoints":3,"type":0,"lineTexture":0,"lineWidth":1,"bidirectional":true,"speed":0,"points":{"p0":5,"p1":0,"p2":6}}}