{"name":"Screen1","pointCount":28,"p0":{"x":2.21693086624146,"y":-0.764739513397217,"z":-1.34443628787994,"tension":0,"bias":0,"continuity":0,"index":0,"pointType":6,"word":"","text":{"x":2.71693086624146,"y":-0.764739513397217,"z":-1.34443628787994,"font":0,"fontSize":48}},"p1":{"x":3.59747076034546,"y":-0.764739513397217,"z":-1.34443628787994,"tension":1,"bias":0,"continuity":0,"index":1,"pointType":0,"word":"","text":{"x":4.09747076034546,"y":-0.764739513397217,"z":-1.34443628787994,"font":0,"fontSize":48}},"p2":{"x":3.59747076034546,"y":-1.9552755355835,"z":-1.34443628787994,"tension":1,"bias":0,"continuity":0,"index":2,"pointType":0,"word":"","text":{"x":4.09747076034546,"y":-1.9552755355835,"z":-1.34443628787994,"font":0,"fontSize":48}},"p3":{"x":1.81287050247192,"y":-1.97211074829102,"z":-1.34443628787994,"tension":1,"bias":0,"continuity":0,"index":3,"pointType":0,"word":"","text":{"x":2.31287050247192,"y":-1.97211074829102,"z":-1.34443628787994,"font":0,"fontSize":48}},"p4":{"x":1.81046772003174,"y":-0.77195405960083,"z":-1.34443628787994,"tension":1,"bias":0,"continuity":0,"index":4,"pointType":5,"word":"","text":{"x":2.31046772003174,"y":-0.77195405960083,"z":-1.34443628787994,"font":0,"fontSize":48}},"p5":{"x":0.944323062896729,"y":0.334512710571289,"z":-1.60194706916809,"tension":1,"bias":0,"continuity":0,"index":5,"pointType":0,"word":"","text":{"x":1.44432306289673,"y":0.334512710571289,"z":-1.60194706916809,"font":0,"fontSize":48}},"p6":{"x":2.02865839004517,"y":0.339208245277405,"z":-1.61373686790466,"tension":1,"bias":0,"continuity":0,"index":6,"pointType":0,"word":"","text":{"x":2.52865839004517,"y":0.339208245277405,"z":-1.61373686790466,"font":0,"fontSize":48}},"p7":{"x":2.03999328613281,"y":-0.3668212890625,"z":-1.59649908542633,"tension":1,"bias":0,"continuity":0,"index":7,"pointType":6,"word":"","text":{"x":2.53999328613281,"y":-0.3668212890625,"z":-1.59649908542633,"font":0,"fontSize":48}},"p8":{"x":0.947135448455811,"y":-0.378146171569824,"z":-1.59649908542633,"tension":1,"bias":0,"continuity":0,"index":8,"pointType":5,"word":"","text":{"x":1.44713544845581,"y":-0.378146171569824,"z":-1.59649908542633,"font":0,"fontSize":48}},"p9":{"x":0.738369464874268,"y":-1.14323043823242,"z":-1.51814603805542,"tension":1,"bias":0,"continuity":0,"index":9,"pointType":0,"word":"","text":{"x":1.23836946487427,"y":-1.14323043823242,"z":-1.51814603805542,"font":0,"fontSize":48}},"p10":{"x":1.93666410446167,"y":-1.12635135650635,"z":-1.51814603805542,"tension":1,"bias":0,"continuity":0,"index":10,"pointType":0,"word":"","text":{"x":2.43666410446167,"y":-1.12635135650635,"z":-1.51814603805542,"font":0,"fontSize":48}},"p11":{"x":1.93947553634644,"y":-0.276856899261475,"z":-1.51814603805542,"tension":1,"bias":0,"continuity":0,"index":11,"pointType":5,"word":"","text":{"x":2.43947553634644,"y":-0.276856899261475,"z":-1.51814603805542,"font":0,"fontSize":48}},"p12":{"x":0.735556125640869,"y":-0.288108825683594,"z":-1.51814603805542,"tension":1,"bias":0,"continuity":0,"index":12,"pointType":6,"word":"","text":{"x":1.23555612564087,"y":-0.288108825683594,"z":-1.51814603805542,"font":0,"fontSize":48}},"p13":{"x":0.0326809883117676,"y":-0.517483949661255,"z":-1.14731419086456,"tension":1,"bias":0,"continuity":0,"index":13,"pointType":5,"word":"","text":{"x":0.532680988311768,"y":-0.517483949661255,"z":-1.14731419086456,"font":0,"fontSize":48}},"p14":{"x":1.01660490036011,"y":-0.508783578872681,"z":-1.14731419086456,"tension":1,"bias":0,"continuity":0,"index":14,"pointType":0,"word":"","text":{"x":1.51660490036011,"y":-0.508783578872681,"z":-1.14731419086456,"font":0,"fontSize":48}},"p15":{"x":1.01503038406372,"y":-1.01621699333191,"z":-1.14731419086456,"tension":1,"bias":0,"continuity":0,"index":15,"pointType":6,"word":"","text":{"x":1.51503038406372,"y":-1.01621699333191,"z":-1.14731419086456,"font":0,"fontSize":48}},"p16":{"x":0.0383396148681641,"y":-0.897846221923828,"z":-1.18164825439453,"tension":1,"bias":0,"continuity":0,"index":16,"pointType":5,"word":"","text":{"x":0.538339614868164,"y":-0.897846221923828,"z":-1.18164825439453,"font":0,"fontSize":48}},"p17":{"x":0.051112174987793,"y":-1.33946084976196,"z":-1.18164825439453,"tension":1,"bias":0,"continuity":0,"index":17,"pointType":6,"word":"","text":{"x":0.551112174987793,"y":-1.33946084976196,"z":-1.18164825439453,"font":0,"fontSize":48}},"p18":{"x":-0.725220203399658,"y":-1.3421573638916,"z":-1.18164825439453,"tension":1,"bias":0,"continuity":0,"index":18,"pointType":0,"word":"","text":{"x":-0.225220203399658,"y":-1.3421573638916,"z":-1.18164825439453,"font":0,"fontSize":48}},"p19":{"x":-0.732432842254639,"y":-0.897740364074707,"z":-1.18164825439453,"tension":1,"bias":0,"continuity":0,"index":19,"pointType":0,"word":"","text":{"x":-0.232432842254639,"y":-0.897740364074707,"z":-1.18164825439453,"font":0,"fontSize":48}},"p20":{"x":1.70871162414551,"y":-0.906788349151611,"z":-1.11189293861389,"tension":1,"bias":0,"continuity":0,"index":20,"pointType":0,"word":"","text":{"x":2.20871162414551,"y":-0.906788349151611,"z":-1.11189293861389,"font":0,"fontSize":48}},"p21":{"x":1.72599649429321,"y":-1.74397945404053,"z":-1.05973339080811,"tension":1,"bias":0,"continuity":0,"index":21,"pointType":0,"word":"","text":{"x":2.22599649429321,"y":-1.74397945404053,"z":-1.05973339080811,"font":0,"fontSize":48}},"p22":{"x":0.295669555664063,"y":-1.75927114486694,"z":-1.05973339080811,"tension":1,"bias":0,"continuity":0,"index":22,"pointType":5,"word":"","text":{"x":0.795669555664063,"y":-1.75927114486694,"z":-1.05973339080811,"font":0,"fontSize":48}},"p23":{"x":0.278161525726318,"y":-0.908793687820435,"z":-1.05973339080811,"tension":1,"bias":0,"continuity":0,"index":23,"pointType":6,"word":"","text":{"x":0.778161525726318,"y":-0.908793687820435,"z":-1.05973339080811,"font":0,"fontSize":48}},"p24":{"x":-0.462243556976318,"y":-2.63204860687256,"z":-1.12346267700195,"tension":1,"bias":0,"continuity":0,"index":24,"pointType":0,"word":"","text":{"x":0.0377564430236816,"y":-2.63204860687256,"z":-1.12346267700195,"font":0,"fontSize":48}},"p25":{"x":0.0704529285430908,"y":-2.62345695495605,"z":-1.12346267700195,"tension":1,"bias":0,"continuity":0,"index":25,"pointType":7,"word":"","text":{"x":0.570452928543091,"y":-2.62345695495605,"z":-1.12346267700195,"font":0,"fontSize":48}},"p26":{"x":-0.467971086502075,"y":-1.72989702224731,"z":-1.12346267700195,"tension":1,"bias":0,"continuity":0,"index":26,"pointType":0,"word":"","text":{"x":0.0320289134979248,"y":-1.72989702224731,"z":-1.12346267700195,"font":0,"fontSize":48}},"p27":{"x":0.0543379783630371,"y":-1.71218037605286,"z":-1.12346267700195,"tension":1,"bias":0,"continuity":0,"index":27,"pointType":6,"word":"","text":{"x":0.554337978363037,"y":-1.71218037605286,"z":-1.12346267700195,"font":0,"fontSize":48}},"splineCount":7,"unlockType":1,"speed":4,"acceleration":1,"time":1,"laps":1,"startSpeed":1.04999995231628,"text":"","title":"","forceOrder":true,"camera":{"lockX":true,"lockY":false,"lockZ":false,"x":1.4622654914856,"y":-1.08345115184784,"z":-3.27661204338074,"setPos":true,"fixCam":false,"fov":75},"spline0":{"order":0,"closed":false,"numPoints":5,"type":0,"lineTexture":0,"lineWidth":1,"bidirectional":false,"speed":0,"points":{"p0":0,"p1":1,"p2":2,"p3":3,"p4":4}},"spline1":{"order":1,"closed":true,"numPoints":4,"type":0,"lineTexture":3,"lineWidth":1,"bidirectional":false,"speed":0,"points":{"p0":8,"p1":7,"p2":6,"p3":5}},"spline2":{"order":2,"closed":true,"numPoints":4,"type":0,"lineTexture":0,"lineWidth":1,"bidirectional":false,"speed":0,"points":{"p0":9,"p1":10,"p2":11,"p3":12}},"spline3":{"order":3,"closed":false,"numPoints":3,"type":0,"lineTexture":1,"lineWidth":1,"bidirectional":false,"speed":0,"points":{"p0":15,"p1":14,"p2":13}},"spline4":{"order":4,"closed":true,"numPoints":4,"type":0,"lineTexture":0,"lineWidth":1,"bidirectional":false,"speed":0,"points":{"p0":16,"p1":17,"p2":18,"p3":19}},"spline5":{"order":5,"closed":true,"numPoints":4,"type":0,