{"name":"Slouch","pointCount":10,"p0":{"x":-0.155537843704224,"y":0.832164525985718,"z":0,"tension":0,"bias":0,"continuity":0,"index":0,"pointType":0,"word":"","text":{"x":0.344462156295776,"y":0.832164525985718,"z":0,"font":0,"fontSize":48}},"p1":{"x":-0.491837024688721,"y":0.692157983779907,"z":0,"tension":0,"bias":0,"continuity":0,"index":1,"pointType":0,"word":"","text":{"x":0.0081629753112793,"y":0.692157983779907,"z":0,"font":0,"fontSize":48}},"p2":{"x":-0.491837024688721,"y":0.287228107452393,"z":0,"tension":0,"bias":0,"continuity":0,"index":2,"pointType":0,"word":"","text":{"x":0.0081629753112793,"y":0.287228107452393,"z":0,"font":0,"fontSize":48}},"p3":{"x":0.106636762619019,"y":0.265266895294189,"z":0,"tension":0,"bias":0,"continuity":0,"index":3,"pointType":0,"word":"","text":{"x":0.606636762619019,"y":0.265266895294189,"z":0,"font":0,"fontSize":48}},"p4":{"x":0.702365398406982,"y":0.720985651016235,"z":0,"tension":0,"bias":0,"continuity":0,"index":4,"pointType":0,"word":"","text":{"x":1.20236539840698,"y":0.720985651016235,"z":0,"font":0,"fontSize":48}},"p5":{"x":0.817668437957764,"y":1.54731118679047,"z":0,"tension":0,"bias":0,"continuity":0,"index":5,"pointType":0,"word":"","text":{"x":1.31766843795776,"y":1.54731118679047,"z":0,"font":0,"fontSize":48}},"p6":{"x":0.517058849334717,"y":1.59895610809326,"z":0,"tension":0,"bias":0,"continuity":0,"index":6,"pointType":0,"word":"","text":{"x":1.01705884933472,"y":1.59895610809326,"z":0,"font":0,"fontSize":48}},"p7":{"x":0.522548198699951,"y":1.35508036613464,"z":0,"tension":0,"bias":0,"continuity":0,"index":7,"pointType":0,"word":"","text":{"x":1.02254819869995,"y":1.35508036613464,"z":0,"font":0,"fontSize":48}},"p8":{"x":0.559609889984131,"y":0.988579750061035,"z":0,"tension":0,"bias":0,"continuity":0,"index":8,"pointType":0,"word":"","text":{"x":1.05960988998413,"y":0.988579750061035,"z":0,"font":0,"fontSize":48}},"p9":{"x":0.396264553070068,"y":0.779938459396362,"z":0,"tension":0,"bias":0,"continuity":0,"index":9,"pointType":0,"word":"","text":{"x":0.896264553070068,"y":0.779938459396362,"z":0,"font":0,"fontSize":48}},"splineCount":1,"unlockType":0,"speed":1,"acceleration":5,"maxSpeed":10,"time":1,"laps":1,"startSpeed":0.349999994039536,"text":"","title":"","forceOrder":false,"camera":{"lockX":true,"lockY":true,"lockZ":false,"x":-0.94094330072403,"y":1.28114831447601,"z":-2,"setPos":false,"fixCam":false,"fov":68},"spline0":{"order":0,"closed":true,"numPoints":10,"type":0,"lineTexture":0,"lineWidth":1,"bidirectional":true,"speed":0,"points":{"p0":0,"p1":1,"p2":2,"p3":3,"p4":4,"p5":5,"p6":6,"p7":7,"p8":8,"p9":9}}}