{"name":"steps","pointCount":24,"p0":{"x":-1.1317081451416,"y":0.235830068588257,"z":0,"tension":0,"bias":0,"continuity":0,"index":0,"pointType":6,"word":"","text":{"x":-0.631708145141602,"y":0.235830068588257,"z":0,"font":0,"fontSize":48}},"p1":{"x":-0.850465536117554,"y":0.436723232269287,"z":0,"tension":0,"bias":0,"continuity":0,"index":1,"pointType":0,"word":"","text":{"x":-0.350465536117554,"y":0.436723232269287,"z":0,"font":0,"fontSize":48}},"p2":{"x":-0.669664144515991,"y":0.130664467811584,"z":0,"tension":0,"bias":0,"continuity":0,"index":2,"pointType":0,"word":"","text":{"x":-0.169664144515991,"y":0.130664467811584,"z":0,"font":0,"fontSize":48}},"p3":{"x":-0.932000875473022,"y":0.00540328025817871,"z":0,"tension":0,"bias":0,"continuity":0,"index":3,"pointType":0,"word":"","text":{"x":-0.432000875473022,"y":0.00540328025817871,"z":0,"font":0,"fontSize":48}},"p4":{"x":0.106024265289307,"y":0.66264545917511,"z":-0.180686995387077,"tension":0,"bias":0,"continuity":0,"index":4,"pointType":2,"word":"","text":{"x":0.606024265289307,"y":0.66264545917511,"z":-0.180686995387077,"font":0,"fontSize":48}},"p5":{"x":-0.0224165916442871,"y":0.302074551582336,"z":-0.180686995387077,"tension":0,"bias":0,"continuity":0,"index":5,"pointType":0,"word":"","text":{"x":0.477583408355713,"y":0.302074551582336,"z":-0.180686995387077,"font":0,"fontSize":48}},"p6":{"x":0.440290689468384,"y":0.181367993354797,"z":-0.180686995387077,"tension":0,"bias":0,"continuity":0,"index":6,"pointType":2,"word":"","text":{"x":0.940290689468384,"y":0.181367993354797,"z":-0.180686995387077,"font":0,"fontSize":48}},"p7":{"x":0.568735599517822,"y":0.54039192199707,"z":-0.180686995387077,"tension":0,"bias":0,"continuity":0,"index":7,"pointType":2,"word":"","text":{"x":1.06873559951782,"y":0.54039192199707,"z":-0.180686995387077,"font":0,"fontSize":48}},"p8":{"x":0.683248043060303,"y":-0.29781699180603,"z":-0.347623974084854,"tension":0,"bias":0,"continuity":0,"index":8,"pointType":0,"word":"","text":{"x":1.1832480430603,"y":-0.29781699180603,"z":-0.347623974084854,"font":0,"fontSize":48}},"p9":{"x":0.781371593475342,"y":-0.621413707733154,"z":-0.347623974084854,"tension":0,"bias":0,"continuity":0,"index":9,"pointType":0,"word":"","text":{"x":1.28137159347534,"y":-0.621413707733154,"z":-0.347623974084854,"font":0,"fontSize":48}},"p10":{"x":1.1550726890564,"y":-0.592185497283936,"z":-0.347623974084854,"tension":0,"bias":0,"continuity":0,"index":10,"pointType":0,"word":"","text":{"x":1.6550726890564,"y":-0.592185497283936,"z":-0.347623974084854,"font":0,"fontSize":48}},"p11":{"x":1.09661817550659,"y":-0.237272977828979,"z":-0.347623974084854,"tension":0,"bias":0,"continuity":0,"index":11,"pointType":0,"word":"","text":{"x":1.59661817550659,"y":-0.237272977828979,"z":-0.347623974084854,"font":0,"fontSize":48}},"p12":{"x":0.432345867156982,"y":-1.47915697097778,"z":-0.347623974084854,"tension":0,"bias":0,"continuity":0,"index":12,"pointType":0,"word":"","text":{"x":0.932345867156982,"y":-1.47915697097778,"z":-0.347623974084854,"font":0,"fontSize":48}},"p13":{"x":0.530468463897705,"y":-1.80275392532349,"z":-0.347623974084854,"tension":0,"bias":0,"continuity":0,"index":13,"pointType":0,"word":"","text":{"x":1.03046846389771,"y":-1.80275392532349,"z":-0.347623974084854,"font":0,"fontSize":48}},"p14":{"x":0.90416955947876,"y":-1.77352571487427,"z":-0.347623974084854,"tension":0,"bias":0,"continuity":0,"index":14,"pointType":0,"word":"","text":{"x":1.40416955947876,"y":-1.77352571487427,"z":-0.347623974084854,"font":0,"fontSize":48}},"p15":{"x":0.845715045928955,"y":-1.41861295700073,"z":-0.347623974084854,"tension":0,"bias":0,"continuity":0,"index":15,"pointType":0,"word":"","text":{"x":1.34571504592896,"y":-1.41861295700073,"z":-0.347623974084854,"font":0,"fontSize":48}},"p16":{"x":-1.14487600326538,"y":-0.361950874328613,"z":-0.347623974084854,"tension":0,"bias":0,"continuity":0,"index":16,"pointType":0,"word":"","text":{"x":-0.644876003265381,"y":-0.361950874328613,"z":-0.347623974084854,"font":0,"fontSize":48}},"p17":{"x":-1.4330530166626,"y":-0.538859844207764,"z":-0.347623974084854,"tension":0,"bias":0,"continuity":0,"index":17,"pointType":0,"word":"","text":{"x":-0.933053016662598,"y":-0.538859844207764,"z":-0.347623974084854,"font":0,"fontSize":48}},"p18":{"x":-1.31009578704834,"y":-0.892961025238037,"z":-0.347623974084854,"tension":0,"bias":0,"continuity":0,"index":18,"pointType":0,"word":"","text":{"x":-0.81009578704834,"y":-0.892961025238037,"z":-0.347623974084854,"font":0,"fontSize":48}},"p19":{"x":-0.981573581695557,"y":-0.746490478515625,"z":-0.347623974084854,"tension":0,"bias":0,"continuity":0,"index":19,"pointType":0,"word":"","text":{"x":-0.481573581695557,"y":-0.746490478515625,"z":-0.347623974084854,"font":0,"fontSize":48}},"p20":{"x":-0.944100856781006,"y":-1.27984809875488,"z":-0.347623974084854,"tension":0,"bias":0,"continuity":0,"index":20,"pointType":0,"word":"","text":{"x":-0.444100856781006,"y":-1.27984809875488,"z":-0.347623974084854,"font":0,"fontSize":48}},"p21":{"x":-0.845978260040283,"y":-1.60344505310059,"z":-0.347623974084854,"tension":0,"bias":0,"continuity":0,"index":21,"pointType":0,"word":"","text":{"x":-0.345978260040283,"y":-1.60344505310059,"z":-0.347623974084854,"font":0,"fontSize":48}},"p22":{"x":-0.472278594970703,"y":-1.57421684265137,"z":-0.347623974084854,"tension":0,"bias":0,"continuity":0,"index":22,"pointType":0,"word":"","text":{"x":0.0277214050292969,"y":-1.57421684265137,"z":-0.347623974084854,"font":0,"fontSize":48}},"p23":{"x":-0.530733108520508,"y":-1.21930408477783,"z":-0.347623974084854,"tension":0,"bias":0,"continuity":0,"index":23,"pointType":0,"word":"","text":{"x":-0.0307331085205078,"y":-1.21930408477783,"z":-0.347623974084854,"font":0,"fontSize":48}},"splineCount":6,"unlockType":0,"speed":1,"acceleration":1,"maxSpeed":10,"time":1,"laps":1,"startSpeed":1,"text":"","title":"","forceOrder":false,"camera":{"lockX":false,"lockY":false,"lockZ":true,"x":0,"y":0,"z":0,"setPos":false,"fixCam":false,"fov":56},"spline0":{"order":0,"closed":true,"numPoints":4,"type":0,"lineTexture":0,"lineWidth":1,"bidirectional":true,"speed":0,"points":{"p0":0,"p1":1,"p2":2,"p3":3}},"spline1":{"order":1,"closed":true,"numPoints":4,"type":0,"lineTexture":0,"lineWidth":1,"bidirectional":true,"speed":0,"points":{"p0":4,"p1":5,"p2":6,"p3":7}},"spline2":{"order":2,"closed":true,"numPoints":4,"type":0,"lineTexture":0,"lineWidth":1,"bidirectional":true,"speed":0,"points":{"p0":8,"p1":9,"p2":10,"p3":11}},"spline3":{"order":3,"closed":true,"numPoints":4,"type":0,"lineTexture":0,"lineWidth":1,"bidirectional":true,"speed":0,"points":{"p0":12,"p1":13,"p2":14,"p3":15}},"spline4":{"order":4,"closed":true,"numPoints":4,"type":0,"lineTexture":0,"lineWidth":1,"bidirectional":true,"speed":0,"points":{"p0":16,"p1":17,"p2":18,"p3":19}},"spline5":{"order":5,"closed":true,"numPoints":4,"type":0,"lineTexture":0,"lineWidth":1,"bidirectional":true,"speed":0,"points":{"p0":20,"p1":21,"p2":22,"p3":23}}}