{"name":"002","pointCount":38,"p0":{"x":0.722111225128174,"y":2.27676796913147,"z":-0.22670578956604,"tension":0,"bias":0,"continuity":0,"index":0,"pointType":0,"word":"","text":{"x":1.22211122512817,"y":2.27676796913147,"z":-0.22670578956604,"font":0,"fontSize":48}},"p1":{"x":0.247542381286621,"y":1.78104269504547,"z":-0.22670578956604,"tension":0,"bias":0,"continuity":0,"index":1,"pointType":2,"word":"","text":{"x":0.747542381286621,"y":1.78104269504547,"z":-0.22670578956604,"font":0,"fontSize":48}},"p2":{"x":0.285993814468384,"y":1.48342132568359,"z":-0.22670578956604,"tension":0,"bias":0,"continuity":0,"index":2,"pointType":2,"word":"","text":{"x":0.785993814468384,"y":1.48342132568359,"z":-0.22670578956604,"font":0,"fontSize":48}},"p3":{"x":0.644986629486084,"y":1.5949479341507,"z":-0.22670578956604,"tension":0,"bias":0,"continuity":0,"index":3,"pointType":2,"word":"","text":{"x":1.14498662948608,"y":1.5949479341507,"z":-0.22670578956604,"font":0,"fontSize":48}},"p4":{"x":0.917092800140381,"y":1.96908581256866,"z":-0.22670578956604,"tension":0,"bias":0,"continuity":0,"index":4,"pointType":2,"word":"","text":{"x":1.41709280014038,"y":1.96908581256866,"z":-0.22670578956604,"font":0,"fontSize":48}},"p5":{"x":0.732127666473389,"y":2.4485776424408,"z":-0.22670578956604,"tension":0,"bias":0,"continuity":0,"index":5,"pointType":2,"word":"","text":{"x":1.23212766647339,"y":2.4485776424408,"z":-0.22670578956604,"font":0,"fontSize":48}},"p6":{"x":1.02037286758423,"y":2.33091735839844,"z":-0.22670578956604,"tension":-0.559999108314514,"bias":0,"continuity":0,"index":6,"pointType":2,"word":"","text":{"x":1.52037286758423,"y":2.33091735839844,"z":-0.22670578956604,"font":0,"fontSize":48}},"p7":{"x":0.36480712890625,"y":2.27196216583252,"z":-0.22670578956604,"tension":0,"bias":0,"continuity":0,"index":7,"pointType":2,"word":"","text":{"x":0.86480712890625,"y":2.27196216583252,"z":-0.22670578956604,"font":0,"fontSize":48}},"p8":{"x":0.462722063064575,"y":1.73131370544434,"z":-0.22670578956604,"tension":0,"bias":0,"continuity":0,"index":8,"pointType":2,"word":"","text":{"x":0.962722063064575,"y":1.73131370544434,"z":-0.22670578956604,"font":0,"fontSize":48}},"p9":{"x":1.19534921646118,"y":1.95227980613709,"z":-0.22670578956604,"tension":0,"bias":0,"continuity":0,"index":9,"pointType":2,"word":"","text":{"x":1.69534921646118,"y":1.95227980613709,"z":-0.22670578956604,"font":0,"fontSize":48}},"p10":{"x":1.20527505874634,"y":1.08274245262146,"z":-0.22670578956604,"tension":-0.939999103546143,"bias":0,"continuity":0,"index":10,"pointType":2,"word":"","text":{"x":1.70527505874634,"y":1.08274245262146,"z":-0.22670578956604,"font":0,"fontSize":48}},"p11":{"x":0.713812351226807,"y":1.29667103290558,"z":-0.22670578956604,"tension":0,"bias":0,"continuity":0,"index":11,"pointType":2,"word":"","text":{"x":1.21381235122681,"y":1.29667103290558,"z":-0.22670578956604,"font":0,"fontSize":48}},"p12":{"x":1.08180665969849,"y":1.5799914598465,"z":-0.22670578956604,"tension":0,"bias":0,"continuity":0,"index":12,"pointType":2,"word":"","text":{"x":1.58180665969849,"y":1.5799914598465,"z":-0.22670578956604,"font":0,"fontSize":48}},"p13":{"x":0.824049472808838,"y":2.27729892730713,"z":-0.339144229888916,"tension":0,"bias":0,"continuity":0,"index":13,"pointType":2,"word":"","text":{"x":1.32404947280884,"y":2.27729892730713,"z":-0.339144229888916,"font":0,"fontSize":48}},"p14":{"x":1.42868661880493,"y":2.19795656204224,"z":-0.514580011367798,"tension":-0.599999070167542,"bias":0.0200009346008301,"continuity":0,"index":14,"pointType":2,"word":"","text":{"x":1.92868661880493,"y":2.19795656204224,"z":-0.514580011367798,"font":0,"fontSize":48}},"p15":{"x":1.37069177627563,"y":1.67915606498718,"z":-0.514580011367798,"tension":-0.939999103546143,"bias":0.80000102519989,"continuity":0,"index":15,"pointType":2,"word":"","text":{"x":1.87069177627563,"y":1.67915606498718,"z":-0.514580011367798,"font":0,"fontSize":48}},"p16":{"x":1.35842752456665,"y":1.78631150722504,"z":-0.514580011367798,"tension":0,"bias":-1,"continuity":0,"index":16,"pointType":2,"word":"","text":{"x":1.85842752456665,"y":1.78631150722504,"z":-0.514580011367798,"font":0,"fontSize":48}},"p17":{"x":0.556820392608643,"y":1.88857662677765,"z":-0.279761016368866,"tension":0,"bias":0,"continuity":0,"index":17,"pointType":2,"word":"","text":{"x":1.05682039260864,"y":1.88857662677765,"z":-0.279761016368866,"font":0,"fontSize":48}},"p18":{"x":1.54884386062622,"y":2.26936745643616,"z":-0.417959868907928,"tension":0,"bias":0,"continuity":0,"index":18,"pointType":6,"word":"","text":{"x":2.04884386062622,"y":2.26936745643616,"z":-0.417959868907928,"font":0,"fontSize":48}},"p19":{"x":1.16828441619873,"y":2.41138172149658,"z":-0.537628889083862,"tension":0,"bias":0,"continuity":0,"index":19,"pointType":2,"word":"","text":{"x":1.66828441619873,"y":2.41138172149658,"z":-0.537628889083862,"font":0,"fontSize":48}},"p20":{"x":1.0284161567688,"y":2.72688102722168,"z":-0.123891174793243,"tension":0,"bias":0,"continuity":0,"index":20,"pointType":2,"word":"","text":{"x":1.5284161567688,"y":2.72688102722168,"z":-0.123891174793243,"font":0,"fontSize":48}},"p21":{"x":0.510280132293701,"y":2.83860874176025,"z":-0.123891174793243,"tension":-0.519999086856842,"bias":0,"continuity":0,"index":21,"pointType":2,"word":"","text":{"x":1.0102801322937,"y":2.83860874176025,"z":-0.123891174793243,"font":0,"fontSize":48}},"p22":{"x":0.177518844604492,"y":2.52878975868225,"z":-0.123891174793243,"tension":0,"bias":0,"continuity":0,"index":22,"pointType":2,"word":"","text":{"x":0.677518844604492,"y":2.52878975868225,"z":-0.123891174793243,"font":0,"fontSize":48}},"p23":{"x":0.242393493652344,"y":2.12252140045166,"z":0.0862358286976814,"tension":0,"bias":0,"continuity":0,"index":23,"pointType":0,"word":"","text":{"x":0.742393493652344,"y":2.12252140045166,"z":0.0862358286976814,"font":0,"fontSize":48}},"p24":{"x":1.78529739379883,"y":2.08303332328796,"z":-0.304000198841095,"tension":0,"bias":0,"continuity":0,"index":24,"pointType":2,"word":"","text":{"x":2.28529739379883,"y":2.08303332328796,"z":-0.304000198841095,"font":0,"fontSize":48}},"p25":{"x":2.05452537536621,"y":2.32176923751831,"z":-0.345425188541412,"tension":0,"bias":0,"continuity":0,"index":25,"pointType":2,"word":"","text":{"x":2.55452537536621,"y":2.32176923751831,"z":-0.345425188541412,"font":0,"fontSize":48}},"p26":{"x":1.72179269790649,"y":2.52496933937073,"z":-0.345425188541412,"tension":0,"bias":0,"continuity":0,"index":26,"pointType":2,"word":"","text":{"x":2.22179269790649,"y":2.52496933937073,"z":-0.345425188541412,"font":0,"fontSize":48}},"p27":{"x":1.19854879379272,"y":2.29889440536499,"z":-0.636661171913147,"tension":0,"bias":0,"continuity":0,"index":27,"pointType":2,"word":"","text":{"x":1.69854879379272,"y":2.29889440536499,"z":-0.636661171913147,"font":0,"fontSize":48}},"p28":{"x":1.18207979202271,"y":2.15243721008301,"z":0.210126996040344,"tension":0,"bias":0,"continuity":0,"index":28,"pointType":0,"word":"","text":{"x":1.68207979202271,"y":2.15243721008301,"z":0.210126996040344,"font":0,"fontSize":48}},"p29":{"x":0.544544696807861,"y":1.73588728904724,"z":0.215918987989426,"tension":0,"bias":0,"continuity":0,"index":29,"pointType":2,"word":"","text":{"x":1.04454469680786,"y":1.73588728904724,"z":0.215918987989426,"font":0,"fontSize":48}},"p30":{"x":1.38017129898071,"y":2.75821876525879,"z":-0.234305992722511,"tension":0,"bias":0,"continuity":0,"index":30,"pointType":2,"word":"","text":{"x":1.88017129898071,"y":2.75821876525879,"z":-0.234305992722511,"font":0,"fontSize":48}},"p31":{"x":1.64941263198853,"y":2.63375306129456,"z":0,"tension":0,"bias":0,"continuity":0,"index":31,"pointType":2,"word":"","text":{"x":2.14941263198853,"y":2.63375306129456,"z":0,"font":0,"fontSize":48}},"p32":{"x":1.51822233200073,"y":2.89552116394043,"z":0.0409398041665554,"tension":0,"bias":0,"continuity":0,"index":32,"pointType":2,"word":"","text":{"x":2.01822233200073,"y":2.89552116394043,