{"name":"003","pointCount":15,"p0":{"x":0.0247962474822998,"y":0.829140782356262,"z":0,"tension":1,"bias":0,"continuity":0,"index":0,"pointType":6,"word":"","text":{"x":0.5247962474823,"y":0.829140782356262,"z":0,"font":0,"fontSize":48}},"p1":{"x":-0.167413949966431,"y":0.829400539398193,"z":0,"tension":1,"bias":0,"continuity":0,"index":1,"pointType":0,"word":"","text":{"x":0.332586050033569,"y":0.829400539398193,"z":0,"font":0,"fontSize":48}},"p2":{"x":-0.0485813617706299,"y":0.647500514984131,"z":0,"tension":1,"bias":0,"continuity":0,"index":2,"pointType":0,"word":"","text":{"x":0.45141863822937,"y":0.647500514984131,"z":0,"font":0,"fontSize":48}},"p3":{"x":-0.239588975906372,"y":0.554881691932678,"z":0,"tension":1,"bias":0,"continuity":0,"index":3,"pointType":0,"word":"","text":{"x":0.260411024093628,"y":0.554881691932678,"z":0,"font":0,"fontSize":48}},"p4":{"x":-0.279494524002075,"y":0.334229707717896,"z":0,"tension":0,"bias":0,"continuity":0,"index":4,"pointType":0,"word":"","text":{"x":0.220505475997925,"y":0.334229707717896,"z":0,"font":0,"fontSize":48}},"p5":{"x":0.143134355545044,"y":0.278231382369995,"z":0,"tension":0,"bias":0,"continuity":0,"index":5,"pointType":1,"word":"","text":{"x":0.643134355545044,"y":0.278231382369995,"z":0,"font":0,"fontSize":48}},"p6":{"x":0.0378742218017578,"y":0.976179122924805,"z":0,"tension":-0.679999113082886,"bias":0,"continuity":0,"index":6,"pointType":2,"word":"","text":{"x":0.537874221801758,"y":0.976179122924805,"z":0,"font":0,"fontSize":48}},"p7":{"x":0.177544116973877,"y":0.859007358551025,"z":0,"tension":0,"bias":0,"continuity":0,"index":7,"pointType":2,"word":"","text":{"x":0.677544116973877,"y":0.859007358551025,"z":0,"font":0,"fontSize":48}},"p8":{"x":-0.0702359676361084,"y":0.764189481735229,"z":0,"tension":0,"bias":0,"continuity":0,"index":8,"pointType":0,"word":"","text":{"x":0.429764032363892,"y":0.764189481735229,"z":0,"font":0,"fontSize":48}},"p9":{"x":0.062084436416626,"y":0.605406403541565,"z":0,"tension":0,"bias":0,"continuity":0,"index":9,"pointType":2,"word":"","text":{"x":0.562084436416626,"y":0.605406403541565,"z":0,"font":0,"fontSize":48}},"p10":{"x":-0.146019697189331,"y":0.671568632125854,"z":0,"tension":0,"bias":0,"continuity":0,"index":10,"pointType":0,"word":"","text":{"x":0.353980302810669,"y":0.671568632125854,"z":0,"font":0,"fontSize":48}},"p11":{"x":-0.100307941436768,"y":0.469476938247681,"z":0,"tension":0,"bias":0,"continuity":0,"index":11,"pointType":2,"word":"","text":{"x":0.399692058563232,"y":0.469476938247681,"z":0,"font":0,"fontSize":48}},"p12":{"x":-0.37915301322937,"y":0.173559665679932,"z":0,"tension":0,"bias":0,"continuity":0,"index":12,"pointType":2,"word":"","text":{"x":0.12084698677063,"y":0.173559665679932,"z":0,"font":0,"fontSize":48}},"p13":{"x":-0.451942682266235,"y":0.43836498260498,"z":0,"tension":0,"bias":0,"continuity":0,"index":13,"pointType":2,"word":"","text":{"x":0.0480573177337646,"y":0.43836498260498,"z":0,"font":0,"fontSize":48}},"p14":{"x":-0.293061017990112,"y":0.658213496208191,"z":0,"tension":0,"bias":0,"continuity":0,"index":14,"pointType":2,"word":"","text":{"x":0.206938982009888,"y":0.658213496208191,"z":0,"font":0,"fontSize":48}},"splineCount":8,"unlockType":0,"speed":1,"acceleration":1,"maxSpeed":10,"time":1,"laps":1,"startSpeed":1,"text":"","title":"","forceOrder":false,"camera":{"lockX":true,"lockY":true,"lockZ":true,"x":-0.137189731001854,"y":0.574869394302368,"z":-2,"setPos":true,"fixCam":false,"fov":39},"spline0":{"order":0,"closed":true,"numPoints":3,"type":0,"lineTexture":0,"lineWidth":1,"bidirectional":true,"speed":0,"points":{"p0":0,"p1":1,"p2":2}},"spline1":{"order":1,"closed":false,"numPoints":3,"type":0,"lineTexture":0,"lineWidth":1,"bidirectional":true,"speed":0,"points":{"p0":2,"p1":3,"p2":1}},"spline2":{"order":2,"closed":false,"numPoints":2,"type":0,"lineTexture":0,"lineWidth":1,"bidirectional":true,"speed":0,"points":{"p0":4,"p1":3}},"spline3":{"order":3,"closed":false,"numPoints":2,"type":0,"lineTexture":0,"lineWidth":1,"bidirectional":true,"speed":0,"points":{"p0":5,"p1":4}},"spline4":{"order":4,"closed":false,"numPoints":4,"type":0,"lineTexture":3,"lineWidth":1,"bidirectional":true,"speed":0,"points":{"p0":8,"p1":6,"p2":7,"p3":5}},"spline5":{"order":5,"closed":false,"numPoints":3,"type":0,"lineTexture":3,"lineWidth":1,"bidirectional":true,"speed":0,"points":{"p0":5,"p1":9,"p2":8}},"spline6":{"order":6,"closed":false,"numPoints":4,"type":0,"lineTexture":3,"lineWidth":1,"bidirectional":true,"speed":0,"points":{"p0":5,"p1":11,"p2":10,"p3":8}},"spline7":{"order":7,"closed":false,"numPoints":5,"type":0,"lineTexture":3,"lineWidth":1,"bidirectional":true,"speed":0,"points":{"p0":10,"p1":14,"p2":13,"p3":12,"p4":5}}}