{"name":"010","pointCount":20,"p0":{"x":0,"y":0,"z":0,"tension":1,"bias":0,"continuity":0,"index":0,"pointType":0,"word":"","text":{"x":0.5,"y":0,"z":0,"font":0,"fontSize":48}},"p1":{"x":-0.453153848648071,"y":0.21130907535553,"z":0.5,"tension":1,"bias":0,"continuity":0,"index":1,"pointType":0,"word":"","text":{"x":0.0468461513519287,"y":0.21130907535553,"z":0.5,"font":0,"fontSize":48}},"p2":{"x":-0.834260940551758,"y":-0.108477830886841,"z":1,"tension":1,"bias":0,"continuity":0,"index":2,"pointType":0,"word":"","text":{"x":-0.334260940551758,"y":-0.108477830886841,"z":1,"font":0,"fontSize":48}},"p3":{"x":-0.70614218711853,"y":-0.586623191833496,"z":1.5,"tension":1,"bias":0,"continuity":0,"index":3,"pointType":0,"word":"","text":{"x":-0.20614218711853,"y":-0.586623191833496,"z":1.5,"font":0,"fontSize":48}},"p4":{"x":-0.221087217330933,"y":-0.672151565551758,"z":2,"tension":1,"bias":0,"continuity":0,"index":4,"pointType":0,"word":"","text":{"x":0.278912782669067,"y":-0.672151565551758,"z":2,"font":0,"fontSize":48}},"p5":{"x":0.0600080490112305,"y":-0.270705461502075,"z":2.5,"tension":1,"bias":0,"continuity":0,"index":5,"pointType":0,"word":"","text":{"x":0.56000804901123,"y":-0.270705461502075,"z":2.5,"font":0,"fontSize":48}},"p6":{"x":-0.183804512023926,"y":0.151589870452881,"z":3,"tension":1,"bias":0,"continuity":0,"index":6,"pointType":0,"word":"","text":{"x":0.316195487976074,"y":0.151589870452881,"z":3,"font":0,"fontSize":48}},"p7":{"x":-0.667144775390625,"y":0.109302759170532,"z":3.5,"tension":1,"bias":0,"continuity":0,"index":7,"pointType":0,"word":"","text":{"x":-0.167144775390625,"y":0.109302759170532,"z":3.5,"font":0,"fontSize":48}},"p8":{"x":-0.832258462905884,"y":-0.344344139099121,"z":4,"tension":1,"bias":0,"continuity":0,"index":8,"pointType":0,"word":"","text":{"x":-0.332258462905884,"y":-0.344344139099121,"z":4,"font":0,"fontSize":48}},"p9":{"x":-0.492601633071899,"y":-0.684000492095947,"z":4.5,"tension":1,"bias":0,"continuity":0,"index":9,"pointType":0,"word":"","text":{"x":0.00739836692810059,"y":-0.684000492095947,"z":4.5,"font":0,"fontSize":48}},"p10":{"x":-0.0434799194335938,"y":-0.520533323287964,"z":5,"tension":1,"bias":0,"continuity":0,"index":10,"pointType":0,"word":"","text":{"x":0.456520080566406,"y":-0.520533323287964,"z":5,"font":0,"fontSize":48}},"p11":{"x":-0.00203299522399902,"y":-0.0467872619628906,"z":5.5,"tension":1,"bias":0,"continuity":0,"index":11,"pointType":0,"word":"","text":{"x":0.497967004776001,"y":-0.0467872619628906,"z":5.5,"font":0,"fontSize":48}},"p12":{"x":-0.411817312240601,"y":0.189801454544067,"z":6,"tension":1,"bias":0,"continuity":0,"index":12,"pointType":0,"word":"","text":{"x":0.0881826877593994,"y":0.189801454544067,"z":6,"font":0,"fontSize":48}},"p13":{"x":-0.797483682632446,"y":-0.0802457332611084,"z":6.5,"tension":1,"bias":0,"continuity":0,"index":13,"pointType":0,"word":"","text":{"x":-0.297483682632446,"y":-0.0802457332611084,"z":6.5,"font":0,"fontSize":48}},"p14":{"x":-0.716136455535889,"y":-0.541586637496948,"z":7,"tension":1,"bias":0,"continuity":0,"index":14,"pointType":0,"word":"","text":{"x":-0.216136455535889,"y":-0.541586637496948,"z":7,"font":0,"fontSize":48}},"p15":{"x":-0.265902757644653,"y":-0.662225961685181,"z":7.5,"tension":1,"bias":0,"continuity":0,"index":15,"pointType":0,"word":"","text":{"x":0.234097242355347,"y":-0.662225961685181,"z":7.5,"font":0,"fontSize":48}},"p16":{"x":0.0322122573852539,"y":-0.306945323944092,"z":8,"tension":1,"bias":0,"continuity":0,"index":16,"pointType":0,"word":"","text":{"x":0.532212257385254,"y":-0.306945323944092,"z":8,"font":0,"fontSize":48}},"p17":{"x":-0.162812232971191,"y":0.111284971237183,"z":8.5,"tension":1,"bias":0,"continuity":0,"index":17,"pointType":0,"word":"","text":{"x":0.337187767028809,"y":0.111284971237183,"z":8.5,"font":0,"fontSize":48}},"p18":{"x":-0.621971607208252,"y":0.111284375190735,"z":9,"tension":1,"bias":0,"continuity":0,"index":18,"pointType":0,"word":"","text":{"x":-0.121971607208252,"y":0.111284375190735,"z":9,"font":0,"fontSize":48}},"p19":{"x":-0.815049886703491,"y":-0.302774906158447,"z":9.5,"tension":1,"bias":0,"continuity":0,"index":19,"pointType":0,"word":"","text":{"x":-0.315049886703491,"y":-0.302774906158447,"z":9.5,"font":0,"fontSize":48}},"fixedCamera":false,"fov":30,"splineCount":1,"unlockType":0,"speed":1,"time":1,"laps":1,"startSpeed":0,"text":"","spline0":{"order":0,"closed":false,"numPoints":20,"type":0,"lineTexture":0,"lineWidth":1,"points":{"p0":0,"p1":1,"p2":2,"p3":3,"p4":4,"p5":5,"p6":6,"p7":7,"p8":8,"p9":9,"p10":10,"p11":11,"p12":12,"p13":13,"p14":14,"p15":15,"p16":16,"p17":17,"p18":18,"p19":19}}}