{"name":"010","pointCount":11,"p0":{"x":-2.06493639945984,"y":0.0460096597671509,"z":0.00846721231937408,"tension":1,"bias":0,"continuity":0,"index":0,"pointType":6,"word":"","text":{"x":-1.56493639945984,"y":0.0460096597671509,"z":0.00846721231937408,"font":0,"fontSize":48}},"p1":{"x":-1.66182863712311,"y":-0.133005619049072,"z":-0.554159700870514,"tension":-1,"bias":0,"continuity":0,"index":1,"pointType":0,"word":"","text":{"x":-1.16182863712311,"y":-0.133005619049072,"z":-0.554159700870514,"font":0,"fontSize":48}},"p2":{"x":-1.28223752975464,"y":-0.620816230773926,"z":-1.19209289550781E-07,"tension":0,"bias":0,"continuity":0,"index":2,"pointType":0,"word":"","text":{"x":-0.782237529754639,"y":-0.620816230773926,"z":-1.19209289550781E-07,"font":0,"fontSize":48}},"p3":{"x":-0.895487070083618,"y":-0.324782371520996,"z":-0.5177401304245,"tension":-1,"bias":0,"continuity":0,"index":3,"pointType":0,"word":"","text":{"x":-0.395487070083618,"y":-0.324782371520996,"z":-0.5177401304245,"font":0,"fontSize":48}},"p4":{"x":-0.325115919113159,"y":-0.618162870407104,"z":-1.19209289550781E-07,"tension":1,"bias":0,"continuity":0,"index":4,"pointType":0,"word":"","text":{"x":0.174884080886841,"y":-0.618162870407104,"z":-1.19209289550781E-07,"font":0,"fontSize":48}},"p5":{"x":0.153376340866089,"y":-0.12846851348877,"z":-0.578099131584167,"tension":-1,"bias":0,"continuity":0,"index":5,"pointType":0,"word":"","text":{"x":0.653376340866089,"y":-0.12846851348877,"z":-0.578099131584167,"font":0,"fontSize":48}},"p6":{"x":0.673685073852539,"y":-0.31192946434021,"z":-1.19209289550781E-07,"tension":1,"bias":0,"continuity":0,"index":6,"pointType":0,"word":"","text":{"x":1.17368507385254,"y":-0.31192946434021,"z":-1.19209289550781E-07,"font":0,"fontSize":48}},"p7":{"x":0.774816513061523,"y":0.315167546272278,"z":-0.562182128429413,"tension":-0.819999098777771,"bias":0,"continuity":0,"index":7,"pointType":0,"word":"","text":{"x":1.27481651306152,"y":0.315167546272278,"z":-0.562182128429413,"font":0,"fontSize":48}},"p8":{"x":1.10729837417603,"y":0.689660668373108,"z":0.0174540579319,"tension":1,"bias":0,"continuity":0,"index":8,"pointType":0,"word":"","text":{"x":1.60729837417603,"y":0.689660668373108,"z":0.0174540579319,"font":0,"fontSize":48}},"p9":{"x":0.245774030685425,"y":0.740452647209167,"z":-0.62043035030365,"tension":-1,"bias":0,"continuity":0,"index":9,"pointType":0,"word":"","text":{"x":0.745774030685425,"y":0.740452647209167,"z":-0.62043035030365,"font":0,"fontSize":48}},"p10":{"x":-0.309427738189697,"y":0.468914866447449,"z":0.0393157042562962,"tension":0,"bias":0,"continuity":0,"index":10,"pointType":0,"word":"","text":{"x":0.190572261810303,"y":0.468914866447449,"z":0.0393157042562962,"font":0,"fontSize":48}},"fixedCamera":false,"fov":42,"splineCount":2,"unlockType":0,"speed":1,"time":1,"laps":1,"startSpeed":1.59999990463257,"text":" ","spline0":{"order":0,"closed":false,"numPoints":3,"type":0,"lineTexture":0,"lineWidth":1,"points":{"p0":0,"p1":1,"p2":2}},"spline1":{"order":1,"closed":false,"numPoints":9,"type":0,"lineTexture":0,"lineWidth":1,"points":{"p0":2,"p1":3,"p2":4,"p3":5,"p4":6,"p5":7,"p6":8,"p7":9,"p8":10}}}