{"name":"02","pointCount":13,"p0":{"x":-2.1723256111145,"y":-0.186749458312988,"z":-1.19209289550781E-07,"tension":0.0400010347366333,"bias":0.220000982284546,"continuity":0,"index":0,"pointType":6,"word":"","text":{"x":-1.6723256111145,"y":-0.186749458312988,"z":-1.19209289550781E-07,"font":0,"fontSize":48}},"p1":{"x":-1.77065253257751,"y":-0.639119148254395,"z":-1.19209289550781E-07,"tension":-0.179999113082886,"bias":0.0168521050363779,"continuity":0,"index":1,"pointType":2,"word":"","text":{"x":-1.27065253257751,"y":-0.639119148254395,"z":-1.19209289550781E-07,"font":0,"fontSize":48}},"p2":{"x":-2.01574420928955,"y":-1.33557200431824,"z":-1.19209289550781E-07,"tension":0,"bias":0,"continuity":0,"index":2,"pointType":2,"word":"","text":{"x":-1.51574420928955,"y":-1.33557200431824,"z":-1.19209289550781E-07,"font":0,"fontSize":48}},"p3":{"x":-2.44184279441834,"y":-2.15862798690796,"z":-1.19209289550781E-07,"tension":0,"bias":0,"continuity":0,"index":3,"pointType":2,"word":"","text":{"x":-1.94184279441834,"y":-2.15862798690796,"z":-1.19209289550781E-07,"font":0,"fontSize":48}},"p4":{"x":-2.45868492126465,"y":-1.77261257171631,"z":-1.19209289550781E-07,"tension":0,"bias":0,"continuity":0,"index":4,"pointType":2,"word":"","text":{"x":-1.95868492126465,"y":-1.77261257171631,"z":-1.19209289550781E-07,"font":0,"fontSize":48}},"p5":{"x":-2.06874704360962,"y":-2.45404958724976,"z":-1.19209289550781E-07,"tension":0,"bias":0,"continuity":0,"index":5,"pointType":2,"word":"","text":{"x":-1.56874704360962,"y":-2.45404958724976,"z":-1.19209289550781E-07,"font":0,"fontSize":48}},"p6":{"x":-1.6886088848114,"y":-2.25539684295654,"z":-1.19209289550781E-07,"tension":0,"bias":0,"continuity":0,"index":6,"pointType":2,"word":"","text":{"x":-1.1886088848114,"y":-2.25539684295654,"z":-1.19209289550781E-07,"font":0,"fontSize":48}},"p7":{"x":-1.14506864547729,"y":-1.80877113342285,"z":-1.19209289550781E-07,"tension":-0.47999906539917,"bias":0,"continuity":0,"index":7,"pointType":2,"word":"","text":{"x":-0.645068645477295,"y":-1.80877113342285,"z":-1.19209289550781E-07,"font":0,"fontSize":48}},"p8":{"x":-2.38757228851318,"y":-1.24741816520691,"z":-1.19209289550781E-07,"tension":0,"bias":0,"continuity":0,"index":8,"pointType":2,"word":"","text":{"x":-1.88757228851318,"y":-1.24741816520691,"z":-1.19209289550781E-07,"font":0,"fontSize":48}},"p9":{"x":-2.46889042854309,"y":-0.929310321807861,"z":-1.19209289550781E-07,"tension":0,"bias":0,"continuity":0,"index":9,"pointType":7,"word":"","text":{"x":-1.96889042854309,"y":-0.929310321807861,"z":-1.19209289550781E-07,"font":0,"fontSize":48}},"p10":{"x":-1.30105710029602,"y":-1.28480005264282,"z":-1.19209289550781E-07,"tension":-0.299999058246613,"bias":0.820001125335693,"continuity":0,"index":10,"pointType":2,"word":"","text":{"x":-0.801057100296021,"y":-1.28480005264282,"z":-1.19209289550781E-07,"font":0,"fontSize":48}},"p11":{"x":-1.78518295288086,"y":-1.84053087234497,"z":-1.19209289550781E-07,"tension":0,"bias":0,"continuity":0,"index":11,"pointType":2,"word":"","text":{"x":-1.28518295288086,"y":-1.84053087234497,"z":-1.19209289550781E-07,"font":0,"fontSize":48}},"p12":{"x":-0.866312980651855,"y":-1.43475961685181,"z":-1.19209289550781E-07,"tension":0,"bias":0,"continuity":0,"index":12,"pointType":2,"word":"","text":{"x":-0.366312980651855,"y":-1.43475961685181,"z":-1.19209289550781E-07,"font":0,"fontSize":48}},"splineCount":1,"unlockType":0,"speed":1,"time":1,"laps":1,"startSpeed":0.5,"text":"a way around","camera":{"x":-1.91193819046021,"y":-1.31535363197327,"setPos":true,"fixCam":true,"fov":93},"spline0":{"order":0,"closed":false,"numPoints":13,"type":0,"lineTexture":0,"lineWidth":1,"points":{"p0":0,"p1":1,"p2":2,"p3":4,"p4":3,"p5":5,"p6":6,"p7":11,"p8":10,"p9":12,"p10":7,"p11":8,"p12":9}}}