{"name":"03","pointCount":29,"p0":{"x":1.90865039825439,"y":-1.27044296264648,"z":-1.19209289550781E-07,"tension":-0.213933244347572,"bias":-0.184639811515808,"continuity":0,"index":0,"pointType":2,"word":"","text":{"x":2.40865039825439,"y":-1.27044296264648,"z":-1.19209289550781E-07,"font":0,"fontSize":48}},"p1":{"x":1.58127593994141,"y":-0.713189125061035,"z":-1.19209289550781E-07,"tension":0,"bias":0,"continuity":0,"index":1,"pointType":2,"word":"","text":{"x":2.08127593994141,"y":-0.713189125061035,"z":-1.19209289550781E-07,"font":0,"fontSize":48}},"p2":{"x":0.796696186065674,"y":-0.961847305297852,"z":-1.19209289550781E-07,"tension":-0.999991595745087,"bias":0.10523322224617,"continuity":0,"index":2,"pointType":2,"word":"","text":{"x":1.29669618606567,"y":-0.961847305297852,"z":-1.19209289550781E-07,"font":0,"fontSize":48}},"p3":{"x":0.673567771911621,"y":-0.485860347747803,"z":-1.19209289550781E-07,"tension":0,"bias":0,"continuity":0,"index":3,"pointType":6,"word":"","text":{"x":1.17356777191162,"y":-0.485860347747803,"z":-1.19209289550781E-07,"font":0,"fontSize":48}},"p4":{"x":1.93003225326538,"y":-1.96595144271851,"z":-1.19209289550781E-07,"tension":0,"bias":0,"continuity":0,"index":4,"pointType":2,"word":"","text":{"x":2.43003225326538,"y":-1.96595144271851,"z":-1.19209289550781E-07,"font":0,"fontSize":48}},"p5":{"x":2.25804042816162,"y":-2.18526697158813,"z":-1.19209289550781E-07,"tension":0,"bias":0,"continuity":0,"index":5,"pointType":2,"word":"","text":{"x":2.75804042816162,"y":-2.18526697158813,"z":-1.19209289550781E-07,"font":0,"fontSize":48}},"p6":{"x":3.0460033416748,"y":-2.10082530975342,"z":-1.19209289550781E-07,"tension":0,"bias":0,"continuity":0,"index":6,"pointType":2,"word":"","text":{"x":3.5460033416748,"y":-2.10082530975342,"z":-1.19209289550781E-07,"font":0,"fontSize":48}},"p7":{"x":3.173255443573,"y":-1.60576915740967,"z":-1.19209289550781E-07,"tension":0,"bias":0,"continuity":0,"index":7,"pointType":2,"word":"","text":{"x":3.673255443573,"y":-1.60576915740967,"z":-1.19209289550781E-07,"font":0,"fontSize":48}},"p8":{"x":2.94397974014282,"y":-1.00850105285645,"z":-1.19209289550781E-07,"tension":0,"bias":0,"continuity":0,"index":8,"pointType":2,"word":"","text":{"x":3.44397974014282,"y":-1.00850105285645,"z":-1.19209289550781E-07,"font":0,"fontSize":48}},"p9":{"x":2.38181591033936,"y":-0.837156295776367,"z":-1.19209289550781E-07,"tension":0,"bias":0,"continuity":0,"index":9,"pointType":2,"word":"","text":{"x":2.88181591033936,"y":-0.837156295776367,"z":-1.19209289550781E-07,"font":0,"fontSize":48}},"p10":{"x":2.01676797866821,"y":-1.10475254058838,"z":-1.19209289550781E-07,"tension":0,"bias":0,"continuity":0,"index":10,"pointType":2,"word":"","text":{"x":2.51676797866821,"y":-1.10475254058838,"z":-1.19209289550781E-07,"font":0,"fontSize":48}},"p11":{"x":2.21944284439087,"y":-1.3421733379364,"z":-1.19209289550781E-07,"tension":0,"bias":0,"continuity":0,"index":11,"pointType":2,"word":"","text":{"x":2.71944284439087,"y":-1.3421733379364,"z":-1.19209289550781E-07,"font":0,"fontSize":48}},"p12":{"x":2.62420988082886,"y":-1.40833044052124,"z":-1.19209289550781E-07,"tension":0,"bias":0,"continuity":0,"index":12,"pointType":2,"word":"","text":{"x":3.12420988082886,"y":-1.40833044052124,"z":-1.19209289550781E-07,"font":0,"fontSize":48}},"p13":{"x":2.6554799079895,"y":-1.65915441513062,"z":-1.19209289550781E-07,"tension":0,"bias":0,"continuity":0,"index":13,"pointType":2,"word":"","text":{"x":3.1554799079895,"y":-1.65915441513062,"z":-1.19209289550781E-07,"font":0,"fontSize":48}},"p14":{"x":2.35203695297241,"y":-1.62300062179565,"z":-1.19209289550781E-07,"tension":-0.999997854232788,"bias":-0.0383291095495224,"continuity":0,"index":14,"pointType":2,"word":"","text":{"x":2.85203695297241,"y":-1.62300062179565,"z":-1.19209289550781E-07,"font":0,"fontSize":48}},"p15":{"x":2.57035493850708,"y":-1.28095388412476,"z":-1.19209289550781E-07,"tension":0,"bias":0,"continuity":0,"index":15,"pointType":2,"word":"","text":{"x":3.07035493850708,"y":-1.28095388412476,"z":-1.19209289550781E-07,"font":0,"fontSize":48}},"p16":{"x":2.41166734695435,"y":-1.1204571723938,"z":-1.19209289550781E-07,"tension":0,"bias":0,"continuity":0,"index":16,"pointType":2,"word":"","text":{"x":2.91166734695435,"y":-1.1204571723938,"z":-1.19209289550781E-07,"font":0,"fontSize":48}},"p17":{"x":2.15388441085815,"y":-1.25889444351196,"z":-1.19209289550781E-07,"tension":0,"bias":0,"continuity":0,"index":17,"pointType":2,"word":"","text":{"x":2.65388441085815,"y":-1.25889444351196,"z":-1.19209289550781E-07,"font":0,"fontSize":48}},"p18":{"x":2.08576917648315,"y":-1.53754711151123,"z":-1.19209289550781E-07,"tension":0,"bias":0,"continuity":0,"index":18,"pointType":2,"word":"","text":{"x":2.58576917648315,"y":-1.53754711151123,"z":-1.19209289550781E-07,"font":0,"fontSize":48}},"p19":{"x":2.23190689086914,"y":-1.73322343826294,"z":-1.19209289550781E-07,"tension":0,"bias":0,"continuity":0,"index":19,"pointType":2,"word":"","text":{"x":2.73190689086914,"y":-1.73322343826294,"z":-1.19209289550781E-07,"font":0,"fontSize":48}},"p20":{"x":2.54028272628784,"y":-1.84592294692993,"z":-1.19209289550781E-07,"tension":-0.672447860240936,"bias":-0.0364090353250504,"continuity":0,"index":20,"pointType":2,"word":"","text":{"x":3.04028272628784,"y":-1.84592294692993,"z":-1.19209289550781E-07,"font":0,"fontSize":48}},"p21":{"x":2.81634378433228,"y":-1.63203477859497,"z":-1.19209289550781E-07,"tension":-0.306797862052917,"bias":0.0473774932324886,"continuity":0,"index":21,"pointType":2,"word":"","text":{"x":3.31634378433228,"y":-1.63203477859497,"z":-1.19209289550781E-07,"font":0,"fontSize":48}},"p22":{"x":2.74513006210327,"y":-1.36596417427063,"z":-1.19209289550781E-07,"tension":-0.342098891735077,"bias":0.766263604164124,"continuity":0,"index":22,"pointType":2,"word":"","text":{"x":3.24513006210327,"y":-1.36596417427063,"z":-1.19209289550781E-07,"font":0,"fontSize":48}},"p23":{"x":3.00053262710571,"y":-1.32695770263672,"z":-1.19209289550781E-07,"tension":-0.967808425426483,"bias":0.231258511543274,"continuity":0,"index":23,"pointType":2,"word":"","text":{"x":3.50053262710571,"y":-1.32695770263672,"z":-1.19209289550781E-07,"font":0,"fontSize":48}},"p24":{"x":3.02087068557739,"y":-1.87213110923767,"z":-1.19209289550781E-07,"tension":0,"bias":0,"continuity":0,"index":24,"pointType":2,"word":"","text":{"x":3.52087068557739,"y":-1.87213110923767,"z":-1.19209289550781E-07,"font":0,"fontSize":48}},"p25":{"x":2.49133348464966,"y":-2.04925155639648,"z":-1.19209289550781E-07,"tension":0,"bias":0,"continuity":0,"index":25,"pointType":2,"word":"","text":{"x":2.99133348464966,"y":-2.04925155639648,"z":-1.19209289550781E-07,"font":0,"fontSize":48}},"p26":{"x":2.08596467971802,"y":-1.85204458236694,"z":-1.19209289550781E-07,"tension":-0.016783045604825,"bias":0.153013899922371,"continuity":0,"index":26,"pointType":2,"word":"","text":{"x":2.58596467971802,"y":-1.85204458236694,"z":-1.19209289550781E-07,"font":0,"fontSize":48}},"p27":{"x":2.213782787323,"y":-1.49780225753784,"z":-1.19209289550781E-07,"tension":-0.387208670377731,"bias":0.00411384366452694,"continuity":0,"index":27,"pointType":2,"word":"","text":{"x":2.713782787323,"y":-1.49780225753784,"z":-1.19209289550781E-07,"font":0,"fontSize":48}},"p28":{"x":2.52390336990356,"y":-1.56865286827087,"z":-1.19209289550781E-07,"tension":0,"bias":0,"continuity":0,"index":28,"pointType":7,"word":"","text":{"x":3.02390336990356,"y":-1.56865286827087,"z":-1.19209289550781E-07,"font":0,"fontSize":48}},"splineCount":1,"unlockType":0,"speed":1,"time":1,"laps":1,"startSpeed":1.04999995231628,"text":"a way in","forceOrder":false,"camera":{"x":2.5090172290802,"y":-1.38915765285492,"setPos":true,"fixCam":true,"fov":61},"spline0":{"order":0,"closed":false,"numPoints":29,"type":0,"lineTexture":0,"lineWidth":1,"points":{"p0":3,"p1":2,"p2":1,"p3":0,"p4":4,"p5":5,"p6":6,"p7":7,"p8":8,"p9":9,"p10":10,"p11":11,"p12":12,"p13":13,"p14":14,"p15":15,"p16":16,"p17":17,"p18":18,