{"name":"04","pointCount":41,"p0":{"x":-0.0115437507629395,"y":0.0384807586669922,"z":0.193269014358521,"tension":-0.459999799728394,"bias":0,"continuity":0,"index":0,"pointType":2,"word":"","text":{"x":0.488456249237061,"y":0.0384807586669922,"z":0.193269014358521,"font":0,"fontSize":48}},"p1":{"x":-0.840176582336426,"y":0.245082139968872,"z":0.193269014358521,"tension":-0.459999799728394,"bias":0,"continuity":0,"index":1,"pointType":2,"word":"","text":{"x":-0.340176582336426,"y":0.245082139968872,"z":0.193269014358521,"font":0,"fontSize":48}},"p2":{"x":-1.20301723480225,"y":-0.43732213973999,"z":0.193269014358521,"tension":-0.459999799728394,"bias":0,"continuity":0,"index":2,"pointType":2,"word":"","text":{"x":-0.703017234802246,"y":-0.43732213973999,"z":0.193269014358521,"font":0,"fontSize":48}},"p3":{"x":-0.683226108551025,"y":-0.905344009399414,"z":0.193269014358521,"tension":-0.459999799728394,"bias":0,"continuity":0,"index":3,"pointType":2,"word":"","text":{"x":-0.183226108551025,"y":-0.905344009399414,"z":0.193269014358521,"font":0,"fontSize":48}},"p4":{"x":-0.158445358276367,"y":-0.551374912261963,"z":0.193269014358521,"tension":-0.459999799728394,"bias":0,"continuity":0,"index":4,"pointType":2,"word":"","text":{"x":0.341554641723633,"y":-0.551374912261963,"z":0.193269014358521,"font":0,"fontSize":48}},"p5":{"x":-0.354376792907715,"y":-0.0130574703216553,"z":0.193269014358521,"tension":-0.459999799728394,"bias":0,"continuity":0,"index":5,"pointType":2,"word":"","text":{"x":0.145623207092285,"y":-0.0130574703216553,"z":0.193269014358521,"font":0,"fontSize":48}},"p6":{"x":-0.869979858398438,"y":-0.0672495365142822,"z":0.193269014358521,"tension":-0.459999799728394,"bias":0,"continuity":0,"index":6,"pointType":2,"word":"","text":{"x":-0.369979858398438,"y":-0.0672495365142822,"z":0.193269014358521,"font":0,"fontSize":48}},"p7":{"x":-0.93527889251709,"y":-0.531874656677246,"z":0.193269014358521,"tension":-0.459999799728394,"bias":0,"continuity":0,"index":7,"pointType":2,"word":"","text":{"x":-0.43527889251709,"y":-0.531874656677246,"z":0.193269014358521,"font":0,"fontSize":48}},"p8":{"x":-0.541579723358154,"y":-0.69093918800354,"z":0.193269014358521,"tension":-0.459999799728394,"bias":0,"continuity":0,"index":8,"pointType":2,"word":"","text":{"x":-0.0415797233581543,"y":-0.69093918800354,"z":0.193269014358521,"font":0,"fontSize":48}},"p9":{"x":-0.3157057762146,"y":-0.380050659179688,"z":0.193269014358521,"tension":-0.459999799728394,"bias":0,"continuity":0,"index":9,"pointType":2,"word":"","text":{"x":0.1842942237854,"y":-0.380050659179688,"z":0.193269014358521,"font":0,"fontSize":48}},"p10":{"x":-0.539249897003174,"y":-0.113641262054443,"z":0.193269014358521,"tension":-0.459999799728394,"bias":0,"continuity":0,"index":10,"pointType":2,"word":"","text":{"x":-0.0392498970031738,"y":-0.113641262054443,"z":0.193269014358521,"font":0,"fontSize":48}},"p11":{"x":-0.822131633758545,"y":-0.251611948013306,"z":0.193269014358521,"tension":-0.459999799728394,"bias":0,"continuity":0,"index":11,"pointType":2,"word":"","text":{"x":-0.322131633758545,"y":-0.251611948013306,"z":0.193269014358521,"font":0,"fontSize":48}},"p12":{"x":-0.762910842895508,"y":-0.530222415924072,"z":0.193269014358521,"tension":-0.459999799728394,"bias":0,"continuity":0,"index":12,"pointType":2,"word":"","text":{"x":-0.262910842895508,"y":-0.530222415924072,"z":0.193269014358521,"font":0,"fontSize":48}},"p13":{"x":-0.505292415618896,"y":-0.539218664169312,"z":0.193269014358521,"tension":-0.459999799728394,"bias":0,"continuity":0,"index":13,"pointType":2,"word":"","text":{"x":-0.00529241561889648,"y":-0.539218664169312,"z":0.193269014358521,"font":0,"fontSize":48}},"p14":{"x":-0.440989971160889,"y":-0.314968824386597,"z":0.193269014358521,"tension":-0.459999799728394,"bias":0,"continuity":0,"index":14,"pointType":2,"word":"","text":{"x":0.0590100288391113,"y":-0.314968824386597,"z":0.193269014358521,"font":0,"fontSize":48}},"p15":{"x":-0.623829364776611,"y":-0.209406614303589,"z":0.193269014358521,"tension":-0.459999799728394,"bias":0,"continuity":0,"index":15,"pointType":2,"word":"","text":{"x":-0.123829364776611,"y":-0.209406614303589,"z":0.193269014358521,"font":0,"fontSize":48}},"p16":{"x":-0.756556034088135,"y":-0.34684944152832,"z":0.193269014358521,"tension":-0.0599991083145142,"bias":0.620001077651978,"continuity":0,"index":16,"pointType":2,"word":"","text":{"x":-0.256556034088135,"y":-0.34684944152832,"z":0.193269014358521,"font":0,"fontSize":48}},"p17":{"x":-0.084965705871582,"y":0.499781608581543,"z":-0.311957120895386,"tension":0,"bias":0,"continuity":0,"index":17,"pointType":2,"word":"","text":{"x":0.415034294128418,"y":0.499781608581543,"z":-0.311957120895386,"font":0,"fontSize":48}},"p18":{"x":0.333314180374146,"y":0.684084057807922,"z":-0.311957120895386,"tension":0,"bias":0,"continuity":0,"index":18,"pointType":2,"word":"","text":{"x":0.833314180374146,"y":0.684084057807922,"z":-0.311957120895386,"font":0,"fontSize":48}},"p19":{"x":0.682216644287109,"y":0.381502032279968,"z":-0.311957120895386,"tension":0,"bias":0,"continuity":0,"index":19,"pointType":2,"word":"","text":{"x":1.18221664428711,"y":0.381502032279968,"z":-0.311957120895386,"font":0,"fontSize":48}},"p20":{"x":0.673567771911621,"y":-0.485860347747803,"z":-0.863522052764893,"tension":0,"bias":0,"continuity":0,"index":20,"pointType":6,"word":"","text":{"x":1.17356777191162,"y":-0.485860347747803,"z":-0.863522052764893,"font":0,"fontSize":48}},"p21":{"x":-0.0485908985137939,"y":-1.77081727981567,"z":0.4806749522686,"tension":-0.459999799728394,"bias":1,"continuity":0,"index":21,"pointType":2,"word":"","text":{"x":0.451409101486206,"y":-1.77081727981567,"z":0.4806749522686,"font":0,"fontSize":48}},"p22":{"x":0.619009971618652,"y":-2.50545120239258,"z":0.51555597782135,"tension":-0.459999799728394,"bias":0,"continuity":0,"index":22,"pointType":2,"word":"","text":{"x":1.11900997161865,"y":-2.50545120239258,"z":0.51555597782135,"font":0,"fontSize":48}},"p23":{"x":1.28474998474121,"y":-2.07618808746338,"z":0.4806749522686,"tension":-0.459999799728394,"bias":0,"continuity":0,"index":23,"pointType":2,"word":"","text":{"x":1.78474998474121,"y":-2.07618808746338,"z":0.4806749522686,"font":0,"fontSize":48}},"p24":{"x":1.05327701568604,"y":-1.41615104675293,"z":0.4806749522686,"tension":-0.459999799728394,"bias":0,"continuity":0,"index":24,"pointType":2,"word":"","text":{"x":1.55327701568604,"y":-1.41615104675293,"z":0.4806749522686,"font":0,"fontSize":48}},"p25":{"x":0.423009634017944,"y":-1.47490429878235,"z":0.4806749522686,"tension":-0.459999799728394,"bias":0,"continuity":0,"index":25,"pointType":2,"word":"","text":{"x":0.923009634017944,"y":-1.47490429878235,"z":0.4806749522686,"font":0,"fontSize":48}},"p26":{"x":0.336610078811646,"y":-2.04121875762939,"z":0.4806749522686,"tension":-0.459999799728394,"bias":0,"continuity":0,"index":26,"pointType":2,"word":"","text":{"x":0.836610078811646,"y":-2.04121875762939,"z":0.4806749522686,"font":0,"fontSize":48}},"p27":{"x":0.814985275268555,"y":-2.24107551574707,"z":0.4806749522686,"tension":-0.459999799728394,"bias":0,"continuity":0,"index":27,"pointType":2,"word":"","text":{"x":1.31498527526855,"y":-2.24107551574707,"z":0.4806749522686,"font":0,"fontSize":48}},"p28":{"x":1.09521675109863,"y":-1.86476039886475,"z":0.4806749522686,"tension":-0.459999799728394,"bias":0,"continuity":0,"index":28,"pointType":2,"word":"","text":{"x":1.59521675109863,"y":-1.86476039886475,"z":0.4806749522686,"font":0,"fontSize":48}},"p29":{"x":0.826123237609863,"y":-1.53629612922668,"z":0.4806749522686,"tension":-0.459999799728394,"bias":0,"continuity":0,"index":29,"pointType":2,"word":"","text":{"x":1.32612323760986,"y":-1.53629612922668,"z":0.4806749522686,"font":0,"fontSize":48}},"p30":{"x":0.478777885437012,"y":-1.70067596435547,"z":0.4806749522686,"tension":-0.459999799728394,"bias":0,"continuity":0,"index":30,"pointType":2,"word":"","text":{"x":0.978777885437012,"y":-1.70067596435547,