{"name":"05","pointCount":23,"p0":{"x":0,"y":0,"z":0,"tension":-0.259999871253967,"bias":0,"continuity":0,"index":0,"pointType":0,"word":"","text":{"x":0.5,"y":0,"z":0,"font":0,"fontSize":48}},"p1":{"x":-0.485147953033447,"y":0.12096095085144,"z":1,"tension":-0.259999871253967,"bias":0,"continuity":0,"index":1,"pointType":0,"word":"","text":{"x":0.0148520469665527,"y":0.12096095085144,"z":1,"font":0,"fontSize":48}},"p2":{"x":-0.725752115249634,"y":-0.331549882888794,"z":2,"tension":-0.259999871253967,"bias":0,"continuity":0,"index":2,"pointType":0,"word":"","text":{"x":-0.225752115249634,"y":-0.331549882888794,"z":2,"font":0,"fontSize":48}},"p3":{"x":-0.335368633270264,"y":-0.683052778244019,"z":3,"tension":-0.259999871253967,"bias":0,"continuity":0,"index":3,"pointType":0,"word":"","text":{"x":0.164631366729736,"y":-0.683052778244019,"z":3,"font":0,"fontSize":48}},"p4":{"x":0.11102294921875,"y":-0.381957769393921,"z":4,"tension":-0.259999871253967,"bias":0,"continuity":0,"index":4,"pointType":0,"word":"","text":{"x":0.61102294921875,"y":-0.381957769393921,"z":4,"font":0,"fontSize":48}},"p5":{"x":-0.0777404308319092,"y":0.136665105819702,"z":5,"tension":-0.259999871253967,"bias":0,"continuity":0,"index":5,"pointType":0,"word":"","text":{"x":0.422259569168091,"y":0.136665105819702,"z":5,"font":0,"fontSize":48}},"p6":{"x":-0.640346050262451,"y":0.0775327682495117,"z":6,"tension":-0.259999871253967,"bias":0,"continuity":0,"index":6,"pointType":0,"word":"","text":{"x":-0.140346050262451,"y":0.0775327682495117,"z":6,"font":0,"fontSize":48}},"p7":{"x":-0.721045017242432,"y":-0.496671676635742,"z":7,"tension":-0.259999871253967,"bias":0,"continuity":0,"index":7,"pointType":0,"word":"","text":{"x":-0.221045017242432,"y":-0.496671676635742,"z":7,"font":0,"fontSize":48}},"p8":{"x":-0.169979095458984,"y":-0.719316959381104,"z":8,"tension":-0.259999871253967,"bias":0,"continuity":0,"index":8,"pointType":0,"word":"","text":{"x":0.330020904541016,"y":-0.719316959381104,"z":8,"font":0,"fontSize":48}},"p9":{"x":0.188101053237915,"y":-0.22646164894104,"z":9,"tension":-0.259999871253967,"bias":0,"continuity":0,"index":9,"pointType":0,"word":"","text":{"x":0.688101053237915,"y":-0.22646164894104,"z":9,"font":0,"fontSize":48}},"p10":{"x":-0.213276624679565,"y":0.25188148021698,"z":10,"tension":-0.259999871253967,"bias":0,"continuity":0,"index":10,"pointType":0,"word":"","text":{"x":0.286723375320435,"y":0.25188148021698,"z":10,"font":0,"fontSize":48}},"p11":{"x":-0.788543939590454,"y":-0.0286953449249268,"z":11,"tension":-0.259999871253967,"bias":0,"continuity":0,"index":11,"pointType":0,"word":"","text":{"x":-0.288543939590454,"y":-0.0286953449249268,"z":11,"font":0,"fontSize":48}},"p12":{"x":-0.652144432067871,"y":-0.670404195785522,"z":12,"tension":-0.259999871253967,"bias":0,"continuity":0,"index":12,"pointType":0,"word":"","text":{"x":-0.152144432067871,"y":-0.670404195785522,"z":12,"font":0,"fontSize":48}},"p13":{"x":0.0198922157287598,"y":-0.693871974945068,"z":13,"tension":-0.259999871253967,"bias":0,"continuity":0,"index":13,"pointType":0,"word":"","text":{"x":0.51989221572876,"y":-0.693871974945068,"z":13,"font":0,"fontSize":48}},"p14":{"x":0.209877014160156,"y":-0.0313153266906738,"z":14,"tension":-0.259999871253967,"bias":0,"continuity":0,"index":14,"pointType":0,"word":"","text":{"x":0.709877014160156,"y":-0.0313153266906738,"z":14,"font":0,"fontSize":48}},"p15":{"x":-0.401960372924805,"y":0.321929097175598,"z":15,"tension":-0.259999871253967,"bias":0,"continuity":0,"index":15,"pointType":0,"word":"","text":{"x":0.0980396270751953,"y":0.321929097175598,"z":15,"font":0,"fontSize":48}},"p16":{"x":-0.904998064041138,"y":-0.198982000350952,"z":16,"tension":-0.259999871253967,"bias":0,"continuity":0,"index":16,"pointType":0,"word":"","text":{"x":-0.404998064041138,"y":-0.198982000350952,"z":16,"font":0,"fontSize":48}},"p17":{"x":-0.511662483215332,"y":-0.828450202941895,"z":17,"tension":-0.259999871253967,"bias":0,"continuity":0,"index":17,"pointType":0,"word":"","text":{"x":-0.011662483215332,"y":-0.828450202941895,"z":17,"font":0,"fontSize":48}},"p18":{"x":0.211912631988525,"y":-0.593346357345581,"z":18,"tension":0,"bias":0,"continuity":0,"index":18,"pointType":7,"word":"","text":{"x":0.711912631988525,"y":-0.593346357345581,"z":18,"font":0,"fontSize":48}},"p19":{"x":0.311468362808228,"y":-0.620371341705322,"z":-1.19209289550781E-07,"tension":0,"bias":0,"continuity":0,"index":19,"pointType":0,"word":"","text":{"x":0.811468362808228,"y":-0.620371341705322,"z":-1.19209289550781E-07,"font":0,"fontSize":48}},"p20":{"x":-0.372565507888794,"y":-1.00885772705078,"z":-1.19209289550781E-07,"tension":-0.607917070388794,"bias":-0.0104932868853211,"continuity":0,"index":20,"pointType":0,"word":"","text":{"x":0.127434492111206,"y":-1.00885772705078,"z":-1.19209289550781E-07,"font":0,"fontSize":48}},"p21":{"x":-0.965519428253174,"y":-0.538585186004639,"z":-1.19209289550781E-07,"tension":0,"bias":0,"continuity":0,"index":21,"pointType":0,"word":"","text":{"x":-0.465519428253174,"y":-0.538585186004639,"z":-1.19209289550781E-07,"font":0,"fontSize":48}},"p22":{"x":-0.827968597412109,"y":-0.0218415260314941,"z":-1.19209289550781E-07,"tension":0,"bias":0,"continuity":0,"index":22,"pointType":6,"word":"","text":{"x":-0.327968597412109,"y":-0.0218415260314941,"z":-1.19209289550781E-07,"font":0,"fontSize":48}},"fixedCamera":false,"fov":30,"splineCount":1,"unlockType":0,"speed":1,"time":1,"laps":1,"startSpeed":1,"text":"a way through","spline0":{"order":0,"closed":false,"numPoints":23,"type":0,"lineTexture":0,"lineWidth":1,"points":{"p0":22,"p1":21,"p2":20,"p3":19,"p4":0,"p5":1,"p6":2,"p7":3,"p8":4,"p9":5,"p10":6,"p11":7,"p12":8,"p13":9,"p14":10,"p15":11,"p16":12,"p17":13,"p18":14,"p19":15,"p20":16,"p21":17,"p22":18}}}