{"name":"1","pointCount":52,"p0":{"x":-0.642984390258789,"y":0.938979387283325,"z":0,"tension":0,"bias":0,"continuity":0,"index":0,"pointType":2,"word":"","text":{"x":-0.142984390258789,"y":0.938979387283325,"z":0,"font":0,"fontSize":48}},"p1":{"x":-0.705556869506836,"y":0.987130165100098,"z":0,"tension":0,"bias":0,"continuity":0,"index":1,"pointType":2,"word":"","text":{"x":-0.205556869506836,"y":0.987130165100098,"z":0,"font":0,"fontSize":48}},"p2":{"x":-0.778414726257324,"y":0.965897798538208,"z":0,"tension":0,"bias":0,"continuity":0,"index":2,"pointType":2,"word":"","text":{"x":-0.278414726257324,"y":0.965897798538208,"z":0,"font":0,"fontSize":48}},"p3":{"x":-0.923392295837402,"y":0.80222749710083,"z":0,"tension":0,"bias":0,"continuity":0,"index":3,"pointType":2,"word":"","text":{"x":-0.423392295837402,"y":0.80222749710083,"z":0,"font":0,"fontSize":48}},"p4":{"x":-1.0850076675415,"y":0.724388122558594,"z":0,"tension":0,"bias":0,"continuity":0,"index":4,"pointType":2,"word":"","text":{"x":-0.585007667541504,"y":0.724388122558594,"z":0,"font":0,"fontSize":48}},"p5":{"x":-1.08232545852661,"y":0.566607713699341,"z":0,"tension":0,"bias":0,"continuity":0,"index":5,"pointType":2,"word":"","text":{"x":-0.582325458526611,"y":0.566607713699341,"z":0,"font":0,"fontSize":48}},"p6":{"x":-1.54512357711792,"y":1.22651588916779,"z":-0.0531373098492622,"tension":0,"bias":0,"continuity":0,"index":6,"pointType":2,"word":"","text":{"x":-1.04512357711792,"y":1.22651588916779,"z":-0.0531373098492622,"font":0,"fontSize":48}},"p7":{"x":-1.20357513427734,"y":1.08713245391846,"z":-0.0531373098492622,"tension":-1,"bias":0,"continuity":0,"index":7,"pointType":2,"word":"","text":{"x":-0.703575134277344,"y":1.08713245391846,"z":-0.0531373098492622,"font":0,"fontSize":48}},"p8":{"x":-1.19487881660461,"y":1.4775196313858,"z":-0.0531373098492622,"tension":-0.819999098777771,"bias":0,"continuity":0,"index":8,"pointType":2,"word":"","text":{"x":-0.694878816604614,"y":1.4775196313858,"z":-0.0531373098492622,"font":0,"fontSize":48}},"p9":{"x":-1.00893497467041,"y":1.3220020532608,"z":-0.0531373098492622,"tension":-0.779999077320099,"bias":-0.39999908208847,"continuity":0,"index":9,"pointType":2,"word":"","text":{"x":-0.50893497467041,"y":1.3220020532608,"z":-0.0531373098492622,"font":0,"fontSize":48}},"p10":{"x":-1.26037931442261,"y":1.31054997444153,"z":-0.0531373098492622,"tension":-0.939999103546143,"bias":0,"continuity":0,"index":10,"pointType":3,"word":"","text":{"x":-0.760379314422607,"y":1.31054997444153,"z":-0.0531373098492622,"font":0,"fontSize":48}},"p11":{"x":-1.30546069145203,"y":1.58878087997437,"z":-0.0531373098492622,"tension":-0.819999098777771,"bias":0,"continuity":0,"index":11,"pointType":2,"word":"","text":{"x":-0.805460691452026,"y":1.58878087997437,"z":-0.0531373098492622,"font":0,"fontSize":48}},"p12":{"x":-1.51959764957428,"y":1.43679082393646,"z":-0.0531373098492622,"tension":-0.619999051094055,"bias":0,"continuity":0,"index":12,"pointType":2,"word":"","text":{"x":-1.01959764957428,"y":1.43679082393646,"z":-0.0531373098492622,"font":0,"fontSize":48}},"p13":{"x":-0.285730361938477,"y":1.6068514585495,"z":-0.0857391282916069,"tension":-0.919999063014984,"bias":0,"continuity":0,"index":13,"pointType":2,"word":"","text":{"x":0.214269638061523,"y":1.6068514585495,"z":-0.0857391282916069,"font":0,"fontSize":48}},"p14":{"x":-0.597214698791504,"y":1.27927720546722,"z":-0.0857391282916069,"tension":-0.199999094009399,"bias":0,"continuity":0,"index":14,"pointType":2,"word":"","text":{"x":-0.0972146987915039,"y":1.27927720546722,"z":-0.0857391282916069,"font":0,"fontSize":48}},"p15":{"x":-0.136568546295166,"y":1.28805339336395,"z":-0.0857391282916069,"tension":0,"bias":0,"continuity":0,"index":15,"pointType":2,"word":"","text":{"x":0.363431453704834,"y":1.28805339336395,"z":-0.0857391282916069,"font":0,"fontSize":48}},"p16":{"x":-0.329602241516113,"y":1.48693704605103,"z":-0.0857391282916069,"tension":0,"bias":0,"continuity":0,"index":16,"pointType":2,"word":"","text":{"x":0.170397758483887,"y":1.48693704605103,"z":-0.0857391282916069,"font":0,"fontSize":48}},"p17":{"x":-0.548957347869873,"y":1.63463294506073,"z":-0.0857391282916069,"tension":0,"bias":0,"continuity":0,"index":17,"pointType":2,"word":"","text":{"x":-0.048957347869873,"y":1.63463294506073,"z":-0.0857391282916069,"font":0,"fontSize":48}},"p18":{"x":-0.33983850479126,"y":1.12135767936707,"z":-0.0857391282916069,"tension":-0.219999074935913,"bias":0,"continuity":0,"index":18,"pointType":0,"word":"","text":{"x":0.16016149520874,"y":1.12135767936707,"z":-0.0857391282916069,"font":0,"fontSize":48}},"p19":{"x":-0.621442794799805,"y":2.13004946708679,"z":-0.034487958997488,"tension":-1,"bias":0,"continuity":0,"index":19,"pointType":2,"word":"","text":{"x":-0.121442794799805,"y":2.13004946708679,"z":-0.034487958997488,"font":0,"fontSize":48}},"p20":{"x":-0.459528923034668,"y":1.89367306232452,"z":-0.034487958997488,"tension":0,"bias":0,"continuity":0,"index":20,"pointType":1,"word":"","text":{"x":0.040471076965332,"y":1.89367306232452,"z":-0.034487958997488,"font":0,"fontSize":48}},"p21":{"x":-0.633279323577881,"y":1.82126009464264,"z":-0.034487958997488,"tension":-0.679999113082886,"bias":0,"continuity":0,"index":21,"pointType":2,"word":"","text":{"x":-0.133279323577881,"y":1.82126009464264,"z":-0.034487958997488,"font":0,"fontSize":48}},"p22":{"x":-0.921450138092041,"y":2.07904028892517,"z":-0.210304394364357,"tension":-1,"bias":0,"continuity":0,"index":22,"pointType":2,"word":"","text":{"x":-0.421450138092041,"y":2.07904028892517,"z":-0.210304394364357,"font":0,"fontSize":48}},"p23":{"x":-0.848823070526123,"y":1.7061882019043,"z":-0.210304394364357,"tension":0,"bias":0,"continuity":0,"index":23,"pointType":2,"word":"","text":{"x":-0.348823070526123,"y":1.7061882019043,"z":-0.210304394364357,"font":0,"fontSize":48}},"p24":{"x":-1.07463836669922,"y":1.89504790306091,"z":-0.210304394364357,"tension":0,"bias":0,"continuity":0,"index":24,"pointType":1,"word":"","text":{"x":-0.574638366699219,"y":1.89504790306091,"z":-0.210304394364357,"font":0,"fontSize":48}},"p25":{"x":-0.803563117980957,"y":0.901048183441162,"z":0,"tension":0,"bias":0,"continuity":0,"index":25,"pointType":2,"word":"","text":{"x":-0.303563117980957,"y":0.901048183441162,"z":0,"font":0,"fontSize":48}},"p26":{"x":-0.619402885437012,"y":0.859154939651489,"z":0,"tension":0,"bias":0,"continuity":0,"index":26,"pointType":2,"word":"","text":{"x":-0.119402885437012,"y":0.859154939651489,"z":0,"font":0,"fontSize":48}},"p27":{"x":-0.65326976776123,"y":0.657446622848511,"z":0,"tension":0,"bias":0,"continuity":0,"index":27,"pointType":2,"word":"","text":{"x":-0.15326976776123,"y":0.657446622848511,"z":0,"font":0,"fontSize":48}},"p28":{"x":-0.790695667266846,"y":0.804259061813354,"z":0,"tension":0,"bias":0,"continuity":0,"index":28,"pointType":6,"word":"","text":{"x":-0.290695667266846,"y":0.804259061813354,"z":0,"font":0,"fontSize":48}},"p29":{"x":-0.882430076599121,"y":0.486339807510376,"z":0,"tension":0,"bias":0,"continuity":0,"index":29,"pointType":2,"word":"","text":{"x":-0.382430076599121,"y":0.486339807510376,"z":0,"font":0,"fontSize":48}},"p30":{"x":-1.75530302524567,"y":1.79237306118011,"z":-0.0571920871734619,"tension":0,"bias":0,"continuity":0,"index":30,"pointType":1,"word":"","text":{"x":-1.25530302524567,"y":1.79237306118011,"z":-0.0571920871734619,"font":0,"fontSize":48}},"p31":{"x":-0.966077566146851,"y":1.22811698913574,"z":-0.0893381237983704,"tension":0,"bias":0,"continuity":0,"index":31,"pointType":2,"word":"","text":{"x":-0.466077566146851,"y":1.22811698913574,"z":-0.0893381237983704,"font":0,"fontSize":48}},"p32":{"x":-0.911412477493286,"y":1.44129395484924,"z":-0.0893381237983704,"tension":0,"bias":0,"continuity":0,"index":32,"pointType":0,"word":"","text":{"x":-0.411412477493286,"y":1.44129395484924,"z":-0.0893381237983704,"font":0,"fontSize":48}},"p33":{"x":-1.04533314704895,"y":1.57522249221802,"z":-0.0893381237983704,"tension":0,