{"name":"11","pointCount":20,"p0":{"x":0,"y":0,"z":0,"tension":-0.0850620269775391,"bias":0,"continuity":0,"index":0,"pointType":2,"word":"","text":{"x":0.5,"y":0,"z":0,"font":0,"fontSize":48}},"p1":{"x":0.19062876701355,"y":0.12525737285614,"z":0,"tension":-0.0850620269775391,"bias":0,"continuity":0,"index":1,"pointType":2,"word":"","text":{"x":0.69062876701355,"y":0.12525737285614,"z":0,"font":0,"fontSize":48}},"p2":{"x":0.365746021270752,"y":0.127801299095154,"z":0,"tension":-0.0850620269775391,"bias":0,"continuity":0,"index":2,"pointType":2,"word":"","text":{"x":0.865746021270752,"y":0.127801299095154,"z":0,"font":0,"fontSize":48}},"p3":{"x":0.410927772521973,"y":0.0527464151382446,"z":0,"tension":-0.0850620269775391,"bias":0,"continuity":0,"index":3,"pointType":7,"word":"","text":{"x":0.910927772521973,"y":0.0527464151382446,"z":0,"font":0,"fontSize":48}},"p4":{"x":0.299433946609497,"y":0.0124330520629883,"z":0,"tension":-0.0850620269775391,"bias":0,"continuity":0,"index":4,"pointType":2,"word":"","text":{"x":0.799433946609497,"y":0.0124330520629883,"z":0,"font":0,"fontSize":48}},"p5":{"x":0.11259937286377,"y":0.0918178558349609,"z":0,"tension":-0.0850620269775391,"bias":0,"continuity":0,"index":5,"pointType":2,"word":"","text":{"x":0.61259937286377,"y":0.0918178558349609,"z":0,"font":0,"fontSize":48}},"p6":{"x":-0.0242094993591309,"y":0.275642275810242,"z":0,"tension":-0.0850620269775391,"bias":0,"continuity":0,"index":6,"pointType":2,"word":"","text":{"x":0.475790500640869,"y":0.275642275810242,"z":0,"font":0,"fontSize":48}},"p7":{"x":-0.0391392707824707,"y":0.45589005947113,"z":0,"tension":-0.0850620269775391,"bias":0,"continuity":0,"index":7,"pointType":2,"word":"","text":{"x":0.460860729217529,"y":0.45589005947113,"z":0,"font":0,"fontSize":48}},"p8":{"x":0.0325589179992676,"y":0.514051198959351,"z":0,"tension":-0.0850620269775391,"bias":0,"continuity":0,"index":8,"pointType":2,"word":"","text":{"x":0.532558917999268,"y":0.514051198959351,"z":0,"font":0,"fontSize":48}},"p9":{"x":0.0812177658081055,"y":0.413049459457397,"z":0,"tension":-0.0850620269775391,"bias":0,"continuity":0,"index":9,"pointType":2,"word":"","text":{"x":0.581217765808105,"y":0.413049459457397,"z":0,"font":0,"fontSize":48}},"p10":{"x":0.0152349472045898,"y":0.225863933563232,"z":0,"tension":-0.0850620269775391,"bias":0,"continuity":0,"index":10,"pointType":2,"word":"","text":{"x":0.51523494720459,"y":0.225863933563232,"z":0,"font":0,"fontSize":48}},"p11":{"x":-0.160804271697998,"y":0.0781406164169312,"z":0,"tension":-0.0850620269775391,"bias":0,"continuity":0,"index":11,"pointType":2,"word":"","text":{"x":0.339195728302002,"y":0.0781406164169312,"z":0,"font":0,"fontSize":48}},"p12":{"x":-0.345083475112915,"y":0.0504246950149536,"z":0,"tension":-0.0850620269775391,"bias":0,"continuity":0,"index":12,"pointType":2,"word":"","text":{"x":0.154916524887085,"y":0.0504246950149536,"z":0,"font":0,"fontSize":48}},"p13":{"x":-0.415882110595703,"y":0.117647767066956,"z":0,"tension":-0.0850620269775391,"bias":0,"continuity":0,"index":13,"pointType":6,"word":"","text":{"x":0.0841178894042969,"y":0.117647767066956,"z":0,"font":0,"fontSize":48}},"p14":{"x":-0.326059818267822,"y":0.173706293106079,"z":0,"tension":-0.0850620269775391,"bias":0,"continuity":0,"index":14,"pointType":2,"word":"","text":{"x":0.173940181732178,"y":0.173706293106079,"z":0,"font":0,"fontSize":48}},"p15":{"x":-0.139692783355713,"y":0.121104836463928,"z":0,"tension":-0.0850620269775391,"bias":0,"continuity":0,"index":15,"pointType":2,"word":"","text":{"x":0.360307216644287,"y":0.121104836463928,"z":0,"font":0,"fontSize":48}},"p16":{"x":0.0182249546051025,"y":-0.0462276935577393,"z":0,"tension":-0.0850620269775391,"bias":0,"continuity":0,"index":16,"pointType":2,"word":"","text":{"x":0.518224954605103,"y":-0.0462276935577393,"z":0,"font":0,"fontSize":48}},"p17":{"x":0.0590295791625977,"y":-0.233408451080322,"z":0,"tension":-0.0850620269775391,"bias":0,"continuity":0,"index":17,"pointType":2,"word":"","text":{"x":0.559029579162598,"y":-0.233408451080322,"z":0,"font":0,"fontSize":48}},"p18":{"x":-0.00263381004333496,"y":-0.316406488418579,"z":0,"tension":-0.0850620269775391,"bias":0,"continuity":0,"index":18,"pointType":2,"word":"","text":{"x":0.497366189956665,"y":-0.316406488418579,"z":0,"font":0,"fontSize":48}},"p19":{"x":-0.065089225769043,"y":-0.238365888595581,"z":0,"tension":0,"bias":0,"continuity":0,"index":19,"pointType":2,"word":"","text":{"x":0.434910774230957,"y":-0.238365888595581,"z":0,"font":0,"fontSize":48}},"fixedCamera":true,"fov":67,"splineCount":1,"unlockType":1,"speed":1,"time":0,"laps":1,"startSpeed":0,"spline0":{"order":0,"closed":true,"numPoints":20,"type":0,"lineTexture":0,"lineWidth":1,"points":{"p0":0,"p1":1,"p2":2,"p3":3,"p4":4,"p5":5,"p6":6,"p7":7,"p8":8,"p9":9,"p10":10,"p11":11,"p12":12,"p13":13,"p14":14,"p15":15,"p16":16,"p17":17,"p18":18,"p19":19}}}