{"name":"12","pointCount":40,"p0":{"x":0,"y":0,"z":0,"tension":-0.204168498516083,"bias":0,"continuity":0,"index":0,"pointType":2,"word":"","text":{"x":0.5,"y":0,"z":0,"font":0,"fontSize":48}},"p1":{"x":0.157064914703369,"y":0.14265251159668,"z":0,"tension":-0.204168498516083,"bias":0,"continuity":0,"index":1,"pointType":2,"word":"","text":{"x":0.657064914703369,"y":0.14265251159668,"z":0,"font":0,"fontSize":48}},"p2":{"x":0.348458766937256,"y":0.16669774055481,"z":0,"tension":-0.204168498516083,"bias":0,"continuity":0,"index":2,"pointType":2,"word":"","text":{"x":0.848458766937256,"y":0.16669774055481,"z":0,"font":0,"fontSize":48}},"p3":{"x":0.475156307220459,"y":0.0789662599563599,"z":0,"tension":-0.204168498516083,"bias":0,"continuity":0,"index":3,"pointType":2,"word":"","text":{"x":0.975156307220459,"y":0.0789662599563599,"z":0,"font":0,"fontSize":48}},"p4":{"x":0.472596645355225,"y":-0.0464439392089844,"z":0,"tension":-0.204168498516083,"bias":0,"continuity":0,"index":4,"pointType":7,"word":"","text":{"x":0.972596645355225,"y":-0.0464439392089844,"z":0,"font":0,"fontSize":48}},"p5":{"x":0.348265886306763,"y":-0.11213207244873,"z":0,"tension":-0.204168498516083,"bias":0,"continuity":0,"index":5,"pointType":2,"word":"","text":{"x":0.848265886306763,"y":-0.11213207244873,"z":0,"font":0,"fontSize":48}},"p6":{"x":0.177162885665894,"y":-0.055039644241333,"z":0,"tension":-0.204168498516083,"bias":0,"continuity":0,"index":6,"pointType":2,"word":"","text":{"x":0.677162885665894,"y":-0.055039644241333,"z":0,"font":0,"fontSize":48}},"p7":{"x":0.0578138828277588,"y":0.116004824638367,"z":0,"tension":-0.204168498516083,"bias":0,"continuity":0,"index":7,"pointType":2,"word":"","text":{"x":0.557813882827759,"y":0.116004824638367,"z":0,"font":0,"fontSize":48}},"p8":{"x":0.054598331451416,"y":0.324851870536804,"z":0,"tension":-0.204168498516083,"bias":0,"continuity":0,"index":8,"pointType":2,"word":"","text":{"x":0.554598331451416,"y":0.324851870536804,"z":0,"font":0,"fontSize":48}},"p9":{"x":0.160172700881958,"y":0.47204601764679,"z":0,"tension":-0.204168498516083,"bias":0,"continuity":0,"index":9,"pointType":2,"word":"","text":{"x":0.660172700881958,"y":0.47204601764679,"z":0,"font":0,"fontSize":48}},"p10":{"x":0.299999952316284,"y":0.492522120475769,"z":0,"tension":-0.204168498516083,"bias":0,"continuity":0,"index":10,"pointType":2,"word":"","text":{"x":0.799999952316284,"y":0.492522120475769,"z":0,"font":0,"fontSize":48}},"p11":{"x":0.376323938369751,"y":0.393198609352112,"z":0,"tension":-0.204168498516083,"bias":0,"continuity":0,"index":11,"pointType":2,"word":"","text":{"x":0.876323938369751,"y":0.393198609352112,"z":0,"font":0,"fontSize":48}},"p12":{"x":0.325824499130249,"y":0.248458862304688,"z":0,"tension":-0.204168498516083,"bias":0,"continuity":0,"index":12,"pointType":2,"word":"","text":{"x":0.825824499130249,"y":0.248458862304688,"z":0,"font":0,"fontSize":48}},"p13":{"x":0.157167673110962,"y":0.156179785728455,"z":0,"tension":-0.204168498516083,"bias":0,"continuity":0,"index":13,"pointType":2,"word":"","text":{"x":0.657167673110962,"y":0.156179785728455,"z":0,"font":0,"fontSize":48}},"p14":{"x":-0.0535557270050049,"y":0.180074334144592,"z":0,"tension":-0.204168498516083,"bias":0,"continuity":0,"index":14,"pointType":2,"word":"","text":{"x":0.446444272994995,"y":0.180074334144592,"z":0,"font":0,"fontSize":48}},"p15":{"x":-0.206844329833984,"y":0.312131762504578,"z":0,"tension":-0.204168498516083,"bias":0,"continuity":0,"index":15,"pointType":2,"word":"","text":{"x":0.293155670166016,"y":0.312131762504578,"z":0,"font":0,"fontSize":48}},"p16":{"x":-0.23748254776001,"y":0.477162599563599,"z":0,"tension":-0.204168498516083,"bias":0,"continuity":0,"index":16,"pointType":2,"word":"","text":{"x":0.26251745223999,"y":0.477162599563599,"z":0,"font":0,"fontSize":48}},"p17":{"x":-0.152138710021973,"y":0.57679009437561,"z":0,"tension":-0.204168498516083,"bias":0,"continuity":0,"index":17,"pointType":2,"word":"","text":{"x":0.347861289978027,"y":0.57679009437561,"z":0,"font":0,"fontSize":48}},"p18":{"x":-0.0248520374298096,"y":0.547120571136475,"z":0,"tension":-0.204168498516083,"bias":0,"continuity":0,"index":18,"pointType":2,"word":"","text":{"x":0.47514796257019,"y":0.547120571136475,"z":0,"font":0,"fontSize":48}},"p19":{"x":0.0469303131103516,"y":0.396306753158569,"z":0,"tension":-0.204168498516083,"bias":0,"continuity":0,"index":19,"pointType":2,"word":"","text":{"x":0.546930313110352,"y":0.396306753158569,"z":0,"font":0,"fontSize":48}},"p20":{"x":2.38418579101563E-07,"y":0.200000286102295,"z":0,"tension":-0.204168498516083,"bias":0,"continuity":0,"index":20,"pointType":2,"word":"","text":{"x":0.500000238418579,"y":0.200000286102295,"z":0,"font":0,"fontSize":48}},"p21":{"x":-0.157064437866211,"y":0.0573476552963257,"z":0,"tension":-0.204168498516083,"bias":0,"continuity":0,"index":21,"pointType":2,"word":"","text":{"x":0.342935562133789,"y":0.0573476552963257,"z":0,"font":0,"fontSize":48}},"p22":{"x":-0.348458290100098,"y":0.0333021879196167,"z":0,"tension":-0.204168498516083,"bias":0,"continuity":0,"index":22,"pointType":2,"word":"","text":{"x":0.151541709899902,"y":0.0333021879196167,"z":0,"font":0,"fontSize":48}},"p23":{"x":-0.47515606880188,"y":0.121033549308777,"z":0,"tension":-0.204168498516083,"bias":0,"continuity":0,"index":23,"pointType":2,"word":"","text":{"x":0.0248439311981201,"y":0.121033549308777,"z":0,"font":0,"fontSize":48}},"p24":{"x":-0.472596645355225,"y":0.246443867683411,"z":0,"tension":-0.204168498516083,"bias":0,"continuity":0,"index":24,"pointType":6,"word":"","text":{"x":0.0274033546447754,"y":0.246443867683411,"z":0,"font":0,"fontSize":48}},"p25":{"x":-0.348266124725342,"y":0.312132120132446,"z":0,"tension":-0.204168498516083,"bias":0,"continuity":0,"index":25,"pointType":2,"word":"","text":{"x":0.151733875274658,"y":0.312132120132446,"z":0,"font":0,"fontSize":48}},"p26":{"x":-0.177163124084473,"y":0.255039930343628,"z":0,"tension":-0.204168498516083,"bias":0,"continuity":0,"index":26,"pointType":2,"word":"","text":{"x":0.322836875915527,"y":0.255039930343628,"z":0,"font":0,"fontSize":48}},"p27":{"x":-0.0578138828277588,"y":0.0839955806732178,"z":0,"tension":-0.204168498516083,"bias":0,"continuity":0,"index":27,"pointType":2,"word":"","text":{"x":0.442186117172241,"y":0.0839955806732178,"z":0,"font":0,"fontSize":48}},"p28":{"x":-0.0545980930328369,"y":-0.12485146522522,"z":0,"tension":-0.204168498516083,"bias":0,"continuity":0,"index":28,"pointType":2,"word":"","text":{"x":0.445401906967163,"y":-0.12485146522522,"z":0,"font":0,"fontSize":48}},"p29":{"x":-0.160172462463379,"y":-0.272045850753784,"z":0,"tension":-0.204168498516083,"bias":0,"continuity":0,"index":29,"pointType":2,"word":"","text":{"x":0.339827537536621,"y":-0.272045850753784,"z":0,"font":0,"fontSize":48}},"p30":{"x":-0.299999713897705,"y":-0.292522192001343,"z":0,"tension":-0.204168498516083,"bias":0,"continuity":0,"index":30,"pointType":2,"word":"","text":{"x":0.200000286102295,"y":-0.292522192001343,"z":0,"font":0,"fontSize":48}},"p31":{"x":-0.376323699951172,"y":-0.193198919296265,"z":0,"tension":-0.204168498516083,"bias":0,"continuity":0,"index":31,"pointType":2,"word":"","text":{"x":0.123676300048828,"y":-0.193198919296265,"z":0,"font":0,"fontSize":48}},"p32":{"x":-0.325824737548828,"y":-0.0484590530395508,"z":0,"tension":-0.204168498516083,"bias":0,"continuity":0,"index":32,"pointType":2,"word":"","text":{"x":0.174175262451172,"y":-0.0484590530395508,"z":0,"font":0,"fontSize":48}},"p33":{"x":-0.157167911529541,"y":0.0438201427459717,"z":0,"tension":-0.204168498516083,"bias":0,"continuity":0,"index":33,"pointType":2,"word":"","text":{"x":0.342832088470459,"y":0.0438201427459717,"z":0,"font":0,"fontSize":48}},"p34":{"x":0.0535554885864258,"y":0.0199257135391235,"z":0,"tension":-0.204168498516083,"bias":0,"continuity":0,"index":34,"pointType":2,"word":"","text":{"x":0.553555488586426,"y":0.0199257135391235,"z":0,"font":0,"fontSize":48}},