{"name":"13","pointCount":12,"p0":{"x":-2.11918330192566,"y":-0.0532140731811523,"z":-1.19209289550781E-07,"tension":0,"bias":0,"continuity":0,"index":0,"pointType":6,"word":"","text":{"x":-1.61918330192566,"y":-0.0532140731811523,"z":-1.19209289550781E-07,"font":0,"fontSize":48}},"p1":{"x":-2.37919449806213,"y":-0.210368871688843,"z":-1.19209289550781E-07,"tension":-1,"bias":-0.191762000322342,"continuity":0,"index":1,"pointType":0,"word":"","text":{"x":-1.87919449806213,"y":-0.210368871688843,"z":-1.19209289550781E-07,"font":0,"fontSize":48}},"p2":{"x":-2.21583342552185,"y":-0.428836822509766,"z":-1.19209289550781E-07,"tension":-0.139982417225838,"bias":-0.0671096593141556,"continuity":0,"index":2,"pointType":0,"word":"","text":{"x":-1.71583342552185,"y":-0.428836822509766,"z":-1.19209289550781E-07,"font":0,"fontSize":48}},"p3":{"x":-2.03773736953735,"y":-0.527853727340698,"z":-1.19209289550781E-07,"tension":0,"bias":0,"continuity":0,"index":3,"pointType":0,"word":"","text":{"x":-1.53773736953735,"y":-0.527853727340698,"z":-1.19209289550781E-07,"font":0,"fontSize":48}},"p4":{"x":-2.038743019104,"y":-0.794823408126831,"z":-1.19209289550781E-07,"tension":0,"bias":0,"continuity":0,"index":4,"pointType":0,"word":"","text":{"x":-1.538743019104,"y":-0.794823408126831,"z":-1.19209289550781E-07,"font":0,"fontSize":48}},"p5":{"x":-2.36045742034912,"y":-0.862709522247314,"z":-1.19209289550781E-07,"tension":0,"bias":0,"continuity":0,"index":5,"pointType":0,"word":"","text":{"x":-1.86045742034912,"y":-0.862709522247314,"z":-1.19209289550781E-07,"font":0,"fontSize":48}},"p6":{"x":-2.57001376152039,"y":-1.20508289337158,"z":-1.19209289550781E-07,"tension":0,"bias":0,"continuity":0,"index":6,"pointType":0,"word":"","text":{"x":-2.07001376152039,"y":-1.20508289337158,"z":-1.19209289550781E-07,"font":0,"fontSize":48}},"p7":{"x":-2.51688671112061,"y":-1.43234848976135,"z":-1.19209289550781E-07,"tension":0,"bias":0,"continuity":0,"index":7,"pointType":0,"word":"","text":{"x":-2.01688671112061,"y":-1.43234848976135,"z":-1.19209289550781E-07,"font":0,"fontSize":48}},"p8":{"x":-2.30437850952148,"y":-1.61534190177917,"z":-1.19209289550781E-07,"tension":0,"bias":0,"continuity":0,"index":8,"pointType":0,"word":"","text":{"x":-1.80437850952148,"y":-1.61534190177917,"z":-1.19209289550781E-07,"font":0,"fontSize":48}},"p9":{"x":-2.09777307510376,"y":-1.46776628494263,"z":-1.19209289550781E-07,"tension":0,"bias":0,"continuity":0,"index":9,"pointType":0,"word":"","text":{"x":-1.59777307510376,"y":-1.46776628494263,"z":-1.19209289550781E-07,"font":0,"fontSize":48}},"p10":{"x":-1.87345910072327,"y":-1.54155445098877,"z":-1.19209289550781E-07,"tension":0,"bias":0,"continuity":0,"index":10,"pointType":0,"word":"","text":{"x":-1.37345910072327,"y":-1.54155445098877,"z":-1.19209289550781E-07,"font":0,"fontSize":48}},"p11":{"x":-1.94429504871368,"y":-1.83965611457825,"z":-1.19209289550781E-07,"tension":0,"bias":0,"continuity":0,"index":11,"pointType":7,"word":"","text":{"x":-1.44429504871368,"y":-1.83965611457825,"z":-1.19209289550781E-07,"font":0,"fontSize":48}},"fixedCamera":true,"fov":62,"splineCount":1,"unlockType":0,"speed":1,"time":1,"laps":1,"startSpeed":0,"spline0":{"order":0,"closed":false,"numPoints":12,"type":0,"lineTexture":3,"lineWidth":1,"points":{"p0":0,"p1":1,"p2":2,"p3":3,"p4":4,"p5":5,"p6":6,"p7":7,"p8":8,"p9":9,"p10":10,"p11":11}}}