{"name":"14","pointCount":36,"p0":{"x":-2.11918330192566,"y":-0.0167398452758789,"z":-1.19209289550781E-07,"tension":0,"bias":0,"continuity":0,"index":0,"pointType":6,"word":"","text":{"x":-1.61918330192566,"y":-0.0167398452758789,"z":-1.19209289550781E-07,"font":0,"fontSize":48}},"p1":{"x":-2.37919449806213,"y":-0.210368871688843,"z":-1.19209289550781E-07,"tension":-1,"bias":-0.191762000322342,"continuity":0,"index":1,"pointType":7,"word":"","text":{"x":-1.87919449806213,"y":-0.210368871688843,"z":-1.19209289550781E-07,"font":0,"fontSize":48}},"p2":{"x":-2.30684280395508,"y":-0.531541347503662,"z":-1.19209289550781E-07,"tension":0,"bias":0,"continuity":0,"index":2,"pointType":2,"word":"","text":{"x":-1.80684280395508,"y":-0.531541347503662,"z":-1.19209289550781E-07,"font":0,"fontSize":48}},"p3":{"x":-2.01200985908508,"y":-0.473789691925049,"z":-1.19209289550781E-07,"tension":-0.875101387500763,"bias":-1,"continuity":0,"index":3,"pointType":2,"word":"","text":{"x":-1.51200985908508,"y":-0.473789691925049,"z":-1.19209289550781E-07,"font":0,"fontSize":48}},"p4":{"x":-1.97857570648193,"y":-0.31877589225769,"z":-1.19209289550781E-07,"tension":0,"bias":0,"continuity":0,"index":4,"pointType":0,"word":"","text":{"x":-1.47857570648193,"y":-0.31877589225769,"z":-1.19209289550781E-07,"font":0,"fontSize":48}},"p5":{"x":-1.87523198127747,"y":-0.270143032073975,"z":-1.19209289550781E-07,"tension":0,"bias":0,"continuity":0,"index":5,"pointType":2,"word":"","text":{"x":-1.37523198127747,"y":-0.270143032073975,"z":-1.19209289550781E-07,"font":0,"fontSize":48}},"p6":{"x":-1.76276981830597,"y":-0.355249166488647,"z":-1.19209289550781E-07,"tension":0,"bias":0,"continuity":0,"index":6,"pointType":2,"word":"","text":{"x":-1.26276981830597,"y":-0.355249166488647,"z":-1.19209289550781E-07,"font":0,"fontSize":48}},"p7":{"x":-1.7050187587738,"y":-0.476830005645752,"z":-1.19209289550781E-07,"tension":0,"bias":0,"continuity":0,"index":7,"pointType":0,"word":"","text":{"x":-1.2050187587738,"y":-0.476830005645752,"z":-1.19209289550781E-07,"font":0,"fontSize":48}},"p8":{"x":-1.82356023788452,"y":-0.644003391265869,"z":-1.19209289550781E-07,"tension":0,"bias":0,"continuity":0,"index":8,"pointType":2,"word":"","text":{"x":-1.32356023788452,"y":-0.644003391265869,"z":-1.19209289550781E-07,"font":0,"fontSize":48}},"p9":{"x":-1.97249627113342,"y":-0.759504795074463,"z":-1.19209289550781E-07,"tension":0,"bias":0,"continuity":0,"index":9,"pointType":2,"word":"","text":{"x":-1.47249627113342,"y":-0.759504795074463,"z":-1.19209289550781E-07,"font":0,"fontSize":48}},"p10":{"x":-2.12447214126587,"y":-0.76254415512085,"z":-1.19209289550781E-07,"tension":0,"bias":0,"continuity":0,"index":10,"pointType":2,"word":"","text":{"x":-1.62447214126587,"y":-0.76254415512085,"z":-1.19209289550781E-07,"font":0,"fontSize":48}},"p11":{"x":-2.31900095939636,"y":-0.786860466003418,"z":-1.19209289550781E-07,"tension":0,"bias":0,"continuity":0,"index":11,"pointType":0,"word":"","text":{"x":-1.81900095939636,"y":-0.786860466003418,"z":-1.19209289550781E-07,"font":0,"fontSize":48}},"p12":{"x":-2.38890981674194,"y":-0.938836097717285,"z":-1.19209289550781E-07,"tension":0,"bias":0,"continuity":0,"index":12,"pointType":2,"word":"","text":{"x":-1.88890981674194,"y":-0.938836097717285,"z":-1.19209289550781E-07,"font":0,"fontSize":48}},"p13":{"x":-2.21565747261047,"y":-1.23366928100586,"z":-1.19209289550781E-07,"tension":0,"bias":0,"continuity":0,"index":13,"pointType":2,"word":"","text":{"x":-1.71565747261047,"y":-1.23366928100586,"z":-1.19209289550781E-07,"font":0,"fontSize":48}},"p14":{"x":-2.10319542884827,"y":-1.36475801467896,"z":-1.19209289550781E-07,"tension":0,"bias":0,"continuity":0,"index":14,"pointType":0,"word":"","text":{"x":-1.60319542884827,"y":-1.36475801467896,"z":-1.19209289550781E-07,"font":0,"fontSize":48}},"p15":{"x":-2.27644777297974,"y":-1.50418615341187,"z":-1.19209289550781E-07,"tension":0,"bias":0,"continuity":0,"index":15,"pointType":2,"word":"","text":{"x":-1.77644777297974,"y":-1.50418615341187,"z":-1.19209289550781E-07,"font":0,"fontSize":48}},"p16":{"x":-2.47705578804016,"y":-1.53458118438721,"z":-1.19209289550781E-07,"tension":0,"bias":0,"continuity":0,"index":16,"pointType":2,"word":"","text":{"x":-1.97705578804016,"y":-1.53458118438721,"z":-1.19209289550781E-07,"font":0,"fontSize":48}},"p17":{"x":-2.71717739105225,"y":-1.46467232704163,"z":-1.19209289550781E-07,"tension":0,"bias":0,"continuity":0,"index":17,"pointType":2,"word":"","text":{"x":-2.21717739105225,"y":-1.46467232704163,"z":-1.19209289550781E-07,"font":0,"fontSize":48}},"p18":{"x":-2.74149370193481,"y":-1.34005212783813,"z":-1.19209289550781E-07,"tension":0,"bias":0,"continuity":0,"index":18,"pointType":2,"word":"","text":{"x":-2.24149370193481,"y":-1.34005212783813,"z":-1.19209289550781E-07,"font":0,"fontSize":48}},"p19":{"x":-2.56520175933838,"y":-1.2063136100769,"z":-1.19209289550781E-07,"tension":0,"bias":0,"continuity":0,"index":19,"pointType":2,"word":"","text":{"x":-2.06520175933838,"y":-1.2063136100769,"z":-1.19209289550781E-07,"font":0,"fontSize":48}},"p20":{"x":-2.39194941520691,"y":-1.10904932022095,"z":-1.19209289550781E-07,"tension":0,"bias":0,"continuity":0,"index":20,"pointType":2,"word":"","text":{"x":-1.89194941520691,"y":-1.10904932022095,"z":-1.19209289550781E-07,"font":0,"fontSize":48}},"p21":{"x":-2.13966941833496,"y":-0.993547439575195,"z":-1.19209289550781E-07,"tension":0,"bias":0,"continuity":0,"index":21,"pointType":2,"word":"","text":{"x":-1.63966941833496,"y":-0.993547439575195,"z":-1.19209289550781E-07,"font":0,"fontSize":48}},"p22":{"x":-1.87827134132385,"y":-0.896283149719238,"z":-1.19209289550781E-07,"tension":0,"bias":0,"continuity":0,"index":22,"pointType":0,"word":"","text":{"x":-1.37827134132385,"y":-0.896283149719238,"z":-1.19209289550781E-07,"font":0,"fontSize":48}},"p23":{"x":-1.65638661384583,"y":-1.01178455352783,"z":-1.19209289550781E-07,"tension":0,"bias":0,"continuity":0,"index":23,"pointType":2,"word":"","text":{"x":-1.15638661384583,"y":-1.01178455352783,"z":-1.19209289550781E-07,"font":0,"fontSize":48}},"p24":{"x":-1.68374228477478,"y":-1.30661749839783,"z":-1.19209289550781E-07,"tension":0,"bias":0,"continuity":0,"index":24,"pointType":2,"word":"","text":{"x":-1.18374228477478,"y":-1.30661749839783,"z":-1.19209289550781E-07,"font":0,"fontSize":48}},"p25":{"x":-1.92690360546112,"y":-1.56497621536255,"z":-1.19209289550781E-07,"tension":0,"bias":0,"continuity":0,"index":25,"pointType":2,"word":"","text":{"x":-1.42690360546112,"y":-1.56497621536255,"z":-1.19209289550781E-07,"font":0,"fontSize":48}},"p26":{"x":-2.22781562805176,"y":-1.65008282661438,"z":-1.19209289550781E-07,"tension":0,"bias":0,"continuity":0,"index":26,"pointType":2,"word":"","text":{"x":-1.72781562805176,"y":-1.65008282661438,"z":-1.19209289550781E-07,"font":0,"fontSize":48}},"p27":{"x":-2.5864782333374,"y":-1.51634407043457,"z":-1.19209289550781E-07,"tension":0,"bias":0,"continuity":0,"index":27,"pointType":0,"word":"","text":{"x":-2.0864782333374,"y":-1.51634407043457,"z":-1.19209289550781E-07,"font":0,"fontSize":48}},"p28":{"x":-2.76277017593384,"y":-1.16680002212524,"z":-1.19209289550781E-07,"tension":0,"bias":0,"continuity":0,"index":28,"pointType":2,"word":"","text":{"x":-2.26277017593384,"y":-1.16680002212524,"z":-1.19209289550781E-07,"font":0,"fontSize":48}},"p29":{"x":-2.72325658798218,"y":-0.865887880325317,"z":-1.19209289550781E-07,"tension":0,"bias":0,"continuity":0,"index":29,"pointType":0,"word":"","text":{"x":-2.22325658798218,"y":-0.865887880325317,"z":-1.19209289550781E-07,"font":0,"fontSize":48}},"p30":{"x":-2.48921394348145,"y":-0.750386238098145,"z":-1.19209289550781E-07,"tension":0,"bias":0,"continuity":0,"index":30,"pointType":2,"word":"","text":{"x":-1.98921394348145,"y":-0.750386238098145,"z":-1.19209289550781E-07,"font":0,"fontSize":48}},"p31":{"x":-2.3159613609314,"y":-0.665279865264893,"z":-1.19209289550781E-07,"tension":0,"bias":0,"continuity":0,"index":31,"pointType":2,"word":"",