{"name":"1Wandering","pointCount":43,"p0":{"x":0.849236965179443,"y":8.98689842224121,"z":0,"tension":0,"bias":0,"continuity":0,"index":0,"pointType":2,"word":"","text":{"x":1.34923696517944,"y":8.98689842224121,"z":0,"font":0,"fontSize":48}},"p1":{"x":1.05919623374939,"y":8.55646324157715,"z":0,"tension":-0.519999086856842,"bias":0.24000096321106,"continuity":0,"index":1,"pointType":2,"word":"","text":{"x":1.55919623374939,"y":8.55646324157715,"z":0,"font":0,"fontSize":48}},"p2":{"x":1.70391011238098,"y":9.09416007995605,"z":0,"tension":-0.1199991106987,"bias":0,"continuity":0,"index":2,"pointType":2,"word":"","text":{"x":2.20391011238098,"y":9.09416007995605,"z":0,"font":0,"fontSize":48}},"p3":{"x":2.57458186149597,"y":8.58358669281006,"z":0,"tension":-0.539999127388,"bias":0,"continuity":0,"index":3,"pointType":2,"word":"","text":{"x":3.07458186149597,"y":8.58358669281006,"z":0,"font":0,"fontSize":48}},"p4":{"x":2.10816597938538,"y":7.70124197006226,"z":0,"tension":0,"bias":0,"continuity":0,"index":4,"pointType":2,"word":"","text":{"x":2.60816597938538,"y":7.70124197006226,"z":0,"font":0,"fontSize":48}},"p5":{"x":1.25925803184509,"y":7.89226245880127,"z":0,"tension":-0.819999098777771,"bias":0,"continuity":0,"index":5,"pointType":2,"word":"","text":{"x":1.75925803184509,"y":7.89226245880127,"z":0,"font":0,"fontSize":48}},"p6":{"x":1.45934414863586,"y":6.77310085296631,"z":0,"tension":-1.04999995231628,"bias":0,"continuity":0,"index":6,"pointType":2,"word":"","text":{"x":1.95934414863586,"y":6.77310085296631,"z":0,"font":0,"fontSize":48}},"p7":{"x":0.697398900985718,"y":6.65035724639893,"z":0,"tension":0,"bias":-0.46000000834465,"continuity":0,"index":7,"pointType":2,"word":"","text":{"x":1.19739890098572,"y":6.65035724639893,"z":0,"font":0,"fontSize":48}},"p8":{"x":1.23193693161011,"y":9.48243522644043,"z":0,"tension":0,"bias":0,"continuity":0,"index":8,"pointType":2,"word":"","text":{"x":1.73193693161011,"y":9.48243522644043,"z":0,"font":0,"fontSize":48}},"p9":{"x":1.7037136554718,"y":9.38482475280762,"z":0,"tension":0,"bias":0,"continuity":0,"index":9,"pointType":2,"word":"","text":{"x":2.2037136554718,"y":9.38482475280762,"z":0,"font":0,"fontSize":48}},"p10":{"x":2.05836129188538,"y":10.0811405181885,"z":0,"tension":-0.799999117851257,"bias":0,"continuity":0,"index":10,"pointType":2,"word":"","text":{"x":2.55836129188538,"y":10.0811405181885,"z":0,"font":0,"fontSize":48}},"p11":{"x":2.17407011985779,"y":9.56745910644531,"z":0,"tension":0,"bias":0,"continuity":0,"index":11,"pointType":2,"word":"","text":{"x":2.67407011985779,"y":9.56745910644531,"z":0,"font":0,"fontSize":48}},"p12":{"x":1.60935854911804,"y":9.74599647521973,"z":0,"tension":-0.659999072551727,"bias":0.569999992847443,"continuity":0,"index":12,"pointType":2,"word":"","text":{"x":2.10935854911804,"y":9.74599647521973,"z":0,"font":0,"fontSize":48}},"p13":{"x":1.2026526927948,"y":10.2589988708496,"z":0,"tension":0.5,"bias":0,"continuity":0,"index":13,"pointType":2,"word":"","text":{"x":1.7026526927948,"y":10.2589988708496,"z":0,"font":0,"fontSize":48}},"p14":{"x":0.861016035079956,"y":10.7514009475708,"z":0,"tension":0,"bias":0,"continuity":0,"index":14,"pointType":2,"word":"","text":{"x":1.36101603507996,"y":10.7514009475708,"z":0,"font":0,"fontSize":48}},"p15":{"x":0.236321687698364,"y":10.7286043167114,"z":0,"tension":0,"bias":0,"continuity":0,"index":15,"pointType":2,"word":"","text":{"x":0.736321687698364,"y":10.7286043167114,"z":0,"font":0,"fontSize":48}},"p16":{"x":0.197219371795654,"y":11.427149772644,"z":0,"tension":-0.439999103546143,"bias":0,"continuity":0,"index":16,"pointType":2,"word":"","text":{"x":0.697219371795654,"y":11.427149772644,"z":0,"font":0,"fontSize":48}},"p17":{"x":0.59368109703064,"y":12.2177610397339,"z":0,"tension":0,"bias":0,"continuity":0,"index":17,"pointType":2,"word":"","text":{"x":1.09368109703064,"y":12.2177610397339,"z":0,"font":0,"fontSize":48}},"p18":{"x":0.155852079391479,"y":12.9318161010742,"z":0,"tension":-0.259999096393585,"bias":0.0200009346008301,"continuity":0,"index":18,"pointType":2,"word":"","text":{"x":0.655852079391479,"y":12.9318161010742,"z":0,"font":0,"fontSize":48}},"p19":{"x":-0.792888641357422,"y":12.9108514785767,"z":0,"tension":0,"bias":0,"continuity":0,"index":19,"pointType":2,"word":"","text":{"x":-0.292888641357422,"y":12.9108514785767,"z":0,"font":0,"fontSize":48}},"p20":{"x":-2.03138875961304,"y":11.9896621704102,"z":0,"tension":0,"bias":0,"continuity":0,"index":20,"pointType":2,"word":"","text":{"x":-1.53138875961304,"y":11.9896621704102,"z":0,"font":0,"fontSize":48}},"p21":{"x":-3.12937879562378,"y":12.4038524627686,"z":0,"tension":0,"bias":0,"continuity":0,"index":21,"pointType":2,"word":"","text":{"x":-2.62937879562378,"y":12.4038524627686,"z":0,"font":0,"fontSize":48}},"p22":{"x":-4.80472469329834,"y":12.0256996154785,"z":0,"tension":0,"bias":0,"continuity":0,"index":22,"pointType":6,"word":"","text":{"x":-4.30472469329834,"y":12.0256996154785,"z":0,"font":0,"fontSize":48}},"p23":{"x":-3.97488498687744,"y":12.0658893585205,"z":0,"tension":0,"bias":0,"continuity":0,"index":23,"pointType":2,"word":"","text":{"x":-3.47488498687744,"y":12.0658893585205,"z":0,"font":0,"fontSize":48}},"p24":{"x":0.438410043716431,"y":7.11587715148926,"z":0,"tension":0.0400010347366333,"bias":0,"continuity":0,"index":24,"pointType":2,"word":"","text":{"x":0.938410043716431,"y":7.11587715148926,"z":0,"font":0,"fontSize":48}},"p25":{"x":0.50607705116272,"y":7.78303718566895,"z":0,"tension":0.0800009965896606,"bias":0.500001072883606,"continuity":0,"index":25,"pointType":2,"word":"","text":{"x":1.00607705116272,"y":7.78303718566895,"z":0,"font":0,"fontSize":48}},"p26":{"x":-0.0402810573577881,"y":7.87414646148682,"z":0,"tension":-0.819999098777771,"bias":0,"continuity":0,"index":26,"pointType":2,"word":"","text":{"x":0.459718942642212,"y":7.87414646148682,"z":0,"font":0,"fontSize":48}},"p27":{"x":-0.501773476600647,"y":6.68110132217407,"z":0,"tension":0,"bias":0,"continuity":0,"index":27,"pointType":2,"word":"","text":{"x":-0.00177347660064697,"y":6.68110132217407,"z":0,"font":0,"fontSize":48}},"p28":{"x":0.746353626251221,"y":5.53225183486938,"z":0,"tension":0,"bias":0,"continuity":0,"index":28,"pointType":2,"word":"","text":{"x":1.24635362625122,"y":5.53225183486938,"z":0,"font":0,"fontSize":48}},"p29":{"x":2.33015418052673,"y":5.87265300750732,"z":0,"tension":0,"bias":0,"continuity":0,"index":29,"pointType":2,"word":"","text":{"x":2.83015418052673,"y":5.87265300750732,"z":0,"font":0,"fontSize":48}},"p30":{"x":3.33694791793823,"y":8.14682197570801,"z":0,"tension":0,"bias":0,"continuity":0,"index":30,"pointType":2,"word":"","text":{"x":3.83694791793823,"y":8.14682197570801,"z":0,"font":0,"fontSize":48}},"p31":{"x":5.23434400558472,"y":7.82197523117065,"z":0,"tension":0,"bias":0,"continuity":0,"index":31,"pointType":2,"word":"","text":{"x":5.73434400558472,"y":7.82197523117065,"z":0,"font":0,"fontSize":48}},"p32":{"x":5.58872175216675,"y":6.69977521896362,"z":0,"tension":0,"bias":0,"continuity":0,"index":32,"pointType":2,"word":"","text":{"x":6.08872175216675,"y":6.69977521896362,"z":0,"font":0,"fontSize":48}},"p33":{"x":3.41815805435181,"y":5.36346244812012,"z":0,"tension":0,"bias":0,"continuity":0,"index":33,"pointType":2,"word":"","text":{"x":3.91815805435181,"y":5.36346244812012,"z":0,"font":0,"fontSize":48}},"p34":{"x":3.80945062637329,"y":3.73922753334045,"z":0,"tension":0,"bias":0,"continuity":0,"index":34,"pointType":2,"word":"","text":{"x":4.30945062637329,"y":3.73922753334045,"z":0,"font":0,"fontSize":48}},"p35":{"x":3.01948237419128,"y":3.34062075614929,"z":0,"tension":0,"bias":0,"continuity":0,"index":35,"pointType":2,"word":"","text":{"x":3.51948237419128,"y":3.34062075614929,"z":0,"font":0,"fontSize":48}},"p36":{"x":2.08924174308777,"y":4.56616020202637,"z":0,"tension":0,"bias":0,"continuity":0,"index":36,"pointType":2,"word":"","text":{"x":2.58924174308777,"y":4.56616020202637,"z":0,"font":0,"fontSize":48}},