{"name":"2","pointCount":23,"p0":{"x":-1.29703617095947,"y":-1.97702097892761,"z":-1.19209289550781E-07,"tension":1,"bias":0.00221979850903153,"continuity":0,"index":0,"pointType":6,"word":"","text":{"x":-0.797036170959473,"y":-1.97702097892761,"z":-1.19209289550781E-07,"font":0,"fontSize":48}},"p1":{"x":-1.13292646408081,"y":-2.16058826446533,"z":-1.19209289550781E-07,"tension":-0.999941229820251,"bias":-0.0408686399459839,"continuity":0,"index":1,"pointType":2,"word":"","text":{"x":-0.632926464080811,"y":-2.16058826446533,"z":-1.19209289550781E-07,"font":0,"fontSize":48}},"p2":{"x":-0.956971406936646,"y":-1.98632621765137,"z":-1.19209289550781E-07,"tension":0,"bias":0,"continuity":0,"index":2,"pointType":0,"word":"","text":{"x":-0.456971406936646,"y":-1.98632621765137,"z":-1.19209289550781E-07,"font":0,"fontSize":48}},"p3":{"x":-1.14613342285156,"y":-2.3583025932312,"z":-1.19209289550781E-07,"tension":-0.827980220317841,"bias":0.0394066423177719,"continuity":0,"index":3,"pointType":2,"word":"","text":{"x":-0.646133422851563,"y":-2.3583025932312,"z":-1.19209289550781E-07,"font":0,"fontSize":48}},"p4":{"x":-1.34121704101563,"y":-2.20547962188721,"z":-1.19209289550781E-07,"tension":0.995990037918091,"bias":0.0665591955184937,"continuity":0,"index":4,"pointType":0,"word":"","text":{"x":-0.841217041015625,"y":-2.20547962188721,"z":-1.19209289550781E-07,"font":0,"fontSize":48}},"p5":{"x":-1.10075187683105,"y":-2.66031169891357,"z":-1.19209289550781E-07,"tension":-0.999851405620575,"bias":-0.0611956119537354,"continuity":0,"index":5,"pointType":2,"word":"","text":{"x":-0.600751876831055,"y":-2.66031169891357,"z":-1.19209289550781E-07,"font":0,"fontSize":48}},"p6":{"x":-0.824307441711426,"y":-2.44735813140869,"z":-1.19209289550781E-07,"tension":1,"bias":0.0806171000003815,"continuity":0,"index":6,"pointType":0,"word":"","text":{"x":-0.324307441711426,"y":-2.44735813140869,"z":-1.19209289550781E-07,"font":0,"fontSize":48}},"p7":{"x":-1.08470773696899,"y":-2.88400554656982,"z":-1.19209289550781E-07,"tension":-0.999961912631989,"bias":0.0423102416098118,"continuity":0,"index":7,"pointType":2,"word":"","text":{"x":-0.584707736968994,"y":-2.88400554656982,"z":-1.19209289550781E-07,"font":0,"fontSize":48}},"p8":{"x":-1.42087078094482,"y":-2.62186717987061,"z":-1.19209289550781E-07,"tension":0.970279633998871,"bias":-0.0438614450395107,"continuity":0,"index":8,"pointType":0,"word":"","text":{"x":-0.920870780944824,"y":-2.62186717987061,"z":-1.19209289550781E-07,"font":0,"fontSize":48}},"p9":{"x":-1.08429908752441,"y":-3.10186862945557,"z":-1.19209289550781E-07,"tension":-0.518489241600037,"bias":0.00592380296438932,"continuity":0,"index":9,"pointType":2,"word":"","text":{"x":-0.584299087524414,"y":-3.10186862945557,"z":-1.19209289550781E-07,"font":0,"fontSize":48}},"p10":{"x":-0.677186965942383,"y":-2.70701694488525,"z":-1.19209289550781E-07,"tension":1,"bias":0.0166345704346895,"continuity":0,"index":10,"pointType":0,"word":"","text":{"x":-0.177186965942383,"y":-2.70701694488525,"z":-1.19209289550781E-07,"font":0,"fontSize":48}},"p11":{"x":-0.988265037536621,"y":-3.23596286773682,"z":-1.19209289550781E-07,"tension":-1,"bias":-0.00804705638438463,"continuity":0,"index":11,"pointType":2,"word":"","text":{"x":-0.488265037536621,"y":-3.23596286773682,"z":-1.19209289550781E-07,"font":0,"fontSize":48}},"p12":{"x":-1.23488569259644,"y":-2.70739793777466,"z":-1.19209289550781E-07,"tension":1,"bias":-0.167829126119614,"continuity":0,"index":12,"pointType":0,"word":"","text":{"x":-0.734885692596436,"y":-2.70739793777466,"z":-1.19209289550781E-07,"font":0,"fontSize":48}},"p13":{"x":-0.825933933258057,"y":-3.09879207611084,"z":-1.19209289550781E-07,"tension":-1,"bias":-0.00784884206950665,"continuity":0,"index":13,"pointType":2,"word":"","text":{"x":-0.325933933258057,"y":-3.09879207611084,"z":-1.19209289550781E-07,"font":0,"fontSize":48}},"p14":{"x":-0.472831010818481,"y":-2.92135524749756,"z":-1.19209289550781E-07,"tension":0.999999701976776,"bias":-0.0811615139245987,"continuity":0,"index":14,"pointType":0,"word":"","text":{"x":0.0271689891815186,"y":-2.92135524749756,"z":-1.19209289550781E-07,"font":0,"fontSize":48}},"p15":{"x":-0.861501216888428,"y":-3.31953907012939,"z":-1.19209289550781E-07,"tension":-0.999994993209839,"bias":0.0451229177415371,"continuity":0,"index":15,"pointType":2,"word":"","text":{"x":-0.361501216888428,"y":-3.31953907012939,"z":-1.19209289550781E-07,"font":0,"fontSize":48}},"p16":{"x":-1.07928085327148,"y":-3.06291580200195,"z":-1.19209289550781E-07,"tension":1,"bias":-0.109362572431564,"continuity":0,"index":16,"pointType":0,"word":"","text":{"x":-0.579280853271484,"y":-3.06291580200195,"z":-1.19209289550781E-07,"font":0,"fontSize":48}},"p17":{"x":-0.820856332778931,"y":-3.80224418640137,"z":-1.19209289550781E-07,"tension":-0.989998519420624,"bias":-0.0188123155385256,"continuity":0,"index":17,"pointType":2,"word":"","text":{"x":-0.320856332778931,"y":-3.80224418640137,"z":-1.19209289550781E-07,"font":0,"fontSize":48}},"p18":{"x":-0.304196357727051,"y":-3.02207946777344,"z":-1.19209289550781E-07,"tension":1,"bias":-0.0352505184710026,"continuity":0,"index":18,"pointType":0,"word":"","text":{"x":0.195803642272949,"y":-3.02207946777344,"z":-1.19209289550781E-07,"font":0,"fontSize":48}},"p19":{"x":-0.438527822494507,"y":-4.07607269287109,"z":-1.19209289550781E-07,"tension":-0.999996602535248,"bias":-0.0150708751752973,"continuity":0,"index":19,"pointType":2,"word":"","text":{"x":0.0614721775054932,"y":-4.07607269287109,"z":-1.19209289550781E-07,"font":0,"fontSize":48}},"p20":{"x":-0.872523069381714,"y":-3.43799686431885,"z":-1.19209289550781E-07,"tension":1,"bias":-0.0464169457554817,"continuity":0,"index":20,"pointType":0,"word":"","text":{"x":-0.372523069381714,"y":-3.43799686431885,"z":-1.19209289550781E-07,"font":0,"fontSize":48}},"p21":{"x":-0.428195238113403,"y":-4.44548606872559,"z":-1.19209289550781E-07,"tension":-1,"bias":0.0627331361174583,"continuity":0,"index":21,"pointType":2,"word":"","text":{"x":0.0718047618865967,"y":-4.44548606872559,"z":-1.19209289550781E-07,"font":0,"fontSize":48}},"p22":{"x":0.103965282440186,"y":-3.45866298675537,"z":-1.19209289550781E-07,"tension":0,"bias":0,"continuity":0,"index":22,"pointType":7,"word":"","text":{"x":0.603965282440186,"y":-3.45866298675537,"z":-1.19209289550781E-07,"font":0,"fontSize":48}},"fixedCamera":false,"fov":30,"splineCount":1,"unlockType":0,"speed":0,"time":0,"laps":0,"startSpeed":0,"spline0":{"order":0,"closed":false,"numPoints":23,"type":0,"lineTexture":0,"points":{"p0":0,"p1":1,"p2":2,"p3":3,"p4":4,"p5":5,"p6":6,"p7":7,"p8":8,"p9":9,"p10":10,"p11":11,"p12":12,"p13":13,"p14":14,"p15":15,"p16":16,"p17":17,"p18":18,"p19":19,"p20":20,"p21":21,"p22":22}}}