{"name":"3","pointCount":9,"p0":{"x":-0.199747011065483,"y":1.39744389057159,"z":-1.19209289550781E-07,"tension":1,"bias":-1,"continuity":0,"index":0,"pointType":1,"word":"","text":{"x":0.300252974033356,"y":1.39744389057159,"z":-1.19209289550781E-07,"font":0,"fontSize":48}},"p1":{"x":0.0053555816411972,"y":-0.546866118907928,"z":-1.19209289550781E-07,"tension":0,"bias":0,"continuity":0,"index":1,"pointType":5,"word":"","text":{"x":0.505355596542358,"y":-0.546866118907928,"z":-1.19209289550781E-07,"font":0,"fontSize":48}},"p2":{"x":-0.172559887170792,"y":0.759282112121582,"z":-1.19209289550781E-07,"tension":0.245611667633057,"bias":-0.00732380151748657,"continuity":0,"index":2,"pointType":2,"word":"","text":{"x":0.327440112829208,"y":0.759282112121582,"z":-1.19209289550781E-07,"font":0,"fontSize":48}},"p3":{"x":-0.0301822125911713,"y":-0.109003782272339,"z":-1.19209289550781E-07,"tension":0,"bias":0,"continuity":0,"index":3,"pointType":2,"word":"","text":{"x":0.469817787408829,"y":-0.109003782272339,"z":-1.19209289550781E-07,"font":0,"fontSize":48}},"p4":{"x":-0.236291587352753,"y":0.34419047832489,"z":-1.19209289550781E-07,"tension":-0.526050329208374,"bias":0,"continuity":0,"index":4,"pointType":2,"word":"","text":{"x":0.263708412647247,"y":0.34419047832489,"z":-1.19209289550781E-07,"font":0,"fontSize":48}},"p5":{"x":0.129624754190445,"y":0.643588364124298,"z":-1.19209289550781E-07,"tension":-0.689911186695099,"bias":-0.0144508723169565,"continuity":0,"index":5,"pointType":3,"word":"press","text":{"x":0.0241154432296753,"y":0.868614017963409,"z":-1.19209289550781E-07,"font":3,"fontSize":72}},"p6":{"x":0.499709457159042,"y":0.342710852622986,"z":-1.19209289550781E-07,"tension":-0.99999725818634,"bias":-0.073522612452507,"continuity":0,"index":6,"pointType":2,"word":"","text":{"x":0.999709486961365,"y":0.342710852622986,"z":-1.19209289550781E-07,"font":0,"fontSize":48}},"p7":{"x":0.146122828125954,"y":0.100226610898972,"z":-1.19209289550781E-07,"tension":-0.5912966132164,"bias":0.480742961168289,"continuity":0,"index":7,"pointType":2,"word":"","text":{"x":0.646122813224792,"y":0.100226610898972,"z":-1.19209289550781E-07,"font":0,"fontSize":48}},"p8":{"x":-0.197535917162895,"y":1.93787658214569,"z":-1.19209289550781E-07,"tension":0,"bias":0,"continuity":0,"index":8,"pointType":6,"word":"","text":{"x":0.302464067935944,"y":1.93787658214569,"z":-1.19209289550781E-07,"font":0,"fontSize":48}},"splineCount":1,"spline0":{"closed":false,"numPoints":8,"lineTexture":0,"points":{"p0":1,"p1":3,"p2":4,"p3":5,"p4":6,"p5":7,"p6":2,"p7":0}}}