{"name":"3","pointCount":19,"p0":{"x":-1.29884481430054,"y":-1.97702097892761,"z":0.307204902172089,"tension":1,"bias":0.00221979850903153,"continuity":0,"index":0,"pointType":6,"word":"","text":{"x":-0.798844814300537,"y":-1.97702097892761,"z":0.307204902172089,"font":0,"fontSize":48}},"p1":{"x":-1.13292646408081,"y":-2.16058826446533,"z":0.252165883779526,"tension":-0.999941229820251,"bias":-0.0408686399459839,"continuity":0,"index":1,"pointType":2,"word":"","text":{"x":-0.632926464080811,"y":-2.16058826446533,"z":0.252165883779526,"font":0,"fontSize":48}},"p2":{"x":-0.956971406936646,"y":-1.9845175743103,"z":0.281588912010193,"tension":0,"bias":0,"continuity":0,"index":2,"pointType":0,"word":"","text":{"x":-0.456971406936646,"y":-1.9845175743103,"z":0.281588912010193,"font":0,"fontSize":48}},"p3":{"x":-1.12081241607666,"y":-2.30585193634033,"z":0.248725861310959,"tension":-0.827980220317841,"bias":0.0394066423177719,"continuity":0,"index":3,"pointType":2,"word":"","text":{"x":-0.62081241607666,"y":-2.30585193634033,"z":0.248725861310959,"font":0,"fontSize":48}},"p4":{"x":-1.34121704101563,"y":-2.20546531677246,"z":0.228228881955147,"tension":0.995990037918091,"bias":0.0665591955184937,"continuity":0,"index":4,"pointType":0,"word":"","text":{"x":-0.841217041015625,"y":-2.20546531677246,"z":0.228228881955147,"font":0,"fontSize":48}},"p5":{"x":-1.11339807510376,"y":-2.57892227172852,"z":0.195408895611763,"tension":-0.999851405620575,"bias":-0.0611956119537354,"continuity":0,"index":5,"pointType":2,"word":"","text":{"x":-0.61339807510376,"y":-2.57892227172852,"z":0.195408895611763,"font":0,"fontSize":48}},"p6":{"x":-0.855292797088623,"y":-2.24503421783447,"z":0.0886978805065155,"tension":1,"bias":0.0806171000003815,"continuity":0,"index":6,"pointType":0,"word":"","text":{"x":-0.355292797088623,"y":-2.24503421783447,"z":0.0886978805065155,"font":0,"fontSize":48}},"p7":{"x":-1.06101226806641,"y":-2.75459051132202,"z":-0.290738105773926,"tension":-0.999961912631989,"bias":0.0423102416098118,"continuity":0,"index":7,"pointType":2,"word":"","text":{"x":-0.561012268066406,"y":-2.75459051132202,"z":-0.290738105773926,"font":0,"fontSize":48}},"p8":{"x":-1.37894821166992,"y":-2.53984498977661,"z":-0.259638100862503,"tension":0.970279633998871,"bias":-0.0438614450395107,"continuity":0,"index":8,"pointType":0,"word":"","text":{"x":-0.878948211669922,"y":-2.53984498977661,"z":-0.259638100862503,"font":0,"fontSize":48}},"p9":{"x":-1.08429908752441,"y":-3.10186862945557,"z":-0.261105120182037,"tension":-0.518489241600037,"bias":0.00592380296438932,"continuity":0,"index":9,"pointType":2,"word":"","text":{"x":-0.584299087524414,"y":-3.10186862945557,"z":-0.261105120182037,"font":0,"fontSize":48}},"p10":{"x":-0.766500473022461,"y":-2.73800277709961,"z":-0.350791096687317,"tension":1,"bias":0.0166345704346895,"continuity":0,"index":10,"pointType":0,"word":"","text":{"x":-0.266500473022461,"y":-2.73800277709961,"z":-0.350791096687317,"font":0,"fontSize":48}},"p11":{"x":-0.975505352020264,"y":-3.29246711730957,"z":-0.444974273443222,"tension":-1,"bias":-0.00804705638438463,"continuity":0,"index":11,"pointType":2,"word":"","text":{"x":-0.475505352020264,"y":-3.29246711730957,"z":-0.444974273443222,"font":0,"fontSize":48}},"p12":{"x":-1.33878087997437,"y":-2.90789985656738,"z":-0.656033098697662,"tension":1,"bias":-0.167829126119614,"continuity":0,"index":12,"pointType":0,"word":"","text":{"x":-0.838780879974365,"y":-2.90789985656738,"z":-0.656033098697662,"font":0,"fontSize":48}},"p13":{"x":-0.999093532562256,"y":-3.55082845687866,"z":-0.567294180393219,"tension":-1,"bias":-0.00784884206950665,"continuity":0,"index":13,"pointType":2,"word":"","text":{"x":-0.499093532562256,"y":-3.55082845687866,"z":-0.567294180393219,"font":0,"fontSize":48}},"p14":{"x":-0.664217472076416,"y":-3.00702047348022,"z":-0.685811161994934,"tension":0.999999701976776,"bias":-0.0811615139245987,"continuity":0,"index":14,"pointType":0,"word":"","text":{"x":-0.164217472076416,"y":-3.00702047348022,"z":-0.685811161994934,"font":0,"fontSize":48}},"p15":{"x":-1.00914287567139,"y":-3.38697910308838,"z":-0.73878413438797,"tension":-0.999994993209839,"bias":0.0451229177415371,"continuity":0,"index":15,"pointType":2,"word":"","text":{"x":-0.509142875671387,"y":-3.38697910308838,"z":-0.73878413438797,"font":0,"fontSize":48}},"p16":{"x":-1.38367652893066,"y":-3.01917171478271,"z":-0.843639075756073,"tension":1,"bias":-0.109362572431564,"continuity":0,"index":16,"pointType":0,"word":"","text":{"x":-0.883676528930664,"y":-3.01917171478271,"z":-0.843639075756073,"font":0,"fontSize":48}},"p17":{"x":-1.03031206130981,"y":-3.82232570648193,"z":-0.707261025905609,"tension":-0.989998519420624,"bias":-0.0188123155385256,"continuity":0,"index":17,"pointType":2,"word":"","text":{"x":-0.530312061309814,"y":-3.82232570648193,"z":-0.707261025905609,"font":0,"fontSize":48}},"p18":{"x":-0.672387599945068,"y":-3.26632499694824,"z":-0.956266045570374,"tension":1,"bias":-0.0352505184710026,"continuity":0,"index":18,"pointType":7,"word":"","text":{"x":-0.172387599945068,"y":-3.26632499694824,"z":-0.956266045570374,"font":0,"fontSize":48}},"fixedCamera":true,"fov":60,"splineCount":1,"unlockType":0,"speed":0,"time":0,"laps":0,"startSpeed":0,"text":" ","spline0":{"order":0,"closed":false,"numPoints":19,"type":0,"lineTexture":0,"lineWidth":1,"points":{"p0":0,"p1":1,"p2":2,"p3":3,"p4":4,"p5":5,"p6":6,"p7":7,"p8":8,"p9":9,"p10":10,"p11":11,"p12":12,"p13":13,"p14":14,"p15":15,"p16":16,"p17":17,"p18":18}}}