{"name":"FifthRide","pointCount":10,"p0":{"x":9.9656457901001,"y":-0.687225162982941,"z":-1.19209289550781E-07,"tension":0.945399403572083,"bias":0.722184121608734,"continuity":0,"index":0,"pointType":5,"word":"","text":{"x":10.4656457901001,"y":-0.687225162982941,"z":-1.19209289550781E-07,"font":0,"fontSize":48}},"p1":{"x":10.1413602828979,"y":-1.23704516887665,"z":-1.19209289550781E-07,"tension":-0.645769417285919,"bias":0.276575535535812,"continuity":0,"index":1,"pointType":2,"word":"","text":{"x":10.6413602828979,"y":-1.23704516887665,"z":-1.19209289550781E-07,"font":0,"fontSize":48}},"p2":{"x":10.7442045211792,"y":-1.20463454723358,"z":-1.19209289550781E-07,"tension":-0.282016783952713,"bias":-0.261329680681229,"continuity":0,"index":2,"pointType":2,"word":"","text":{"x":11.2442045211792,"y":-1.20463454723358,"z":-1.19209289550781E-07,"font":0,"fontSize":48}},"p3":{"x":10.6993093490601,"y":-0.657998144626617,"z":-1.19209289550781E-07,"tension":-0.878892540931702,"bias":-0.0195150729268789,"continuity":0,"index":3,"pointType":2,"word":"","text":{"x":11.1993093490601,"y":-0.657998144626617,"z":-1.19209289550781E-07,"font":0,"fontSize":48}},"p4":{"x":9.95425033569336,"y":-0.562021374702454,"z":-1.19209289550781E-07,"tension":0,"bias":0,"continuity":0,"index":4,"pointType":2,"word":"","text":{"x":10.4542503356934,"y":-0.562021374702454,"z":-1.19209289550781E-07,"font":0,"fontSize":48}},"p5":{"x":10.3466768264771,"y":-0.274316757917404,"z":-1.19209289550781E-07,"tension":0,"bias":0,"continuity":0,"index":5,"pointType":2,"word":"","text":{"x":10.8466768264771,"y":-0.274316757917404,"z":-1.19209289550781E-07,"font":0,"fontSize":48}},"p6":{"x":11.0063829421997,"y":-0.971707880496979,"z":-1.19209289550781E-07,"tension":-0.0839841291308403,"bias":0.119695670902729,"continuity":0,"index":6,"pointType":2,"word":"","text":{"x":11.5063829421997,"y":-0.971707880496979,"z":-1.19209289550781E-07,"font":0,"fontSize":48}},"p7":{"x":10.3846712112427,"y":-1.20651710033417,"z":-1.19209289550781E-07,"tension":-0.815847933292389,"bias":0.0016045484226197,"continuity":0,"index":7,"pointType":2,"word":"","text":{"x":10.8846712112427,"y":-1.20651710033417,"z":-1.19209289550781E-07,"font":0,"fontSize":48}},"p8":{"x":10.3620090484619,"y":-0.656756043434143,"z":-1.19209289550781E-07,"tension":0,"bias":0,"continuity":0,"index":8,"pointType":2,"word":"","text":{"x":10.8620090484619,"y":-0.656756043434143,"z":-1.19209289550781E-07,"font":0,"fontSize":48}},"p9":{"x":11.1038150787354,"y":-0.513295352458954,"z":-1.19209289550781E-07,"tension":0,"bias":0,"continuity":0,"index":9,"pointType":6,"word":"","text":{"x":11.6038150787354,"y":-0.513295352458954,"z":-1.19209289550781E-07,"font":0,"fontSize":48}},"fixedCamera":false,"fov":50,"splineCount":1,"unlockType":1,"speed":0,"time":0,"laps":0,"spline0":{"closed":false,"numPoints":10,"lineTexture":0,"points":{"p0":0,"p1":1,"p2":2,"p3":3,"p4":4,"p5":5,"p6":6,"p7":7,"p8":8,"p9":9}}}