{"name":"3Spiralling","pointCount":34,"p0":{"x":0.339999914169312,"y":1.0654284954071,"z":0.272000312805176,"tension":-1,"bias":0.75,"continuity":0,"index":0,"pointType":2,"word":"","text":{"x":0.839999914169312,"y":1.0654284954071,"z":0.272000312805176,"font":0,"fontSize":48}},"p1":{"x":-0.0950000286102295,"y":-0.209066838026047,"z":0.671999931335449,"tension":-0.5,"bias":0,"continuity":0,"index":1,"pointType":2,"word":"","text":{"x":0.404999971389771,"y":-0.209066838026047,"z":0.671999931335449,"font":0,"fontSize":48}},"p2":{"x":1.25679612159729,"y":-0.959066867828369,"z":1.19999980926514,"tension":-0.479999780654907,"bias":0,"continuity":0,"index":2,"pointType":2,"word":"","text":{"x":1.75679612159729,"y":-0.959066867828369,"z":1.19999980926514,"font":0,"fontSize":48}},"p3":{"x":2.22097730636597,"y":0.189999371767044,"z":1.60000038146973,"tension":-0.479999780654907,"bias":0,"continuity":0,"index":3,"pointType":2,"word":"","text":{"x":2.72097730636597,"y":0.189999371767044,"z":1.60000038146973,"font":0,"fontSize":48}},"p4":{"x":1.25679612159729,"y":1.33906626701355,"z":2,"tension":-0.479999780654907,"bias":0,"continuity":0,"index":4,"pointType":2,"word":"","text":{"x":1.75679612159729,"y":1.33906626701355,"z":2,"font":0,"fontSize":48}},"p5":{"x":-0.0422420501708984,"y":0.58906626701355,"z":2.39999961853027,"tension":-0.479999780654907,"bias":0,"continuity":0,"index":5,"pointType":2,"word":"","text":{"x":0.457757949829102,"y":0.58906626701355,"z":2.39999961853027,"font":0,"fontSize":48}},"p6":{"x":0.47078800201416,"y":-0.820473194122314,"z":2.80000019073486,"tension":-0.479999780654907,"bias":0,"continuity":0,"index":6,"pointType":2,"word":"","text":{"x":0.97078800201416,"y":-0.820473194122314,"z":2.80000019073486,"font":0,"fontSize":48}},"p7":{"x":1.94799995422363,"y":-0.560001373291016,"z":3.20000076293945,"tension":-0.479999780654907,"bias":0,"continuity":0,"index":7,"pointType":2,"word":"","text":{"x":2.44799995422363,"y":-0.560001373291016,"z":3.20000076293945,"font":0,"fontSize":48}},"p8":{"x":1.94799995422363,"y":0.940000057220459,"z":3.60000038146973,"tension":-0.479999780654907,"bias":0,"continuity":0,"index":8,"pointType":2,"word":"","text":{"x":2.44799995422363,"y":0.940000057220459,"z":3.60000038146973,"font":0,"fontSize":48}},"p9":{"x":0.470788717269897,"y":1.20047152042389,"z":4,"tension":-0.479999780654907,"bias":0,"continuity":0,"index":9,"pointType":2,"word":"","text":{"x":0.970788717269897,"y":1.20047152042389,"z":4,"font":0,"fontSize":48}},"p10":{"x":-0.0422420501708984,"y":-0.209066838026047,"z":4.40000057220459,"tension":-0.479999780654907,"bias":0,"continuity":0,"index":10,"pointType":2,"word":"","text":{"x":0.457757949829102,"y":-0.209066838026047,"z":4.40000057220459,"font":0,"fontSize":48}},"p11":{"x":1.25679540634155,"y":-0.959067583084106,"z":4.80000114440918,"tension":-0.479999780654907,"bias":0,"continuity":0,"index":11,"pointType":2,"word":"","text":{"x":1.75679540634155,"y":-0.959067583084106,"z":4.80000114440918,"font":0,"fontSize":48}},"p12":{"x":2.22097730636597,"y":0.189998656511307,"z":5.20000076293945,"tension":-0.479999780654907,"bias":0,"continuity":0,"index":12,"pointType":2,"word":"","text":{"x":2.72097730636597,"y":0.189998656511307,"z":5.20000076293945,"font":0,"fontSize":48}},"p13":{"x":1.25679683685303,"y":1.33906555175781,"z":5.60000038146973,"tension":-0.479999780654907,"bias":0,"continuity":0,"index":13,"pointType":2,"word":"","text":{"x":1.75679683685303,"y":1.33906555175781,"z":5.60000038146973,"font":0,"fontSize":48}},"p14":{"x":-0.0422420501708984,"y":0.58906626701355,"z":6,"tension":-0.479999780654907,"bias":0,"continuity":0,"index":14,"pointType":2,"word":"","text":{"x":0.457757949829102,"y":0.58906626701355,"z":6,"font":0,"fontSize":48}},"p15":{"x":0.47078800201416,"y":-0.820473194122314,"z":6.40000152587891,"tension":-0.479999780654907,"bias":0,"continuity":0,"index":15,"pointType":2,"word":"","text":{"x":0.97078800201416,"y":-0.820473194122314,"z":6.40000152587891,"font":0,"fontSize":48}},"p16":{"x":1.94799995422363,"y":-0.560001373291016,"z":6.80000114440918,"tension":-0.479999780654907,"bias":0,"continuity":0,"index":16,"pointType":2,"word":"","text":{"x":2.44799995422363,"y":-0.560001373291016,"z":6.80000114440918,"font":0,"fontSize":48}},"p17":{"x":1.94799995422363,"y":0.940000057220459,"z":7.20000123977661,"tension":-0.479999780654907,"bias":0,"continuity":0,"index":17,"pointType":2,"word":"","text":{"x":2.44799995422363,"y":0.940000057220459,"z":7.20000123977661,"font":0,"fontSize":48}},"p18":{"x":0.470789432525635,"y":1.20047152042389,"z":7.60000133514404,"tension":-0.479999780654907,"bias":0,"continuity":0,"index":18,"pointType":2,"word":"","text":{"x":0.970789432525635,"y":1.20047152042389,"z":7.60000133514404,"font":0,"fontSize":48}},"p19":{"x":-0.0422420501708984,"y":-0.209066838026047,"z":8,"tension":-0.479999780654907,"bias":0,"continuity":0,"index":19,"pointType":2,"word":"","text":{"x":0.457757949829102,"y":-0.209066838026047,"z":8,"font":0,"fontSize":48}},"p20":{"x":1.25679540634155,"y":-0.959068298339844,"z":8.40000057220459,"tension":-0.479999780654907,"bias":0,"continuity":0,"index":20,"pointType":2,"word":"","text":{"x":1.75679540634155,"y":-0.959068298339844,"z":8.40000057220459,"font":0,"fontSize":48}},"p21":{"x":2.2209780216217,"y":0.189997225999832,"z":8.80000019073486,"tension":-0.479999780654907,"bias":0,"continuity":0,"index":21,"pointType":2,"word":"","text":{"x":2.7209780216217,"y":0.189997225999832,"z":8.80000019073486,"font":0,"fontSize":48}},"p22":{"x":1.25679755210876,"y":1.33906483650208,"z":9.19999980926514,"tension":-0.479999780654907,"bias":0,"continuity":0,"index":22,"pointType":2,"word":"","text":{"x":1.75679755210876,"y":1.33906483650208,"z":9.19999980926514,"font":0,"fontSize":48}},"p23":{"x":-0.0422406196594238,"y":0.58906626701355,"z":9.59999942779541,"tension":-0.479999780654907,"bias":0,"continuity":0,"index":23,"pointType":2,"word":"","text":{"x":0.457759380340576,"y":0.58906626701355,"z":9.59999942779541,"font":0,"fontSize":48}},"p24":{"x":0.47078800201416,"y":-0.820473194122314,"z":10,"tension":-0.479999780654907,"bias":0,"continuity":0,"index":24,"pointType":2,"word":"","text":{"x":0.97078800201416,"y":-0.820473194122314,"z":10,"font":0,"fontSize":48}},"p25":{"x":1.94799995422363,"y":-0.56000280380249,"z":10.399998664856,"tension":-0.479999780654907,"bias":0,"continuity":0,"index":25,"pointType":2,"word":"","text":{"x":2.44799995422363,"y":-0.56000280380249,"z":10.399998664856,"font":0,"fontSize":48}},"p26":{"x":1.94799995422363,"y":0.940000057220459,"z":10.7999982833862,"tension":-0.479999780654907,"bias":0,"continuity":0,"index":26,"pointType":2,"word":"","text":{"x":2.44799995422363,"y":0.940000057220459,"z":10.7999982833862,"font":0,"fontSize":48}},"p27":{"x":0.470790147781372,"y":1.20047116279602,"z":11.1999979019165,"tension":-0.479999780654907,"bias":0,"continuity":0,"index":27,"pointType":2,"word":"","text":{"x":0.970790147781372,"y":1.20047116279602,"z":11.1999979019165,"font":0,"fontSize":48}},"p28":{"x":-0.0422420501708984,"y":-0.209066838026047,"z":11.5999975204468,"tension":-0.479999780654907,"bias":0,"continuity":0,"index":28,"pointType":2,"word":"","text":{"x":0.457757949829102,"y":-0.209066838026047,"z":11.5999975204468,"font":0,"fontSize":48}},"p29":{"x":1.25679540634155,"y":-0.959069013595581,"z":12,"tension":-0.479999780654907,"bias":0,"continuity":0,"index":29,"pointType":2,"word":"","text":{"x":1.75679540634155,"y":-0.959069013595581,"z":12,"font":0,"fontSize":48}},"p30":{"x":2.22097873687744,"y":0.189996510744095,"z":12.3999967575073,"tension":-0.479999780654907,"bias":0,"continuity":0,"index":30,"pointType":2,"word":"","text":{"x":2.72097873687744,"y":0.189996510744095,"z":12.3999967575073,"font":0,"fontSize":48}},"p31":{"x":1.2567982673645,"y":1.33906447887421,"z":12.7999963760376,"tension":-0.479999780654907,"bias":0,"continuity":0,"index":31,"pointType":2,"word":"","text":{"x":1.7567982673645,"y":1.33906447887421,