{"name":"SixthRide","pointCount":15,"p0":{"x":10.9747142791748,"y":-0.94103342294693,"z":-1.19209289550781E-07,"tension":-0.866298258304596,"bias":-0.61990088224411,"continuity":0,"index":0,"pointType":2,"word":"","text":{"x":11.4747142791748,"y":-0.94103342294693,"z":-1.19209289550781E-07,"font":0,"fontSize":48}},"p1":{"x":10.5268878936768,"y":-1.07812929153442,"z":-1.19209289550781E-07,"tension":-0.815847933292389,"bias":0.0016045484226197,"continuity":0,"index":1,"pointType":2,"word":"","text":{"x":11.0268878936768,"y":-1.07812929153442,"z":-1.19209289550781E-07,"font":0,"fontSize":48}},"p2":{"x":10.5782022476196,"y":-0.668713688850403,"z":-1.19209289550781E-07,"tension":0,"bias":0,"continuity":0,"index":2,"pointType":2,"word":"","text":{"x":11.0782022476196,"y":-0.668713688850403,"z":-1.19209289550781E-07,"font":0,"fontSize":48}},"p3":{"x":10.7464981079102,"y":-0.995089054107666,"z":-1.19209289550781E-07,"tension":-0.903784096240997,"bias":-0.019337510690093,"continuity":0,"index":3,"pointType":2,"word":"","text":{"x":11.2464981079102,"y":-0.995089054107666,"z":-1.19209289550781E-07,"font":0,"fontSize":48}},"p4":{"x":10.6406898498535,"y":-1.24135541915894,"z":-1.19209289550781E-07,"tension":0.0797431319952011,"bias":0.235331624746323,"continuity":0,"index":4,"pointType":5,"word":"","text":{"x":11.1406898498535,"y":-1.24135541915894,"z":-1.19209289550781E-07,"font":0,"fontSize":48}},"p5":{"x":10.9149122238159,"y":-1.41022789478302,"z":-1.19209289550781E-07,"tension":-0.677627682685852,"bias":0.553360283374786,"continuity":0,"index":5,"pointType":2,"word":"","text":{"x":11.4149122238159,"y":-1.41022789478302,"z":-1.19209289550781E-07,"font":0,"fontSize":48}},"p6":{"x":11.1217203140259,"y":-0.848795473575592,"z":-1.19209289550781E-07,"tension":-0.468428552150726,"bias":-0.153676554560661,"continuity":0,"index":6,"pointType":2,"word":"","text":{"x":11.6217203140259,"y":-0.848795473575592,"z":-1.19209289550781E-07,"font":0,"fontSize":48}},"p7":{"x":10.9546184539795,"y":-0.657541632652283,"z":-1.19209289550781E-07,"tension":0.121617794036865,"bias":-0.0703474506735802,"continuity":0,"index":7,"pointType":2,"word":"","text":{"x":11.4546184539795,"y":-0.657541632652283,"z":-1.19209289550781E-07,"font":0,"fontSize":48}},"p8":{"x":10.7606649398804,"y":-1.10675287246704,"z":-1.19209289550781E-07,"tension":-0.999983608722687,"bias":0.0916406586766243,"continuity":0,"index":8,"pointType":2,"word":"","text":{"x":11.2606649398804,"y":-1.10675287246704,"z":-1.19209289550781E-07,"font":0,"fontSize":48}},"p9":{"x":10.9141225814819,"y":-0.562584221363068,"z":-1.19209289550781E-07,"tension":0,"bias":0,"continuity":0,"index":9,"pointType":2,"word":"","text":{"x":11.4141225814819,"y":-0.562584221363068,"z":-1.19209289550781E-07,"font":0,"fontSize":48}},"p10":{"x":11.0744199752808,"y":-0.871209263801575,"z":-1.19209289550781E-07,"tension":-1,"bias":-0.00716065661981702,"continuity":0,"index":10,"pointType":2,"word":"","text":{"x":11.5744199752808,"y":-0.871209263801575,"z":-1.19209289550781E-07,"font":0,"fontSize":48}},"p11":{"x":10.4564361572266,"y":-0.781878888607025,"z":-1.19209289550781E-07,"tension":-1,"bias":0.0106944777071476,"continuity":0,"index":11,"pointType":2,"word":"","text":{"x":10.9564361572266,"y":-0.781878888607025,"z":-1.19209289550781E-07,"font":0,"fontSize":48}},"p12":{"x":10.4669599533081,"y":-1.18829679489136,"z":-1.19209289550781E-07,"tension":-0.999979734420776,"bias":-0.212769165635109,"continuity":0,"index":12,"pointType":2,"word":"","text":{"x":10.9669599533081,"y":-1.18829679489136,"z":-1.19209289550781E-07,"font":0,"fontSize":48}},"p13":{"x":10.8972396850586,"y":-0.81901216506958,"z":-1.19209289550781E-07,"tension":0,"bias":0,"continuity":0,"index":13,"pointType":6,"word":"","text":{"x":11.3972396850586,"y":-0.81901216506958,"z":-1.19209289550781E-07,"font":0,"fontSize":48}},"p14":{"x":10.8934106826782,"y":-1.19617331027985,"z":-1.19209289550781E-07,"tension":0,"bias":0,"continuity":0,"index":14,"pointType":2,"word":"","text":{"x":11.3934106826782,"y":-1.19617331027985,"z":-1.19209289550781E-07,"font":0,"fontSize":48}},"fixedCamera":false,"fov":33,"splineCount":1,"unlockType":1,"speed":0,"time":0,"laps":0,"spline0":{"closed":false,"numPoints":15,"lineTexture":0,"points":{"p0":4,"p1":5,"p2":0,"p3":8,"p4":14,"p5":6,"p6":7,"p7":1,"p8":2,"p9":9,"p10":10,"p11":3,"p12":11,"p13":12,"p14":13}}}