{"name":"4StateMachine","pointCount":38,"p0":{"x":-0.0240795612335205,"y":1.00138521194458,"z":0,"tension":1,"bias":0,"continuity":0,"index":0,"pointType":6,"word":"","text":{"x":0.475920438766479,"y":1.00138521194458,"z":0,"font":0,"fontSize":48}},"p1":{"x":-0.6774742603302,"y":0.731167316436768,"z":0,"tension":1,"bias":0,"continuity":0,"index":1,"pointType":0,"word":"","text":{"x":-0.1774742603302,"y":0.731167316436768,"z":0,"font":0,"fontSize":48}},"p2":{"x":-0.990556716918945,"y":-0.147083759307861,"z":0,"tension":-0.679999113082886,"bias":0,"continuity":0,"index":2,"pointType":0,"word":"","text":{"x":-0.490556716918945,"y":-0.147083759307861,"z":0,"font":0,"fontSize":48}},"p3":{"x":-0.519375085830688,"y":-0.4701988697052,"z":0,"tension":0,"bias":0,"continuity":0,"index":3,"pointType":0,"word":"","text":{"x":-0.0193750858306885,"y":-0.4701988697052,"z":0,"font":0,"fontSize":48}},"p4":{"x":0.428029537200928,"y":0.43584132194519,"z":0,"tension":-0.679999113082886,"bias":0,"continuity":0,"index":4,"pointType":0,"word":"","text":{"x":0.928029537200928,"y":0.43584132194519,"z":0,"font":0,"fontSize":48}},"p5":{"x":0.791707992553711,"y":2.25268912315369,"z":0,"tension":0,"bias":0,"continuity":0,"index":5,"pointType":0,"word":"","text":{"x":1.29170799255371,"y":2.25268912315369,"z":0,"font":0,"fontSize":48}},"p6":{"x":-0.123229265213013,"y":2.81374311447144,"z":0,"tension":0,"bias":0,"continuity":0,"index":6,"pointType":0,"word":"","text":{"x":0.376770734786987,"y":2.81374311447144,"z":0,"font":0,"fontSize":48}},"p7":{"x":1.1359977722168,"y":0.393558025360107,"z":0,"tension":-1,"bias":0,"continuity":0,"index":7,"pointType":0,"word":"","text":{"x":1.6359977722168,"y":0.393558025360107,"z":0,"font":0,"fontSize":48}},"p8":{"x":-0.0145463943481445,"y":0.26310396194458,"z":0,"tension":0.180001020431519,"bias":-0.539999127388,"continuity":0,"index":8,"pointType":0,"word":"","text":{"x":0.485453605651855,"y":0.26310396194458,"z":0,"font":0,"fontSize":48}},"p9":{"x":1.19975423812866,"y":1.36566972732544,"z":0,"tension":0,"bias":0,"continuity":0,"index":9,"pointType":0,"word":"","text":{"x":1.69975423812866,"y":1.36566972732544,"z":0,"font":0,"fontSize":48}},"p10":{"x":0.419029712677002,"y":1.46474146842957,"z":0,"tension":0,"bias":0,"continuity":0,"index":10,"pointType":0,"word":"","text":{"x":0.919029712677002,"y":1.46474146842957,"z":0,"font":0,"fontSize":48}},"p11":{"x":-1.58046793937683,"y":1.82812654972076,"z":0,"tension":0,"bias":0,"continuity":0,"index":11,"pointType":0,"word":"","text":{"x":-1.08046793937683,"y":1.82812654972076,"z":0,"font":0,"fontSize":48}},"p12":{"x":-1.10301494598389,"y":1.34277033805847,"z":0,"tension":0,"bias":0,"continuity":0,"index":12,"pointType":0,"word":"","text":{"x":-0.603014945983887,"y":1.34277033805847,"z":0,"font":0,"fontSize":48}},"p13":{"x":-0.98870849609375,"y":2.72194957733154,"z":0,"tension":0,"bias":0,"continuity":0,"index":13,"pointType":0,"word":"","text":{"x":-0.48870849609375,"y":2.72194957733154,"z":0,"font":0,"fontSize":48}},"p14":{"x":-1.64268112182617,"y":2.51657915115356,"z":0,"tension":-0.839999079704285,"bias":0,"continuity":0,"index":14,"pointType":0,"word":"","text":{"x":-1.14268112182617,"y":2.51657915115356,"z":0,"font":0,"fontSize":48}},"p15":{"x":-2.06459188461304,"y":1.14018046855927,"z":0,"tension":-1,"bias":0,"continuity":0,"index":15,"pointType":0,"word":"","text":{"x":-1.56459188461304,"y":1.14018046855927,"z":0,"font":0,"fontSize":48}},"p16":{"x":0.0510549545288086,"y":3.18017101287842,"z":0,"tension":0,"bias":0,"continuity":0,"index":16,"pointType":0,"word":"","text":{"x":0.551054954528809,"y":3.18017101287842,"z":0,"font":0,"fontSize":48}},"p17":{"x":0.759331226348877,"y":3.10300254821777,"z":0,"tension":0,"bias":0,"continuity":0,"index":17,"pointType":0,"word":"","text":{"x":1.25933122634888,"y":3.10300254821777,"z":0,"font":0,"fontSize":48}},"p18":{"x":0.919069290161133,"y":2.34141492843628,"z":0,"tension":0,"bias":0,"continuity":0,"index":18,"pointType":0,"word":"","text":{"x":1.41906929016113,"y":2.34141492843628,"z":0,"font":0,"fontSize":48}},"p19":{"x":-0.711119413375854,"y":0.837440967559814,"z":0,"tension":0,"bias":0,"continuity":0,"index":19,"pointType":0,"word":"","text":{"x":-0.211119413375854,"y":0.837440967559814,"z":0,"font":0,"fontSize":48}},"p20":{"x":-1.46107721328735,"y":0.724785089492798,"z":0,"tension":0,"bias":0,"continuity":0,"index":20,"pointType":0,"word":"","text":{"x":-0.961077213287354,"y":0.724785089492798,"z":0,"font":0,"fontSize":48}},"p21":{"x":-2.1309757232666,"y":0.513207912445068,"z":0,"tension":0,"bias":0,"continuity":0,"index":21,"pointType":0,"word":"","text":{"x":-1.6309757232666,"y":0.513207912445068,"z":0,"font":0,"fontSize":48}},"p22":{"x":-2.38133859634399,"y":1.02933621406555,"z":0,"tension":0,"bias":0,"continuity":0,"index":22,"pointType":0,"word":"","text":{"x":-1.88133859634399,"y":1.02933621406555,"z":0,"font":0,"fontSize":48}},"p23":{"x":-1.8827269077301,"y":2.01282787322998,"z":0,"tension":0,"bias":0,"continuity":0,"index":23,"pointType":0,"word":"","text":{"x":-1.3827269077301,"y":2.01282787322998,"z":0,"font":0,"fontSize":48}},"p24":{"x":-0.890374183654785,"y":-0.983935356140137,"z":0,"tension":0,"bias":0,"continuity":0,"index":24,"pointType":0,"word":"","text":{"x":-0.390374183654785,"y":-0.983935356140137,"z":0,"font":0,"fontSize":48}},"p25":{"x":-0.424142360687256,"y":-1.23727226257324,"z":0,"tension":0,"bias":0,"continuity":0,"index":25,"pointType":0,"word":"","text":{"x":0.0758576393127441,"y":-1.23727226257324,"z":0,"font":0,"fontSize":48}},"p26":{"x":0.097149133682251,"y":-0.185943126678467,"z":0,"tension":0,"bias":0,"continuity":0,"index":26,"pointType":0,"word":"","text":{"x":0.597149133682251,"y":-0.185943126678467,"z":0,"font":0,"fontSize":48}},"p27":{"x":-1.14155340194702,"y":0.257153630256653,"z":0,"tension":0,"bias":0,"continuity":0,"index":27,"pointType":0,"word":"","text":{"x":-0.641553401947021,"y":0.257153630256653,"z":0,"font":0,"fontSize":48}},"p28":{"x":0.346461296081543,"y":0.0193309783935547,"z":0,"tension":0,"bias":0,"continuity":0,"index":28,"pointType":0,"word":"","text":{"x":0.846461296081543,"y":0.0193309783935547,"z":0,"font":0,"fontSize":48}},"p29":{"x":-1.16181612014771,"y":-0.808867454528809,"z":0,"tension":0.0400010347366333,"bias":0.180001020431519,"continuity":0,"index":29,"pointType":0,"word":"","text":{"x":-0.661816120147705,"y":-0.808867454528809,"z":0,"font":0,"fontSize":48}},"p30":{"x":-2.72194194793701,"y":0.295974493026733,"z":0,"tension":0,"bias":0,"continuity":0,"index":30,"pointType":0,"word":"","text":{"x":-2.22194194793701,"y":0.295974493026733,"z":0,"font":0,"fontSize":48}},"p31":{"x":0.286864519119263,"y":0.706301212310791,"z":0,"tension":0,"bias":0,"continuity":0,"index":31,"pointType":0,"word":"","text":{"x":0.786864519119263,"y":0.706301212310791,"z":0,"font":0,"fontSize":48}},"p32":{"x":0.865727424621582,"y":2.66363549232483,"z":0,"tension":0,"bias":0,"continuity":0,"index":32,"pointType":0,"word":"","text":{"x":1.36572742462158,"y":2.66363549232483,"z":0,"font":0,"fontSize":48}},"p33":{"x":1.88937711715698,"y":2.70961666107178,"z":0,"tension":0,"bias":0,"continuity":0,"index":33,"pointType":0,"word":"","text":{"x":2.38937711715698,"y":2.70961666107178,"z":0,"font":0,"fontSize":48}},"p34":{"x":1.55081653594971,"y":1.80107665061951,"z":0,"tension":0,"bias":0,"continuity":0,"index":34,"pointType":0,"word":"","text":{"x":2.05081653594971,"y":1.80107665061951,"z":0,"font":0,"fontSize":48}},"p35":{"x":-2.50012636184692,"y":-0.582808017730713,"z":0,"tension":-0.679999113082886,"bias":0,"continuity":0,"index":35,"pointType":0,"word":"","text":{"x":-2.00012636184692,"y":-0.582808017730713,"z":0,"font":0,"fontSize":48}},"p36":{"x":-2.04090261459351,"y":-0.223980188369751,"z":0,"tension":0,"bias":0,"continuity":0,"index":36,"pointType":0,"word":"","text":{"x":-1.54090261459351,"y":-0.223980188369751,"z":0,"font":0,"fontSize":48}},"p37":{"x":-3.505699634552,"y":-0.71210765838623,"z":0,"tension":0,