{"name":"4StateMachine","pointCount":41,"p0":{"x":0.0921988487243652,"y":0.764690399169922,"z":0,"tension":1,"bias":0,"continuity":0,"index":0,"pointType":6,"word":"","text":{"x":0.592198848724365,"y":0.764690399169922,"z":0,"font":0,"fontSize":48}},"p1":{"x":-0.682173728942871,"y":0.681508779525757,"z":0,"tension":1,"bias":0,"continuity":0,"index":1,"pointType":0,"word":"","text":{"x":-0.182173728942871,"y":0.681508779525757,"z":0,"font":0,"fontSize":48}},"p2":{"x":-1.29353141784668,"y":0.222445726394653,"z":0,"tension":-0.679999113082886,"bias":0,"continuity":0,"index":2,"pointType":0,"word":"","text":{"x":-0.79353141784668,"y":0.222445726394653,"z":0,"font":0,"fontSize":48}},"p3":{"x":-0.942330121994019,"y":-0.293214082717896,"z":0,"tension":0,"bias":0,"continuity":0,"index":3,"pointType":0,"word":"","text":{"x":-0.442330121994019,"y":-0.293214082717896,"z":0,"font":0,"fontSize":48}},"p4":{"x":0.277389526367188,"y":0.187186360359192,"z":0,"tension":-0.679999113082886,"bias":0,"continuity":0,"index":4,"pointType":0,"word":"","text":{"x":0.777389526367188,"y":0.187186360359192,"z":0,"font":0,"fontSize":48}},"p5":{"x":1.30122995376587,"y":1.73151242733002,"z":0,"tension":0,"bias":0,"continuity":0,"index":5,"pointType":0,"word":"","text":{"x":1.80122995376587,"y":1.73151242733002,"z":0,"font":0,"fontSize":48}},"p6":{"x":0.666468620300293,"y":2.59693741798401,"z":0,"tension":0,"bias":0,"continuity":0,"index":6,"pointType":0,"word":"","text":{"x":1.16646862030029,"y":2.59693741798401,"z":0,"font":0,"fontSize":48}},"p7":{"x":0.916769504547119,"y":-0.119728565216064,"z":0,"tension":-1,"bias":0,"continuity":0,"index":7,"pointType":0,"word":"","text":{"x":1.41676950454712,"y":-0.119728565216064,"z":0,"font":0,"fontSize":48}},"p8":{"x":-0.285666227340698,"y":0.173414945602417,"z":0,"tension":0,"bias":0,"continuity":0,"index":8,"pointType":0,"word":"","text":{"x":0.214333772659302,"y":0.173414945602417,"z":0,"font":0,"fontSize":48}},"p9":{"x":1.34347057342529,"y":0.75605309009552,"z":0,"tension":0,"bias":0,"continuity":0,"index":9,"pointType":0,"word":"","text":{"x":1.84347057342529,"y":0.75605309009552,"z":0,"font":0,"fontSize":48}},"p10":{"x":0.437389850616455,"y":1.07275497913361,"z":0,"tension":0,"bias":0,"continuity":0,"index":10,"pointType":0,"word":"","text":{"x":0.937389850616455,"y":1.07275497913361,"z":0,"font":0,"fontSize":48}},"p11":{"x":-1.05530285835266,"y":2.23571085929871,"z":0,"tension":0,"bias":0,"continuity":0,"index":11,"pointType":0,"word":"","text":{"x":-0.555302858352661,"y":2.23571085929871,"z":0,"font":0,"fontSize":48}},"p12":{"x":-0.796896457672119,"y":1.6058257818222,"z":0,"tension":0,"bias":0,"continuity":0,"index":12,"pointType":0,"word":"","text":{"x":-0.296896457672119,"y":1.6058257818222,"z":0,"font":0,"fontSize":48}},"p13":{"x":-0.169433116912842,"y":2.83931565284729,"z":0,"tension":0,"bias":0,"continuity":0,"index":13,"pointType":0,"word":"","text":{"x":0.330566883087158,"y":2.83931565284729,"z":0,"font":0,"fontSize":48}},"p14":{"x":-0.852502822875977,"y":2.89655017852783,"z":0,"tension":-0.839999079704285,"bias":0,"continuity":0,"index":14,"pointType":0,"word":"","text":{"x":-0.352502822875977,"y":2.89655017852783,"z":0,"font":0,"fontSize":48}},"p15":{"x":-1.76366531848907,"y":1.78198027610779,"z":0,"tension":-1,"bias":0,"continuity":0,"index":15,"pointType":0,"word":"","text":{"x":-1.26366531848907,"y":1.78198027610779,"z":0,"font":0,"fontSize":48}},"p16":{"x":0.966396808624268,"y":2.8702244758606,"z":0,"tension":0,"bias":0,"continuity":0,"index":16,"pointType":0,"word":"","text":{"x":1.46639680862427,"y":2.8702244758606,"z":0,"font":0,"fontSize":48}},"p17":{"x":1.52705860137939,"y":2.38652014732361,"z":0,"tension":0,"bias":0,"continuity":0,"index":17,"pointType":0,"word":"","text":{"x":2.02705860137939,"y":2.38652014732361,"z":0,"font":0,"fontSize":48}},"p18":{"x":0.251496315002441,"y":1.82922351360321,"z":0,"tension":0,"bias":0,"continuity":0,"index":18,"pointType":0,"word":"","text":{"x":0.751496315002441,"y":1.82922351360321,"z":0,"font":0,"fontSize":48}},"p19":{"x":-0.891432285308838,"y":0.862457990646362,"z":0,"tension":0,"bias":0,"continuity":0,"index":19,"pointType":0,"word":"","text":{"x":-0.391432285308838,"y":0.862457990646362,"z":0,"font":0,"fontSize":48}},"p20":{"x":-1.36406850814819,"y":1.17613887786865,"z":0,"tension":0,"bias":0,"continuity":0,"index":20,"pointType":0,"word":"","text":{"x":-0.864068508148193,"y":1.17613887786865,"z":0,"font":0,"fontSize":48}},"p21":{"x":-1.98279809951782,"y":1.15897297859192,"z":0,"tension":0,"bias":0,"continuity":0,"index":21,"pointType":0,"word":"","text":{"x":-1.48279809951782,"y":1.15897297859192,"z":0,"font":0,"fontSize":48}},"p22":{"x":-2.09880423545837,"y":1.79917740821838,"z":0,"tension":0,"bias":0,"continuity":0,"index":22,"pointType":0,"word":"","text":{"x":-1.59880423545837,"y":1.79917740821838,"z":0,"font":0,"fontSize":48}},"p23":{"x":-1.26524829864502,"y":2.52101802825928,"z":0,"tension":0,"bias":0,"continuity":0,"index":23,"pointType":0,"word":"","text":{"x":-0.76524829864502,"y":2.52101802825928,"z":0,"font":0,"fontSize":48}},"p24":{"x":0.490486621856689,"y":1.34161567687988,"z":0,"tension":0,"bias":0,"continuity":0,"index":24,"pointType":0,"word":"","text":{"x":0.990486621856689,"y":1.34161567687988,"z":0,"font":0,"fontSize":48}},"p25":{"x":-0.854408025741577,"y":1.13792681694031,"z":0,"tension":0,"bias":0,"continuity":0,"index":25,"pointType":0,"word":"","text":{"x":-0.354408025741577,"y":1.13792681694031,"z":0,"font":0,"fontSize":48}},"p26":{"x":-1.48007464408875,"y":-0.628458976745605,"z":0,"tension":0,"bias":0,"continuity":0,"index":26,"pointType":0,"word":"","text":{"x":-0.980074644088745,"y":-0.628458976745605,"z":0,"font":0,"fontSize":48}},"p27":{"x":-1.18788290023804,"y":-1.0796332359314,"z":0,"tension":0,"bias":0,"continuity":0,"index":27,"pointType":0,"word":"","text":{"x":-0.687882900238037,"y":-1.0796332359314,"z":0,"font":0,"fontSize":48}},"p28":{"x":-0.26408863067627,"y":-0.263258934020996,"z":0,"tension":0,"bias":0,"continuity":0,"index":28,"pointType":0,"word":"","text":{"x":0.23591136932373,"y":-0.263258934020996,"z":0,"font":0,"fontSize":48}},"p29":{"x":-1.40039110183716,"y":0.533118009567261,"z":0,"tension":0,"bias":0,"continuity":0,"index":29,"pointType":0,"word":"","text":{"x":-0.900391101837158,"y":0.533118009567261,"z":0,"font":0,"fontSize":48}},"p30":{"x":0.0443410873413086,"y":-0.167531490325928,"z":0,"tension":0,"bias":0,"continuity":0,"index":30,"pointType":0,"word":"","text":{"x":0.544341087341309,"y":-0.167531490325928,"z":0,"font":0,"fontSize":48}},"p31":{"x":-1.78139698505402,"y":-0.275142192840576,"z":0,"tension":0.0400010347366333,"bias":0.0400010347366333,"continuity":0,"index":31,"pointType":0,"word":"","text":{"x":-1.28139698505402,"y":-0.275142192840576,"z":0,"font":0,"fontSize":48}},"p32":{"x":-2.80568337440491,"y":1.35963773727417,"z":0,"tension":0,"bias":0,"continuity":0,"index":32,"pointType":0,"word":"","text":{"x":-2.30568337440491,"y":1.35963773727417,"z":0,"font":0,"fontSize":48}},"p33":{"x":0.249005317687988,"y":0.490946769714355,"z":0,"tension":0,"bias":0,"continuity":0,"index":33,"pointType":0,"word":"","text":{"x":0.749005317687988,"y":0.490946769714355,"z":0,"font":0,"fontSize":48}},"p34":{"x":1.96368503570557,"y":2.10322999954224,"z":0,"tension":0,"bias":0,"continuity":0,"index":34,"pointType":0,"word":"","text":{"x":2.46368503570557,"y":2.10322999954224,"z":0,"font":0,"fontSize":48}},"p35":{"x":2.63499784469604,"y":1.85197806358337,"z":0,"tension":0,"bias":0,"continuity":0,"index":35,"pointType":0,"word":"","text":{"x":3.13499784469604,"y":1.85197806358337,"z":0,"font":0,"fontSize":48}},"p36":{"x":1.94409465789795,"y":1.09926307201386,"z":0,"tension":0,"bias":0,"continuity":0,"index":36,"pointType":0,"word":"","text":{"x":2.44409465789795,"y":1.09926307201386,"z":0,"font":0,"fontSize":48}},"p37":{"x":-4.10166692733765,"y":0.88509464263916,"z":0,"tension":0,"bias":0,"continuity":0,"index":37,"pointType":3,