{"name":"SevenRide","pointCount":30,"p0":{"x":10.0477352142334,"y":-0.949616670608521,"z":-1.19209289550781E-07,"tension":-0.341747790575027,"bias":0.416212528944016,"continuity":0,"index":0,"pointType":5,"word":"","text":{"x":10.5477352142334,"y":-0.949616670608521,"z":-1.19209289550781E-07,"font":0,"fontSize":48}},"p1":{"x":10.099437713623,"y":-1.17183339595795,"z":-1.19209289550781E-07,"tension":-0.645769417285919,"bias":0.276575535535812,"continuity":0,"index":1,"pointType":2,"word":"","text":{"x":10.599437713623,"y":-1.17183339595795,"z":-1.19209289550781E-07,"font":0,"fontSize":48}},"p2":{"x":10.2242593765259,"y":-1.28207302093506,"z":-1.19209289550781E-07,"tension":-0.999993205070496,"bias":-0.264201551675797,"continuity":0,"index":2,"pointType":2,"word":"","text":{"x":10.7242593765259,"y":-1.28207302093506,"z":-1.19209289550781E-07,"font":0,"fontSize":48}},"p3":{"x":11.0964603424072,"y":-1.18678021430969,"z":-1.19209289550781E-07,"tension":-0.763511121273041,"bias":0.999976992607117,"continuity":0,"index":3,"pointType":2,"word":"","text":{"x":11.5964603424072,"y":-1.18678021430969,"z":-1.19209289550781E-07,"font":0,"fontSize":48}},"p4":{"x":11.0137424468994,"y":-1.44862270355225,"z":-1.19209289550781E-07,"tension":-1,"bias":-0.030017402023077,"continuity":0,"index":4,"pointType":2,"word":"","text":{"x":11.5137424468994,"y":-1.44862270355225,"z":-1.19209289550781E-07,"font":0,"fontSize":48}},"p5":{"x":11.1766290664673,"y":-1.2173478603363,"z":-1.19209289550781E-07,"tension":0,"bias":0,"continuity":0,"index":5,"pointType":2,"word":"","text":{"x":11.6766290664673,"y":-1.2173478603363,"z":-1.19209289550781E-07,"font":0,"fontSize":48}},"p6":{"x":10.8180694580078,"y":-1.05309438705444,"z":-1.19209289550781E-07,"tension":-0.815847933292389,"bias":0.0016045484226197,"continuity":0,"index":6,"pointType":2,"word":"","text":{"x":11.3180694580078,"y":-1.05309438705444,"z":-1.19209289550781E-07,"font":0,"fontSize":48}},"p7":{"x":10.24254322052,"y":-1.02889919281006,"z":-1.19209289550781E-07,"tension":-0.834105551242828,"bias":0.0115840304642916,"continuity":0,"index":7,"pointType":2,"word":"","text":{"x":10.74254322052,"y":-1.02889919281006,"z":-1.19209289550781E-07,"font":0,"fontSize":48}},"p8":{"x":10.4000434875488,"y":-1.13370978832245,"z":-1.19209289550781E-07,"tension":-0.353961110115051,"bias":0.00648365775123239,"continuity":0,"index":8,"pointType":2,"word":"","text":{"x":10.9000434875488,"y":-1.13370978832245,"z":-1.19209289550781E-07,"font":0,"fontSize":48}},"p9":{"x":10.4972267150879,"y":-1.18138122558594,"z":-1.19209289550781E-07,"tension":-0.970853328704834,"bias":0.397845506668091,"continuity":0,"index":9,"pointType":2,"word":"","text":{"x":10.9972267150879,"y":-1.18138122558594,"z":-1.19209289550781E-07,"font":0,"fontSize":48}},"p10":{"x":10.5810556411743,"y":-1.19767069816589,"z":-1.19209289550781E-07,"tension":0,"bias":0,"continuity":0,"index":10,"pointType":2,"word":"","text":{"x":11.0810556411743,"y":-1.19767069816589,"z":-1.19209289550781E-07,"font":0,"fontSize":48}},"p11":{"x":10.4076089859009,"y":-1.37849617004395,"z":-1.19209289550781E-07,"tension":0,"bias":0,"continuity":0,"index":11,"pointType":2,"word":"","text":{"x":10.9076089859009,"y":-1.37849617004395,"z":-1.19209289550781E-07,"font":0,"fontSize":48}},"p12":{"x":10.6535234451294,"y":-1.46618914604187,"z":-1.19209289550781E-07,"tension":-0.974017858505249,"bias":0.322303891181946,"continuity":0,"index":12,"pointType":2,"word":"","text":{"x":11.1535234451294,"y":-1.46618914604187,"z":-1.19209289550781E-07,"font":0,"fontSize":48}},"p13":{"x":10.3118467330933,"y":-1.30366909503937,"z":-1.19209289550781E-07,"tension":0,"bias":0,"continuity":0,"index":13,"pointType":2,"word":"","text":{"x":10.8118467330933,"y":-1.30366909503937,"z":-1.19209289550781E-07,"font":0,"fontSize":48}},"p14":{"x":10.3138761520386,"y":-1.11540269851685,"z":-1.19209289550781E-07,"tension":0,"bias":0,"continuity":0,"index":14,"pointType":2,"word":"","text":{"x":10.8138761520386,"y":-1.11540269851685,"z":-1.19209289550781E-07,"font":0,"fontSize":48}},"p15":{"x":10.5374069213867,"y":-1.45510506629944,"z":-1.19209289550781E-07,"tension":0,"bias":0,"continuity":0,"index":15,"pointType":2,"word":"","text":{"x":11.0374069213867,"y":-1.45510506629944,"z":-1.19209289550781E-07,"font":0,"fontSize":48}},"p16":{"x":10.7035636901855,"y":-1.21033620834351,"z":-1.19209289550781E-07,"tension":-0.700278460979462,"bias":0.00385175575502217,"continuity":0,"index":16,"pointType":2,"word":"","text":{"x":11.2035636901855,"y":-1.21033620834351,"z":-1.19209289550781E-07,"font":0,"fontSize":48}},"p17":{"x":11.2380180358887,"y":-1.39135253429413,"z":-1.19209289550781E-07,"tension":0,"bias":0,"continuity":0,"index":17,"pointType":2,"word":"","text":{"x":11.7380180358887,"y":-1.39135253429413,"z":-1.19209289550781E-07,"font":0,"fontSize":48}},"p18":{"x":11.1630477905273,"y":-0.683001399040222,"z":-1.19209289550781E-07,"tension":-0.873883962631226,"bias":-0.00988234486430883,"continuity":0,"index":18,"pointType":2,"word":"","text":{"x":11.6630477905273,"y":-0.683001399040222,"z":-1.19209289550781E-07,"font":0,"fontSize":48}},"p19":{"x":10.7698917388916,"y":-0.550758600234985,"z":-1.19209289550781E-07,"tension":-0.810273766517639,"bias":-0.0867690369486809,"continuity":0,"index":19,"pointType":2,"word":"","text":{"x":11.2698917388916,"y":-0.550758600234985,"z":-1.19209289550781E-07,"font":0,"fontSize":48}},"p20":{"x":10.8750066757202,"y":-1.14526808261871,"z":-1.19209289550781E-07,"tension":0,"bias":0,"continuity":0,"index":20,"pointType":2,"word":"","text":{"x":11.3750066757202,"y":-1.14526808261871,"z":-1.19209289550781E-07,"font":0,"fontSize":48}},"p21":{"x":11.1363391876221,"y":-0.91686874628067,"z":-1.19209289550781E-07,"tension":-0.890538513660431,"bias":-0.591813445091248,"continuity":0,"index":21,"pointType":2,"word":"","text":{"x":11.6363391876221,"y":-0.91686874628067,"z":-1.19209289550781E-07,"font":0,"fontSize":48}},"p22":{"x":10.9140577316284,"y":-1.10330021381378,"z":-1.19209289550781E-07,"tension":-0.911309719085693,"bias":-0.785554230213165,"continuity":0,"index":22,"pointType":2,"word":"","text":{"x":11.4140577316284,"y":-1.10330021381378,"z":-1.19209289550781E-07,"font":0,"fontSize":48}},"p23":{"x":10.841778755188,"y":-1.41271388530731,"z":-1.19209289550781E-07,"tension":-0.348427891731262,"bias":0.0199953857809305,"continuity":0,"index":23,"pointType":2,"word":"","text":{"x":11.341778755188,"y":-1.41271388530731,"z":-1.19209289550781E-07,"font":0,"fontSize":48}},"p24":{"x":11.162184715271,"y":-1.04634284973145,"z":-1.19209289550781E-07,"tension":0,"bias":0,"continuity":0,"index":24,"pointType":2,"word":"","text":{"x":11.662184715271,"y":-1.04634284973145,"z":-1.19209289550781E-07,"font":0,"fontSize":48}},"p25":{"x":10.9877862930298,"y":-0.634245038032532,"z":-1.19209289550781E-07,"tension":0,"bias":0,"continuity":0,"index":25,"pointType":2,"word":"","text":{"x":11.4877862930298,"y":-0.634245038032532,"z":-1.19209289550781E-07,"font":0,"fontSize":48}},"p26":{"x":10.5835599899292,"y":-0.584223866462708,"z":-1.19209289550781E-07,"tension":0,"bias":0,"continuity":0,"index":26,"pointType":2,"word":"","text":{"x":11.0835599899292,"y":-0.584223866462708,"z":-1.19209289550781E-07,"font":0,"fontSize":48}},"p27":{"x":10.1646862030029,"y":-1.00271570682526,"z":-1.19209289550781E-07,"tension":-0.37993648648262,"bias":-0.310986757278442,"continuity":0,"index":27,"pointType":2,"word":"","text":{"x":10.6646862030029,"y":-1.00271570682526,"z":-1.19209289550781E-07,"font":0,"fontSize":48}},"p28":{"x":10.6367359161377,"y":-1.22401368618011,"z":-1.19209289550781E-07,"tension":0.207021281123161,"bias":-0.676829159259796,"continuity":0,"index":28,"pointType":2,"word":"","text":{"x":11.1367359161377,"y":-1.22401368618011,"z":-1.19209289550781E-07,"font":0,"fontSize":48}},"p29":{"x":10.6344623565674,"y":-0.823594450950623,"z":-1.19209289550781E-07,"tension":0,"bias":0,"continuity":0,"index":29,"pointType":6,"word":"",