{"name":"5","pointCount":54,"p0":{"x":-0.0306434631347656,"y":0.023833155632019,"z":-0.0190669968724251,"tension":0,"bias":0,"continuity":0,"index":0,"pointType":2,"word":"","text":{"x":0.469356536865234,"y":0.023833155632019,"z":-0.0190669968724251,"font":0,"fontSize":48}},"p1":{"x":-0.128557443618774,"y":0.15320885181427,"z":0.100000001490116,"tension":0,"bias":0,"continuity":0,"index":1,"pointType":2,"word":"","text":{"x":0.371442556381226,"y":0.15320885181427,"z":0.100000001490116,"font":0,"fontSize":48}},"p2":{"x":-0.32551908493042,"y":0.187938570976257,"z":0.200000002980232,"tension":0,"bias":0,"continuity":0,"index":2,"pointType":2,"word":"","text":{"x":0.17448091506958,"y":0.187938570976257,"z":0.200000002980232,"font":0,"fontSize":48}},"p3":{"x":-0.498724222183228,"y":0.0879385471343994,"z":0.300000011920929,"tension":0,"bias":0,"continuity":0,"index":3,"pointType":2,"word":"","text":{"x":0.00127577781677246,"y":0.0879385471343994,"z":0.300000011920929,"font":0,"fontSize":48}},"p4":{"x":-0.567128419876099,"y":-0.100000143051147,"z":0.400000005960464,"tension":0,"bias":0,"continuity":0,"index":4,"pointType":2,"word":"","text":{"x":-0.0671284198760986,"y":-0.100000143051147,"z":0.400000005960464,"font":0,"fontSize":48}},"p5":{"x":-0.498724460601807,"y":-0.287938594818115,"z":0.5,"tension":0,"bias":0,"continuity":0,"index":5,"pointType":2,"word":"","text":{"x":0.00127553939819336,"y":-0.287938594818115,"z":0.5,"font":0,"fontSize":48}},"p6":{"x":-0.325519323348999,"y":-0.387938499450684,"z":0.600000023841858,"tension":0,"bias":0,"continuity":0,"index":6,"pointType":2,"word":"","text":{"x":0.174480676651001,"y":-0.387938499450684,"z":0.600000023841858,"font":0,"fontSize":48}},"p7":{"x":-0.128557682037354,"y":-0.353209018707275,"z":0.700000047683716,"tension":0,"bias":0,"continuity":0,"index":7,"pointType":2,"word":"","text":{"x":0.371442317962646,"y":-0.353209018707275,"z":0.700000047683716,"font":0,"fontSize":48}},"p8":{"x":-2.38418579101563E-07,"y":-0.200000047683716,"z":0.800000071525574,"tension":0,"bias":0,"continuity":0,"index":8,"pointType":2,"word":"","text":{"x":0.499999761581421,"y":-0.200000047683716,"z":0.800000071525574,"font":0,"fontSize":48}},"p9":{"x":0,"y":-2.38418579101563E-07,"z":0.900000095367432,"tension":0,"bias":0,"continuity":0,"index":9,"pointType":2,"word":"","text":{"x":0.5,"y":-2.38418579101563E-07,"z":0.900000095367432,"font":0,"fontSize":48}},"p10":{"x":-0.128557682037354,"y":0.15320873260498,"z":1.00000011920929,"tension":0,"bias":0,"continuity":0,"index":10,"pointType":2,"word":"","text":{"x":0.371442317962646,"y":0.15320873260498,"z":1.00000011920929,"font":0,"fontSize":48}},"p11":{"x":-0.32551908493042,"y":0.187938451766968,"z":1.10000014305115,"tension":0,"bias":0,"continuity":0,"index":11,"pointType":2,"word":"","text":{"x":0.17448091506958,"y":0.187938451766968,"z":1.10000014305115,"font":0,"fontSize":48}},"p12":{"x":-0.498724222183228,"y":0.0879385471343994,"z":1.20000016689301,"tension":0,"bias":0,"continuity":0,"index":12,"pointType":2,"word":"","text":{"x":0.00127577781677246,"y":0.0879385471343994,"z":1.20000016689301,"font":0,"fontSize":48}},"p13":{"x":-0.567128419876099,"y":-0.0999999046325684,"z":1.30000019073486,"tension":0,"bias":0,"continuity":0,"index":13,"pointType":2,"word":"","text":{"x":-0.0671284198760986,"y":-0.0999999046325684,"z":1.30000019073486,"font":0,"fontSize":48}},"p14":{"x":-0.498724460601807,"y":-0.287938594818115,"z":1.40000021457672,"tension":0,"bias":0,"continuity":0,"index":14,"pointType":2,"word":"","text":{"x":0.00127553939819336,"y":-0.287938594818115,"z":1.40000021457672,"font":0,"fontSize":48}},"p15":{"x":-0.325519561767578,"y":-0.387938737869263,"z":1.50000023841858,"tension":0,"bias":0,"continuity":0,"index":15,"pointType":2,"word":"","text":{"x":0.174480438232422,"y":-0.387938737869263,"z":1.50000023841858,"font":0,"fontSize":48}},"p16":{"x":-0.128557920455933,"y":-0.353209018707275,"z":1.60000026226044,"tension":0,"bias":0,"continuity":0,"index":16,"pointType":2,"word":"","text":{"x":0.371442079544067,"y":-0.353209018707275,"z":1.60000026226044,"font":0,"fontSize":48}},"p17":{"x":-2.38418579101563E-07,"y":-0.200000286102295,"z":1.70000028610229,"tension":0,"bias":0,"continuity":0,"index":17,"pointType":2,"word":"","text":{"x":0.499999761581421,"y":-0.200000286102295,"z":1.70000028610229,"font":0,"fontSize":48}},"p18":{"x":-2.38418579101563E-07,"y":-2.38418579101563E-07,"z":1.80000030994415,"tension":0,"bias":0,"continuity":0,"index":18,"pointType":2,"word":"","text":{"x":0.499999761581421,"y":-2.38418579101563E-07,"z":1.80000030994415,"font":0,"fontSize":48}},"p19":{"x":-0.128557682037354,"y":0.15320873260498,"z":1.90000033378601,"tension":0,"bias":0,"continuity":0,"index":19,"pointType":2,"word":"","text":{"x":0.371442317962646,"y":0.15320873260498,"z":1.90000033378601,"font":0,"fontSize":48}},"p20":{"x":-0.32551908493042,"y":0.187938451766968,"z":2.00000023841858,"tension":0,"bias":0,"continuity":0,"index":20,"pointType":2,"word":"","text":{"x":0.17448091506958,"y":0.187938451766968,"z":2.00000023841858,"font":0,"fontSize":48}},"p21":{"x":-0.498724222183228,"y":0.0879385471343994,"z":2.10000014305115,"tension":0,"bias":0,"continuity":0,"index":21,"pointType":2,"word":"","text":{"x":0.00127577781677246,"y":0.0879385471343994,"z":2.10000014305115,"font":0,"fontSize":48}},"p22":{"x":-0.567128419876099,"y":-0.0999999046325684,"z":2.20000004768372,"tension":0,"bias":0,"continuity":0,"index":22,"pointType":2,"word":"","text":{"x":-0.0671284198760986,"y":-0.0999999046325684,"z":2.20000004768372,"font":0,"fontSize":48}},"p23":{"x":-0.498724460601807,"y":-0.287938594818115,"z":2.29999995231628,"tension":0,"bias":0,"continuity":0,"index":23,"pointType":2,"word":"","text":{"x":0.00127553939819336,"y":-0.287938594818115,"z":2.29999995231628,"font":0,"fontSize":48}},"p24":{"x":-0.325519561767578,"y":-0.387938737869263,"z":2.39999985694885,"tension":0,"bias":0,"continuity":0,"index":24,"pointType":2,"word":"","text":{"x":0.174480438232422,"y":-0.387938737869263,"z":2.39999985694885,"font":0,"fontSize":48}},"p25":{"x":-0.128557920455933,"y":-0.353209257125854,"z":2.49999976158142,"tension":0,"bias":0,"continuity":0,"index":25,"pointType":2,"word":"","text":{"x":0.371442079544067,"y":-0.353209257125854,"z":2.49999976158142,"font":0,"fontSize":48}},"p26":{"x":-2.38418579101563E-07,"y":-0.200000524520874,"z":2.59999966621399,"tension":0,"bias":0,"continuity":0,"index":26,"pointType":2,"word":"","text":{"x":0.499999761581421,"y":-0.200000524520874,"z":2.59999966621399,"font":0,"fontSize":48}},"p27":{"x":0,"y":-4.76837158203125E-07,"z":2.69999957084656,"tension":0,"bias":0,"continuity":0,"index":27,"pointType":2,"word":"","text":{"x":0.5,"y":-4.76837158203125E-07,"z":2.69999957084656,"font":0,"fontSize":48}},"p28":{"x":-0.128557443618774,"y":0.153208613395691,"z":2.79999947547913,"tension":0,"bias":0,"continuity":0,"index":28,"pointType":2,"word":"","text":{"x":0.371442556381226,"y":0.153208613395691,"z":2.79999947547913,"font":0,"fontSize":48}},"p29":{"x":-0.32551908493042,"y":0.187938451766968,"z":2.89999938011169,"tension":0,"bias":0,"continuity":0,"index":29,"pointType":2,"word":"","text":{"x":0.17448091506958,"y":0.187938451766968,"z":2.89999938011169,"font":0,"fontSize":48}},"p30":{"x":-0.498724222183228,"y":0.0879385471343994,"z":2.99999928474426,"tension":0,"bias":0,"continuity":0,"index":30,"pointType":2,"word":"","text":{"x":0.00127577781677246,"y":0.0879385471343994,"z":2.99999928474426,"font":0,"fontSize":48}},"p31":{"x":-0.567128419876099,"y":-0.0999999046325684,"z":3.09999918937683,"tension":0,"bias":0,"continuity":0,"index":31,"pointType":2,"word":"","text":{"x":-0.0671284198760986,"y":-0.0999999046325684,"z":3.09999918937683,"font":0,"fontSize":48}},"p32":{"x":-0.498724699020386,"y":-0.287938356399536,"z":3.1999990940094,"tension":0,"bias":0,"continuity":0,"index":32,"pointType":2,"word":"","text":{"x":0.00127530097961426,"y":-0.287938356399536,"z":3.1999990940094,