{"name":"5Writing","pointCount":29,"p0":{"x":-1.54152679443359,"y":0.0521931648254395,"z":0,"tension":-0.659999072551727,"bias":0,"continuity":0,"index":0,"pointType":2,"word":"","text":{"x":-1.04152679443359,"y":0.0521931648254395,"z":0,"font":0,"fontSize":48}},"p1":{"x":-0.852962970733643,"y":0.800891041755676,"z":0,"tension":0,"bias":0,"continuity":0,"index":1,"pointType":2,"word":"","text":{"x":-0.352962970733643,"y":0.800891041755676,"z":0,"font":0,"fontSize":48}},"p2":{"x":-0.38672924041748,"y":1.62602579593658,"z":0,"tension":0,"bias":0,"continuity":0,"index":2,"pointType":1,"word":"","text":{"x":0.11327075958252,"y":1.62602579593658,"z":0,"font":0,"fontSize":48}},"p3":{"x":-1.47685050964355,"y":0.918295383453369,"z":0,"tension":0,"bias":0,"continuity":0,"index":3,"pointType":6,"word":"","text":{"x":-0.976850509643555,"y":0.918295383453369,"z":0,"font":0,"fontSize":48}},"p4":{"x":0.553599834442139,"y":1.82697904109955,"z":0,"tension":0,"bias":0,"continuity":0,"index":4,"pointType":0,"word":"","text":{"x":1.05359983444214,"y":1.82697904109955,"z":0,"font":0,"fontSize":48}},"p5":{"x":0.128187417984009,"y":1.03344976902008,"z":0,"tension":0,"bias":0,"continuity":0,"index":5,"pointType":2,"word":"","text":{"x":0.628187417984009,"y":1.03344976902008,"z":0,"font":0,"fontSize":48}},"p6":{"x":0.348611354827881,"y":0.743031620979309,"z":0,"tension":-1,"bias":0.0200009346008301,"continuity":0,"index":6,"pointType":2,"word":"","text":{"x":0.848611354827881,"y":0.743031620979309,"z":0,"font":0,"fontSize":48}},"p7":{"x":0.973242282867432,"y":1.43903851509094,"z":0,"tension":0,"bias":0.30000102519989,"continuity":0,"index":7,"pointType":1,"word":"","text":{"x":1.47324228286743,"y":1.43903851509094,"z":0,"font":0,"fontSize":48}},"p8":{"x":0.794973850250244,"y":0.915918707847595,"z":0,"tension":-0.360000014305115,"bias":-0.0399990677833557,"continuity":0,"index":8,"pointType":0,"word":"","text":{"x":1.29497385025024,"y":0.915918707847595,"z":0,"font":0,"fontSize":48}},"p9":{"x":0.41979193687439,"y":0.155557990074158,"z":0,"tension":-0.360000014305115,"bias":-0.0399990677833557,"continuity":0,"index":9,"pointType":2,"word":"","text":{"x":0.91979193687439,"y":0.155557990074158,"z":0,"font":0,"fontSize":48}},"p10":{"x":0.739943027496338,"y":-0.434723138809204,"z":0,"tension":-0.360000014305115,"bias":-0.0399990677833557,"continuity":0,"index":10,"pointType":2,"word":"","text":{"x":1.23994302749634,"y":-0.434723138809204,"z":0,"font":0,"fontSize":48}},"p11":{"x":1.3568320274353,"y":0.0389113426208496,"z":0,"tension":-0.360000014305115,"bias":-0.0399990677833557,"continuity":0,"index":11,"pointType":2,"word":"","text":{"x":1.8568320274353,"y":0.0389113426208496,"z":0,"font":0,"fontSize":48}},"p12":{"x":1.12193059921265,"y":0.49959933757782,"z":0,"tension":-0.360000014305115,"bias":-0.0399990677833557,"continuity":0,"index":12,"pointType":2,"word":"","text":{"x":1.62193059921265,"y":0.49959933757782,"z":0,"font":0,"fontSize":48}},"p13":{"x":0.739580631256104,"y":0.103332996368408,"z":0,"tension":-0.360000014305115,"bias":-0.0399990677833557,"continuity":0,"index":13,"pointType":2,"word":"","text":{"x":1.2395806312561,"y":0.103332996368408,"z":0,"font":0,"fontSize":48}},"p14":{"x":1.32082319259644,"y":-0.732854604721069,"z":0,"tension":-0.360000014305115,"bias":-0.0399990677833557,"continuity":0,"index":14,"pointType":2,"word":"","text":{"x":1.82082319259644,"y":-0.732854604721069,"z":0,"font":0,"fontSize":48}},"p15":{"x":2.72845125198364,"y":0.984452962875366,"z":0,"tension":-0.360000014305115,"bias":-0.0399990677833557,"continuity":0,"index":15,"pointType":1,"word":"","text":{"x":3.22845125198364,"y":0.984452962875366,"z":0,"font":0,"fontSize":48}},"p16":{"x":2.31745386123657,"y":1.98669338226318,"z":0,"tension":1,"bias":0,"continuity":0,"index":16,"pointType":0,"word":"","text":{"x":2.81745386123657,"y":1.98669338226318,"z":0,"font":0,"fontSize":48}},"p17":{"x":1.81634712219238,"y":0.550914287567139,"z":0,"tension":0.320001125335693,"bias":0,"continuity":0,"index":17,"pointType":2,"word":"","text":{"x":2.31634712219238,"y":0.550914287567139,"z":0,"font":0,"fontSize":48}},"p18":{"x":1.64741468429565,"y":-1.09319639205933,"z":0,"tension":-0.379999101161957,"bias":0,"continuity":0,"index":18,"pointType":2,"word":"","text":{"x":2.14741468429565,"y":-1.09319639205933,"z":0,"font":0,"fontSize":48}},"p19":{"x":3.0381383895874,"y":0.3651123046875,"z":0,"tension":-0.379999101161957,"bias":0,"continuity":0,"index":19,"pointType":2,"word":"","text":{"x":3.5381383895874,"y":0.3651123046875,"z":0,"font":0,"fontSize":48}},"p20":{"x":4.18678188323975,"y":0.888749718666077,"z":0,"tension":-0.379999101161957,"bias":0,"continuity":0,"index":20,"pointType":1,"word":"","text":{"x":4.68678188323975,"y":0.888749718666077,"z":0,"font":0,"fontSize":48}},"p21":{"x":4.18130970001221,"y":-0.760987281799316,"z":0,"tension":-0.559999108314514,"bias":0,"continuity":0,"index":21,"pointType":0,"word":"","text":{"x":4.68130970001221,"y":-0.760987281799316,"z":0,"font":0,"fontSize":48}},"p22":{"x":3.19032764434814,"y":-0.738465547561646,"z":0,"tension":-0.559999108314514,"bias":0,"continuity":0,"index":22,"pointType":2,"word":"","text":{"x":3.69032764434814,"y":-0.738465547561646,"z":0,"font":0,"fontSize":48}},"p23":{"x":3.16217517852783,"y":0.049807071685791,"z":0,"tension":-0.559999108314514,"bias":0,"continuity":0,"index":23,"pointType":2,"word":"","text":{"x":3.66217517852783,"y":0.049807071685791,"z":0,"font":0,"fontSize":48}},"p24":{"x":3.87724733352661,"y":0.652271628379822,"z":0,"tension":-0.559999108314514,"bias":0,"continuity":0,"index":24,"pointType":2,"word":"","text":{"x":4.37724733352661,"y":0.652271628379822,"z":0,"font":0,"fontSize":48}},"p25":{"x":4.71057558059692,"y":0.393267154693604,"z":0,"tension":-0.559999108314514,"bias":0,"continuity":0,"index":25,"pointType":2,"word":"","text":{"x":5.21057558059692,"y":0.393267154693604,"z":0,"font":0,"fontSize":48}},"p26":{"x":3.58446168899536,"y":-0.473832368850708,"z":0,"tension":-0.559999108314514,"bias":0,"continuity":0,"index":26,"pointType":2,"word":"","text":{"x":4.08446168899536,"y":-0.473832368850708,"z":0,"font":0,"fontSize":48}},"p27":{"x":3.35924291610718,"y":0.916904807090759,"z":0,"tension":-0.559999108314514,"bias":0,"continuity":0,"index":27,"pointType":2,"word":"","text":{"x":3.85924291610718,"y":0.916904807090759,"z":0,"font":0,"fontSize":48}},"p28":{"x":4.33896350860596,"y":1.86846363544464,"z":0,"tension":-0.559999108314514,"bias":0,"continuity":0,"index":28,"pointType":1,"word":"","text":{"x":4.83896350860596,"y":1.86846363544464,"z":0,"font":0,"fontSize":48}},"splineCount":5,"unlockType":0,"speed":1,"acceleration":0.149999991059303,"maxSpeed":10,"time":1,"laps":1,"startSpeed":1,"text":"","title":"","forceOrder":true,"camera":{"lockX":false,"lockY":false,"lockZ":false,"x":0,"y":0,"z":0,"setPos":false,"fixCam":false,"fov":81},"spline0":{"order":0,"closed":false,"numPoints":4,"type":0,"lineTexture":0,"lineWidth":1,"bidirectional":true,"speed":0,"points":{"p0":3,"p1":0,"p2":1,"p3":2}},"spline1":{"order":1,"closed":false,"numPoints":4,"type":0,"lineTexture":0,"lineWidth":1,"bidirectional":true,"speed":0,"points":{"p0":4,"p1":5,"p2":6,"p3":7}},"spline2":{"order":2,"closed":false,"numPoints":8,"type":0,"lineTexture":0,"lineWidth":1,"bidirectional":true,"speed":0,"points":{"p0":8,"p1":9,"p2":10,"p3":11,"p4":12,"p5":13,"p6":14,"p7":15}},"spline3":{"order":3,"closed":false,"numPoints":5,"type":0,"lineTexture":0,"lineWidth":1,"bidirectional":true,"speed":0,"points":{"p0":16,"p1":17,"p2":18,"p3":19,"p4":20}},"spline4":{"order":4,"closed":false,"numPoints":8,"type":0,"lineTexture":0,"lineWidth":1,"bidirectional":true,"speed":0,"points":{"p0":21,"p1":22,"p2":23,"p3":24,"p4":25,"p5":26,"p6":27,"p7":28}}}