{"name":"8","pointCount":17,"p0":{"x":-0.0286777522414923,"y":0.385176658630371,"z":-1.19209289550781E-07,"tension":1,"bias":0,"continuity":0,"index":0,"pointType":5,"word":"","text":{"x":0.471322238445282,"y":0.385176658630371,"z":-1.19209289550781E-07,"font":0,"fontSize":48}},"p1":{"x":0.392329454421997,"y":0.146271616220474,"z":-1.19209289550781E-07,"tension":-0.757714748382568,"bias":0.120296843349934,"continuity":0,"index":1,"pointType":2,"word":"","text":{"x":0.892329454421997,"y":0.146271616220474,"z":-1.19209289550781E-07,"font":0,"fontSize":48}},"p2":{"x":0.36647567152977,"y":-0.634516656398773,"z":-1.19209289550781E-07,"tension":-0.210968777537346,"bias":-0.149873003363609,"continuity":0,"index":2,"pointType":0,"word":"","text":{"x":0.866475701332092,"y":-0.634516656398773,"z":-1.19209289550781E-07,"font":0,"fontSize":48}},"p3":{"x":0.0447622537612915,"y":-1.45336389541626,"z":-1.19209289550781E-07,"tension":0,"bias":0,"continuity":0,"index":3,"pointType":0,"word":"","text":{"x":0.544762253761292,"y":-1.45336389541626,"z":-1.19209289550781E-07,"font":0,"fontSize":48}},"p4":{"x":1.0458390712738,"y":-2.07261681556702,"z":-1.19209289550781E-07,"tension":0,"bias":0,"continuity":0,"index":4,"pointType":0,"word":"","text":{"x":1.5458390712738,"y":-2.07261681556702,"z":-1.19209289550781E-07,"font":0,"fontSize":48}},"p5":{"x":2.87871599197388,"y":-2.87394022941589,"z":-1.19209289550781E-07,"tension":0,"bias":0,"continuity":0,"index":5,"pointType":1,"word":"","text":{"x":3.37871599197388,"y":-2.87394022941589,"z":-1.19209289550781E-07,"font":0,"fontSize":48}},"p6":{"x":1.51855933666229,"y":-2.73564267158508,"z":-1.19209289550781E-07,"tension":0,"bias":0,"continuity":0,"index":6,"pointType":0,"word":"","text":{"x":2.01855945587158,"y":-2.73564267158508,"z":-1.19209289550781E-07,"font":0,"fontSize":48}},"p7":{"x":0.64921510219574,"y":-3.51453423500061,"z":-1.19209289550781E-07,"tension":0,"bias":0,"continuity":0,"index":7,"pointType":0,"word":"","text":{"x":1.14921510219574,"y":-3.51453423500061,"z":-1.19209289550781E-07,"font":0,"fontSize":48}},"p8":{"x":-0.478575259447098,"y":-3.21993041038513,"z":-1.19209289550781E-07,"tension":0,"bias":0,"continuity":0,"index":8,"pointType":0,"word":"","text":{"x":0.0214247405529022,"y":-3.21993041038513,"z":-1.19209289550781E-07,"font":0,"fontSize":48}},"p9":{"x":-0.662721931934357,"y":-1.40533208847046,"z":-1.19209289550781E-07,"tension":0,"bias":0,"continuity":0,"index":9,"pointType":1,"word":"","text":{"x":-0.162721931934357,"y":-1.40533208847046,"z":-1.19209289550781E-07,"font":0,"fontSize":48}},"p10":{"x":2.14186406135559,"y":-3.40825843811035,"z":-1.19209289550781E-07,"tension":0,"bias":0,"continuity":0,"index":10,"pointType":0,"word":"","text":{"x":2.64186406135559,"y":-3.40825843811035,"z":-1.19209289550781E-07,"font":0,"fontSize":48}},"p11":{"x":3.35744094848633,"y":-2.39727210998535,"z":-1.19209289550781E-07,"tension":0,"bias":0,"continuity":0,"index":11,"pointType":0,"word":"","text":{"x":3.85744094848633,"y":-2.39727210998535,"z":-1.19209289550781E-07,"font":0,"fontSize":48}},"p12":{"x":-0.65632951259613,"y":0.321640491485596,"z":-1.19209289550781E-07,"tension":0,"bias":0,"continuity":0,"index":12,"pointType":6,"word":"","text":{"x":-0.15632951259613,"y":0.321640491485596,"z":-1.19209289550781E-07,"font":0,"fontSize":48}},"p13":{"x":3.91253066062927,"y":-1.49984467029572,"z":-1.19209289550781E-07,"tension":-0.600525081157684,"bias":0.00516294501721859,"continuity":0,"index":13,"pointType":2,"word":"","text":{"x":4.41253089904785,"y":-1.49984467029572,"z":-1.19209289550781E-07,"font":0,"fontSize":48}},"p14":{"x":3.08891844749451,"y":-0.558629512786865,"z":-1.19209289550781E-07,"tension":0.174878790974617,"bias":-0.336403429508209,"continuity":0,"index":14,"pointType":2,"word":"","text":{"x":3.58891844749451,"y":-0.558629512786865,"z":-1.19209289550781E-07,"font":0,"fontSize":48}},"p15":{"x":2.05475640296936,"y":-0.751512765884399,"z":-1.19209289550781E-07,"tension":0,"bias":0,"continuity":0,"index":15,"pointType":2,"word":"","text":{"x":2.55475640296936,"y":-0.751512765884399,"z":-1.19209289550781E-07,"font":0,"fontSize":48}},"p16":{"x":1.1491391658783,"y":-1.69274377822876,"z":-1.19209289550781E-07,"tension":0,"bias":0,"continuity":0,"index":16,"pointType":2,"word":"","text":{"x":1.6491391658783,"y":-1.69274377822876,"z":-1.19209289550781E-07,"font":0,"fontSize":48}},"fixedCamera":false,"fov":82,"splineCount":5,"spline0":{"closed":false,"numPoints":5,"lineTexture":0,"points":{"p0":0,"p1":1,"p2":2,"p3":3,"p4":4}},"spline1":{"closed":false,"numPoints":2,"lineTexture":0,"points":{"p0":4,"p1":6}},"spline2":{"closed":false,"numPoints":4,"lineTexture":3,"points":{"p0":6,"p1":7,"p2":8,"p3":9}},"spline3":{"closed":false,"numPoints":3,"lineTexture":0,"points":{"p0":6,"p1":10,"p2":5}},"spline4":{"closed":false,"numPoints":6,"lineTexture":1,"points":{"p0":11,"p1":13,"p2":14,"p3":15,"p4":16,"p5":4}}}