{"name":"9","pointCount":15,"p0":{"x":-0.0344953536987305,"y":0.0531308650970459,"z":0,"tension":-0.966451227664948,"bias":0,"continuity":0,"index":0,"pointType":6,"word":"","text":{"x":0.46550464630127,"y":0.0531308650970459,"z":0,"font":0,"fontSize":48}},"p1":{"x":-0.154699802398682,"y":-0.0253603458404541,"z":0,"tension":-0.966451227664948,"bias":0,"continuity":0,"index":1,"pointType":2,"word":"","text":{"x":0.345300197601318,"y":-0.0253603458404541,"z":0,"font":0,"fontSize":48}},"p2":{"x":-0.0188219547271729,"y":-0.266932487487793,"z":0,"tension":-0.966451227664948,"bias":0,"continuity":0,"index":2,"pointType":2,"word":"","text":{"x":0.481178045272827,"y":-0.266932487487793,"z":0,"font":0,"fontSize":48}},"p3":{"x":0.311218976974487,"y":-0.140508413314819,"z":0,"tension":-0.966451227664948,"bias":0,"continuity":0,"index":3,"pointType":2,"word":"","text":{"x":0.811218976974487,"y":-0.140508413314819,"z":0,"font":0,"fontSize":48}},"p4":{"x":0.255146026611328,"y":0.166761159896851,"z":0,"tension":-0.966451227664948,"bias":0,"continuity":0,"index":4,"pointType":2,"word":"","text":{"x":0.755146026611328,"y":0.166761159896851,"z":0,"font":0,"fontSize":48}},"p5":{"x":0.0744686126708984,"y":0.115126609802246,"z":0,"tension":-0.794481933116913,"bias":-0.0261883996427059,"continuity":0,"index":5,"pointType":7,"word":"","text":{"x":0.574468612670898,"y":0.115126609802246,"z":0,"font":0,"fontSize":48}},"p6":{"x":0.234303951263428,"y":0.0451811552047729,"z":0,"tension":-0.966451227664948,"bias":0,"continuity":0,"index":6,"pointType":2,"word":"","text":{"x":0.734303951263428,"y":0.0451811552047729,"z":0,"font":0,"fontSize":48}},"p7":{"x":0.303922891616821,"y":0.337276935577393,"z":0,"tension":-0.966451227664948,"bias":0,"continuity":0,"index":7,"pointType":2,"word":"","text":{"x":0.803922891616821,"y":0.337276935577393,"z":0,"font":0,"fontSize":48}},"p8":{"x":-0.0217914581298828,"y":0.478218913078308,"z":0,"tension":-0.966451227664948,"bias":0,"continuity":0,"index":8,"pointType":2,"word":"","text":{"x":0.478208541870117,"y":0.478218913078308,"z":0,"font":0,"fontSize":48}},"p9":{"x":-0.17959189414978,"y":0.233573317527771,"z":0,"tension":-0.966451227664948,"bias":0,"continuity":0,"index":9,"pointType":2,"word":"","text":{"x":0.32040810585022,"y":0.233573317527771,"z":0,"font":0,"fontSize":48}},"p10":{"x":-0.022254467010498,"y":0.179889321327209,"z":0,"tension":-0.999989151954651,"bias":0.0208436064422131,"continuity":0,"index":10,"pointType":0,"word":"","text":{"x":0.477745532989502,"y":0.179889321327209,"z":0,"font":0,"fontSize":48}},"p11":{"x":-0.122336149215698,"y":0.350937604904175,"z":0,"tension":-0.966451227664948,"bias":0,"continuity":0,"index":11,"pointType":2,"word":"","text":{"x":0.377663850784302,"y":0.350937604904175,"z":0,"font":0,"fontSize":48}},"p12":{"x":-0.390130043029785,"y":0.175725221633911,"z":0,"tension":-0.966451227664948,"bias":0,"continuity":0,"index":12,"pointType":2,"word":"","text":{"x":0.109869956970215,"y":0.175725221633911,"z":0,"font":0,"fontSize":48}},"p13":{"x":-0.257023334503174,"y":-0.149454593658447,"z":0,"tension":-0.966451227664948,"bias":0,"continuity":0,"index":13,"pointType":2,"word":"","text":{"x":0.242976665496826,"y":-0.149454593658447,"z":0,"font":0,"fontSize":48}},"p14":{"x":0.00103950500488281,"y":-0.0814964771270752,"z":0,"tension":0,"bias":0,"continuity":0,"index":14,"pointType":2,"word":"","text":{"x":0.501039505004883,"y":-0.0814964771270752,"z":0,"font":0,"fontSize":48}},"fixedCamera":true,"fov":53,"splineCount":1,"unlockType":1,"speed":1,"time":0,"laps":0,"startSpeed":0,"spline0":{"order":0,"closed":true,"numPoints":15,"type":0,"lineTexture":0,"lineWidth":1,"points":{"p0":14,"p1":13,"p2":12,"p3":11,"p4":10,"p5":9,"p6":8,"p7":7,"p8":6,"p9":5,"p10":4,"p11":3,"p12":2,"p13":1,"p14":0}}}