{"name":"9","pointCount":11,"p0":{"x":0.0609083510935307,"y":0.29704013466835,"z":-1.19209289550781E-07,"tension":1,"bias":0,"continuity":0,"index":0,"pointType":5,"word":"","text":{"x":0.560908377170563,"y":0.29704013466835,"z":-1.19209289550781E-07,"font":0,"fontSize":48}},"p1":{"x":0.376166373491287,"y":0.738298416137695,"z":-1.19209289550781E-07,"tension":-0.864601790904999,"bias":0.00565869873389602,"continuity":0,"index":1,"pointType":2,"word":"","text":{"x":0.876166343688965,"y":0.738298416137695,"z":-1.19209289550781E-07,"font":0,"fontSize":48}},"p2":{"x":0.475596725940704,"y":-0.0570428520441055,"z":0.200112998485565,"tension":-0.78190404176712,"bias":-0.151394292712212,"continuity":0,"index":2,"pointType":2,"word":"","text":{"x":0.975596725940704,"y":-0.0570428520441055,"z":0.200112998485565,"font":0,"fontSize":48}},"p3":{"x":-0.0689767748117447,"y":-0.260552912950516,"z":-1.19209289550781E-07,"tension":-0.913123250007629,"bias":0.00385911227203906,"continuity":0,"index":3,"pointType":2,"word":"","text":{"x":0.431023240089417,"y":-0.260552912950516,"z":-1.19209289550781E-07,"font":0,"fontSize":48}},"p4":{"x":0.558841526508331,"y":0.356855273246765,"z":-1.19209289550781E-07,"tension":-0.832910895347595,"bias":0.00538312830030918,"continuity":0,"index":4,"pointType":2,"word":"","text":{"x":1.05884146690369,"y":0.356855273246765,"z":-1.19209289550781E-07,"font":0,"fontSize":48}},"p5":{"x":-0.221919178962708,"y":0.819594860076904,"z":-0.200323089957237,"tension":-0.638084948062897,"bias":-0.0366994366049767,"continuity":0,"index":5,"pointType":2,"word":"","text":{"x":0.278080821037292,"y":0.819594860076904,"z":-0.200323089957237,"font":0,"fontSize":48}},"p6":{"x":0.0279624462127686,"y":0.736352264881134,"z":0.0340630635619164,"tension":-0.325094908475876,"bias":0.0241198595613241,"continuity":0,"index":6,"pointType":2,"word":"","text":{"x":0.527962446212769,"y":0.736352264881134,"z":0.0340630635619164,"font":0,"fontSize":48}},"p7":{"x":-0.384807109832764,"y":0.419072896242142,"z":-1.19209289550781E-07,"tension":-1,"bias":-0.0651098340749741,"continuity":0,"index":7,"pointType":2,"word":"","text":{"x":0.115192890167236,"y":0.419072896242142,"z":-1.19209289550781E-07,"font":0,"fontSize":48}},"p8":{"x":-0.141445174813271,"y":-0.0397658348083496,"z":-1.19209289550781E-07,"tension":-1,"bias":0.0293095149099827,"continuity":0,"index":8,"pointType":2,"word":"","text":{"x":0.358554840087891,"y":-0.0397658348083496,"z":-1.19209289550781E-07,"font":0,"fontSize":48}},"p9":{"x":-0.299618095159531,"y":0.0938103049993515,"z":-0.537412166595459,"tension":-0.457908272743225,"bias":0.0228150896728039,"continuity":0,"index":9,"pointType":2,"word":"","text":{"x":0.200381904840469,"y":0.0938103049993515,"z":-0.537412166595459,"font":0,"fontSize":48}},"p10":{"x":0.00412802398204803,"y":0.471323192119598,"z":-0.81992119550705,"tension":0,"bias":0,"continuity":0,"index":10,"pointType":6,"word":"","text":{"x":0.504128038883209,"y":0.471323192119598,"z":-0.81992119550705,"font":0,"fontSize":48}},"splineCount":5,"spline0":{"closed":true,"numPoints":3,"lineTexture":0,"points":{"p0":0,"p1":1,"p2":5}},"spline1":{"closed":true,"numPoints":3,"lineTexture":3,"points":{"p0":0,"p1":2,"p2":8}},"spline2":{"closed":true,"numPoints":3,"lineTexture":5,"points":{"p0":0,"p1":3,"p2":9}},"spline3":{"closed":true,"numPoints":4,"lineTexture":1,"points":{"p0":0,"p1":4,"p2":6,"p3":7}},"spline4":{"closed":false,"numPoints":2,"lineTexture":0,"points":{"p0":0,"p1":10}}}