{"name":"archimespiral","pointCount":46,"p0":{"x":-0.392404317855835,"y":1.92636227607727,"z":0,"tension":-0.629273533821106,"bias":0,"continuity":0,"index":0,"pointType":0,"word":"","text":{"x":0.107595682144165,"y":1.92636227607727,"z":0,"font":0,"fontSize":48}},"p1":{"x":0.623233795166016,"y":2.28585124015808,"z":0,"tension":-0.629273533821106,"bias":0,"continuity":0,"index":1,"pointType":0,"word":"","text":{"x":1.12323379516602,"y":2.28585124015808,"z":0,"font":0,"fontSize":48}},"p2":{"x":0.721181392669678,"y":0.712420105934143,"z":0,"tension":-0.629273533821106,"bias":0,"continuity":0,"index":2,"pointType":0,"word":"","text":{"x":1.22118139266968,"y":0.712420105934143,"z":0,"font":0,"fontSize":48}},"p3":{"x":-1.49918270111084,"y":0.892493009567261,"z":0,"tension":-0.629273533821106,"bias":0,"continuity":0,"index":3,"pointType":0,"word":"","text":{"x":-0.99918270111084,"y":0.892493009567261,"z":0,"font":0,"fontSize":48}},"p4":{"x":-0.985610008239746,"y":3.71789050102234,"z":0,"tension":-0.629273533821106,"bias":0,"continuity":0,"index":4,"pointType":0,"word":"","text":{"x":-0.485610008239746,"y":3.71789050102234,"z":0,"font":0,"fontSize":48}},"p5":{"x":2.39747476577759,"y":2.87048172950745,"z":0,"tension":-0.629273533821106,"bias":0,"continuity":0,"index":5,"pointType":0,"word":"","text":{"x":2.89747476577759,"y":2.87048172950745,"z":0,"font":0,"fontSize":48}},"p6":{"x":1.23514318466187,"y":-1.06877183914185,"z":0,"tension":-0.629273533821106,"bias":0,"continuity":0,"index":6,"pointType":0,"word":"","text":{"x":1.73514318466187,"y":-1.06877183914185,"z":0,"font":0,"fontSize":48}},"p7":{"x":-3.251953125,"y":0.355997562408447,"z":0,"tension":-0.629273533821106,"bias":0,"continuity":0,"index":7,"pointType":0,"word":"","text":{"x":-2.751953125,"y":0.355997562408447,"z":0,"font":0,"fontSize":48}},"p8":{"x":-1.59126710891724,"y":5.42769813537598,"z":0,"tension":-0.629273533821106,"bias":0,"continuity":0,"index":8,"pointType":0,"word":"","text":{"x":-1.09126710891724,"y":5.42769813537598,"z":0,"font":0,"fontSize":48}},"p9":{"x":4.06519031524658,"y":3.54026031494141,"z":0,"tension":-0.629273533821106,"bias":0,"continuity":0,"index":9,"pointType":0,"word":"","text":{"x":4.56519031524658,"y":3.54026031494141,"z":0,"font":0,"fontSize":48}},"p10":{"x":1.9980902671814,"y":-2.67610502243042,"z":0,"tension":-0.629273533821106,"bias":0,"continuity":0,"index":10,"pointType":0,"word":"","text":{"x":2.4980902671814,"y":-2.67610502243042,"z":0,"font":0,"fontSize":48}},"p11":{"x":-4.81202173233032,"y":-0.459956645965576,"z":0,"tension":-0.629273533821106,"bias":0,"continuity":0,"index":11,"pointType":0,"word":"","text":{"x":-4.31202173233032,"y":-0.459956645965576,"z":0,"font":0,"fontSize":48}},"p12":{"x":-2.47012424468994,"y":6.9324951171875,"z":0,"tension":-0.629273533821106,"bias":0,"continuity":0,"index":12,"pointType":0,"word":"","text":{"x":-1.97012424468994,"y":6.9324951171875,"z":0,"font":0,"fontSize":48}},"p13":{"x":5.48186063766479,"y":4.5220832824707,"z":0,"tension":-0.629273533821106,"bias":0,"continuity":0,"index":13,"pointType":0,"word":"","text":{"x":5.98186063766479,"y":4.5220832824707,"z":0,"font":0,"fontSize":48}},"p14":{"x":2.9939398765564,"y":-4.06331586837769,"z":0,"tension":-0.629273533821106,"bias":0,"continuity":0,"index":14,"pointType":0,"word":"","text":{"x":3.4939398765564,"y":-4.06331586837769,"z":0,"font":0,"fontSize":48}},"p15":{"x":-6.18703651428223,"y":-1.44293117523193,"z":0,"tension":-0.629273533821106,"bias":0,"continuity":0,"index":15,"pointType":0,"word":"","text":{"x":-5.68703651428223,"y":-1.44293117523193,"z":0,"font":0,"fontSize":48}},"p16":{"x":-3.44920086860657,"y":8.28954982757568,"z":0,"tension":-0.629273533821106,"bias":0,"continuity":0,"index":16,"pointType":0,"word":"","text":{"x":-2.94920086860657,"y":8.28954982757568,"z":0,"font":0,"fontSize":48}},"p17":{"x":6.86497068405151,"y":5.44016218185425,"z":0,"tension":-0.629273533821106,"bias":0,"continuity":0,"index":17,"pointType":0,"word":"","text":{"x":7.36497068405151,"y":5.44016218185425,"z":0,"font":0,"fontSize":48}},"p18":{"x":3.86087656021118,"y":-5.45777177810669,"z":0,"tension":-0.629273533821106,"bias":0,"continuity":0,"index":18,"pointType":0,"word":"","text":{"x":4.36087656021118,"y":-5.45777177810669,"z":0,"font":0,"fontSize":48}},"p19":{"x":-7.57947635650635,"y":-2.27987718582153,"z":0,"tension":-0.629273533821106,"bias":0,"continuity":0,"index":19,"pointType":0,"word":"","text":{"x":-7.07947635650635,"y":-2.27987718582153,"z":0,"font":0,"fontSize":48}},"p20":{"x":-4.21103858947754,"y":9.70669746398926,"z":0,"tension":-0.629273533821106,"bias":0,"continuity":0,"index":20,"pointType":0,"word":"","text":{"x":-3.71103858947754,"y":9.70669746398926,"z":0,"font":0,"fontSize":48}},"p21":{"x":8.26412391662598,"y":6.19988298416138,"z":0,"tension":-0.629273533821106,"bias":0,"continuity":0,"index":21,"pointType":0,"word":"","text":{"x":8.76412391662598,"y":6.19988298416138,"z":0,"font":0,"fontSize":48}},"p22":{"x":4.66144990921021,"y":-6.81300735473633,"z":0,"tension":-0.629273533821106,"bias":0,"continuity":0,"index":22,"pointType":0,"word":"","text":{"x":5.16144990921021,"y":-6.81300735473633,"z":0,"font":0,"fontSize":48}},"p23":{"x":-8.89073371887207,"y":-3.12154150009155,"z":0,"tension":-0.629273533821106,"bias":0,"continuity":0,"index":23,"pointType":0,"word":"","text":{"x":-8.39073371887207,"y":-3.12154150009155,"z":0,"font":0,"fontSize":48}},"p24":{"x":-5.15073394775391,"y":10.9330158233643,"z":0,"tension":-0.629273533821106,"bias":0,"continuity":0,"index":24,"pointType":0,"word":"","text":{"x":-4.65073394775391,"y":10.9330158233643,"z":0,"font":0,"fontSize":48}},"p25":{"x":9.44466400146484,"y":7.17227077484131,"z":0,"tension":-0.629273533821106,"bias":0,"continuity":0,"index":25,"pointType":0,"word":"","text":{"x":9.94466400146484,"y":7.17227077484131,"z":0,"font":0,"fontSize":48}},"p26":{"x":5.62655305862427,"y":-7.97989749908447,"z":0,"tension":-0.629273533821106,"bias":0,"continuity":0,"index":26,"pointType":0,"word":"","text":{"x":6.12655305862427,"y":-7.97989749908447,"z":0,"font":0,"fontSize":48}},"p27":{"x":-10.0101041793823,"y":-4.11937046051025,"z":0,"tension":-0.629273533821106,"bias":0,"continuity":0,"index":27,"pointType":0,"word":"","text":{"x":-9.51010417938232,"y":-4.11937046051025,"z":0,"font":0,"fontSize":48}},"p28":{"x":-6.16353559494019,"y":12.0148267745972,"z":0,"tension":-0.629273533821106,"bias":0,"continuity":0,"index":28,"pointType":0,"word":"","text":{"x":-5.66353559494019,"y":12.0148267745972,"z":0,"font":0,"fontSize":48}},"p29":{"x":10.4506015777588,"y":8.23077201843262,"z":0,"tension":-0.629273533821106,"bias":0,"continuity":0,"index":29,"pointType":0,"word":"","text":{"x":10.9506015777588,"y":8.23077201843262,"z":0,"font":0,"fontSize":48}},"p30":{"x":6.76381158828735,"y":-8.8822717666626,"z":0,"tension":-0.629273533821106,"bias":0,"continuity":0,"index":30,"pointType":0,"word":"","text":{"x":7.26381158828735,"y":-8.8822717666626,"z":0,"font":0,"fontSize":48}},"p31":{"x":-10.8910732269287,"y":-5.25715446472168,"z":0,"tension":-0.629273533821106,"bias":0,"continuity":0,"index":31,"pointType":0,"word":"","text":{"x":-10.3910732269287,"y":-5.25715446472168,"z":0,"font":0,"fontSize":48}},"p32":{"x":-7.27985143661499,"y":12.8981170654297,"z":0,"tension":-0.629273533821106,"bias":0,"continuity":0,"index":32,"pointType":0,"word":"","text":{"x":-6.77985143661499,"y":12.8981170654297,"z":0,"font":0,"fontSize":48}},"p33":{"x":11.3657627105713,"y":9.3040599822998,"z":0,"tension":-0.629273533821106,"bias":0,"continuity":0,"index":33,"pointType":0,"word":"","text":{"x":11.8657627105713,"y":9.3040599822998,"z":0,"font":0,"fontSize":48}},"p34":{"x":7.80139970779419,"y":-9.82159042358398,"z":0,"tension":-0.629273533821106,"bias":0,"continuity":0,"index":34,"pointType":0,"word":"","text":{"x":8.30139923095703,"y":-9.82159042358398,"z":0,"font":0,"fontSize":48}},"p35":{"x":-11.7788619995117,"y":-6.31794548034668,"z":0,"tension":-0.629273533821106,