{"name":"Ariadne2","pointCount":48,"p0":{"x":-0.665416240692139,"y":1.27923130989075,"z":-2.2635383605957,"tension":0,"bias":0,"continuity":0,"index":0,"pointType":2,"word":"","text":{"x":-0.165416240692139,"y":1.27923130989075,"z":-2.2635383605957,"font":0,"fontSize":48}},"p1":{"x":-0.00373578071594238,"y":1.48482346534729,"z":-2.24935102462769,"tension":0,"bias":0,"continuity":0,"index":1,"pointType":2,"word":"","text":{"x":0.496264219284058,"y":1.48482346534729,"z":-2.24935102462769,"font":0,"fontSize":48}},"p2":{"x":0.169181108474731,"y":2.27187538146973,"z":-2.11160802841187,"tension":0,"bias":0,"continuity":0,"index":2,"pointType":2,"word":"","text":{"x":0.669181108474731,"y":2.27187538146973,"z":-2.11160802841187,"font":0,"fontSize":48}},"p3":{"x":-0.586448669433594,"y":2.87608098983765,"z":-1.97445702552795,"tension":0,"bias":0,"continuity":0,"index":3,"pointType":2,"word":"","text":{"x":-0.0864486694335938,"y":2.87608098983765,"z":-1.97445702552795,"font":0,"fontSize":48}},"p4":{"x":-1.60601472854614,"y":2.80532670021057,"z":-1.95134711265564,"tension":0,"bias":0,"continuity":0,"index":4,"pointType":2,"word":"","text":{"x":-1.10601472854614,"y":2.80532670021057,"z":-1.95134711265564,"font":0,"fontSize":48}},"p5":{"x":-1.83145010471344,"y":1.85589218139648,"z":-2.11691832542419,"tension":0,"bias":0,"continuity":0,"index":5,"pointType":2,"word":"","text":{"x":-1.33145010471344,"y":1.85589218139648,"z":-2.11691832542419,"font":0,"fontSize":48}},"p6":{"x":-1.10451936721802,"y":1.35994589328766,"z":-2.23326516151428,"tension":0,"bias":0,"continuity":0,"index":6,"pointType":2,"word":"","text":{"x":-0.604519367218018,"y":1.35994589328766,"z":-2.23326516151428,"font":0,"fontSize":48}},"p7":{"x":-1.12876319885254,"y":1.09388446807861,"z":-2.28103733062744,"tension":-0.019999086856842,"bias":0,"continuity":0,"index":7,"pointType":2,"word":"","text":{"x":-0.628763198852539,"y":1.09388446807861,"z":-2.28103733062744,"font":0,"fontSize":48}},"p8":{"x":-1.93655371665955,"y":1.53315365314484,"z":-2.17219209671021,"tension":0,"bias":0,"continuity":0,"index":8,"pointType":2,"word":"","text":{"x":-1.43655371665955,"y":1.53315365314484,"z":-2.17219209671021,"font":0,"fontSize":48}},"p9":{"x":-2.15167665481567,"y":2.14476799964905,"z":-2.05279612541199,"tension":0,"bias":0,"continuity":0,"index":9,"pointType":2,"word":"","text":{"x":-1.65167665481567,"y":2.14476799964905,"z":-2.05279612541199,"font":0,"fontSize":48}},"p10":{"x":-1.8547168970108,"y":2.94226169586182,"z":-1.91752874851227,"tension":0,"bias":0,"continuity":0,"index":10,"pointType":2,"word":"","text":{"x":-1.3547168970108,"y":2.94226169586182,"z":-1.91752874851227,"font":0,"fontSize":48}},"p11":{"x":-1.00254964828491,"y":3.19456338882446,"z":-1.90153563022614,"tension":0,"bias":0,"continuity":0,"index":11,"pointType":2,"word":"","text":{"x":-0.502549648284912,"y":3.19456338882446,"z":-1.90153563022614,"font":0,"fontSize":48}},"p12":{"x":-0.00107598304748535,"y":2.83117461204529,"z":-2.00335955619812,"tension":0,"bias":0,"continuity":0,"index":12,"pointType":2,"word":"","text":{"x":0.498924016952515,"y":2.83117461204529,"z":-2.00335955619812,"font":0,"fontSize":48}},"p13":{"x":0.441887378692627,"y":2.22416877746582,"z":-2.12996864318848,"tension":0,"bias":0,"continuity":0,"index":13,"pointType":2,"word":"","text":{"x":0.941887378692627,"y":2.22416877746582,"z":-2.12996864318848,"font":0,"fontSize":48}},"p14":{"x":0.172266960144043,"y":1.33467721939087,"z":-2.28301739692688,"tension":0,"bias":0,"continuity":0,"index":14,"pointType":2,"word":"","text":{"x":0.672266960144043,"y":1.33467721939087,"z":-2.28301739692688,"font":0,"fontSize":48}},"p15":{"x":-0.573137760162354,"y":1.14618277549744,"z":-2.29112219810486,"tension":0,"bias":0,"continuity":0,"index":15,"pointType":2,"word":"","text":{"x":-0.0731377601623535,"y":1.14618277549744,"z":-2.29112219810486,"font":0,"fontSize":48}},"p16":{"x":-0.450034856796265,"y":0.920719146728516,"z":-2.33668255805969,"tension":-0.219999074935913,"bias":0,"continuity":0,"index":16,"pointType":2,"word":"","text":{"x":0.0499651432037354,"y":0.920719146728516,"z":-2.33668255805969,"font":0,"fontSize":48}},"p17":{"x":0.40900707244873,"y":1.17770767211914,"z":-2.32007741928101,"tension":0,"bias":0,"continuity":0,"index":17,"pointType":2,"word":"","text":{"x":0.90900707244873,"y":1.17770767211914,"z":-2.32007741928101,"font":0,"fontSize":48}},"p18":{"x":0.750426292419434,"y":2.41038966178894,"z":-2.10683727264404,"tension":0,"bias":0,"continuity":0,"index":18,"pointType":2,"word":"","text":{"x":1.25042629241943,"y":2.41038966178894,"z":-2.10683727264404,"font":0,"fontSize":48}},"p19":{"x":-0.427808046340942,"y":3.34556150436401,"z":-1.89425241947174,"tension":0,"bias":0,"continuity":0,"index":19,"pointType":2,"word":"","text":{"x":0.0721919536590576,"y":3.34556150436401,"z":-1.89425241947174,"font":0,"fontSize":48}},"p20":{"x":-1.98373258113861,"y":3.2493679523468,"z":-1.85683465003967,"tension":0,"bias":0,"continuity":0,"index":20,"pointType":2,"word":"","text":{"x":-1.48373258113861,"y":3.2493679523468,"z":-1.85683465003967,"font":0,"fontSize":48}},"p21":{"x":-2.48000192642212,"y":1.80925941467285,"z":-2.10251402854919,"tension":0,"bias":0,"continuity":0,"index":21,"pointType":2,"word":"","text":{"x":-1.98000192642212,"y":1.80925941467285,"z":-2.10251402854919,"font":0,"fontSize":48}},"p22":{"x":-1.64129376411438,"y":1.11480760574341,"z":-2.25909495353699,"tension":0,"bias":0,"continuity":0,"index":22,"pointType":2,"word":"","text":{"x":-1.14129376411438,"y":1.11480760574341,"z":-2.25909495353699,"font":0,"fontSize":48}},"p23":{"x":-0.934977054595947,"y":0.910000801086426,"z":-2.32149910926819,"tension":0,"bias":0,"continuity":0,"index":23,"pointType":2,"word":"","text":{"x":-0.434977054595947,"y":0.910000801086426,"z":-2.32149910926819,"font":0,"fontSize":48}},"p24":{"x":-0.901625633239746,"y":1.45587861537933,"z":-2.22290253639221,"tension":0,"bias":0,"continuity":0,"index":24,"pointType":2,"word":"","text":{"x":-0.401625633239746,"y":1.45587861537933,"z":-2.22290253639221,"font":0,"fontSize":48}},"p25":{"x":-1.58931303024292,"y":1.83725273609161,"z":-2.12888383865356,"tension":0,"bias":0,"continuity":0,"index":25,"pointType":2,"word":"","text":{"x":-1.08931303024292,"y":1.83725273609161,"z":-2.12888383865356,"font":0,"fontSize":48}},"p26":{"x":-1.39735412597656,"y":2.5981137752533,"z":-1.99659848213196,"tension":0,"bias":0,"continuity":0,"index":26,"pointType":2,"word":"","text":{"x":-0.897354125976563,"y":2.5981137752533,"z":-1.99659848213196,"font":0,"fontSize":48}},"p27":{"x":-0.816365718841553,"y":2.7470817565918,"z":-1.98990893363953,"tension":0,"bias":0,"continuity":0,"index":27,"pointType":2,"word":"","text":{"x":-0.316365718841553,"y":2.7470817565918,"z":-1.98990893363953,"font":0,"fontSize":48}},"p28":{"x":-0.184567928314209,"y":2.48555994033813,"z":-2.06004452705383,"tension":0,"bias":0,"continuity":0,"index":28,"pointType":2,"word":"","text":{"x":0.315432071685791,"y":2.48555994033813,"z":-2.06004452705383,"font":0,"fontSize":48}},"p29":{"x":-0.00427794456481934,"y":1.99389147758484,"z":-2.1562864780426,"tension":0,"bias":0,"continuity":0,"index":29,"pointType":2,"word":"","text":{"x":0.495722055435181,"y":1.99389147758484,"z":-2.1562864780426,"font":0,"fontSize":48}},"p30":{"x":-0.206495761871338,"y":1.5976927280426,"z":-2.22155380249023,"tension":0,"bias":0,"continuity":0,"index":30,"pointType":2,"word":"","text":{"x":0.293504238128662,"y":1.5976927280426,"z":-2.22155380249023,"font":0,"fontSize":48}},"p31":{"x":-0.672478199005127,"y":1.54145658016205,"z":-2.21536087989807,"tension":0,"bias":0,"continuity":0,"index":31,"pointType":2,"word":"","text":{"x":-0.172478199005127,"y":1.54145658016205,"z":-2.21536087989807,"font":0,"fontSize":48}},"p32":{"x":-0.665502071380615,"y":1.99923419952393,"z":-2.13193416595459,"tension":0,"bias":0,"continuity":0,"index":32,"pointType":2,"word":"","text":{"x":-0.165502071380615,"y":1.99923419952393,