{"name":"bits","pointCount":10,"p0":{"x":0.000500187277793884,"y":-0.549926102161407,"z":-1.19209289550781E-07,"tension":0,"bias":0,"continuity":0,"index":0,"pointType":5,"word":"","text":{"x":0.500500202178955,"y":-0.549926102161407,"z":-1.19209289550781E-07,"font":0,"fontSize":48}},"p1":{"x":0.17275470495224,"y":-0.220007807016373,"z":-1.19209289550781E-07,"tension":0,"bias":0,"continuity":0,"index":1,"pointType":2,"word":"","text":{"x":0.67275470495224,"y":-0.220007807016373,"z":-1.19209289550781E-07,"font":0,"fontSize":48}},"p2":{"x":0.193567365407944,"y":0.213583528995514,"z":-1.19209289550781E-07,"tension":-0.298218280076981,"bias":0.171669214963913,"continuity":0,"index":2,"pointType":2,"word":"","text":{"x":0.693567395210266,"y":0.213583528995514,"z":-1.19209289550781E-07,"font":0,"fontSize":48}},"p3":{"x":0.599408864974976,"y":0.26561450958252,"z":-1.19209289550781E-07,"tension":0.0388625971972942,"bias":-0.461034446954727,"continuity":0,"index":3,"pointType":2,"word":"","text":{"x":1.09940886497498,"y":0.26561450958252,"z":-1.19209289550781E-07,"font":0,"fontSize":48}},"p4":{"x":1.13359367847443,"y":0.00545930862426758,"z":-1.19209289550781E-07,"tension":0,"bias":0,"continuity":0,"index":4,"pointType":1,"word":"","text":{"x":1.63359367847443,"y":0.00545930862426758,"z":-1.19209289550781E-07,"font":0,"fontSize":48}},"p5":{"x":1.51958048343658,"y":-0.233007103204727,"z":-1.19209289550781E-07,"tension":0,"bias":0,"continuity":0,"index":5,"pointType":3,"word":"","text":{"x":2.01958036422729,"y":-0.233007103204727,"z":-1.19209289550781E-07,"font":0,"fontSize":48}},"p6":{"x":1.52928233146667,"y":-0.80074018239975,"z":-1.19209289550781E-07,"tension":0,"bias":0,"continuity":0,"index":6,"pointType":1,"word":"","text":{"x":2.02928233146667,"y":-0.80074018239975,"z":-1.19209289550781E-07,"font":0,"fontSize":48}},"p7":{"x":1.06759059429169,"y":-1.34183216094971,"z":-1.19209289550781E-07,"tension":0,"bias":0,"continuity":0,"index":7,"pointType":1,"word":"","text":{"x":1.56759059429169,"y":-1.34183216094971,"z":-1.19209289550781E-07,"font":0,"fontSize":48}},"p8":{"x":0.262494564056396,"y":-1.02554428577423,"z":-1.19209289550781E-07,"tension":0,"bias":0,"continuity":0,"index":8,"pointType":1,"word":"","text":{"x":0.762494564056396,"y":-1.02554428577423,"z":-1.19209289550781E-07,"font":0,"fontSize":48}},"p9":{"x":0.886443972587585,"y":-0.70350581407547,"z":-1.19209289550781E-07,"tension":0,"bias":0,"continuity":0,"index":9,"pointType":1,"word":"","text":{"x":1.38644397258759,"y":-0.70350581407547,"z":-1.19209289550781E-07,"font":0,"fontSize":48}},"splineCount":2,"spline0":{"closed":false,"numPoints":5,"lineTexture":0,"points":{"p0":0,"p1":1,"p2":2,"p3":3,"p4":4}},"spline1":{"closed":false,"numPoints":2,"lineTexture":0,"points":{"p0":5,"p1":6}}}