{"name":"Body2","pointCount":22,"p0":{"x":-2.06837010383606,"y":0.126405119895935,"z":-1.19209289550781E-07,"tension":0.662031292915344,"bias":0.0998342111706734,"continuity":0,"index":0,"pointType":6,"word":"","text":{"x":-1.56837010383606,"y":0.126405119895935,"z":-1.19209289550781E-07,"font":0,"fontSize":48}},"p1":{"x":-1.88875281810761,"y":-0.223373413085938,"z":-1.19209289550781E-07,"tension":-0.768696904182434,"bias":0.467871963977814,"continuity":0,"index":1,"pointType":2,"word":"","text":{"x":-1.38875281810761,"y":-0.223373413085938,"z":-1.19209289550781E-07,"font":0,"fontSize":48}},"p2":{"x":-2.05300784111023,"y":-0.132387638092041,"z":-1.19209289550781E-07,"tension":-0.236185297369957,"bias":0.0121855260804296,"continuity":0,"index":2,"pointType":2,"word":"","text":{"x":-1.55300784111023,"y":-0.132387638092041,"z":-1.19209289550781E-07,"font":0,"fontSize":48}},"p3":{"x":-2.22671723365784,"y":-0.216288566589355,"z":-1.19209289550781E-07,"tension":-0.999990046024323,"bias":-0.159499242901802,"continuity":0,"index":3,"pointType":0,"word":"","text":{"x":-1.72671723365784,"y":-0.216288566589355,"z":-1.19209289550781E-07,"font":0,"fontSize":48}},"p4":{"x":-2.22671747207642,"y":0.0117796659469604,"z":-1.19209289550781E-07,"tension":-0.472973227500916,"bias":0.070555604994297,"continuity":0,"index":4,"pointType":2,"word":"","text":{"x":-1.72671747207642,"y":0.0117796659469604,"z":-1.19209289550781E-07,"font":0,"fontSize":48}},"p5":{"x":-2.09499740600586,"y":-0.411349296569824,"z":-1.19209289550781E-07,"tension":0,"bias":0,"continuity":0,"index":5,"pointType":1,"word":"","text":{"x":-1.59499740600586,"y":-0.411349296569824,"z":-1.19209289550781E-07,"font":0,"fontSize":48}},"p6":{"x":-1.96894013881683,"y":-0.553784847259521,"z":-1.19209289550781E-07,"tension":0,"bias":0,"continuity":0,"index":6,"pointType":0,"word":"","text":{"x":-1.46894013881683,"y":-0.553784847259521,"z":-1.19209289550781E-07,"font":0,"fontSize":48}},"p7":{"x":-1.94984102249146,"y":-0.778589248657227,"z":-1.19209289550781E-07,"tension":-0.06737120449543,"bias":0.00319606042467058,"continuity":0,"index":7,"pointType":2,"word":"","text":{"x":-1.44984102249146,"y":-0.778589248657227,"z":-1.19209289550781E-07,"font":0,"fontSize":48}},"p8":{"x":-2.24306964874268,"y":-0.596165180206299,"z":-1.19209289550781E-07,"tension":-0.536120891571045,"bias":-0.0146385347470641,"continuity":0,"index":8,"pointType":2,"word":"","text":{"x":-1.74306964874268,"y":-0.596165180206299,"z":-1.19209289550781E-07,"font":0,"fontSize":48}},"p9":{"x":-2.44844579696655,"y":-0.759582042694092,"z":-1.19209289550781E-07,"tension":-0.747672021389008,"bias":-0.0141315963119268,"continuity":0,"index":9,"pointType":2,"word":"","text":{"x":-1.94844579696655,"y":-0.759582042694092,"z":-1.19209289550781E-07,"font":0,"fontSize":48}},"p10":{"x":-2.36333131790161,"y":-0.950671195983887,"z":-1.19209289550781E-07,"tension":-0.880443036556244,"bias":-0.382862657308578,"continuity":0,"index":10,"pointType":2,"word":"","text":{"x":-1.86333131790161,"y":-0.950671195983887,"z":-1.19209289550781E-07,"font":0,"fontSize":48}},"p11":{"x":-2.22659087181091,"y":-0.715369701385498,"z":-1.19209289550781E-07,"tension":-0.749438345432281,"bias":-0.0527230091392994,"continuity":0,"index":11,"pointType":2,"word":"","text":{"x":-1.72659087181091,"y":-0.715369701385498,"z":-1.19209289550781E-07,"font":0,"fontSize":48}},"p12":{"x":-1.92842710018158,"y":-0.999372482299805,"z":-1.19209289550781E-07,"tension":0,"bias":0,"continuity":0,"index":12,"pointType":1,"word":"","text":{"x":-1.42842710018158,"y":-0.999372482299805,"z":-1.19209289550781E-07,"font":0,"fontSize":48}},"p13":{"x":-1.90793991088867,"y":0.0310919284820557,"z":-1.19209289550781E-07,"tension":-0.305873811244965,"bias":0.00329942884854972,"continuity":0,"index":13,"pointType":2,"word":"","text":{"x":-1.40793991088867,"y":0.0310919284820557,"z":-1.19209289550781E-07,"font":0,"fontSize":48}},"p14":{"x":-2.11786341667175,"y":-0.945321321487427,"z":-1.19209289550781E-07,"tension":0,"bias":0,"continuity":0,"index":14,"pointType":2,"word":"","text":{"x":-1.61786341667175,"y":-0.945321321487427,"z":-1.19209289550781E-07,"font":0,"fontSize":48}},"p15":{"x":-1.73712110519409,"y":-1.02753877639771,"z":-1.19209289550781E-07,"tension":0,"bias":0,"continuity":0,"index":15,"pointType":0,"word":"","text":{"x":-1.23712110519409,"y":-1.02753877639771,"z":-1.19209289550781E-07,"font":0,"fontSize":48}},"p16":{"x":-1.45162987709045,"y":-1.34183502197266,"z":-1.19209289550781E-07,"tension":0,"bias":0,"continuity":0,"index":16,"pointType":2,"word":"","text":{"x":-0.951629877090454,"y":-1.34183502197266,"z":-1.19209289550781E-07,"font":0,"fontSize":48}},"p17":{"x":-1.61265313625336,"y":-1.69823455810547,"z":-1.19209289550781E-07,"tension":0,"bias":0,"continuity":0,"index":17,"pointType":2,"word":"","text":{"x":-1.11265313625336,"y":-1.69823455810547,"z":-1.19209289550781E-07,"font":0,"fontSize":48}},"p18":{"x":-1.97119927406311,"y":-1.6016206741333,"z":-1.19209289550781E-07,"tension":0,"bias":0,"continuity":0,"index":18,"pointType":2,"word":"","text":{"x":-1.47119927406311,"y":-1.6016206741333,"z":-1.19209289550781E-07,"font":0,"fontSize":48}},"p19":{"x":-1.77367663383484,"y":-1.34183549880981,"z":-1.19209289550781E-07,"tension":0,"bias":0,"continuity":0,"index":19,"pointType":2,"word":"","text":{"x":-1.27367663383484,"y":-1.34183549880981,"z":-1.19209289550781E-07,"font":0,"fontSize":48}},"p20":{"x":-1.8488210439682,"y":-1.17222380638123,"z":-1.19209289550781E-07,"tension":0,"bias":0,"continuity":0,"index":20,"pointType":2,"word":"","text":{"x":-1.3488210439682,"y":-1.17222380638123,"z":-1.19209289550781E-07,"font":0,"fontSize":48}},"p21":{"x":-2.21380853652954,"y":-1.34398245811462,"z":-1.19209289550781E-07,"tension":0,"bias":0,"continuity":0,"index":21,"pointType":1,"word":"","text":{"x":-1.71380853652954,"y":-1.34398245811462,"z":-1.19209289550781E-07,"font":0,"fontSize":48}},"fixedCamera":false,"fov":30,"splineCount":4,"unlockType":0,"speed":0,"time":0,"laps":0,"startSpeed":0,"spline0":{"order":0,"closed":true,"numPoints":6,"type":0,"lineTexture":0,"lineWidth":1,"points":{"p0":4,"p1":3,"p2":2,"p3":1,"p4":13,"p5":0}},"spline1":{"order":1,"closed":false,"numPoints":2,"type":0,"lineTexture":0,"lineWidth":1,"points":{"p0":3,"p1":5}},"spline2":{"order":2,"closed":false,"numPoints":8,"type":0,"lineTexture":0,"lineWidth":1,"points":{"p0":6,"p1":7,"p2":8,"p3":9,"p4":10,"p5":11,"p6":14,"p7":12}},"spline3":{"order":3,"closed":false,"numPoints":7,"type":0,"lineTexture":0,"lineWidth":1,"points":{"p0":15,"p1":16,"p2":17,"p3":18,"p4":19,"p5":20,"p6":21}}}