{"name":"body4","pointCount":1,"p0":{"x":-2.04489040374756,"y":-0.0824286937713623,"z":-1.19209289550781E-07,"tension":0,"bias":0,"continuity":0,"index":0,"pointType":6,"word":"","text":{"x":-1.54489040374756,"y":-0.0824286937713623,"z":-1.19209289550781E-07,"font":0,"fontSize":48}},"fixedCamera":false,"fov":30,"splineCount":0,"unlockType":0,"speed":1,"time":1,"laps":1,"startSpeed":0}