{"name":"body7","pointCount":49,"p0":{"x":-2.19818496704102,"y":-0.0320649147033691,"z":-1.19209289550781E-07,"tension":0,"bias":0,"continuity":0,"index":0,"pointType":2,"word":"","text":{"x":-1.69818496704102,"y":-0.0320649147033691,"z":-1.19209289550781E-07,"font":0,"fontSize":48}},"p1":{"x":-2.36889028549194,"y":-0.0322041511535645,"z":-1.19209289550781E-07,"tension":0,"bias":0,"continuity":0,"index":1,"pointType":2,"word":"","text":{"x":-1.86889028549194,"y":-0.0322041511535645,"z":-1.19209289550781E-07,"font":0,"fontSize":48}},"p2":{"x":-2.48229646682739,"y":-0.132137775421143,"z":-1.19209289550781E-07,"tension":0,"bias":0,"continuity":0,"index":2,"pointType":2,"word":"","text":{"x":-1.98229646682739,"y":-0.132137775421143,"z":-1.19209289550781E-07,"font":0,"fontSize":48}},"p3":{"x":-2.52432727813721,"y":-0.325623512268066,"z":-1.19209289550781E-07,"tension":0,"bias":0,"continuity":0,"index":3,"pointType":2,"word":"","text":{"x":-2.02432727813721,"y":-0.325623512268066,"z":-1.19209289550781E-07,"font":0,"fontSize":48}},"p4":{"x":-2.4361526966095,"y":-0.481921195983887,"z":-1.19209289550781E-07,"tension":0,"bias":0,"continuity":0,"index":4,"pointType":2,"word":"","text":{"x":-1.9361526966095,"y":-0.481921195983887,"z":-1.19209289550781E-07,"font":0,"fontSize":48}},"p5":{"x":-2.26302981376648,"y":-0.519906997680664,"z":-1.19209289550781E-07,"tension":0,"bias":0,"continuity":0,"index":5,"pointType":0,"word":"","text":{"x":-1.76302981376648,"y":-0.519906997680664,"z":-1.19209289550781E-07,"font":0,"fontSize":48}},"p6":{"x":-2.03263092041016,"y":-0.502767086029053,"z":-1.19209289550781E-07,"tension":0,"bias":0,"continuity":0,"index":6,"pointType":2,"word":"","text":{"x":-1.53263092041016,"y":-0.502767086029053,"z":-1.19209289550781E-07,"font":0,"fontSize":48}},"p7":{"x":-2.09289765357971,"y":-0.635117053985596,"z":-1.19209289550781E-07,"tension":0,"bias":0,"continuity":0,"index":7,"pointType":2,"word":"","text":{"x":-1.59289765357971,"y":-0.635117053985596,"z":-1.19209289550781E-07,"font":0,"fontSize":48}},"p8":{"x":-2.26069784164429,"y":-0.644571781158447,"z":-1.19209289550781E-07,"tension":0,"bias":0,"continuity":0,"index":8,"pointType":2,"word":"","text":{"x":-1.76069784164429,"y":-0.644571781158447,"z":-1.19209289550781E-07,"font":0,"fontSize":48}},"p9":{"x":-2.38832139968872,"y":-0.593757629394531,"z":-1.19209289550781E-07,"tension":1,"bias":0,"continuity":0,"index":9,"pointType":2,"word":"","text":{"x":-1.88832139968872,"y":-0.593757629394531,"z":-1.19209289550781E-07,"font":0,"fontSize":48}},"p10":{"x":-2.45642375946045,"y":-0.660333156585693,"z":-1.19209289550781E-07,"tension":0,"bias":0,"continuity":0,"index":10,"pointType":2,"word":"","text":{"x":-1.95642375946045,"y":-0.660333156585693,"z":-1.19209289550781E-07,"font":0,"fontSize":48}},"p11":{"x":-2.53584623336792,"y":-0.621001243591309,"z":-1.19209289550781E-07,"tension":0,"bias":0,"continuity":0,"index":11,"pointType":2,"word":"","text":{"x":-2.03584623336792,"y":-0.621001243591309,"z":-1.19209289550781E-07,"font":0,"fontSize":48}},"p12":{"x":-2.19790506362915,"y":-0.421553134918213,"z":-1.19209289550781E-07,"tension":0,"bias":0,"continuity":0,"index":12,"pointType":6,"word":"","text":{"x":-1.69790506362915,"y":-0.421553134918213,"z":-1.19209289550781E-07,"font":0,"fontSize":48}},"p13":{"x":-1.95400595664978,"y":-0.230605602264404,"z":-1.19209289550781E-07,"tension":-1,"bias":0.0316196568310261,"continuity":0,"index":13,"pointType":2,"word":"","text":{"x":-1.45400595664978,"y":-0.230605602264404,"z":-1.19209289550781E-07,"font":0,"fontSize":48}},"p14":{"x":-2.0502815246582,"y":-0.32688045501709,"z":-1.19209289550781E-07,"tension":-0.615033268928528,"bias":0.0328360721468925,"continuity":0,"index":14,"pointType":2,"word":"","text":{"x":-1.5502815246582,"y":-0.32688045501709,"z":-1.19209289550781E-07,"font":0,"fontSize":48}},"p15":{"x":-2.19351077079773,"y":-0.251884937286377,"z":-1.19209289550781E-07,"tension":0,"bias":0,"continuity":0,"index":15,"pointType":2,"word":"","text":{"x":-1.69351077079773,"y":-0.251884937286377,"z":-1.19209289550781E-07,"font":0,"fontSize":48}},"p16":{"x":-2.21067118644714,"y":-0.314463376998901,"z":-1.19209289550781E-07,"tension":0,"bias":0,"continuity":0,"index":16,"pointType":2,"word":"","text":{"x":-1.71067118644714,"y":-0.314463376998901,"z":-1.19209289550781E-07,"font":0,"fontSize":48}},"p17":{"x":-2.14064025878906,"y":-0.244545459747314,"z":-1.19209289550781E-07,"tension":0.450834661722183,"bias":-0.0177799966186285,"continuity":0,"index":17,"pointType":2,"word":"","text":{"x":-1.64064025878906,"y":-0.244545459747314,"z":-1.19209289550781E-07,"font":0,"fontSize":48}},"p18":{"x":-2.05127096176147,"y":-0.125274658203125,"z":-1.19209289550781E-07,"tension":0,"bias":0,"continuity":0,"index":18,"pointType":2,"word":"","text":{"x":-1.55127096176147,"y":-0.125274658203125,"z":-1.19209289550781E-07,"font":0,"fontSize":48}},"p19":{"x":-2.12730264663696,"y":-0.358973979949951,"z":-1.19209289550781E-07,"tension":0,"bias":0,"continuity":0,"index":19,"pointType":2,"word":"","text":{"x":-1.62730264663696,"y":-0.358973979949951,"z":-1.19209289550781E-07,"font":0,"fontSize":48}},"p20":{"x":-2.01818990707397,"y":-0.448831558227539,"z":-1.19209289550781E-07,"tension":0,"bias":0,"continuity":0,"index":20,"pointType":2,"word":"","text":{"x":-1.51818990707397,"y":-0.448831558227539,"z":-1.19209289550781E-07,"font":0,"fontSize":48}},"p21":{"x":-1.99251556396484,"y":-0.533875465393066,"z":-1.19209289550781E-07,"tension":0,"bias":0,"continuity":0,"index":21,"pointType":2,"word":"","text":{"x":-1.49251556396484,"y":-0.533875465393066,"z":-1.19209289550781E-07,"font":0,"fontSize":48}},"p22":{"x":-2.44421863555908,"y":0.12162709236145,"z":-1.19209289550781E-07,"tension":0,"bias":0,"continuity":0,"index":22,"pointType":2,"word":"","text":{"x":-1.94421863555908,"y":0.12162709236145,"z":-1.19209289550781E-07,"font":0,"fontSize":48}},"p23":{"x":-2.66327786445618,"y":-0.16539478302002,"z":-1.19209289550781E-07,"tension":0,"bias":0,"continuity":0,"index":23,"pointType":2,"word":"","text":{"x":-2.16327786445618,"y":-0.16539478302002,"z":-1.19209289550781E-07,"font":0,"fontSize":48}},"p24":{"x":-2.65455532073975,"y":-0.674200773239136,"z":-1.19209289550781E-07,"tension":0,"bias":0,"continuity":0,"index":24,"pointType":2,"word":"","text":{"x":-2.15455532073975,"y":-0.674200773239136,"z":-1.19209289550781E-07,"font":0,"fontSize":48}},"p25":{"x":-2.28830647468567,"y":-0.870182991027832,"z":-1.19209289550781E-07,"tension":0,"bias":0,"continuity":0,"index":25,"pointType":2,"word":"","text":{"x":-1.78830647468567,"y":-0.870182991027832,"z":-1.19209289550781E-07,"font":0,"fontSize":48}},"p26":{"x":-1.84046566486359,"y":-0.598606824874878,"z":-1.19209289550781E-07,"tension":0,"bias":0,"continuity":0,"index":26,"pointType":2,"word":"","text":{"x":-1.34046566486359,"y":-0.598606824874878,"z":-1.19209289550781E-07,"font":0,"fontSize":48}},"p27":{"x":-1.78231620788574,"y":-0.319490194320679,"z":-1.19209289550781E-07,"tension":0,"bias":0,"continuity":0,"index":27,"pointType":2,"word":"","text":{"x":-1.28231620788574,"y":-0.319490194320679,"z":-1.19209289550781E-07,"font":0,"fontSize":48}},"p28":{"x":-1.91605949401855,"y":0.0264979600906372,"z":-1.19209289550781E-07,"tension":0,"bias":0,"continuity":0,"index":28,"pointType":2,"word":"","text":{"x":-1.41605949401855,"y":0.0264979600906372,"z":-1.19209289550781E-07,"font":0,"fontSize":48}},"p29":{"x":-2.1980836391449,"y":0.174778342247009,"z":-1.19209289550781E-07,"tension":0,"bias":0,"continuity":0,"index":29,"pointType":2,"word":"","text":{"x":-1.6980836391449,"y":0.174778342247009,"z":-1.19209289550781E-07,"font":0,"fontSize":48}},"p30":{"x":-1.86814427375793,"y":-0.848800659179688,"z":-1.19209289550781E-07,"tension":0,"bias":0,"continuity":0,"index":30,"pointType":2,"word":"","text":{"x":-1.36814427375793,"y":-0.848800659179688,"z":-1.19209289550781E-07,"font":0,"fontSize":48}},"p31":{"x":-2.41947531700134,"y":-1.08753442764282,