{"name":"Body3","pointCount":15,"p0":{"x":-4.11416816711426,"y":1.53377664089203,"z":-1.19209289550781E-07,"tension":0,"bias":0,"continuity":0,"index":0,"pointType":0,"word":"","text":{"x":-3.61416816711426,"y":1.53377664089203,"z":-1.19209289550781E-07,"font":0,"fontSize":48}},"p1":{"x":-3.00873351097107,"y":1.12364435195923,"z":-1.19209289550781E-07,"tension":0,"bias":0,"continuity":0,"index":1,"pointType":2,"word":"","text":{"x":-2.50873351097107,"y":1.12364435195923,"z":-1.19209289550781E-07,"font":0,"fontSize":48}},"p2":{"x":-3.47333598136902,"y":1.6971880197525,"z":-1.19209289550781E-07,"tension":0,"bias":0,"continuity":0,"index":2,"pointType":2,"word":"","text":{"x":-2.97333598136902,"y":1.6971880197525,"z":-1.19209289550781E-07,"font":0,"fontSize":48}},"p3":{"x":-3.63835048675537,"y":1.82855868339539,"z":-1.19209289550781E-07,"tension":0,"bias":0,"continuity":0,"index":3,"pointType":6,"word":"","text":{"x":-3.13835048675537,"y":1.82855868339539,"z":-1.19209289550781E-07,"font":0,"fontSize":48}},"p4":{"x":-4.05809497833252,"y":0.649429202079773,"z":-1.19209289550781E-07,"tension":0,"bias":0,"continuity":0,"index":4,"pointType":2,"word":"","text":{"x":-3.55809497833252,"y":0.649429202079773,"z":-1.19209289550781E-07,"font":0,"fontSize":48}},"p5":{"x":-3.20899367332459,"y":0.43475067615509,"z":-1.19209289550781E-07,"tension":0,"bias":0,"continuity":0,"index":5,"pointType":2,"word":"","text":{"x":-2.70899367332459,"y":0.43475067615509,"z":-1.19209289550781E-07,"font":0,"fontSize":48}},"p6":{"x":-3.38842630386353,"y":1.46328485012054,"z":-1.19209289550781E-07,"tension":0,"bias":0,"continuity":0,"index":6,"pointType":2,"word":"","text":{"x":-2.88842630386353,"y":1.46328485012054,"z":-1.19209289550781E-07,"font":0,"fontSize":48}},"p7":{"x":-3.878662109375,"y":1.62669694423676,"z":-1.19209289550781E-07,"tension":0,"bias":0,"continuity":0,"index":7,"pointType":2,"word":"","text":{"x":-3.378662109375,"y":1.62669694423676,"z":-1.19209289550781E-07,"font":0,"fontSize":48}},"p8":{"x":-4.19587373733521,"y":1.05315291881561,"z":-1.19209289550781E-07,"tension":0,"bias":0,"continuity":0,"index":8,"pointType":2,"word":"","text":{"x":-3.69587373733521,"y":1.05315291881561,"z":-1.19209289550781E-07,"font":0,"fontSize":48}},"p9":{"x":-3.63194227218628,"y":0.45717978477478,"z":-1.19209289550781E-07,"tension":0,"bias":0,"continuity":0,"index":9,"pointType":2,"word":"","text":{"x":-3.13194227218628,"y":0.45717978477478,"z":-1.19209289550781E-07,"font":0,"fontSize":48}},"p10":{"x":-2.96868181228638,"y":0.473200559616089,"z":-1.19209289550781E-07,"tension":0,"bias":0,"continuity":0,"index":10,"pointType":2,"word":"","text":{"x":-2.46868181228638,"y":0.473200559616089,"z":-1.19209289550781E-07,"font":0,"fontSize":48}},"p11":{"x":-3.03596925735474,"y":0.876924276351929,"z":-1.19209289550781E-07,"tension":0,"bias":0,"continuity":0,"index":11,"pointType":2,"word":"","text":{"x":-2.53596925735474,"y":0.876924276351929,"z":-1.19209289550781E-07,"font":0,"fontSize":48}},"p12":{"x":-3.82739567756653,"y":0.985865592956543,"z":-1.19209289550781E-07,"tension":0,"bias":0,"continuity":0,"index":12,"pointType":2,"word":"","text":{"x":-3.32739567756653,"y":0.985865592956543,"z":-1.19209289550781E-07,"font":0,"fontSize":48}},"p13":{"x":-3.94594955444336,"y":0.59175431728363,"z":-1.19209289550781E-07,"tension":0,"bias":0,"continuity":0,"index":13,"pointType":2,"word":"","text":{"x":-3.44594955444336,"y":0.59175431728363,"z":-1.19209289550781E-07,"font":0,"fontSize":48}},"p14":{"x":-3.20578956604004,"y":1.1973397731781,"z":-1.19209289550781E-07,"tension":0,"bias":0,"continuity":0,"index":14,"pointType":2,"word":"","text":{"x":-2.70578956604004,"y":1.1973397731781,"z":-1.19209289550781E-07,"font":0,"fontSize":48}},"fixedCamera":true,"fov":72,"splineCount":1,"unlockType":0,"speed":0,"time":0,"laps":0,"startSpeed":0,"spline0":{"order":0,"closed":true,"numPoints":15,"type":0,"lineTexture":0,"lineWidth":1,"points":{"p0":3,"p1":0,"p2":1,"p3":2,"p4":4,"p5":5,"p6":6,"p7":7,"p8":8,"p9":9,"p10":10,"p11":11,"p12":12,"p13":13,"p14":14}}}