{"name":"Body3","pointCount":25,"p0":{"x":-3.74685525894165,"y":2.21494674682617,"z":-1.19209289550781E-07,"tension":0,"bias":0,"continuity":0,"index":0,"pointType":6,"word":"","text":{"x":-3.24685525894165,"y":2.21494674682617,"z":-1.19209289550781E-07,"font":0,"fontSize":48}},"p1":{"x":-3.7452540397644,"y":1.76956939697266,"z":-1.19209289550781E-07,"tension":1,"bias":0,"continuity":0,"index":1,"pointType":0,"word":"","text":{"x":-3.2452540397644,"y":1.76956939697266,"z":-1.19209289550781E-07,"font":0,"fontSize":48}},"p2":{"x":-3.3831844329834,"y":0.869201183319092,"z":-1.19209289550781E-07,"tension":1,"bias":0,"continuity":0,"index":2,"pointType":0,"word":"","text":{"x":-2.8831844329834,"y":0.869201183319092,"z":-1.19209289550781E-07,"font":0,"fontSize":48}},"p3":{"x":-4.10091781616211,"y":0.872405529022217,"z":-1.19209289550781E-07,"tension":1,"bias":0,"continuity":0,"index":3,"pointType":0,"word":"","text":{"x":-3.60091781616211,"y":0.872405529022217,"z":-1.19209289550781E-07,"font":0,"fontSize":48}},"p4":{"x":-4.09451007843018,"y":1.7727735042572,"z":-1.19209289550781E-07,"tension":1,"bias":0,"continuity":0,"index":4,"pointType":3,"word":"","text":{"x":-3.59451007843018,"y":1.7727735042572,"z":-1.19209289550781E-07,"font":0,"fontSize":48}},"p5":{"x":-3.28108835220337,"y":0.976252794265747,"z":-1.19209289550781E-07,"tension":1,"bias":0,"continuity":0,"index":5,"pointType":0,"word":"","text":{"x":-2.78108835220337,"y":0.976252794265747,"z":-1.19209289550781E-07,"font":0,"fontSize":48}},"p6":{"x":-3.47974586486816,"y":1.02111077308655,"z":-1.19209289550781E-07,"tension":1,"bias":0,"continuity":0,"index":6,"pointType":0,"word":"","text":{"x":-2.97974586486816,"y":1.02111077308655,"z":-1.19209289550781E-07,"font":0,"fontSize":48}},"p7":{"x":-3.08243083953857,"y":0.796819925308228,"z":-1.19209289550781E-07,"tension":1,"bias":0,"continuity":0,"index":7,"pointType":0,"word":"","text":{"x":-2.58243083953857,"y":0.796819925308228,"z":-1.19209289550781E-07,"font":0,"fontSize":48}},"p8":{"x":-3.09845113754272,"y":0.377075791358948,"z":-1.19209289550781E-07,"tension":1,"bias":0,"continuity":0,"index":8,"pointType":0,"word":"","text":{"x":-2.59845113754272,"y":0.377075791358948,"z":-1.19209289550781E-07,"font":0,"fontSize":48}},"p9":{"x":-3.86104011535645,"y":1.38318073749542,"z":-1.19209289550781E-07,"tension":1,"bias":0,"continuity":0,"index":9,"pointType":0,"word":"","text":{"x":-3.36104011535645,"y":1.38318073749542,"z":-1.19209289550781E-07,"font":0,"fontSize":48}},"p10":{"x":-4.30321407318115,"y":0.934598684310913,"z":-1.19209289550781E-07,"tension":1,"bias":0,"continuity":0,"index":10,"pointType":0,"word":"","text":{"x":-3.80321407318115,"y":0.934598684310913,"z":-1.19209289550781E-07,"font":0,"fontSize":48}},"p11":{"x":-4.29039764404297,"y":0.18162214756012,"z":-1.19209289550781E-07,"tension":1,"bias":0,"continuity":0,"index":11,"pointType":0,"word":"","text":{"x":-3.79039764404297,"y":0.18162214756012,"z":-1.19209289550781E-07,"font":0,"fontSize":48}},"p12":{"x":-3.35508060455322,"y":1.48722815513611,"z":-1.19209289550781E-07,"tension":0,"bias":0,"continuity":0,"index":12,"pointType":2,"word":"","text":{"x":-2.85508060455322,"y":1.48722815513611,"z":-1.19209289550781E-07,"font":0,"fontSize":48}},"p13":{"x":-2.52323389053345,"y":0.858518362045288,"z":-1.19209289550781E-07,"tension":0,"bias":0,"continuity":0,"index":13,"pointType":2,"word":"","text":{"x":-2.02323389053345,"y":0.858518362045288,"z":-1.19209289550781E-07,"font":0,"fontSize":48}},"p14":{"x":-2.76748323440552,"y":0.411378860473633,"z":-1.19209289550781E-07,"tension":1,"bias":0,"continuity":0,"index":14,"pointType":2,"word":"","text":{"x":-2.26748323440552,"y":0.411378860473633,"z":-1.19209289550781E-07,"font":0,"fontSize":48}},"p15":{"x":-3.48390865325928,"y":0.053907036781311,"z":-1.19209289550781E-07,"tension":0,"bias":0,"continuity":0,"index":15,"pointType":2,"word":"","text":{"x":-2.98390865325928,"y":0.053907036781311,"z":-1.19209289550781E-07,"font":0,"fontSize":48}},"p16":{"x":-3.87050199508667,"y":0.501313090324402,"z":-1.19209289550781E-07,"tension":1,"bias":0,"continuity":0,"index":16,"pointType":2,"word":"","text":{"x":-3.37050199508667,"y":0.501313090324402,"z":-1.19209289550781E-07,"font":0,"fontSize":48}},"p17":{"x":-4.39905214309692,"y":1.20796191692352,"z":-1.19209289550781E-07,"tension":0,"bias":0,"continuity":0,"index":17,"pointType":2,"word":"","text":{"x":-3.89905214309692,"y":1.20796191692352,"z":-1.19209289550781E-07,"font":0,"fontSize":48}},"p18":{"x":-4.5269947052002,"y":0.673186540603638,"z":-1.19209289550781E-07,"tension":0,"bias":0,"continuity":0,"index":18,"pointType":2,"word":"","text":{"x":-4.0269947052002,"y":0.673186540603638,"z":-1.19209289550781E-07,"font":0,"fontSize":48}},"p19":{"x":-4.06162452697754,"y":0.14078152179718,"z":-1.19209289550781E-07,"tension":0,"bias":0,"continuity":0,"index":19,"pointType":2,"word":"","text":{"x":-3.56162452697754,"y":0.14078152179718,"z":-1.19209289550781E-07,"font":0,"fontSize":48}},"p20":{"x":-3.48390674591064,"y":0.188562631607056,"z":-1.19209289550781E-07,"tension":0,"bias":0,"continuity":0,"index":20,"pointType":2,"word":"","text":{"x":-2.98390674591064,"y":0.188562631607056,"z":-1.19209289550781E-07,"font":0,"fontSize":48}},"p21":{"x":-3.19821262359619,"y":0.478206872940063,"z":-1.19209289550781E-07,"tension":1,"bias":0,"continuity":0,"index":21,"pointType":0,"word":"","text":{"x":-2.69821262359619,"y":0.478206872940063,"z":-1.19209289550781E-07,"font":0,"fontSize":48}},"p22":{"x":-3.59250068664551,"y":0.657686948776245,"z":-1.19209289550781E-07,"tension":1,"bias":0,"continuity":0,"index":22,"pointType":0,"word":"","text":{"x":-3.09250068664551,"y":0.657686948776245,"z":-1.19209289550781E-07,"font":0,"fontSize":48}},"p23":{"x":-3.46504950523376,"y":1.83773899078369,"z":-1.19209289550781E-07,"tension":1,"bias":0,"continuity":0,"index":23,"pointType":0,"word":"","text":{"x":-2.96504950523376,"y":1.83773899078369,"z":-1.19209289550781E-07,"font":0,"fontSize":48}},"p24":{"x":-3.52190971374512,"y":1.46926164627075,"z":-1.19209289550781E-07,"tension":0,"bias":0,"continuity":0,"index":24,"pointType":7,"word":"","text":{"x":-3.02190971374512,"y":1.46926164627075,"z":-1.19209289550781E-07,"font":0,"fontSize":48}},"fixedCamera":true,"fov":72,"splineCount":9,"unlockType":0,"speed":0,"time":0,"laps":0,"startSpeed":0,"spline0":{"order":0,"closed":false,"numPoints":6,"type":0,"lineTexture":3,"lineWidth":1,"points":{"p0":0,"p1":1,"p2":12,"p3":2,"p4":3,"p5":4}},"spline1":{"order":1,"closed":false,"numPoints":2,"type":0,"lineTexture":0,"lineWidth":1,"points":{"p0":4,"p1":1}},"spline2":{"order":2,"closed":false,"numPoints":4,"type":0,"lineTexture":1,"lineWidth":1,"points":{"p0":4,"p1":9,"p2":6,"p3":5}},"spline3":{"order":3,"closed":true,"numPoints":3,"type":0,"lineTexture":0,"lineWidth":1,"points":{"p0":5,"p1":8,"p2":7}},"spline4":{"order":4,"closed":false,"numPoints":4,"type":0,"lineTexture":5,"lineWidth":1,"points":{"p0":5,"p1":12,"p2":23,"p3":4}},"spline5":{"order":5,"closed":false,"numPoints":4,"type":0,"lineTexture":0,"lineWidth":1,"points":{"p0":4,"p1":10,"p2":11,"p3":3}},"spline6":{"order":6,"closed":false,"numPoints":12,"type":0,"lineTexture":0,"lineWidth":1,"points":{"p0":2,"p1":13,"p2":14,"p3":15,"p4":16,"p5":3,"p6":17,"p7":18,"p8":19,"p9":20,"p10":21,"p11":22}},"spline7":{"order":7,"closed":false,"numPoints":2,"type":0,"lineTexture":1,"lineWidth":1,"points":{"p0":22,"p1":3}},"spline8":{"order":8,"closed":false,"numPoints":2,"type":0,"lineTexture":0,"lineWidth":1,"points":{"p0":4,"p1":24}}}