{"name":"body1","pointCount":22,"p0":{"x":-4.06464910507202,"y":1.42652356624603,"z":-1.19209289550781E-07,"tension":-0.0514614284038544,"bias":-0.748591005802155,"continuity":0,"index":0,"pointType":2,"word":"","text":{"x":-3.56464910507202,"y":1.42652356624603,"z":-1.19209289550781E-07,"font":0,"fontSize":48}},"p1":{"x":-3.96423244476318,"y":1.33789801597595,"z":-1.19209289550781E-07,"tension":1,"bias":-1,"continuity":0,"index":1,"pointType":2,"word":"","text":{"x":-3.46423244476318,"y":1.33789801597595,"z":-1.19209289550781E-07,"font":0,"fontSize":48}},"p2":{"x":-3.8723316192627,"y":1.23104786872864,"z":-1.19209289550781E-07,"tension":-0.0750617012381554,"bias":0.413904249668121,"continuity":0,"index":2,"pointType":2,"word":"","text":{"x":-3.3723316192627,"y":1.23104786872864,"z":-1.19209289550781E-07,"font":0,"fontSize":48}},"p3":{"x":-3.57283926010132,"y":0.759648084640503,"z":-1.19209289550781E-07,"tension":0,"bias":0,"continuity":0,"index":3,"pointType":2,"word":"","text":{"x":-3.07283926010132,"y":0.759648084640503,"z":-1.19209289550781E-07,"font":0,"fontSize":48}},"p4":{"x":-3.81393575668335,"y":1.61243844032288,"z":-1.19209289550781E-07,"tension":-0.99999463558197,"bias":-0.102942779660225,"continuity":0,"index":4,"pointType":2,"word":"","text":{"x":-3.31393575668335,"y":1.61243844032288,"z":-1.19209289550781E-07,"font":0,"fontSize":48}},"p5":{"x":-3.59062242507935,"y":1.27189421653748,"z":-1.19209289550781E-07,"tension":0,"bias":0,"continuity":0,"index":5,"pointType":2,"word":"","text":{"x":-3.09062242507935,"y":1.27189421653748,"z":-1.19209289550781E-07,"font":0,"fontSize":48}},"p6":{"x":-3.88608646392822,"y":0.840550422668457,"z":-1.19209289550781E-07,"tension":0,"bias":0,"continuity":0,"index":6,"pointType":2,"word":"","text":{"x":-3.38608646392822,"y":0.840550422668457,"z":-1.19209289550781E-07,"font":0,"fontSize":48}},"p7":{"x":-4.11721324920654,"y":1.84594655036926,"z":-1.19209289550781E-07,"tension":0,"bias":0,"continuity":0,"index":7,"pointType":6,"word":"","text":{"x":-3.61721324920654,"y":1.84594655036926,"z":-1.19209289550781E-07,"font":0,"fontSize":48}},"p8":{"x":-4.11063432693481,"y":1.55886363983154,"z":-1.19209289550781E-07,"tension":0,"bias":0,"continuity":0,"index":8,"pointType":2,"word":"","text":{"x":-3.61063432693481,"y":1.55886363983154,"z":-1.19209289550781E-07,"font":0,"fontSize":48}},"p9":{"x":-4.13836145401001,"y":1.4423485994339,"z":-1.19209289550781E-07,"tension":-0.413938879966736,"bias":-0.0111784273758531,"continuity":0,"index":9,"pointType":2,"word":"","text":{"x":-3.63836145401001,"y":1.4423485994339,"z":-1.19209289550781E-07,"font":0,"fontSize":48}},"p10":{"x":-4.22673749923706,"y":1.35079622268677,"z":-1.19209289550781E-07,"tension":-0.0667388066649437,"bias":-0.933690905570984,"continuity":-0.139999985694885,"index":10,"pointType":2,"word":"","text":{"x":-3.72673749923706,"y":1.35079622268677,"z":-1.19209289550781E-07,"font":0,"fontSize":48}},"p11":{"x":-4.31740808486938,"y":1.24022471904755,"z":-1.19209289550781E-07,"tension":0.24130967259407,"bias":-0.0738661885261536,"continuity":0,"index":11,"pointType":2,"word":"","text":{"x":-3.81740808486938,"y":1.24022471904755,"z":-1.19209289550781E-07,"font":0,"fontSize":48}},"p12":{"x":-4.23296928405762,"y":1.02117311954498,"z":-1.19209289550781E-07,"tension":0,"bias":0,"continuity":0,"index":12,"pointType":2,"word":"","text":{"x":-3.73296928405762,"y":1.02117311954498,"z":-1.19209289550781E-07,"font":0,"fontSize":48}},"p13":{"x":-4.29233503341675,"y":0.833424806594849,"z":-1.19209289550781E-07,"tension":0,"bias":0,"continuity":0,"index":13,"pointType":2,"word":"","text":{"x":-3.79233503341675,"y":0.833424806594849,"z":-1.19209289550781E-07,"font":0,"fontSize":48}},"p14":{"x":-4.64229965209961,"y":0.781519532203674,"z":-1.19209289550781E-07,"tension":0,"bias":0,"continuity":0,"index":14,"pointType":2,"word":"","text":{"x":-4.14229965209961,"y":0.781519532203674,"z":-1.19209289550781E-07,"font":0,"fontSize":48}},"p15":{"x":-4.56406450271606,"y":1.38450145721436,"z":-1.19209289550781E-07,"tension":0,"bias":0,"continuity":0,"index":15,"pointType":2,"word":"","text":{"x":-4.06406450271606,"y":1.38450145721436,"z":-1.19209289550781E-07,"font":0,"fontSize":48}},"p16":{"x":-4.37380790710449,"y":1.61846518516541,"z":-1.19209289550781E-07,"tension":-0.723414659500122,"bias":-0.0364141874015331,"continuity":0,"index":16,"pointType":2,"word":"","text":{"x":-3.87380790710449,"y":1.61846518516541,"z":-1.19209289550781E-07,"font":0,"fontSize":48}},"p17":{"x":-3.97238683700562,"y":1.02001070976257,"z":-1.19209289550781E-07,"tension":0,"bias":0,"continuity":0,"index":17,"pointType":2,"word":"","text":{"x":-3.47238683700562,"y":1.02001070976257,"z":-1.19209289550781E-07,"font":0,"fontSize":48}},"p18":{"x":-4.00197792053223,"y":1.4626100063324,"z":-1.19209289550781E-07,"tension":0,"bias":0,"continuity":0,"index":18,"pointType":2,"word":"","text":{"x":-3.50197792053223,"y":1.4626100063324,"z":-1.19209289550781E-07,"font":0,"fontSize":48}},"p19":{"x":-4.21430826187134,"y":1.47460997104645,"z":-1.19209289550781E-07,"tension":0,"bias":0,"continuity":0,"index":19,"pointType":2,"word":"","text":{"x":-3.71430826187134,"y":1.47460997104645,"z":-1.19209289550781E-07,"font":0,"fontSize":48}},"p20":{"x":-4.10532236099243,"y":1.04663002490997,"z":-1.19209289550781E-07,"tension":0,"bias":0,"continuity":0,"index":20,"pointType":5,"word":"","text":{"x":-3.60532236099243,"y":1.04663002490997,"z":-1.19209289550781E-07,"font":0,"fontSize":48}},"p21":{"x":-4.08603954315186,"y":0.0873433351516724,"z":0.0367289520800114,"tension":0,"bias":0,"continuity":0,"index":21,"pointType":7,"word":"","text":{"x":-3.58603954315186,"y":0.0873433351516724,"z":0.0367289520800114,"font":0,"fontSize":48}},"fixedCamera":true,"fov":65,"splineCount":5,"unlockType":0,"speed":0,"time":0,"laps":3,"startSpeed":0.5,"spline0":{"order":0,"closed":false,"numPoints":4,"type":0,"lineTexture":0,"lineWidth":3,"points":{"p0":7,"p1":8,"p2":0,"p3":1}},"spline1":{"order":1,"closed":false,"numPoints":9,"type":0,"lineTexture":5,"lineWidth":1,"points":{"p0":1,"p1":2,"p2":17,"p3":6,"p4":3,"p5":5,"p6":4,"p7":18,"p8":20}},"spline2":{"order":2,"closed":false,"numPoints":3,"type":0,"lineTexture":0,"lineWidth":3,"points":{"p0":8,"p1":9,"p2":10}},"spline3":{"order":3,"closed":false,"numPoints":9,"type":0,"lineTexture":5,"lineWidth":1,"points":{"p0":10,"p1":11,"p2":12,"p3":13,"p4":14,"p5":15,"p6":16,"p7":19,"p8":20}},"spline4":{"order":4,"closed":false,"numPoints":2,"type":2,"lineTexture":1,"lineWidth":1,"points":{"p0":8,"p1":21}}}