{"name":"body5","pointCount":54,"p0":{"x":-4.09846067428589,"y":1.18635010719299,"z":-1.19209289550781E-07,"tension":0,"bias":0,"continuity":0,"index":0,"pointType":6,"word":"","text":{"x":-3.59846067428589,"y":1.18635010719299,"z":-1.19209289550781E-07,"font":0,"fontSize":48}},"p1":{"x":-3.84838819503784,"y":1.18645262718201,"z":-1.19209289550781E-07,"tension":1,"bias":0,"continuity":0,"index":1,"pointType":0,"word":"","text":{"x":-3.34838819503784,"y":1.18645262718201,"z":-1.19209289550781E-07,"font":0,"fontSize":48}},"p2":{"x":-3.60337734222412,"y":0.958237171173096,"z":-1.19209289550781E-07,"tension":0,"bias":0,"continuity":0,"index":2,"pointType":2,"word":"","text":{"x":-3.10337734222412,"y":0.958237171173096,"z":-1.19209289550781E-07,"font":0,"fontSize":48}},"p3":{"x":-2.71922326087952,"y":0.893099784851074,"z":-1.19209289550781E-07,"tension":0,"bias":0,"continuity":0,"index":3,"pointType":2,"word":"","text":{"x":-2.21922326087952,"y":0.893099784851074,"z":-1.19209289550781E-07,"font":0,"fontSize":48}},"p4":{"x":-1.87245535850525,"y":0.892445802688599,"z":-1.19209289550781E-07,"tension":0,"bias":0,"continuity":0,"index":4,"pointType":2,"word":"","text":{"x":-1.37245535850525,"y":0.892445802688599,"z":-1.19209289550781E-07,"font":0,"fontSize":48}},"p5":{"x":-1.160560131073,"y":0.983523368835449,"z":-1.19209289550781E-07,"tension":1,"bias":0,"continuity":0,"index":5,"pointType":2,"word":"","text":{"x":-0.660560131072998,"y":0.983523368835449,"z":-1.19209289550781E-07,"font":0,"fontSize":48}},"p6":{"x":-1.17207098007202,"y":1.30777275562286,"z":-1.19209289550781E-07,"tension":0,"bias":0,"continuity":0,"index":6,"pointType":2,"word":"","text":{"x":-0.672070980072021,"y":1.30777275562286,"z":-1.19209289550781E-07,"font":0,"fontSize":48}},"p7":{"x":-1.28677415847778,"y":1.32563996315002,"z":-1.19209289550781E-07,"tension":0,"bias":0,"continuity":0,"index":7,"pointType":2,"word":"","text":{"x":-0.786774158477783,"y":1.32563996315002,"z":-1.19209289550781E-07,"font":0,"fontSize":48}},"p8":{"x":-1.31607484817505,"y":1.16226983070374,"z":-1.19209289550781E-07,"tension":1,"bias":0,"continuity":0,"index":8,"pointType":2,"word":"","text":{"x":-0.816074848175049,"y":1.16226983070374,"z":-1.19209289550781E-07,"font":0,"fontSize":48}},"p9":{"x":-2.21887230873108,"y":1.13461232185364,"z":-1.19209289550781E-07,"tension":0,"bias":0,"continuity":0,"index":9,"pointType":2,"word":"","text":{"x":-1.71887230873108,"y":1.13461232185364,"z":-1.19209289550781E-07,"font":0,"fontSize":48}},"p10":{"x":-2.51400375366211,"y":1.16800963878632,"z":-1.19209289550781E-07,"tension":0,"bias":0,"continuity":0,"index":10,"pointType":2,"word":"","text":{"x":-2.01400375366211,"y":1.16800963878632,"z":-1.19209289550781E-07,"font":0,"fontSize":48}},"p11":{"x":-2.16424250602722,"y":1.20235848426819,"z":-1.19209289550781E-07,"tension":0,"bias":0,"continuity":0,"index":11,"pointType":2,"word":"","text":{"x":-1.66424250602722,"y":1.20235848426819,"z":-1.19209289550781E-07,"font":0,"fontSize":48}},"p12":{"x":-1.41011261940002,"y":1.21596622467041,"z":-1.19209289550781E-07,"tension":1,"bias":0,"continuity":0,"index":12,"pointType":2,"word":"","text":{"x":-0.910112619400024,"y":1.21596622467041,"z":-1.19209289550781E-07,"font":0,"fontSize":48}},"p13":{"x":-1.40863418579102,"y":1.54506468772888,"z":-1.19209289550781E-07,"tension":0,"bias":0,"continuity":0,"index":13,"pointType":2,"word":"","text":{"x":-0.908634185791016,"y":1.54506468772888,"z":-1.19209289550781E-07,"font":0,"fontSize":48}},"p14":{"x":-1.54117560386658,"y":1.57107102870941,"z":-1.19209289550781E-07,"tension":0,"bias":0,"continuity":0,"index":14,"pointType":2,"word":"","text":{"x":-1.04117560386658,"y":1.57107102870941,"z":-1.19209289550781E-07,"font":0,"fontSize":48}},"p15":{"x":-1.56108713150024,"y":1.39048516750336,"z":-1.19209289550781E-07,"tension":1,"bias":0,"continuity":0,"index":15,"pointType":2,"word":"","text":{"x":-1.06108713150024,"y":1.39048516750336,"z":-1.19209289550781E-07,"font":0,"fontSize":48}},"p16":{"x":-2.56998085975647,"y":1.38538718223572,"z":-1.19209289550781E-07,"tension":0,"bias":0,"continuity":0,"index":16,"pointType":2,"word":"","text":{"x":-2.06998085975647,"y":1.38538718223572,"z":-1.19209289550781E-07,"font":0,"fontSize":48}},"p17":{"x":-3.06934428215027,"y":1.36327278614044,"z":-1.19209289550781E-07,"tension":0,"bias":0,"continuity":0,"index":17,"pointType":2,"word":"","text":{"x":-2.56934428215027,"y":1.36327278614044,"z":-1.19209289550781E-07,"font":0,"fontSize":48}},"p18":{"x":-3.08505916595459,"y":1.06438112258911,"z":-1.19209289550781E-07,"tension":0,"bias":0,"continuity":0,"index":18,"pointType":2,"word":"","text":{"x":-2.58505916595459,"y":1.06438112258911,"z":-1.19209289550781E-07,"font":0,"fontSize":48}},"p19":{"x":-2.70776128768921,"y":1.06461095809937,"z":-1.19209289550781E-07,"tension":0,"bias":0,"continuity":0,"index":19,"pointType":2,"word":"","text":{"x":-2.20776128768921,"y":1.06461095809937,"z":-1.19209289550781E-07,"font":0,"fontSize":48}},"p20":{"x":-2.79938888549805,"y":1.42111730575562,"z":-1.19209289550781E-07,"tension":0,"bias":0,"continuity":0,"index":20,"pointType":2,"word":"","text":{"x":-2.29938888549805,"y":1.42111730575562,"z":-1.19209289550781E-07,"font":0,"fontSize":48}},"p21":{"x":-3.25683689117432,"y":1.41560053825378,"z":-1.19209289550781E-07,"tension":0,"bias":0,"continuity":0,"index":21,"pointType":2,"word":"","text":{"x":-2.75683689117432,"y":1.41560053825378,"z":-1.19209289550781E-07,"font":0,"fontSize":48}},"p22":{"x":-3.6178765296936,"y":1.38034200668335,"z":-1.19209289550781E-07,"tension":0,"bias":0,"continuity":0,"index":22,"pointType":2,"word":"","text":{"x":-3.1178765296936,"y":1.38034200668335,"z":-1.19209289550781E-07,"font":0,"fontSize":48}},"p23":{"x":-3.73696446418762,"y":1.21259951591492,"z":-1.19209289550781E-07,"tension":0,"bias":0,"continuity":0,"index":23,"pointType":2,"word":"","text":{"x":-3.23696446418762,"y":1.21259951591492,"z":-1.19209289550781E-07,"font":0,"fontSize":48}},"p24":{"x":-3.60251617431641,"y":1.03782546520233,"z":-1.19209289550781E-07,"tension":0,"bias":0,"continuity":0,"index":24,"pointType":2,"word":"","text":{"x":-3.10251617431641,"y":1.03782546520233,"z":-1.19209289550781E-07,"font":0,"fontSize":48}},"p25":{"x":-2.89075422286987,"y":0.947668552398682,"z":-1.19209289550781E-07,"tension":0,"bias":0,"continuity":0,"index":25,"pointType":2,"word":"","text":{"x":-2.39075422286987,"y":0.947668552398682,"z":-1.19209289550781E-07,"font":0,"fontSize":48}},"p26":{"x":-3.01125979423523,"y":1.0908739566803,"z":-1.19209289550781E-07,"tension":0,"bias":0,"continuity":0,"index":26,"pointType":2,"word":"","text":{"x":-2.51125979423523,"y":1.0908739566803,"z":-1.19209289550781E-07,"font":0,"fontSize":48}},"p27":{"x":-3.01612663269043,"y":1.31834089756012,"z":-1.19209289550781E-07,"tension":0,"bias":0,"continuity":0,"index":27,"pointType":2,"word":"","text":{"x":-2.51612663269043,"y":1.31834089756012,"z":-1.19209289550781E-07,"font":0,"fontSize":48}},"p28":{"x":-2.80637645721436,"y":1.37067115306854,"z":-1.19209289550781E-07,"tension":0,"bias":0,"continuity":0,"index":28,"pointType":2,"word":"","text":{"x":-2.30637645721436,"y":1.37067115306854,"z":-1.19209289550781E-07,"font":0,"fontSize":48}},"p29":{"x":-2.76190686225891,"y":1.29209661483765,"z":-1.19209289550781E-07,"tension":0,"bias":0,"continuity":0,"index":29,"pointType":2,"word":"","text":{"x":-2.26190686225891,"y":1.29209661483765,"z":-1.19209289550781E-07,"font":0,"fontSize":48}},"p30":{"x":-2.75313806533813,"y":1.13530504703522,"z":-1.19209289550781E-07,"tension":0,"bias":0,"continuity":0,"index":30,"pointType":2,"word":"","text":{"x":-2.25313806533813,"y":1.13530504703522,"z":-1.19209289550781E-07,"font":0,"fontSize":48}},"p31":{"x":-2.88968992233276,"y":1.09839797019959,"z":-1.19209289550781E-07,"tension":0.332220137119293,"bias":-0.52027153968811,"continuity":0,"index":31,"pointType":2,"word":"","text":{"x":-2.38968992233276,"y":1.09839797019959,"z":-1.19209289550781E-07,