{"name":"body6","pointCount":40,"p0":{"x":-0.902842044830322,"y":0.658500671386719,"z":-1.19209289550781E-07,"tension":0,"bias":0,"continuity":0,"index":0,"pointType":6,"word":"","text":{"x":-0.402842044830322,"y":0.658500671386719,"z":-1.19209289550781E-07,"font":0,"fontSize":48}},"p1":{"x":-1.47677159309387,"y":0.675843596458435,"z":-1.19209289550781E-07,"tension":0,"bias":0,"continuity":0,"index":1,"pointType":2,"word":"","text":{"x":-0.976771593093872,"y":0.675843596458435,"z":-1.19209289550781E-07,"font":0,"fontSize":48}},"p2":{"x":-2.13117718696594,"y":0.24840772151947,"z":-1.19209289550781E-07,"tension":0,"bias":0,"continuity":0,"index":2,"pointType":2,"word":"","text":{"x":-1.63117718696594,"y":0.24840772151947,"z":-1.19209289550781E-07,"font":0,"fontSize":48}},"p3":{"x":-2.18095517158508,"y":-0.261570930480957,"z":-1.19209289550781E-07,"tension":0,"bias":0,"continuity":0,"index":3,"pointType":2,"word":"","text":{"x":-1.68095517158508,"y":-0.261570930480957,"z":-1.19209289550781E-07,"font":0,"fontSize":48}},"p4":{"x":-1.81029152870178,"y":-0.84512996673584,"z":-1.19209289550781E-07,"tension":0,"bias":0,"continuity":0,"index":4,"pointType":2,"word":"","text":{"x":-1.31029152870178,"y":-0.84512996673584,"z":-1.19209289550781E-07,"font":0,"fontSize":48}},"p5":{"x":-1.03650140762329,"y":-0.954974174499512,"z":-1.19209289550781E-07,"tension":-0.564730048179626,"bias":-0.0961513221263886,"continuity":0,"index":5,"pointType":2,"word":"","text":{"x":-0.536501407623291,"y":-0.954974174499512,"z":-1.19209289550781E-07,"font":0,"fontSize":48}},"p6":{"x":-0.784464359283447,"y":-0.49977445602417,"z":-1.19209289550781E-07,"tension":0,"bias":0,"continuity":0,"index":6,"pointType":2,"word":"","text":{"x":-0.284464359283447,"y":-0.49977445602417,"z":-1.19209289550781E-07,"font":0,"fontSize":48}},"p7":{"x":-0.760307550430298,"y":-0.0874786376953125,"z":-1.19209289550781E-07,"tension":0.802516281604767,"bias":-0.0140347657725215,"continuity":0,"index":7,"pointType":0,"word":"","text":{"x":-0.260307550430298,"y":-0.0874786376953125,"z":-1.19209289550781E-07,"font":0,"fontSize":48}},"p8":{"x":-0.741387605667114,"y":-0.327874660491943,"z":-1.19209289550781E-07,"tension":0.332450896501541,"bias":0.0324242003262043,"continuity":0,"index":8,"pointType":2,"word":"","text":{"x":-0.241387605667114,"y":-0.327874660491943,"z":-1.19209289550781E-07,"font":0,"fontSize":48}},"p9":{"x":-0.760034561157227,"y":-0.7994065284729,"z":-1.19209289550781E-07,"tension":0,"bias":0,"continuity":0,"index":9,"pointType":2,"word":"","text":{"x":-0.260034561157227,"y":-0.7994065284729,"z":-1.19209289550781E-07,"font":0,"fontSize":48}},"p10":{"x":-0.362746238708496,"y":-0.925815105438232,"z":-1.19209289550781E-07,"tension":0,"bias":0,"continuity":0,"index":10,"pointType":2,"word":"","text":{"x":0.137253761291504,"y":-0.925815105438232,"z":-1.19209289550781E-07,"font":0,"fontSize":48}},"p11":{"x":-0.319533109664917,"y":-0.757283926010132,"z":-1.19209289550781E-07,"tension":0,"bias":0,"continuity":0,"index":11,"pointType":2,"word":"","text":{"x":0.180466890335083,"y":-0.757283926010132,"z":-1.19209289550781E-07,"font":0,"fontSize":48}},"p12":{"x":-0.526956081390381,"y":-0.619001626968384,"z":-1.19209289550781E-07,"tension":1,"bias":0,"continuity":0,"index":12,"pointType":2,"word":"","text":{"x":-0.0269560813903809,"y":-0.619001626968384,"z":-1.19209289550781E-07,"font":0,"fontSize":48}},"p13":{"x":-0.47510027885437,"y":-0.221439599990845,"z":-1.19209289550781E-07,"tension":0,"bias":0,"continuity":0,"index":13,"pointType":2,"word":"","text":{"x":0.0248997211456299,"y":-0.221439599990845,"z":-1.19209289550781E-07,"font":0,"fontSize":48}},"p14":{"x":-0.622025489807129,"y":0.145872950553894,"z":-1.19209289550781E-07,"tension":0,"bias":0,"continuity":0,"index":14,"pointType":2,"word":"","text":{"x":-0.122025489807129,"y":0.145872950553894,"z":-1.19209289550781E-07,"font":0,"fontSize":48}},"p15":{"x":-0.868341445922852,"y":0.253905773162842,"z":-1.19209289550781E-07,"tension":0,"bias":0,"continuity":0,"index":15,"pointType":2,"word":"","text":{"x":-0.368341445922852,"y":0.253905773162842,"z":-1.19209289550781E-07,"font":0,"fontSize":48}},"p16":{"x":-1.13194155693054,"y":0.106980800628662,"z":-1.19209289550781E-07,"tension":0,"bias":0,"continuity":0,"index":16,"pointType":2,"word":"","text":{"x":-0.631941556930542,"y":0.106980800628662,"z":-1.19209289550781E-07,"font":0,"fontSize":48}},"p17":{"x":-1.20849895477295,"y":-0.329708099365234,"z":-1.19209289550781E-07,"tension":0,"bias":0,"continuity":0,"index":17,"pointType":2,"word":"","text":{"x":-0.708498954772949,"y":-0.329708099365234,"z":-1.19209289550781E-07,"font":0,"fontSize":48}},"p18":{"x":-1.30456161499023,"y":-0.232632160186768,"z":-1.19209289550781E-07,"tension":0,"bias":0,"continuity":0,"index":18,"pointType":2,"word":"","text":{"x":-0.804561614990234,"y":-0.232632160186768,"z":-1.19209289550781E-07,"font":0,"fontSize":48}},"p19":{"x":-1.29078006744385,"y":-0.0744369029998779,"z":-1.19209289550781E-07,"tension":0,"bias":0,"continuity":0,"index":19,"pointType":2,"word":"","text":{"x":-0.790780067443848,"y":-0.0744369029998779,"z":-1.19209289550781E-07,"font":0,"fontSize":48}},"p20":{"x":-1.28717803955078,"y":0.158601999282837,"z":-1.19209289550781E-07,"tension":0,"bias":0,"continuity":0,"index":20,"pointType":2,"word":"","text":{"x":-0.787178039550781,"y":0.158601999282837,"z":-1.19209289550781E-07,"font":0,"fontSize":48}},"p21":{"x":-1.86733841896057,"y":0.621677875518799,"z":-1.19209289550781E-07,"tension":0,"bias":0,"continuity":0,"index":21,"pointType":2,"word":"","text":{"x":-1.36733841896057,"y":0.621677875518799,"z":-1.19209289550781E-07,"font":0,"fontSize":48}},"p22":{"x":-1.46254301071167,"y":0.350746154785156,"z":-1.19209289550781E-07,"tension":0,"bias":0,"continuity":0,"index":22,"pointType":0,"word":"","text":{"x":-0.96254301071167,"y":0.350746154785156,"z":-1.19209289550781E-07,"font":0,"fontSize":48}},"p23":{"x":-1.17774176597595,"y":0.247169971466064,"z":-1.19209289550781E-07,"tension":-0.722272038459778,"bias":-0.0640440434217453,"continuity":0,"index":23,"pointType":2,"word":"","text":{"x":-0.677741765975952,"y":0.247169971466064,"z":-1.19209289550781E-07,"font":0,"fontSize":48}},"p24":{"x":-1.22696685791016,"y":0.786554098129272,"z":-1.19209289550781E-07,"tension":0,"bias":0,"continuity":0,"index":24,"pointType":2,"word":"","text":{"x":-0.726966857910156,"y":0.786554098129272,"z":-1.19209289550781E-07,"font":0,"fontSize":48}},"p25":{"x":-0.895384788513184,"y":0.308058738708496,"z":-1.19209289550781E-07,"tension":0,"bias":0,"continuity":0,"index":25,"pointType":2,"word":"","text":{"x":-0.395384788513184,"y":0.308058738708496,"z":-1.19209289550781E-07,"font":0,"fontSize":48}},"p26":{"x":-0.108943462371826,"y":-0.368732929229736,"z":-1.19209289550781E-07,"tension":0,"bias":0,"continuity":0,"index":26,"pointType":2,"word":"","text":{"x":0.391056537628174,"y":-0.368732929229736,"z":-1.19209289550781E-07,"font":0,"fontSize":48}},"p27":{"x":-0.0193524360656738,"y":-1.0716769695282,"z":-1.19209289550781E-07,"tension":0,"bias":0,"continuity":0,"index":27,"pointType":2,"word":"","text":{"x":0.480647563934326,"y":-1.0716769695282,"z":-1.19209289550781E-07,"font":0,"fontSize":48}},"p28":{"x":-0.384607791900635,"y":-1.27153348922729,"z":-1.19209289550781E-07,"tension":0,"bias":0,"continuity":0,"index":28,"pointType":2,"word":"","text":{"x":0.115392208099365,"y":-1.27153348922729,"z":-1.19209289550781E-07,"font":0,"fontSize":48}},"p29":{"x":-0.873912334442139,"y":-1.20950937271118,"z":-1.19209289550781E-07,"tension":0,"bias":0,"continuity":0,"index":29,"pointType":2,"word":"","text":{"x":-0.373912334442139,"y":-1.20950937271118,"z":-1.19209289550781E-07,"font":0,"fontSize":48}},"p30":{"x":-1.59063947200775,"y":-1.3128833770752,"z":-1.19209289550781E-07,"tension":0,"bias":0,"continuity":0,"index":30,"pointType":2,"word":"","text":{"x":-1.09063947200775,"y":-1.3128833770752,"z":-1.19209289550781E-07,"font":0,"fontSize":48}},