{"name":"Box","pointCount":44,"p0":{"x":-0.180763006210327,"y":1.80689918994904,"z":0,"tension":0,"bias":0,"continuity":0,"index":0,"pointType":2,"word":"","text":{"x":0.319236993789673,"y":1.80689918994904,"z":0,"font":0,"fontSize":48}},"p1":{"x":0.0291962623596191,"y":1.37646436691284,"z":0,"tension":-0.519999086856842,"bias":0.24000096321106,"continuity":0,"index":1,"pointType":2,"word":"","text":{"x":0.529196262359619,"y":1.37646436691284,"z":0,"font":0,"fontSize":48}},"p2":{"x":0.673910140991211,"y":1.91416120529175,"z":0,"tension":-0.1199991106987,"bias":0,"continuity":0,"index":2,"pointType":2,"word":"","text":{"x":1.17391014099121,"y":1.91416120529175,"z":0,"font":0,"fontSize":48}},"p3":{"x":1.5445818901062,"y":1.4035872220993,"z":0,"tension":-0.539999127388,"bias":0,"continuity":0,"index":3,"pointType":2,"word":"","text":{"x":2.0445818901062,"y":1.4035872220993,"z":0,"font":0,"fontSize":48}},"p4":{"x":1.07816600799561,"y":0.521242499351501,"z":0,"tension":0,"bias":0,"continuity":0,"index":4,"pointType":2,"word":"","text":{"x":1.57816600799561,"y":0.521242499351501,"z":0,"font":0,"fontSize":48}},"p5":{"x":0.229258060455322,"y":0.712263107299805,"z":0,"tension":-0.819999098777771,"bias":0,"continuity":0,"index":5,"pointType":2,"word":"","text":{"x":0.729258060455322,"y":0.712263107299805,"z":0,"font":0,"fontSize":48}},"p6":{"x":0.429344177246094,"y":-0.406898260116577,"z":0,"tension":-0.97999906539917,"bias":-0.139999091625214,"continuity":0,"index":6,"pointType":2,"word":"","text":{"x":0.929344177246094,"y":-0.406898260116577,"z":0,"font":0,"fontSize":48}},"p7":{"x":-0.332601070404053,"y":-0.52964186668396,"z":0,"tension":0.220000982284546,"bias":0,"continuity":0,"index":7,"pointType":2,"word":"","text":{"x":0.167398929595947,"y":-0.52964186668396,"z":0,"font":0,"fontSize":48}},"p8":{"x":0.201936960220337,"y":2.30243635177612,"z":0,"tension":0,"bias":0,"continuity":0,"index":8,"pointType":2,"word":"","text":{"x":0.701936960220337,"y":2.30243635177612,"z":0,"font":0,"fontSize":48}},"p9":{"x":0.673713684082031,"y":2.20482540130615,"z":0,"tension":0,"bias":0,"continuity":0,"index":9,"pointType":2,"word":"","text":{"x":1.17371368408203,"y":2.20482540130615,"z":0,"font":0,"fontSize":48}},"p10":{"x":1.02836132049561,"y":2.90114140510559,"z":0,"tension":-0.799999117851257,"bias":0,"continuity":0,"index":10,"pointType":2,"word":"","text":{"x":1.52836132049561,"y":2.90114140510559,"z":0,"font":0,"fontSize":48}},"p11":{"x":1.14407014846802,"y":2.38745951652527,"z":0,"tension":0,"bias":0,"continuity":0,"index":11,"pointType":2,"word":"","text":{"x":1.64407014846802,"y":2.38745951652527,"z":0,"font":0,"fontSize":48}},"p12":{"x":0.579358577728271,"y":2.56599736213684,"z":0,"tension":-0.659999072551727,"bias":0,"continuity":0,"index":12,"pointType":2,"word":"","text":{"x":1.07935857772827,"y":2.56599736213684,"z":0,"font":0,"fontSize":48}},"p13":{"x":0.172652721405029,"y":3.14190983772278,"z":0,"tension":0,"bias":0,"continuity":0,"index":13,"pointType":2,"word":"","text":{"x":0.672652721405029,"y":3.14190983772278,"z":0,"font":0,"fontSize":48}},"p14":{"x":-0.168983936309814,"y":3.57140183448792,"z":0,"tension":0,"bias":0,"continuity":0,"index":14,"pointType":2,"word":"","text":{"x":0.331016063690186,"y":3.57140183448792,"z":0,"font":0,"fontSize":48}},"p15":{"x":-0.793678283691406,"y":3.54860472679138,"z":0,"tension":0,"bias":0,"continuity":0,"index":15,"pointType":2,"word":"","text":{"x":-0.293678283691406,"y":3.54860472679138,"z":0,"font":0,"fontSize":48}},"p16":{"x":-0.832780599594116,"y":4.24715042114258,"z":0,"tension":-0.439999103546143,"bias":0,"continuity":0,"index":16,"pointType":2,"word":"","text":{"x":-0.332780599594116,"y":4.24715042114258,"z":0,"font":0,"fontSize":48}},"p17":{"x":-0.436318874359131,"y":5.03776168823242,"z":0,"tension":0,"bias":0,"continuity":0,"index":17,"pointType":2,"word":"","text":{"x":0.0636811256408691,"y":5.03776168823242,"z":0,"font":0,"fontSize":48}},"p18":{"x":-0.874147891998291,"y":5.75181674957275,"z":0,"tension":-0.259999096393585,"bias":0.0200009346008301,"continuity":0,"index":18,"pointType":2,"word":"","text":{"x":-0.374147891998291,"y":5.75181674957275,"z":0,"font":0,"fontSize":48}},"p19":{"x":-1.82288861274719,"y":5.7308521270752,"z":0,"tension":0,"bias":0,"continuity":0,"index":19,"pointType":2,"word":"","text":{"x":-1.32288861274719,"y":5.7308521270752,"z":0,"font":0,"fontSize":48}},"p20":{"x":-3.06138873100281,"y":4.80966329574585,"z":0,"tension":0,"bias":0,"continuity":0,"index":20,"pointType":2,"word":"","text":{"x":-2.56138873100281,"y":4.80966329574585,"z":0,"font":0,"fontSize":48}},"p21":{"x":-4.15937852859497,"y":5.22385311126709,"z":0,"tension":0,"bias":0,"continuity":0,"index":21,"pointType":2,"word":"","text":{"x":-3.65937852859497,"y":5.22385311126709,"z":0,"font":0,"fontSize":48}},"p22":{"x":-5.83472442626953,"y":4.84569978713989,"z":0,"tension":0,"bias":0,"continuity":0,"index":22,"pointType":6,"word":"","text":{"x":-5.33472442626953,"y":4.84569978713989,"z":0,"font":0,"fontSize":48}},"p23":{"x":-5.00488471984863,"y":4.88588953018188,"z":0,"tension":0,"bias":0,"continuity":0,"index":23,"pointType":2,"word":"","text":{"x":-4.50488471984863,"y":4.88588953018188,"z":0,"font":0,"fontSize":48}},"p24":{"x":-0.59158992767334,"y":-0.0641219615936279,"z":0,"tension":0.0400010347366333,"bias":0,"continuity":0,"index":24,"pointType":2,"word":"","text":{"x":-0.0915899276733398,"y":-0.0641219615936279,"z":0,"font":0,"fontSize":48}},"p25":{"x":-0.523922920227051,"y":0.60303783416748,"z":0,"tension":0.0800009965896606,"bias":0.500001072883606,"continuity":0,"index":25,"pointType":2,"word":"","text":{"x":-0.0239229202270508,"y":0.60303783416748,"z":0,"font":0,"fontSize":48}},"p26":{"x":-1.07028102874756,"y":0.694147348403931,"z":0,"tension":-0.819999098777771,"bias":0,"continuity":0,"index":26,"pointType":2,"word":"","text":{"x":-0.570281028747559,"y":0.694147348403931,"z":0,"font":0,"fontSize":48}},"p27":{"x":-1.53177344799042,"y":-0.498898029327393,"z":0,"tension":0,"bias":0,"continuity":0,"index":27,"pointType":2,"word":"","text":{"x":-1.03177344799042,"y":-0.498898029327393,"z":0,"font":0,"fontSize":48}},"p28":{"x":-0.28364634513855,"y":-1.64774751663208,"z":0,"tension":0,"bias":0,"continuity":0,"index":28,"pointType":2,"word":"","text":{"x":0.21635365486145,"y":-1.64774751663208,"z":0,"font":0,"fontSize":48}},"p29":{"x":1.30015420913696,"y":-1.30734634399414,"z":0,"tension":0,"bias":0,"continuity":0,"index":29,"pointType":2,"word":"","text":{"x":1.80015420913696,"y":-1.30734634399414,"z":0,"font":0,"fontSize":48}},"p30":{"x":2.30694818496704,"y":0.966822147369385,"z":0,"tension":0,"bias":0,"continuity":0,"index":30,"pointType":2,"word":"","text":{"x":2.80694818496704,"y":0.966822147369385,"z":0,"font":0,"fontSize":48}},"p31":{"x":4.20434427261353,"y":0.641975998878479,"z":0,"tension":0,"bias":0,"continuity":0,"index":31,"pointType":2,"word":"","text":{"x":4.70434427261353,"y":0.641975998878479,"z":0,"font":0,"fontSize":48}},"p32":{"x":4.55872201919556,"y":-0.480224132537842,"z":0,"tension":0,"bias":0,"continuity":0,"index":32,"pointType":2,"word":"","text":{"x":5.05872201919556,"y":-0.480224132537842,"z":0,"font":0,"fontSize":48}},"p33":{"x":2.38815832138062,"y":-1.81653666496277,"z":0,"tension":0,"bias":0,"continuity":0,"index":33,"pointType":2,"word":"","text":{"x":2.88815832138062,"y":-1.81653666496277,"z":0,"font":0,"fontSize":48}},"p34":{"x":2.7794508934021,"y":-3.44077205657959,"z":0,"tension":0,"bias":0,"continuity":0,"index":34,"pointType":2,"word":"","text":{"x":3.2794508934021,"y":-3.44077205657959,"z":0,"font":0,"fontSize":48}},"p35":{"x":1.98948240280151,"y":-3.83937883377075,"z":0,"tension":0,"bias":0,"continuity":0,"index":35,"pointType":2,"word":"","text":{"x":2.48948240280151,"y":-3.83937883377075,"z":0,"font":0,"fontSize":48}},"p36":{"x":1.059241771698,"y":-2.6138391494751,"z":0,"tension":0,"bias":0,"continuity":0,"index":36,"pointType":2,"word":"","text":{"x":1.559241771698,