{"name":"Boxes","pointCount":16,"p0":{"x":-2.36117362976074,"y":0.0551348924636841,"z":-1.19209289550781E-07,"tension":1,"bias":0,"continuity":0,"index":0,"pointType":2,"word":"","text":{"x":-1.86117362976074,"y":0.0551348924636841,"z":-1.19209289550781E-07,"font":0,"fontSize":48}},"p1":{"x":-2.36916422843933,"y":-0.453065007925034,"z":-1.19209289550781E-07,"tension":1,"bias":0,"continuity":0,"index":1,"pointType":2,"word":"","text":{"x":-1.86916422843933,"y":-0.453065007925034,"z":-1.19209289550781E-07,"font":0,"fontSize":48}},"p2":{"x":-1.81333613395691,"y":-0.461933523416519,"z":-1.19209289550781E-07,"tension":1,"bias":0,"continuity":0,"index":2,"pointType":2,"word":"","text":{"x":-1.31333613395691,"y":-0.461933523416519,"z":-1.19209289550781E-07,"font":0,"fontSize":48}},"p3":{"x":-1.81621706485748,"y":0.04714435338974,"z":-1.19209289550781E-07,"tension":1,"bias":0,"continuity":0,"index":3,"pointType":2,"word":"","text":{"x":-1.31621706485748,"y":0.04714435338974,"z":-1.19209289550781E-07,"font":0,"fontSize":48}},"p4":{"x":-1.81477665901184,"y":-0.236819997429848,"z":-1.19209289550781E-07,"tension":0,"bias":0,"continuity":0,"index":4,"pointType":0,"word":"","text":{"x":-1.31477665901184,"y":-0.236819997429848,"z":-1.19209289550781E-07,"font":0,"fontSize":48}},"p5":{"x":-1.38499462604523,"y":-0.242169439792633,"z":-1.19209289550781E-07,"tension":0,"bias":0,"continuity":0,"index":5,"pointType":2,"word":"","text":{"x":-0.884994626045227,"y":-0.242169439792633,"z":-1.19209289550781E-07,"font":0,"fontSize":48}},"p6":{"x":-1.38222920894623,"y":0.45435556769371,"z":-1.19209289550781E-07,"tension":0,"bias":0,"continuity":0,"index":6,"pointType":2,"word":"","text":{"x":-0.882229208946228,"y":0.45435556769371,"z":-1.19209289550781E-07,"font":0,"fontSize":48}},"p7":{"x":-2.12442207336426,"y":0.464522570371628,"z":-1.19209289550781E-07,"tension":0,"bias":0,"continuity":0,"index":7,"pointType":2,"word":"","text":{"x":-1.62442207336426,"y":0.464522570371628,"z":-1.19209289550781E-07,"font":0,"fontSize":48}},"p8":{"x":-2.13713097572327,"y":-0.849565804004669,"z":-1.19209289550781E-07,"tension":0,"bias":0,"continuity":0,"index":8,"pointType":2,"word":"","text":{"x":-1.63713097572327,"y":-0.849565804004669,"z":-1.19209289550781E-07,"font":0,"fontSize":48}},"p9":{"x":-1.02638304233551,"y":-0.869899868965149,"z":-1.19209289550781E-07,"tension":0,"bias":0,"continuity":0,"index":9,"pointType":2,"word":"","text":{"x":-0.52638304233551,"y":-0.869899868965149,"z":-1.19209289550781E-07,"font":0,"fontSize":48}},"p10":{"x":-1.03400838375092,"y":-0.481010943651199,"z":-1.19209289550781E-07,"tension":0,"bias":0,"continuity":0,"index":10,"pointType":0,"word":"","text":{"x":-0.534008383750916,"y":-0.481010943651199,"z":-1.19209289550781E-07,"font":0,"fontSize":48}},"p11":{"x":-1.03146684169769,"y":0.278974384069443,"z":-1.19209289550781E-07,"tension":0,"bias":0,"continuity":0,"index":11,"pointType":2,"word":"","text":{"x":-0.531466841697693,"y":0.278974384069443,"z":-1.19209289550781E-07,"font":0,"fontSize":48}},"p12":{"x":-1.54744327068329,"y":0.2815161049366,"z":-1.19209289550781E-07,"tension":0,"bias":0,"continuity":0,"index":12,"pointType":2,"word":"","text":{"x":-1.04744327068329,"y":0.2815161049366,"z":-1.19209289550781E-07,"font":0,"fontSize":48}},"p13":{"x":-1.56015193462372,"y":-0.796188950538635,"z":-1.19209289550781E-07,"tension":0,"bias":0,"continuity":0,"index":13,"pointType":2,"word":"","text":{"x":-1.06015193462372,"y":-0.796188950538635,"z":-1.19209289550781E-07,"font":0,"fontSize":48}},"p14":{"x":-0.640036225318909,"y":-0.808897614479065,"z":-1.19209289550781E-07,"tension":0,"bias":0,"continuity":0,"index":14,"pointType":2,"word":"","text":{"x":-0.140036225318909,"y":-0.808897614479065,"z":-1.19209289550781E-07,"font":0,"fontSize":48}},"p15":{"x":-0.650203108787537,"y":0.0375073961913586,"z":-1.19209289550781E-07,"tension":0,"bias":0,"continuity":0,"index":15,"pointType":2,"word":"","text":{"x":-0.150203108787537,"y":0.0375073961913586,"z":-1.19209289550781E-07,"font":0,"fontSize":48}},"fixedCamera":false,"fov":40,"splineCount":13,"unlockType":0,"score":1,"spline0":{"closed":true,"numPoints":5,"lineTexture":0,"points":{"p0":0,"p1":1,"p2":2,"p3":4,"p4":3}},"spline1":{"closed":false,"numPoints":2,"lineTexture":0,"points":{"p0":4,"p1":5}},"spline2":{"closed":false,"numPoints":2,"lineTexture":0,"points":{"p0":5,"p1":6}},"spline3":{"closed":false,"numPoints":2,"lineTexture":0,"points":{"p0":6,"p1":7}},"spline4":{"closed":false,"numPoints":2,"lineTexture":0,"points":{"p0":7,"p1":8}},"spline5":{"closed":false,"numPoints":2,"lineTexture":0,"points":{"p0":8,"p1":9}},"spline6":{"closed":false,"numPoints":2,"lineTexture":0,"points":{"p0":9,"p1":10}},"spline7":{"closed":false,"numPoints":2,"lineTexture":0,"points":{"p0":10,"p1":11}},"spline8":{"closed":false,"numPoints":2,"lineTexture":0,"points":{"p0":11,"p1":12}},"spline9":{"closed":false,"numPoints":2,"lineTexture":0,"points":{"p0":12,"p1":13}},"spline10":{"closed":false,"numPoints":2,"lineTexture":0,"points":{"p0":13,"p1":14}},"spline11":{"closed":false,"numPoints":2,"lineTexture":0,"points":{"p0":14,"p1":15}},"spline12":{"closed":false,"numPoints":2,"lineTexture":0,"points":{"p0":15,"p1":3}}}