{"name":"BrokenMovement","pointCount":11,"p0":{"x":-0.247979640960693,"y":-0.100741624832153,"z":0,"tension":0,"bias":0,"continuity":0,"index":0,"pointType":1,"word":"","text":{"x":0.252020359039307,"y":-0.100741624832153,"z":0,"font":0,"fontSize":48}},"p1":{"x":0.310708999633789,"y":-0.0373239517211914,"z":0,"tension":0,"bias":0,"continuity":0,"index":1,"pointType":2,"word":"","text":{"x":0.810708999633789,"y":-0.0373239517211914,"z":0,"font":0,"fontSize":48}},"p2":{"x":0.978339672088623,"y":0.843199491500854,"z":0,"tension":0,"bias":0,"continuity":0,"index":2,"pointType":6,"word":"","text":{"x":1.47833967208862,"y":0.843199491500854,"z":0,"font":0,"fontSize":48}},"p3":{"x":0.67263126373291,"y":0.239746332168579,"z":0,"tension":0,"bias":0,"continuity":0,"index":3,"pointType":2,"word":"","text":{"x":1.17263126373291,"y":0.239746332168579,"z":0,"font":0,"fontSize":48}},"p4":{"x":0.365245342254639,"y":0.94905149936676,"z":0,"tension":0,"bias":0,"continuity":0,"index":4,"pointType":0,"word":"","text":{"x":0.865245342254639,"y":0.94905149936676,"z":0,"font":0,"fontSize":48}},"p5":{"x":-0.296444177627563,"y":0.631203174591064,"z":0,"tension":0,"bias":0,"continuity":0,"index":5,"pointType":0,"word":"","text":{"x":0.203555822372437,"y":0.631203174591064,"z":0,"font":0,"fontSize":48}},"p6":{"x":-0.435137033462524,"y":1.55583214759827,"z":0,"tension":0,"bias":0,"continuity":0,"index":6,"pointType":0,"word":"","text":{"x":0.0648629665374756,"y":1.55583214759827,"z":0,"font":0,"fontSize":48}},"p7":{"x":0.350800752639771,"y":1.3131183385849,"z":0,"tension":0,"bias":0,"continuity":0,"index":7,"pointType":2,"word":"","text":{"x":0.850800752639771,"y":1.3131183385849,"z":0,"font":0,"fontSize":48}},"p8":{"x":1.70853900909424,"y":0.487117290496826,"z":0,"tension":0,"bias":0,"continuity":0,"index":8,"pointType":2,"word":"","text":{"x":2.20853900909424,"y":0.487117290496826,"z":0,"font":0,"fontSize":48}},"p9":{"x":2.07549667358398,"y":1.28750157356262,"z":0,"tension":0,"bias":0,"continuity":0,"index":9,"pointType":2,"word":"","text":{"x":2.57549667358398,"y":1.28750157356262,"z":0,"font":0,"fontSize":48}},"p10":{"x":1.26355361938477,"y":1.5562242269516,"z":0,"tension":0,"bias":0,"continuity":0,"index":10,"pointType":2,"word":"","text":{"x":1.76355361938477,"y":1.5562242269516,"z":0,"font":0,"fontSize":48}},"splineCount":3,"unlockType":0,"speed":1,"acceleration":0.299999982118607,"maxSpeed":10,"time":1,"laps":1,"startSpeed":1.70000004768372,"text":"","title":"BrokenMovement","forceOrder":false,"camera":{"lockX":true,"lockY":true,"lockZ":false,"x":0,"y":0,"z":0,"setPos":false,"fov":66},"spline0":{"order":0,"closed":false,"numPoints":4,"type":0,"lineTexture":4,"lineWidth":1,"bidirectional":true,"speed":1.59999990463257,"points":{"p0":0,"p1":1,"p2":3,"p3":2}},"spline1":{"order":1,"closed":false,"numPoints":5,"type":0,"lineTexture":5,"lineWidth":1,"bidirectional":true,"speed":0,"points":{"p0":4,"p1":5,"p2":6,"p3":7,"p4":2}},"spline2":{"order":2,"closed":true,"numPoints":5,"type":0,"lineTexture":3,"lineWidth":1,"bidirectional":true,"speed":1.85000002384186,"points":{"p0":2,"p1":8,"p2":9,"p3":10,"p4":4}}}