{"name":"Buckden","pointCount":51,"p0":{"x":-2.18924903869629,"y":-0.0942907333374023,"z":-1.19209289550781E-07,"tension":1,"bias":0,"continuity":0,"index":0,"pointType":6,"word":"","text":{"x":-1.68924903869629,"y":-0.0942907333374023,"z":-1.19209289550781E-07,"font":0,"fontSize":48}},"p1":{"x":-2.17308640480042,"y":-0.433507204055786,"z":-1.19209289550781E-07,"tension":1,"bias":0,"continuity":0,"index":1,"pointType":3,"word":"","text":{"x":-1.67308640480042,"y":-0.433507204055786,"z":-1.19209289550781E-07,"font":0,"fontSize":48}},"p2":{"x":-1.68313801288605,"y":-0.415994167327881,"z":-1.19209289550781E-07,"tension":0,"bias":0,"continuity":0,"index":2,"pointType":2,"word":"","text":{"x":-1.18313801288605,"y":-0.415994167327881,"z":-1.19209289550781E-07,"font":0,"fontSize":48}},"p3":{"x":-1.42320680618286,"y":-0.266823768615723,"z":-1.19209289550781E-07,"tension":0,"bias":0,"continuity":0,"index":3,"pointType":2,"word":"","text":{"x":-0.923206806182861,"y":-0.266823768615723,"z":-1.19209289550781E-07,"font":0,"fontSize":48}},"p4":{"x":-1.34773015975952,"y":0.022626519203186,"z":-1.19209289550781E-07,"tension":0,"bias":0,"continuity":0,"index":4,"pointType":3,"word":"","text":{"x":-0.847730159759521,"y":0.022626519203186,"z":-1.19209289550781E-07,"font":0,"fontSize":48}},"p5":{"x":-1.112952709198,"y":0.0226259231567383,"z":-1.19209289550781E-07,"tension":0,"bias":0,"continuity":0,"index":5,"pointType":2,"word":"","text":{"x":-0.612952709197998,"y":0.0226259231567383,"z":-1.19209289550781E-07,"font":0,"fontSize":48}},"p6":{"x":-0.787139654159546,"y":0.116856813430786,"z":-1.19209289550781E-07,"tension":0,"bias":0,"continuity":0,"index":6,"pointType":2,"word":"","text":{"x":-0.287139654159546,"y":0.116856813430786,"z":-1.19209289550781E-07,"font":0,"fontSize":48}},"p7":{"x":-0.886160850524902,"y":0.262194871902466,"z":-1.19209289550781E-07,"tension":0,"bias":0,"continuity":0,"index":7,"pointType":2,"word":"","text":{"x":-0.386160850524902,"y":0.262194871902466,"z":-1.19209289550781E-07,"font":0,"fontSize":48}},"p8":{"x":-1.34772896766663,"y":0.310108423233032,"z":-1.19209289550781E-07,"tension":-0.0491067096590996,"bias":0.0195760242640972,"continuity":0,"index":8,"pointType":2,"word":"","text":{"x":-0.847728967666626,"y":0.310108423233032,"z":-1.19209289550781E-07,"font":0,"fontSize":48}},"p9":{"x":-1.71826124191284,"y":0.257222294807434,"z":-1.19209289550781E-07,"tension":-0.444072216749191,"bias":0.0488761849701405,"continuity":0,"index":9,"pointType":2,"word":"","text":{"x":-1.21826124191284,"y":0.257222294807434,"z":-1.19209289550781E-07,"font":0,"fontSize":48}},"p10":{"x":-1.60965704917908,"y":0.0960936546325684,"z":-1.19209289550781E-07,"tension":0,"bias":0,"continuity":0,"index":10,"pointType":2,"word":"","text":{"x":-1.10965704917908,"y":0.0960936546325684,"z":-1.19209289550781E-07,"font":0,"fontSize":48}},"p11":{"x":-1.62321734428406,"y":0.263171672821045,"z":-1.19209289550781E-07,"tension":0,"bias":0,"continuity":0,"index":11,"pointType":2,"word":"","text":{"x":-1.12321734428406,"y":0.263171672821045,"z":-1.19209289550781E-07,"font":0,"fontSize":48}},"p12":{"x":-1.52868175506592,"y":0.158000230789185,"z":-1.19209289550781E-07,"tension":-0.105097316205502,"bias":-0.259312123060226,"continuity":0,"index":12,"pointType":2,"word":"","text":{"x":-1.02868175506592,"y":0.158000230789185,"z":-1.19209289550781E-07,"font":0,"fontSize":48}},"p13":{"x":-1.26279950141907,"y":0.0859177112579346,"z":-1.19209289550781E-07,"tension":-0.0395316630601883,"bias":0.0760724619030952,"continuity":0,"index":13,"pointType":2,"word":"","text":{"x":-0.762799501419067,"y":0.0859177112579346,"z":-1.19209289550781E-07,"font":0,"fontSize":48}},"p14":{"x":-1.03709650039673,"y":-0.038161039352417,"z":-1.19209289550781E-07,"tension":0,"bias":0,"continuity":0,"index":14,"pointType":2,"word":"","text":{"x":-0.537096500396729,"y":-0.038161039352417,"z":-1.19209289550781E-07,"font":0,"fontSize":48}},"p15":{"x":-1.15526485443115,"y":-0.202414512634277,"z":-1.19209289550781E-07,"tension":-0.269149750471115,"bias":-0.0160687137395144,"continuity":0,"index":15,"pointType":2,"word":"","text":{"x":-0.655264854431152,"y":-0.202414512634277,"z":-1.19209289550781E-07,"font":0,"fontSize":48}},"p16":{"x":-1.70475327968597,"y":-0.0688848495483398,"z":-1.19209289550781E-07,"tension":0,"bias":0,"continuity":0,"index":16,"pointType":1,"word":"","text":{"x":-1.20475327968597,"y":-0.0688848495483398,"z":-1.19209289550781E-07,"font":0,"fontSize":48}},"p17":{"x":-2.0173077583313,"y":0.0666844844818115,"z":-1.19209289550781E-07,"tension":0,"bias":0,"continuity":0,"index":17,"pointType":0,"word":"","text":{"x":-1.5173077583313,"y":0.0666844844818115,"z":-1.19209289550781E-07,"font":0,"fontSize":48}},"p18":{"x":-2.4332480430603,"y":0.0446479320526123,"z":-1.19209289550781E-07,"tension":0,"bias":0,"continuity":0,"index":18,"pointType":2,"word":"","text":{"x":-1.9332480430603,"y":0.0446479320526123,"z":-1.19209289550781E-07,"font":0,"fontSize":48}},"p19":{"x":-2.41947507858276,"y":-0.194999694824219,"z":-1.19209289550781E-07,"tension":0,"bias":0,"continuity":0,"index":19,"pointType":2,"word":"","text":{"x":-1.91947507858276,"y":-0.194999694824219,"z":-1.19209289550781E-07,"font":0,"fontSize":48}},"p20":{"x":-2.02694892883301,"y":-0.182604074478149,"z":-1.19209289550781E-07,"tension":0,"bias":0,"continuity":0,"index":20,"pointType":2,"word":"","text":{"x":-1.52694892883301,"y":-0.182604074478149,"z":-1.19209289550781E-07,"font":0,"fontSize":48}},"p21":{"x":-1.88233399391174,"y":-0.323086977005005,"z":-1.19209289550781E-07,"tension":0,"bias":0,"continuity":0,"index":21,"pointType":2,"word":"","text":{"x":-1.38233399391174,"y":-0.323086977005005,"z":-1.19209289550781E-07,"font":0,"fontSize":48}},"p22":{"x":-1.93467080593109,"y":-0.570355892181396,"z":-1.19209289550781E-07,"tension":0,"bias":0,"continuity":0,"index":22,"pointType":2,"word":"","text":{"x":-1.43467080593109,"y":-0.570355892181396,"z":-1.19209289550781E-07,"font":0,"fontSize":48}},"p23":{"x":-1.6021773815155,"y":-0.911062717437744,"z":-1.19209289550781E-07,"tension":0,"bias":0,"continuity":0,"index":23,"pointType":0,"word":"","text":{"x":-1.1021773815155,"y":-0.911062717437744,"z":-1.19209289550781E-07,"font":0,"fontSize":48}},"p24":{"x":-1.07723236083984,"y":-0.776210784912109,"z":-1.19209289550781E-07,"tension":-0.493379980325699,"bias":0.661810219287872,"continuity":0,"index":24,"pointType":2,"word":"","text":{"x":-0.577232360839844,"y":-0.776210784912109,"z":-1.19209289550781E-07,"font":0,"fontSize":48}},"p25":{"x":-0.756082057952881,"y":-0.267216205596924,"z":-1.19209289550781E-07,"tension":-0.750357091426849,"bias":0.999969601631165,"continuity":0,"index":25,"pointType":2,"word":"","text":{"x":-0.256082057952881,"y":-0.267216205596924,"z":-1.19209289550781E-07,"font":0,"fontSize":48}},"p26":{"x":-0.626813888549805,"y":0.282174229621887,"z":-1.19209289550781E-07,"tension":0,"bias":0,"continuity":0,"index":26,"pointType":1,"word":"","text":{"x":-0.126813888549805,"y":0.282174229621887,"z":-1.19209289550781E-07,"font":0,"fontSize":48}},"p27":{"x":-0.650070667266846,"y":0.6795973777771,"z":-1.19209289550781E-07,"tension":0,"bias":0,"continuity":0,"index":27,"pointType":0,"word":"","text":{"x":-0.150070667266846,"y":0.6795973777771,"z":-1.19209289550781E-07,"font":0,"fontSize":48}},"p28":{"x":-2.3353271484375,"y":0.654163241386414,"z":-1.19209289550781E-07,"tension":1,"bias":0.0200009346008301,"continuity":0,"index":28,"pointType":0,"word":"","text":{"x":-1.8353271484375,"y":0.654163241386414,"z":-1.19209289550781E-07,"font":0,"fontSize":48}},"p29":{"x":-2.29444241523743,"y":-0.573008060455322,"z":-1.19209289550781E-07,"tension":0,"bias":0,"continuity":0,"index":29,"pointType":0,"word":"","text":{"x":-1.79444241523743,"y":-0.573008060455322,"z":-1.19209289550781E-07,"font":0,"fontSize":48}},"p30":{"x":-1.0754451751709,"y":-1.50446963310242,"z":-1.19209289550781E-07,"tension":0,"bias":0,"continuity":0,"index":30,"pointType":4,"word":"",