{"name":"choice","pointCount":16,"p0":{"x":-1.31923425197601,"y":0.233197748661041,"z":-1.19209289550781E-07,"tension":0,"bias":0,"continuity":0,"index":0,"pointType":2,"word":"","text":{"x":-0.819234251976013,"y":0.233197748661041,"z":-1.19209289550781E-07,"font":0,"fontSize":48}},"p1":{"x":-1.00372409820557,"y":-0.263494282960892,"z":-1.19209289550781E-07,"tension":0,"bias":0,"continuity":0,"index":1,"pointType":2,"word":"","text":{"x":-0.503724098205566,"y":-0.263494282960892,"z":-1.19209289550781E-07,"font":0,"fontSize":48}},"p2":{"x":-1.75728583335876,"y":-0.462690412998199,"z":-1.19209289550781E-07,"tension":1,"bias":0,"continuity":0,"index":2,"pointType":5,"word":"","text":{"x":-1.25728583335876,"y":-0.462690412998199,"z":-1.19209289550781E-07,"font":0,"fontSize":48}},"p3":{"x":-1.33099341392517,"y":-0.920229852199554,"z":-1.19209289550781E-07,"tension":0,"bias":0,"continuity":0,"index":3,"pointType":2,"word":"","text":{"x":-0.830993413925171,"y":-0.920229852199554,"z":-1.19209289550781E-07,"font":0,"fontSize":48}},"p4":{"x":-0.942263901233673,"y":-0.915656566619873,"z":-1.19209289550781E-07,"tension":0,"bias":0,"continuity":0,"index":4,"pointType":2,"word":"","text":{"x":-0.442263901233673,"y":-0.915656566619873,"z":-1.19209289550781E-07,"font":0,"fontSize":48}},"p5":{"x":-1.07946288585663,"y":-0.229663580656052,"z":-1.19209289550781E-07,"tension":0,"bias":0,"continuity":0,"index":5,"pointType":2,"word":"","text":{"x":-0.579462885856628,"y":-0.229663580656052,"z":-1.19209289550781E-07,"font":0,"fontSize":48}},"p6":{"x":-1.69502902030945,"y":-0.127085953950882,"z":-1.19209289550781E-07,"tension":0,"bias":0,"continuity":0,"index":6,"pointType":0,"word":"","text":{"x":-1.19502902030945,"y":-0.127085953950882,"z":-1.19209289550781E-07,"font":0,"fontSize":48}},"p7":{"x":-1.33722519874573,"y":-1.0601909160614,"z":-1.19209289550781E-07,"tension":0,"bias":0,"continuity":0,"index":7,"pointType":2,"word":"","text":{"x":-0.837225198745728,"y":-1.0601909160614,"z":-1.19209289550781E-07,"font":0,"fontSize":48}},"p8":{"x":-0.837331891059875,"y":-1.02014410495758,"z":-1.19209289550781E-07,"tension":0,"bias":0,"continuity":0,"index":8,"pointType":2,"word":"","text":{"x":-0.337331891059875,"y":-1.02014410495758,"z":-1.19209289550781E-07,"font":0,"fontSize":48}},"p9":{"x":-0.922949075698853,"y":-0.35592132806778,"z":-1.19209289550781E-07,"tension":0,"bias":0,"continuity":0,"index":9,"pointType":2,"word":"","text":{"x":-0.422949075698853,"y":-0.35592132806778,"z":-1.19209289550781E-07,"font":0,"fontSize":48}},"p10":{"x":-1.24332249164581,"y":-0.877909302711487,"z":-1.19209289550781E-07,"tension":0,"bias":0,"continuity":0,"index":10,"pointType":2,"word":"","text":{"x":-0.743322491645813,"y":-0.877909302711487,"z":-1.19209289550781E-07,"font":0,"fontSize":48}},"p11":{"x":-0.994756877422333,"y":-0.837862610816956,"z":-1.19209289550781E-07,"tension":0,"bias":0,"continuity":0,"index":11,"pointType":2,"word":"","text":{"x":-0.494756877422333,"y":-0.837862610816956,"z":-1.19209289550781E-07,"font":0,"fontSize":48}},"p12":{"x":-1.04032731056213,"y":-0.411158055067062,"z":-1.19209289550781E-07,"tension":0,"bias":0,"continuity":0,"index":12,"pointType":2,"word":"","text":{"x":-0.540327310562134,"y":-0.411158055067062,"z":-1.19209289550781E-07,"font":0,"fontSize":48}},"p13":{"x":-1.21156144142151,"y":-1.1927592754364,"z":-1.19209289550781E-07,"tension":0,"bias":0,"continuity":0,"index":13,"pointType":2,"word":"","text":{"x":-0.711561441421509,"y":-1.1927592754364,"z":-1.19209289550781E-07,"font":0,"fontSize":48}},"p14":{"x":-0.65505039691925,"y":-1.25766241550446,"z":-1.19209289550781E-07,"tension":0,"bias":0,"continuity":0,"index":14,"pointType":2,"word":"","text":{"x":-0.15505039691925,"y":-1.25766241550446,"z":-1.19209289550781E-07,"font":0,"fontSize":48}},"p15":{"x":-0.646764934062958,"y":-0.538202881813049,"z":-1.19209289550781E-07,"tension":0,"bias":0,"continuity":0,"index":15,"pointType":2,"word":"","text":{"x":-0.146764934062958,"y":-0.538202881813049,"z":-1.19209289550781E-07,"font":0,"fontSize":48}},"fixedCamera":false,"fov":38,"splineCount":3,"unlockType":1,"speed":0,"time":0,"laps":0,"spline0":{"closed":false,"numPoints":5,"type":0,"lineTexture":0,"points":{"p0":2,"p1":3,"p2":4,"p3":5,"p4":6}},"spline1":{"closed":true,"numPoints":8,"type":0,"lineTexture":1,"points":{"p0":12,"p1":11,"p2":10,"p3":2,"p4":7,"p5":8,"p6":9,"p7":6}},"spline2":{"closed":true,"numPoints":5,"type":0,"lineTexture":2,"points":{"p0":2,"p1":13,"p2":14,"p3":15,"p4":6}}}