{"name":"circle","pointCount":11,"p0":{"x":-2.2234787940979,"y":-0.0994547009468079,"z":-1.19209289550781E-07,"tension":-0.710793793201447,"bias":-0.0164945609867573,"continuity":0,"index":0,"pointType":5,"word":"","text":{"x":-1.7234787940979,"y":-0.0994547009468079,"z":-1.19209289550781E-07,"font":0,"fontSize":48}},"p1":{"x":-1.70390915870667,"y":-0.540261209011078,"z":-1.19209289550781E-07,"tension":-0.661208808422089,"bias":-0.0174901690334082,"continuity":0,"index":1,"pointType":2,"word":"","text":{"x":-1.20390915870667,"y":-0.540261209011078,"z":-1.19209289550781E-07,"font":0,"fontSize":48}},"p2":{"x":-2.18788838386536,"y":-1.04362201690674,"z":-1.19209289550781E-07,"tension":-0.973251640796661,"bias":-0.071844294667244,"continuity":0,"index":2,"pointType":5,"word":"","text":{"x":-1.68788838386536,"y":-1.04362201690674,"z":-1.19209289550781E-07,"font":0,"fontSize":48}},"p3":{"x":-2.66944551467896,"y":-0.581561028957367,"z":-1.19209289550781E-07,"tension":-0.365046352148056,"bias":-0.0056152562610805,"continuity":0,"index":3,"pointType":2,"word":"","text":{"x":-2.16944551467896,"y":-0.581561028957367,"z":-1.19209289550781E-07,"font":0,"fontSize":48}},"p4":{"x":-2.04797983169556,"y":-0.122550964355469,"z":-0.00580414012074471,"tension":0.0374607071280479,"bias":0.81844174861908,"continuity":0,"index":4,"pointType":2,"word":"","text":{"x":-1.54797983169556,"y":-0.122550964355469,"z":-0.00580414012074471,"font":0,"fontSize":48}},"p5":{"x":-2.35739994049072,"y":-1.14989840984344,"z":0.64184981584549,"tension":-0.37231507897377,"bias":-9.67878077062778E-05,"continuity":0,"index":5,"pointType":2,"word":"","text":{"x":-1.85739994049072,"y":-1.14989840984344,"z":0.64184981584549,"font":0,"fontSize":48}},"p6":{"x":-2.92018175125122,"y":-0.59351110458374,"z":0.741252779960632,"tension":-0.451940298080444,"bias":-0.0107912011444569,"continuity":0,"index":6,"pointType":2,"word":"","text":{"x":-2.42018175125122,"y":-0.59351110458374,"z":0.741252779960632,"font":0,"fontSize":48}},"p7":{"x":-2.62628030776978,"y":0.0711150169372559,"z":1.01392388343811,"tension":0,"bias":0,"continuity":0,"index":7,"pointType":2,"word":"","text":{"x":-2.12628030776978,"y":0.0711150169372559,"z":1.01392388343811,"font":0,"fontSize":48}},"p8":{"x":-1.69391107559204,"y":-0.38807812333107,"z":0.277916669845581,"tension":0,"bias":0,"continuity":0,"index":8,"pointType":2,"word":"","text":{"x":-1.19391107559204,"y":-0.38807812333107,"z":0.277916669845581,"font":0,"fontSize":48}},"p9":{"x":-1.78282570838928,"y":-0.94732004404068,"z":0.505116283893585,"tension":0,"bias":0,"continuity":0,"index":9,"pointType":2,"word":"","text":{"x":-1.28282570838928,"y":-0.94732004404068,"z":0.505116283893585,"font":0,"fontSize":48}},"p10":{"x":-2.2704770565033,"y":0.133438497781754,"z":1.08335697650909,"tension":0,"bias":0,"continuity":0,"index":10,"pointType":6,"word":"","text":{"x":-1.7704770565033,"y":0.133438497781754,"z":1.08335697650909,"font":0,"fontSize":48}},"fixedCamera":true,"fov":56,"splineCount":2,"unlockType":0,"speed":0,"time":0,"laps":7,"startSpeed":0,"spline0":{"order":0,"closed":true,"numPoints":4,"type":0,"lineTexture":0,"points":{"p0":0,"p1":1,"p2":2,"p3":3}},"spline1":{"order":1,"closed":false,"numPoints":8,"type":2,"lineTexture":0,"points":{"p0":0,"p1":4,"p2":8,"p3":9,"p4":5,"p5":6,"p6":7,"p7":10}}}