{"name":"Circles","pointCount":16,"p0":{"x":0.128666162490845,"y":-0.892756223678589,"z":0,"tension":-0.599999785423279,"bias":0,"continuity":0,"index":0,"pointType":3,"word":"","text":{"x":0.628666162490845,"y":-0.892756223678589,"z":0,"font":0,"fontSize":48}},"p1":{"x":0.23932671546936,"y":0.468533158302307,"z":0,"tension":-0.599999785423279,"bias":0,"continuity":0,"index":1,"pointType":3,"word":"","text":{"x":0.73932671546936,"y":0.468533158302307,"z":0,"font":0,"fontSize":48}},"p2":{"x":-1.12195110321045,"y":0.579185247421265,"z":0,"tension":-0.599999785423279,"bias":0,"continuity":0,"index":2,"pointType":2,"word":"","text":{"x":-0.621951103210449,"y":0.579185247421265,"z":0,"font":0,"fontSize":48}},"p3":{"x":-1.23260974884033,"y":-0.782098531723022,"z":0,"tension":-0.599999785423279,"bias":0,"continuity":0,"index":3,"pointType":2,"word":"","text":{"x":-0.732609748840332,"y":-0.782098531723022,"z":0,"font":0,"fontSize":48}},"p4":{"x":-0.98332691192627,"y":-1.10213661193848,"z":0,"tension":-0.599999785423279,"bias":0,"continuity":0,"index":4,"pointType":2,"word":"","text":{"x":-0.48332691192627,"y":-1.10213661193848,"z":0,"font":0,"fontSize":48}},"p5":{"x":-0.931344747543335,"y":-0.522395849227905,"z":0,"tension":-0.599999785423279,"bias":0,"continuity":0,"index":5,"pointType":2,"word":"","text":{"x":-0.431344747543335,"y":-0.522395849227905,"z":0,"font":0,"fontSize":48}},"p6":{"x":-1.51108694076538,"y":-0.470417261123657,"z":0,"tension":-0.599999785423279,"bias":0,"continuity":0,"index":6,"pointType":2,"word":"","text":{"x":-1.01108694076538,"y":-0.470417261123657,"z":0,"font":0,"fontSize":48}},"p7":{"x":0.100202560424805,"y":-1.17730522155762,"z":0,"tension":-0.599999785423279,"bias":0,"continuity":0,"index":7,"pointType":2,"word":"","text":{"x":0.600202560424805,"y":-1.17730522155762,"z":0,"font":0,"fontSize":48}},"p8":{"x":-1.41195464134216,"y":0.6024489402771,"z":0,"tension":-0.599999785423279,"bias":0,"continuity":0,"index":8,"pointType":2,"word":"","text":{"x":-0.911954641342163,"y":0.6024489402771,"z":0,"font":0,"fontSize":48}},"p9":{"x":-1.56095886230469,"y":-1.04755306243896,"z":0,"tension":-0.599999785423279,"bias":0,"continuity":0,"index":9,"pointType":3,"word":"","text":{"x":-1.06095886230469,"y":-1.04755306243896,"z":0,"font":0,"fontSize":48}},"p10":{"x":0.169876098632813,"y":-0.100943803787231,"z":0,"tension":-0.599999785423279,"bias":0,"continuity":0,"index":10,"pointType":2,"word":"","text":{"x":0.669876098632813,"y":-0.100943803787231,"z":0,"font":0,"fontSize":48}},"p11":{"x":-0.61223316192627,"y":-0.064903736114502,"z":0,"tension":-0.599999785423279,"bias":0,"continuity":0,"index":11,"pointType":3,"word":"","text":{"x":-0.11223316192627,"y":-0.064903736114502,"z":0,"font":0,"fontSize":48}},"p12":{"x":-0.648273468017578,"y":-0.847012996673584,"z":0,"tension":-0.599999785423279,"bias":0,"continuity":0,"index":12,"pointType":2,"word":"","text":{"x":-0.148273468017578,"y":-0.847012996673584,"z":0,"font":0,"fontSize":48}},"p13":{"x":-0.368878364562988,"y":-0.111090898513794,"z":0,"tension":-0.599999785423279,"bias":0,"continuity":0,"index":13,"pointType":2,"word":"","text":{"x":0.131121635437012,"y":-0.111090898513794,"z":0,"font":0,"fontSize":48}},"p14":{"x":-0.324400663375854,"y":0.13708770275116,"z":0,"tension":-0.599999785423279,"bias":0,"continuity":0,"index":14,"pointType":2,"word":"","text":{"x":0.175599336624146,"y":0.13708770275116,"z":0,"font":0,"fontSize":48}},"p15":{"x":-0.569720268249512,"y":0.179550409317017,"z":0,"tension":-0.599999785423279,"bias":0,"continuity":0,"index":15,"pointType":6,"word":"","text":{"x":-0.0697202682495117,"y":0.179550409317017,"z":0,"font":0,"fontSize":48}},"splineCount":5,"unlockType":0,"speed":1,"acceleration":0.0499999970197678,"maxSpeed":10,"time":1,"laps":1,"startSpeed":0.199999988079071,"text":"","title":"","forceOrder":false,"camera":{"lockX":true,"lockY":true,"lockZ":false,"x":-0.660828173160553,"y":-0.287428140640259,"z":0,"setPos":true,"fov":69},"spline0":{"order":0,"closed":true,"numPoints":4,"type":0,"lineTexture":0,"lineWidth":1,"bidirectional":true,"speed":0,"points":{"p0":11,"p1":13,"p2":14,"p3":15}},"spline1":{"order":1,"closed":true,"numPoints":4,"type":0,"lineTexture":0,"lineWidth":1,"bidirectional":true,"speed":0,"points":{"p0":0,"p1":10,"p2":11,"p3":12}},"spline2":{"order":2,"closed":true,"numPoints":4,"type":0,"lineTexture":0,"lineWidth":1,"bidirectional":true,"speed":0,"points":{"p0":0,"p1":1,"p2":2,"p3":3}},"spline3":{"order":3,"closed":true,"numPoints":4,"type":0,"lineTexture":3,"lineWidth":1,"bidirectional":true,"speed":0,"points":{"p0":8,"p1":9,"p2":7,"p3":1}},"spline4":{"order":4,"closed":true,"numPoints":4,"type":0,"lineTexture":0,"lineWidth":1,"bidirectional":true,"speed":0,"points":{"p0":9,"p1":4,"p2":5,"p3":6}}}