{"name":"city","pointCount":37,"p0":{"x":-0.234344378113747,"y":-0.210150182247162,"z":-0.590678155422211,"tension":1,"bias":0,"continuity":0,"index":0,"pointType":2,"word":"","text":{"x":0.265655636787415,"y":-0.210150182247162,"z":-0.590678155422211,"font":0,"fontSize":48}},"p1":{"x":-0.158619046211243,"y":-0.208756566047668,"z":-0.590678155422211,"tension":1,"bias":0,"continuity":0,"index":1,"pointType":2,"word":"","text":{"x":0.341380953788757,"y":-0.208756566047668,"z":-0.590678155422211,"font":0,"fontSize":48}},"p2":{"x":-0.158619225025177,"y":-0.325418949127197,"z":-0.590678155422211,"tension":1,"bias":0,"continuity":0,"index":2,"pointType":2,"word":"","text":{"x":0.341380774974823,"y":-0.325418949127197,"z":-0.590678155422211,"font":0,"fontSize":48}},"p3":{"x":-0.233397230505943,"y":-0.326085597276688,"z":-0.590678155422211,"tension":1,"bias":0,"continuity":0,"index":3,"pointType":2,"word":"","text":{"x":0.266602754592896,"y":-0.326085597276688,"z":-0.590678155422211,"font":0,"fontSize":48}},"p4":{"x":-0.397187292575836,"y":-0.229851722717285,"z":-0.795318007469177,"tension":0,"bias":0,"continuity":0,"index":4,"pointType":5,"word":"","text":{"x":0.102812707424164,"y":-0.229851722717285,"z":-0.795318007469177,"font":0,"fontSize":48}},"p5":{"x":-0.235137492418289,"y":-0.0946803987026215,"z":-0.590678155422211,"tension":1,"bias":0,"continuity":0,"index":5,"pointType":2,"word":"","text":{"x":0.264862507581711,"y":-0.0946803987026215,"z":-0.590678155422211,"font":0,"fontSize":48}},"p6":{"x":-0.0798386633396149,"y":-0.0899743735790253,"z":-0.590678155422211,"tension":1,"bias":0,"continuity":0,"index":6,"pointType":2,"word":"","text":{"x":0.420161336660385,"y":-0.0899743735790253,"z":-0.590678155422211,"font":0,"fontSize":48}},"p7":{"x":-0.0786622762680054,"y":-0.32292252779007,"z":-0.590678155422211,"tension":1,"bias":0,"continuity":0,"index":7,"pointType":2,"word":"","text":{"x":0.421337723731995,"y":-0.32292252779007,"z":-0.590678155422211,"font":0,"fontSize":48}},"p8":{"x":-0.118640750646591,"y":-0.324170738458633,"z":-0.590678155422211,"tension":0,"bias":0,"continuity":0,"index":8,"pointType":2,"word":"","text":{"x":0.381359249353409,"y":-0.324170738458633,"z":-0.590678155422211,"font":0,"fontSize":48}},"p9":{"x":-0.119989775121212,"y":-0.375828266143799,"z":-0.590678155422211,"tension":1,"bias":0,"continuity":0,"index":9,"pointType":2,"word":"","text":{"x":0.380010217428207,"y":-0.375828266143799,"z":-0.590678155422211,"font":0,"fontSize":48}},"p10":{"x":-0.504668235778809,"y":-0.386881291866302,"z":-0.590678155422211,"tension":1,"bias":0,"continuity":0,"index":10,"pointType":2,"word":"","text":{"x":-0.00466823577880859,"y":-0.386881291866302,"z":-0.590678155422211,"font":0,"fontSize":48}},"p11":{"x":-0.499541878700256,"y":-0.0295046865940094,"z":-0.590678155422211,"tension":1,"bias":0,"continuity":0,"index":11,"pointType":2,"word":"","text":{"x":0.000458121299743652,"y":-0.0295046865940094,"z":-0.590678155422211,"font":0,"fontSize":48}},"p12":{"x":-0.0790162980556488,"y":-0.0196074247360229,"z":-0.590678155422211,"tension":1,"bias":0,"continuity":0,"index":12,"pointType":2,"word":"","text":{"x":0.420983701944351,"y":-0.0196074247360229,"z":-0.590678155422211,"font":0,"fontSize":48}},"p13":{"x":-0.504668116569519,"y":-0.203142255544662,"z":-0.573369145393372,"tension":0,"bias":0,"continuity":0,"index":13,"pointType":2,"word":"","text":{"x":-0.00466811656951904,"y":-0.203142255544662,"z":-0.573369145393372,"font":0,"fontSize":48}},"p14":{"x":-0.681275010108948,"y":-0.0333389639854431,"z":-0.590678155422211,"tension":1,"bias":0,"continuity":0,"index":14,"pointType":2,"word":"","text":{"x":-0.181275010108948,"y":-0.0333389639854431,"z":-0.590678155422211,"font":0,"fontSize":48}},"p15":{"x":-0.684002637863159,"y":-0.16543285548687,"z":-0.590678155422211,"tension":1,"bias":0,"continuity":0,"index":15,"pointType":2,"word":"","text":{"x":-0.184002637863159,"y":-0.16543285548687,"z":-0.590678155422211,"font":0,"fontSize":48}},"p16":{"x":-0.530843377113342,"y":-0.16259653866291,"z":-0.590678155422211,"tension":1,"bias":0,"continuity":0,"index":16,"pointType":2,"word":"","text":{"x":-0.0308433771133423,"y":-0.16259653866291,"z":-0.590678155422211,"font":0,"fontSize":48}},"p17":{"x":-0.533072113990784,"y":-0.239581793546677,"z":-0.438313126564026,"tension":1,"bias":0,"continuity":0,"index":17,"pointType":2,"word":"","text":{"x":-0.0330721139907837,"y":-0.239581793546677,"z":-0.438313126564026,"font":0,"fontSize":48}},"p18":{"x":-0.690101861953735,"y":-0.238054379820824,"z":-0.365369141101837,"tension":1,"bias":0,"continuity":0,"index":18,"pointType":2,"word":"","text":{"x":-0.190101861953735,"y":-0.238054379820824,"z":-0.365369141101837,"font":0,"fontSize":48}},"p19":{"x":-0.688873887062073,"y":-0.302247166633606,"z":-0.365369141101837,"tension":1,"bias":0,"continuity":0,"index":19,"pointType":2,"word":"","text":{"x":-0.188873887062073,"y":-0.302247166633606,"z":-0.365369141101837,"font":0,"fontSize":48}},"p20":{"x":-0.537644624710083,"y":-0.297651350498199,"z":-0.365369141101837,"tension":1,"bias":0,"continuity":0,"index":20,"pointType":2,"word":"","text":{"x":-0.037644624710083,"y":-0.297651350498199,"z":-0.365369141101837,"font":0,"fontSize":48}},"p21":{"x":-0.543188452720642,"y":-0.3650823533535,"z":-0.206080108880997,"tension":1,"bias":0,"continuity":0,"index":21,"pointType":2,"word":"","text":{"x":-0.0431884527206421,"y":-0.3650823533535,"z":-0.206080108880997,"font":0,"fontSize":48}},"p22":{"x":-0.689870357513428,"y":-0.363293796777725,"z":-0.137062191963196,"tension":1,"bias":0,"continuity":0,"index":22,"pointType":2,"word":"","text":{"x":-0.189870357513428,"y":-0.363293796777725,"z":-0.137062191963196,"font":0,"fontSize":48}},"p23":{"x":-0.687873959541321,"y":-0.426178932189941,"z":-0.137062191963196,"tension":1,"bias":0,"continuity":0,"index":23,"pointType":2,"word":"","text":{"x":-0.187873959541321,"y":-0.426178932189941,"z":-0.137062191963196,"font":0,"fontSize":48}},"p24":{"x":-0.538147330284119,"y":-0.424182593822479,"z":-0.137062191963196,"tension":1,"bias":0,"continuity":0,"index":24,"pointType":2,"word":"","text":{"x":-0.0381473302841187,"y":-0.424182593822479,"z":-0.137062191963196,"font":0,"fontSize":48}},"p25":{"x":-0.532158255577087,"y":-0.55095112323761,"z":-0.177226215600967,"tension":1,"bias":0,"continuity":0,"index":25,"pointType":2,"word":"","text":{"x":-0.0321582555770874,"y":-0.55095112323761,"z":-0.177226215600967,"font":0,"fontSize":48}},"p26":{"x":-0.900852918624878,"y":-0.552205920219421,"z":-0.177226215600967,"tension":1,"bias":0,"continuity":0,"index":26,"pointType":2,"word":"","text":{"x":-0.400852918624878,"y":-0.552205920219421,"z":-0.177226215600967,"font":0,"fontSize":48}},"p27":{"x":-0.895377993583679,"y":-0.402297377586365,"z":-0.185004383325577,"tension":1,"bias":0,"continuity":0,"index":27,"pointType":2,"word":"","text":{"x":-0.395377993583679,"y":-0.402297377586365,"z":-0.185004383325577,"font":0,"fontSize":48}},"p28":{"x":-0.752526223659515,"y":-0.401645064353943,"z":-0.154864341020584,"tension":1,"bias":0,"continuity":0,"index":28,"pointType":2,"word":"","text":{"x":-0.252526223659515,"y":-0.401645064353943,"z":-0.154864341020584,"font":0,"fontSize":48}},"p29":{"x":-0.752517759799957,"y":-0.336679071187973,"z":0.0959356278181076,"tension":1,"bias":0,"continuity":0,"index":29,"pointType":2,"word":"","text":{"x":-0.252517759799957,"y":-0.336679071187973,"z":0.0959356278181076,"font":0,"fontSize":48}},"p30":{"x":-0.91742742061615,"y":-0.341676384210587,"z":0.0959356278181076,"tension":1,"bias":0,"continuity":0,"index":30,"pointType":2,"word":"","text":{"x":-0.41742742061615,"y":-0.341676384210587,"z":0.0959356278181076,"font":0,"fontSize":48}},"p31":{"x":-0.91742742061615,"y":-0.266717344522476,"z":0.0959356278181076,"tension":1,"bias":0,"continuity":0,"index":31,"pointType":2,"word":"","text":{"x":-0.41742742061615,"y":-0.266717344522476,"z":0.0959356278181076,"font":0,"fontSize":48}},