{"name":"City","pointCount":20,"p0":{"x":-2.08136892318726,"y":-0.0272161960601807,"z":-1.19209289550781E-07,"tension":1,"bias":0,"continuity":0,"index":0,"pointType":6,"word":"","text":{"x":-1.58136892318726,"y":-0.0272161960601807,"z":-1.19209289550781E-07,"font":0,"fontSize":48}},"p1":{"x":-2.07073378562927,"y":-0.319094657897949,"z":-1.19209289550781E-07,"tension":1,"bias":0,"continuity":0,"index":1,"pointType":4,"word":"","text":{"x":-1.57073378562927,"y":-0.319094657897949,"z":-1.19209289550781E-07,"font":0,"fontSize":48}},"p2":{"x":-1.86339032649994,"y":-0.306096076965332,"z":-1.19209289550781E-07,"tension":1,"bias":0,"continuity":0,"index":2,"pointType":0,"word":"","text":{"x":-1.36339032649994,"y":-0.306096076965332,"z":-1.19209289550781E-07,"font":0,"fontSize":48}},"p3":{"x":-1.87575399875641,"y":-0.0189437866210938,"z":-1.19209289550781E-07,"tension":1,"bias":0,"continuity":0,"index":3,"pointType":0,"word":"","text":{"x":-1.37575399875641,"y":-0.0189437866210938,"z":-1.19209289550781E-07,"font":0,"fontSize":48}},"p4":{"x":-2.37441992759705,"y":-0.328545808792114,"z":-1.19209289550781E-07,"tension":1,"bias":0,"continuity":0,"index":4,"pointType":4,"word":"","text":{"x":-1.87441992759705,"y":-0.328545808792114,"z":-1.19209289550781E-07,"font":0,"fontSize":48}},"p5":{"x":-2.45934844017029,"y":-0.607996702194214,"z":-1.19209289550781E-07,"tension":1,"bias":0,"continuity":0,"index":5,"pointType":0,"word":"","text":{"x":-1.95934844017029,"y":-0.607996702194214,"z":-1.19209289550781E-07,"font":0,"fontSize":48}},"p6":{"x":-2.25906133651733,"y":-0.663179636001587,"z":-1.19209289550781E-07,"tension":1,"bias":0,"continuity":0,"index":6,"pointType":0,"word":"","text":{"x":-1.75906133651733,"y":-0.663179636001587,"z":-1.19209289550781E-07,"font":0,"fontSize":48}},"p7":{"x":-2.17730522155762,"y":-0.387635946273804,"z":-1.19209289550781E-07,"tension":1,"bias":0,"continuity":0,"index":7,"pointType":0,"word":"","text":{"x":-1.67730522155762,"y":-0.387635946273804,"z":-1.19209289550781E-07,"font":0,"fontSize":48}},"p8":{"x":-1.53930652141571,"y":0.295945405960083,"z":-1.19209289550781E-07,"tension":1,"bias":0,"continuity":0,"index":8,"pointType":0,"word":"","text":{"x":-1.03930652141571,"y":0.295945405960083,"z":-1.19209289550781E-07,"font":0,"fontSize":48}},"p9":{"x":-1.83120143413544,"y":0.285758972167969,"z":-1.19209289550781E-07,"tension":1,"bias":0,"continuity":0,"index":9,"pointType":4,"word":"","text":{"x":-1.33120143413544,"y":0.285758972167969,"z":-1.19209289550781E-07,"font":0,"fontSize":48}},"p10":{"x":-1.81852161884308,"y":0.0783944129943848,"z":-1.19209289550781E-07,"tension":1,"bias":0,"continuity":0,"index":10,"pointType":0,"word":"","text":{"x":-1.31852161884308,"y":0.0783944129943848,"z":-1.19209289550781E-07,"font":0,"fontSize":48}},"p11":{"x":-1.53135371208191,"y":0.0903167724609375,"z":-1.19209289550781E-07,"tension":1,"bias":0,"continuity":0,"index":11,"pointType":0,"word":"","text":{"x":-1.03135371208191,"y":0.0903167724609375,"z":-1.19209289550781E-07,"font":0,"fontSize":48}},"p12":{"x":-2.39997577667236,"y":0.62067699432373,"z":-1.19209289550781E-07,"tension":1,"bias":0,"continuity":0,"index":12,"pointType":0,"word":"","text":{"x":-1.89997577667236,"y":0.62067699432373,"z":-1.19209289550781E-07,"font":0,"fontSize":48}},"p13":{"x":-2.48490428924561,"y":0.341225862503052,"z":-1.19209289550781E-07,"tension":1,"bias":0,"continuity":0,"index":13,"pointType":4,"word":"","text":{"x":-1.98490428924561,"y":0.341225862503052,"z":-1.19209289550781E-07,"font":0,"fontSize":48}},"p14":{"x":-2.28461742401123,"y":0.2860426902771,"z":-1.19209289550781E-07,"tension":1,"bias":0,"continuity":0,"index":14,"pointType":0,"word":"","text":{"x":-1.78461742401123,"y":0.2860426902771,"z":-1.19209289550781E-07,"font":0,"fontSize":48}},"p15":{"x":-2.20286083221436,"y":0.561586856842041,"z":-1.19209289550781E-07,"tension":1,"bias":0,"continuity":0,"index":15,"pointType":0,"word":"","text":{"x":-1.70286083221436,"y":0.561586856842041,"z":-1.19209289550781E-07,"font":0,"fontSize":48}},"p16":{"x":-2.47022771835327,"y":0.239725589752197,"z":-1.19209289550781E-07,"tension":1,"bias":0,"continuity":0,"index":16,"pointType":0,"word":"","text":{"x":-1.97022771835327,"y":0.239725589752197,"z":-1.19209289550781E-07,"font":0,"fontSize":48}},"p17":{"x":-2.76198816299438,"y":0.226237893104553,"z":-1.19209289550781E-07,"tension":1,"bias":0,"continuity":0,"index":17,"pointType":4,"word":"","text":{"x":-2.26198816299438,"y":0.226237893104553,"z":-1.19209289550781E-07,"font":0,"fontSize":48}},"p18":{"x":-2.74695825576782,"y":0.0190284252166748,"z":-1.19209289550781E-07,"tension":1,"bias":0,"continuity":0,"index":18,"pointType":0,"word":"","text":{"x":-2.24695825576782,"y":0.0190284252166748,"z":-1.19209289550781E-07,"font":0,"fontSize":48}},"p19":{"x":-2.45994472503662,"y":0.0342010259628296,"z":-1.19209289550781E-07,"tension":1,"bias":0,"continuity":0,"index":19,"pointType":0,"word":"","text":{"x":-1.95994472503662,"y":0.0342010259628296,"z":-1.19209289550781E-07,"font":0,"fontSize":48}},"fixedCamera":false,"fov":30,"splineCount":5,"unlockType":0,"speed":1,"time":1,"laps":1,"startSpeed":0,"spline0":{"order":0,"closed":true,"numPoints":4,"type":0,"lineTexture":0,"lineWidth":1,"points":{"p0":0,"p1":1,"p2":2,"p3":3}},"spline1":{"order":1,"closed":true,"numPoints":4,"type":0,"lineTexture":0,"lineWidth":1,"points":{"p0":4,"p1":5,"p2":6,"p3":7}},"spline2":{"order":2,"closed":true,"numPoints":4,"type":0,"lineTexture":0,"lineWidth":1,"points":{"p0":8,"p1":9,"p2":10,"p3":11}},"spline3":{"order":3,"closed":true,"numPoints":4,"type":0,"lineTexture":0,"lineWidth":1,"points":{"p0":12,"p1":13,"p2":14,"p3":15}},"spline4":{"order":4,"closed":true,"numPoints":4,"type":0,"lineTexture":0,"lineWidth":1,"points":{"p0":16,"p1":17,"p2":18,"p3":19}}}