{"name":"City","pointCount":36,"p0":{"x":-0.437321662902832,"y":0.608657956123352,"z":0,"tension":0,"bias":0,"continuity":0,"index":0,"pointType":0,"word":"","text":{"x":0.062678337097168,"y":0.608657956123352,"z":0,"font":0,"fontSize":48}},"p1":{"x":-0.267116546630859,"y":0.45572304725647,"z":0,"tension":1,"bias":0,"continuity":0,"index":1,"pointType":3,"word":"","text":{"x":0.232883453369141,"y":0.45572304725647,"z":0,"font":0,"fontSize":48}},"p2":{"x":-0.00934314727783203,"y":0.746795892715454,"z":0,"tension":1,"bias":0,"continuity":0,"index":2,"pointType":0,"word":"","text":{"x":0.490656852722168,"y":0.746795892715454,"z":0,"font":0,"fontSize":48}},"p3":{"x":0.655441284179688,"y":0.142455101013184,"z":0,"tension":1,"bias":0,"continuity":0,"index":3,"pointType":0,"word":"","text":{"x":1.15544128417969,"y":0.142455101013184,"z":0,"font":0,"fontSize":48}},"p4":{"x":0.982446670532227,"y":-0.162431716918945,"z":0,"tension":1,"bias":0,"continuity":0,"index":4,"pointType":3,"word":"","text":{"x":1.48244667053223,"y":-0.162431716918945,"z":0,"font":0,"fontSize":48}},"p5":{"x":0.525093078613281,"y":-0.0223889350891113,"z":0,"tension":1,"bias":0,"continuity":0,"index":5,"pointType":0,"word":"","text":{"x":1.02509307861328,"y":-0.0223889350891113,"z":0,"font":0,"fontSize":48}},"p6":{"x":-0.138229846954346,"y":0.601259469985962,"z":0,"tension":1,"bias":0,"continuity":0,"index":6,"pointType":0,"word":"","text":{"x":0.361770153045654,"y":0.601259469985962,"z":0,"font":0,"fontSize":48}},"p7":{"x":-0.811530590057373,"y":1.22737014293671,"z":0,"tension":1,"bias":0,"continuity":0,"index":7,"pointType":0,"word":"","text":{"x":-0.311530590057373,"y":1.22737014293671,"z":0,"font":0,"fontSize":48}},"p8":{"x":-0.806216955184937,"y":0.22934889793396,"z":0,"tension":1,"bias":0,"continuity":0,"index":8,"pointType":3,"word":"","text":{"x":-0.306216955184937,"y":0.22934889793396,"z":0,"font":0,"fontSize":48}},"p9":{"x":-1.09608602523804,"y":-0.0726885795593262,"z":0,"tension":1,"bias":0,"continuity":0,"index":9,"pointType":6,"word":"","text":{"x":-0.596086025238037,"y":-0.0726885795593262,"z":0,"font":0,"fontSize":48}},"p10":{"x":-0.633767127990723,"y":-0.532000541687012,"z":0,"tension":0,"bias":0,"continuity":0,"index":10,"pointType":0,"word":"","text":{"x":-0.133767127990723,"y":-0.532000541687012,"z":0,"font":0,"fontSize":48}},"p11":{"x":-0.3476722240448,"y":-0.211229801177979,"z":0,"tension":1,"bias":0,"continuity":0,"index":11,"pointType":3,"word":"","text":{"x":0.1523277759552,"y":-0.211229801177979,"z":0,"font":0,"fontSize":48}},"p12":{"x":0.0289909839630127,"y":0.175526857376099,"z":0,"tension":1,"bias":0,"continuity":0,"index":12,"pointType":0,"word":"","text":{"x":0.528990983963013,"y":0.175526857376099,"z":0,"font":0,"fontSize":48}},"p13":{"x":0.358576774597168,"y":-0.887213706970215,"z":0,"tension":1,"bias":0,"continuity":0,"index":13,"pointType":3,"word":"","text":{"x":0.858576774597168,"y":-0.887213706970215,"z":0,"font":0,"fontSize":48}},"p14":{"x":-1.25906610488892,"y":0.653091073036194,"z":0,"tension":1,"bias":0,"continuity":0,"index":14,"pointType":0,"word":"","text":{"x":-0.759066104888916,"y":0.653091073036194,"z":0,"font":0,"fontSize":48}},"p15":{"x":-1.57519745826721,"y":-0.604704856872559,"z":0,"tension":1,"bias":0,"continuity":0,"index":15,"pointType":0,"word":"","text":{"x":-1.07519745826721,"y":-0.604704856872559,"z":0,"font":0,"fontSize":48}},"p16":{"x":-2.0292227268219,"y":-0.14059853553772,"z":0,"tension":1,"bias":0,"continuity":0,"index":16,"pointType":0,"word":"","text":{"x":-1.5292227268219,"y":-0.14059853553772,"z":0,"font":0,"fontSize":48}},"p17":{"x":1.52344942092896,"y":-0.650489807128906,"z":0,"tension":1,"bias":0,"continuity":0,"index":17,"pointType":0,"word":"","text":{"x":2.02344942092896,"y":-0.650489807128906,"z":0,"font":0,"fontSize":48}},"p18":{"x":0.858246326446533,"y":-1.38621473312378,"z":0,"tension":1,"bias":0,"continuity":0,"index":18,"pointType":0,"word":"","text":{"x":1.35824632644653,"y":-1.38621473312378,"z":0,"font":0,"fontSize":48}},"p19":{"x":0.0853133201599121,"y":-1.21991300582886,"z":0,"tension":1,"bias":0,"continuity":0,"index":19,"pointType":0,"word":"","text":{"x":0.585313320159912,"y":-1.21991300582886,"z":0,"font":0,"fontSize":48}},"p20":{"x":0.452006340026855,"y":-1.81641983985901,"z":0,"tension":0,"bias":0,"continuity":0,"index":20,"pointType":0,"word":"","text":{"x":0.952006340026855,"y":-1.81641983985901,"z":0,"font":0,"fontSize":48}},"p21":{"x":0.246926069259644,"y":-2.55823707580566,"z":0,"tension":0,"bias":0,"continuity":0,"index":21,"pointType":0,"word":"","text":{"x":0.746926069259644,"y":-2.55823707580566,"z":0,"font":0,"fontSize":48}},"p22":{"x":1.34285020828247,"y":-2.27541542053223,"z":0,"tension":0,"bias":0,"continuity":0,"index":22,"pointType":0,"word":"","text":{"x":1.84285020828247,"y":-2.27541542053223,"z":0,"font":0,"fontSize":48}},"p23":{"x":2.40456390380859,"y":-1.46428799629211,"z":0,"tension":0,"bias":0,"continuity":0,"index":23,"pointType":0,"word":"","text":{"x":2.90456390380859,"y":-1.46428799629211,"z":0,"font":0,"fontSize":48}},"p24":{"x":4.1807279586792,"y":-0.924231290817261,"z":0,"tension":0,"bias":0,"continuity":0,"index":24,"pointType":0,"word":"","text":{"x":4.6807279586792,"y":-0.924231290817261,"z":0,"font":0,"fontSize":48}},"p25":{"x":5.80205583572388,"y":-1.29689693450928,"z":0,"tension":0,"bias":0,"continuity":0,"index":25,"pointType":0,"word":"","text":{"x":6.30205583572388,"y":-1.29689693450928,"z":0,"font":0,"fontSize":48}},"p26":{"x":6.2592396736145,"y":-0.70334529876709,"z":0,"tension":0,"bias":0,"continuity":0,"index":26,"pointType":0,"word":"","text":{"x":6.7592396736145,"y":-0.70334529876709,"z":0,"font":0,"fontSize":48}},"p27":{"x":7.22173261642456,"y":-1.33699750900269,"z":0,"tension":0,"bias":0,"continuity":0,"index":27,"pointType":0,"word":"","text":{"x":7.72173261642456,"y":-1.33699750900269,"z":0,"font":0,"fontSize":48}},"p28":{"x":1.19084787368774,"y":-1.01835227012634,"z":0,"tension":1,"bias":0,"continuity":0,"index":28,"pointType":0,"word":"","text":{"x":1.69084787368774,"y":-1.01835227012634,"z":0,"font":0,"fontSize":48}},"p29":{"x":2.50205755233765,"y":-2.07059764862061,"z":0,"tension":1,"bias":0,"continuity":0,"index":29,"pointType":0,"word":"","text":{"x":3.00205755233765,"y":-2.07059764862061,"z":0,"font":0,"fontSize":48}},"p30":{"x":2.86756658554077,"y":-1.70512056350708,"z":0,"tension":0,"bias":0,"continuity":0,"index":30,"pointType":0,"word":"","text":{"x":3.36756658554077,"y":-1.70512056350708,"z":0,"font":0,"fontSize":48}},"p31":{"x":3.3149995803833,"y":-1.99499130249023,"z":0,"tension":1,"bias":0,"continuity":0,"index":31,"pointType":0,"word":"","text":{"x":3.8149995803833,"y":-1.99499130249023,"z":0,"font":0,"fontSize":48}},"p32":{"x":4.75182771682739,"y":-2.64408397674561,"z":0,"tension":0,"bias":0,"continuity":0,"index":32,"pointType":0,"word":"","text":{"x":5.25182771682739,"y":-2.64408397674561,"z":0,"font":0,"fontSize":48}},"p33":{"x":2.10507345199585,"y":-2.61255359649658,"z":0,"tension":1,"bias":0,"continuity":0,"index":33,"pointType":0,"word":"","text":{"x":2.60507345199585,"y":-2.61255359649658,"z":0,"font":0,"fontSize":48}},"p34":{"x":3.57339572906494,"y":-3.58933019638062,"z":0,"tension":1,"bias":0,"continuity":0,"index":34,"pointType":0,"word":"","text":{"x":4.07339572906494,"y":-3.58933019638062,"z":0,"font":0,"fontSize":48}},"p35":{"x":4.00821161270142,"y":-3.00958824157715,"z":0,"tension":1,"bias":0,"continuity":0,"index":35,"pointType":0,"word":"","text":{"x":4.50821161270142,"y":-3.00958824157715,"z":0,"font":0,"fontSize":48}},"splineCount":13,"unlockType":0,"speed":1,"acceleration":1,"maxSpeed":10,"time":1,"laps":1,"startSpeed":0,"text":"","title":"","forceOrder":false,"camera":{"lockX":false,"lockY":false,"lockZ":true,"x":0,"y":0,"z":0,"setPos":false,"fixCam":false,"fov":73},"spline0":{"order":0,"closed":false,"numPoints":6,"type":0,"lineTexture":0,"lineWidth":1,"bidirectional":true,"speed":0,"points":{"p0":0,"p1":1,"p2":6,