{"name":"City","pointCount":31,"p0":{"x":-2.07393264770508,"y":-0.0217983722686768,"z":-1.19209289550781E-07,"tension":1,"bias":0,"continuity":0,"index":0,"pointType":6,"word":"","text":{"x":-1.57393264770508,"y":-0.0217983722686768,"z":-1.19209289550781E-07,"font":0,"fontSize":48}},"p1":{"x":-2.07832145690918,"y":-0.313838481903076,"z":-1.19209289550781E-07,"tension":1,"bias":0,"continuity":0,"index":1,"pointType":0,"word":"","text":{"x":-1.57832145690918,"y":-0.313838481903076,"z":-1.19209289550781E-07,"font":0,"fontSize":48}},"p2":{"x":-1.87058329582214,"y":-0.311519145965576,"z":-1.19209289550781E-07,"tension":1,"bias":0,"continuity":0,"index":2,"pointType":0,"word":"","text":{"x":-1.37058329582214,"y":-0.311519145965576,"z":-1.19209289550781E-07,"font":0,"fontSize":48}},"p3":{"x":-1.86816442012787,"y":-0.0241105556488037,"z":-1.19209289550781E-07,"tension":1,"bias":0,"continuity":0,"index":3,"pointType":4,"word":"","text":{"x":-1.36816442012787,"y":-0.0241105556488037,"z":-1.19209289550781E-07,"font":0,"fontSize":48}},"p4":{"x":-1.71826636791229,"y":0.488552451133728,"z":-1.19209289550781E-07,"tension":1,"bias":0,"continuity":0,"index":4,"pointType":0,"word":"","text":{"x":-1.21826636791229,"y":0.488552451133728,"z":-1.19209289550781E-07,"font":0,"fontSize":48}},"p5":{"x":-1.80319476127625,"y":0.209101319313049,"z":-1.19209289550781E-07,"tension":1,"bias":0,"continuity":0,"index":5,"pointType":0,"word":"","text":{"x":-1.30319476127625,"y":0.209101319313049,"z":-1.19209289550781E-07,"font":0,"fontSize":48}},"p6":{"x":-1.602907538414,"y":0.153918385505676,"z":-1.19209289550781E-07,"tension":1,"bias":0,"continuity":0,"index":6,"pointType":4,"word":"","text":{"x":-1.102907538414,"y":0.153918385505676,"z":-1.19209289550781E-07,"font":0,"fontSize":48}},"p7":{"x":-1.52115154266357,"y":0.429462075233459,"z":-1.19209289550781E-07,"tension":1,"bias":0,"continuity":0,"index":7,"pointType":0,"word":"","text":{"x":-1.02115154266357,"y":0.429462075233459,"z":-1.19209289550781E-07,"font":0,"fontSize":48}},"p8":{"x":-1.59062027931213,"y":-0.0141174793243408,"z":-1.19209289550781E-07,"tension":0,"bias":0,"continuity":0,"index":8,"pointType":0,"word":"","text":{"x":-1.09062027931213,"y":-0.0141174793243408,"z":-1.19209289550781E-07,"font":0,"fontSize":48}},"p9":{"x":-1.59169614315033,"y":-0.175260066986084,"z":-1.19209289550781E-07,"tension":1,"bias":0,"continuity":0,"index":9,"pointType":2,"word":"","text":{"x":-1.09169614315033,"y":-0.175260066986084,"z":-1.19209289550781E-07,"font":0,"fontSize":48}},"p10":{"x":-1.65797674655914,"y":-0.174827814102173,"z":-1.19209289550781E-07,"tension":1,"bias":0,"continuity":0,"index":10,"pointType":2,"word":"","text":{"x":-1.15797674655914,"y":-0.174827814102173,"z":-1.19209289550781E-07,"font":0,"fontSize":48}},"p11":{"x":-1.65636301040649,"y":-0.0226097106933594,"z":-1.19209289550781E-07,"tension":1,"bias":0,"continuity":0,"index":11,"pointType":2,"word":"","text":{"x":-1.15636301040649,"y":-0.0226097106933594,"z":-1.19209289550781E-07,"font":0,"fontSize":48}},"p12":{"x":-1.71426582336426,"y":-0.0227155685424805,"z":-1.19209289550781E-07,"tension":1,"bias":0,"continuity":0,"index":12,"pointType":2,"word":"","text":{"x":-1.21426582336426,"y":-0.0227155685424805,"z":-1.19209289550781E-07,"font":0,"fontSize":48}},"p13":{"x":-1.71513020992279,"y":-0.180736303329468,"z":-1.19209289550781E-07,"tension":1,"bias":0,"continuity":0,"index":13,"pointType":2,"word":"","text":{"x":-1.21513020992279,"y":-0.180736303329468,"z":-1.19209289550781E-07,"font":0,"fontSize":48}},"p14":{"x":-1.77141952514648,"y":-0.183099746704102,"z":-1.19209289550781E-07,"tension":1,"bias":0,"continuity":0,"index":14,"pointType":2,"word":"","text":{"x":-1.27141952514648,"y":-0.183099746704102,"z":-1.19209289550781E-07,"font":0,"fontSize":48}},"p15":{"x":-1.77098715305328,"y":-0.0221776962280273,"z":-1.19209289550781E-07,"tension":1,"bias":0,"continuity":0,"index":15,"pointType":2,"word":"","text":{"x":-1.27098715305328,"y":-0.0221776962280273,"z":-1.19209289550781E-07,"font":0,"fontSize":48}},"p16":{"x":-1.83523094654083,"y":-0.0212075710296631,"z":-1.19209289550781E-07,"tension":1,"bias":0,"continuity":0,"index":16,"pointType":2,"word":"","text":{"x":-1.33523094654083,"y":-0.0212075710296631,"z":-1.19209289550781E-07,"font":0,"fontSize":48}},"p17":{"x":-1.83641266822815,"y":-0.313086032867432,"z":-1.19209289550781E-07,"tension":1,"bias":0,"continuity":0,"index":17,"pointType":2,"word":"","text":{"x":-1.33641266822815,"y":-0.313086032867432,"z":-1.19209289550781E-07,"font":0,"fontSize":48}},"p18":{"x":-1.48781287670136,"y":-0.302450895309448,"z":-1.19209289550781E-07,"tension":0,"bias":0,"continuity":0,"index":18,"pointType":4,"word":"","text":{"x":-0.987812876701355,"y":-0.302450895309448,"z":-1.19209289550781E-07,"font":0,"fontSize":48}},"p19":{"x":-1.43109345436096,"y":0.116944193840027,"z":-1.19209289550781E-07,"tension":0,"bias":0,"continuity":0,"index":19,"pointType":0,"word":"","text":{"x":-0.931093454360962,"y":0.116944193840027,"z":-1.19209289550781E-07,"font":0,"fontSize":48}},"p20":{"x":-1.3070387840271,"y":0.453487634658813,"z":-1.19209289550781E-07,"tension":1,"bias":0,"continuity":0,"index":20,"pointType":0,"word":"","text":{"x":-0.8070387840271,"y":0.453487634658813,"z":-1.19209289550781E-07,"font":0,"fontSize":48}},"p21":{"x":-1.7455461025238,"y":0.6116943359375,"z":-1.19209289550781E-07,"tension":1,"bias":0,"continuity":0,"index":21,"pointType":0,"word":"","text":{"x":-1.2455461025238,"y":0.6116943359375,"z":-1.19209289550781E-07,"font":0,"fontSize":48}},"p22":{"x":-1.95534193515778,"y":0.0493727922439575,"z":-1.19209289550781E-07,"tension":1,"bias":0,"continuity":0,"index":22,"pointType":0,"word":"","text":{"x":-1.45534193515778,"y":0.0493727922439575,"z":-1.19209289550781E-07,"font":0,"fontSize":48}},"p23":{"x":-1.96604669094086,"y":-0.593834161758423,"z":-1.19209289550781E-07,"tension":1,"bias":0,"continuity":0,"index":23,"pointType":0,"word":"","text":{"x":-1.46604669094086,"y":-0.593834161758423,"z":-1.19209289550781E-07,"font":0,"fontSize":48}},"p24":{"x":-1.52823507785797,"y":-0.580321311950684,"z":-1.19209289550781E-07,"tension":1,"bias":0,"continuity":0,"index":24,"pointType":0,"word":"","text":{"x":-1.02823507785797,"y":-0.580321311950684,"z":-1.19209289550781E-07,"font":0,"fontSize":48}},"p25":{"x":-1.53904569149017,"y":0.0574778318405151,"z":-1.19209289550781E-07,"tension":1,"bias":0,"continuity":0,"index":25,"pointType":0,"word":"","text":{"x":-1.03904569149017,"y":0.0574778318405151,"z":-1.19209289550781E-07,"font":0,"fontSize":48}},"p26":{"x":-2.09576845169067,"y":0.208820104598999,"z":-1.19209289550781E-07,"tension":0,"bias":0,"continuity":0,"index":26,"pointType":1,"word":"","text":{"x":-1.59576845169067,"y":0.208820104598999,"z":-1.19209289550781E-07,"font":0,"fontSize":48}},"p27":{"x":-2.66915917396545,"y":0.533296942710876,"z":-1.19209289550781E-07,"tension":1,"bias":0,"continuity":0,"index":27,"pointType":0,"word":"","text":{"x":-2.16915917396545,"y":0.533296942710876,"z":-1.19209289550781E-07,"font":0,"fontSize":48}},"p28":{"x":-2.50373864173889,"y":0.856106877326965,"z":-1.19209289550781E-07,"tension":1,"bias":0,"continuity":0,"index":28,"pointType":2,"word":"","text":{"x":-2.00373864173889,"y":0.856106877326965,"z":-1.19209289550781E-07,"font":0,"fontSize":48}},"p29":{"x":-2.69668126106262,"y":0.95860755443573,"z":-1.19209289550781E-07,"tension":1,"bias":0,"continuity":0,"index":29,"pointType":2,"word":"","text":{"x":-2.19668126106262,"y":0.95860755443573,"z":-1.19209289550781E-07,"font":0,"fontSize":48}},"p30":{"x":-2.88158440589905,"y":0.647085785865784,"z":-1.19209289550781E-07,"tension":1,"bias":0,"continuity":0,"index":30,"pointType":2,"word":"","text":{"x":-2.38158440589905,"y":0.647085785865784,"z":-1.19209289550781E-07,"font":0,"fontSize":48}},"fixedCamera":true,"fov":49,"splineCount":5,"unlockType":0,"speed":1,"time":1,"laps":1,"startSpeed":0,"spline0":{"order":0,"closed":true,"numPoints":4,"type":0,