{"name":"Climbing","pointCount":10,"p0":{"x":1.70528554916382,"y":-0.328285694122314,"z":0,"tension":-0.5,"bias":0,"continuity":0,"index":0,"pointType":2,"word":"","collect":false,"text":{"x":2.20528554916382,"y":-0.328285694122314,"z":0,"font":0,"fontSize":48}},"p1":{"x":2.15270376205444,"y":0.394316434860229,"z":0,"tension":1,"bias":0,"continuity":0,"index":1,"pointType":3,"word":"","collect":false,"text":{"x":2.65270376205444,"y":0.394316434860229,"z":0,"font":0,"fontSize":48}},"p2":{"x":2.00521945953369,"y":1.17888164520264,"z":0,"tension":-0.459999084472656,"bias":0,"continuity":0,"index":2,"pointType":2,"word":"","collect":false,"text":{"x":2.50521945953369,"y":1.17888164520264,"z":0,"font":0,"fontSize":48}},"p3":{"x":1.92345762252808,"y":0.675692081451416,"z":0,"tension":-1,"bias":0,"continuity":0,"index":3,"pointType":2,"word":"","collect":false,"text":{"x":2.42345762252808,"y":0.675692081451416,"z":0,"font":0,"fontSize":48}},"p4":{"x":1.66914701461792,"y":0.439354658126831,"z":0,"tension":-0.5,"bias":0,"continuity":0,"index":4,"pointType":2,"word":"","collect":false,"text":{"x":2.16914701461792,"y":0.439354658126831,"z":0,"font":0,"fontSize":48}},"p5":{"x":1.90804529190063,"y":0.120815515518188,"z":0,"tension":-1,"bias":0,"continuity":0,"index":5,"pointType":2,"word":"","collect":false,"text":{"x":2.40804529190063,"y":0.120815515518188,"z":0,"font":0,"fontSize":48}},"p6":{"x":0.862747669219971,"y":-0.414782047271729,"z":0,"tension":1,"bias":0,"continuity":0,"index":6,"pointType":6,"word":"","collect":false,"text":{"x":1.36274766921997,"y":-0.414782047271729,"z":0,"font":0,"fontSize":48}},"p7":{"x":1.40731477737427,"y":1.40772783756256,"z":0,"tension":-0.0999990701675415,"bias":0,"continuity":0,"index":7,"pointType":2,"word":"","collect":false,"text":{"x":1.90731477737427,"y":1.40772783756256,"z":0,"font":0,"fontSize":48}},"p8":{"x":0.838547229766846,"y":1.12598693370819,"z":0,"tension":-0.5,"bias":0,"continuity":0,"index":8,"pointType":2,"word":"","collect":false,"text":{"x":1.33854722976685,"y":1.12598693370819,"z":0,"font":0,"fontSize":48}},"p9":{"x":0.686807632446289,"y":0.512022495269775,"z":0,"tension":-0.5,"bias":0,"continuity":0,"index":9,"pointType":0,"word":"","collect":false,"text":{"x":1.18680763244629,"y":0.512022495269775,"z":0,"font":0,"fontSize":48}},"splineCount":3,"unlockType":2,"speed":1,"acceleration":0,"maxSpeed":3,"time":1,"laps":1,"startSpeed":0.949999988079071,"text":"","title":"Climbing","forceOrder":false,"camera":{"lockX":false,"lockY":false,"lockZ":false,"x":0,"y":0,"z":0,"setPos":false,"fov":60},"spline0":{"order":0,"closed":false,"numPoints":3,"type":0,"lineTexture":0,"lineWidth":1,"bidirectional":true,"speed":0,"points":{"p0":6,"p1":0,"p2":1}},"spline1":{"order":1,"closed":false,"numPoints":5,"type":0,"lineTexture":3,"lineWidth":1,"bidirectional":true,"speed":2.09999990463257,"points":{"p0":9,"p1":8,"p2":7,"p3":2,"p4":1}},"spline2":{"order":2,"closed":true,"numPoints":4,"type":0,"lineTexture":0,"lineWidth":1,"bidirectional":true,"speed":0,"points":{"p0":5,"p1":4,"p2":3,"p3":1}}}