{"name":"Cloud","pointCount":45,"p0":{"x":0,"y":0,"z":0,"tension":0,"bias":0,"continuity":0,"index":0,"pointType":2,"word":"","text":{"x":0.5,"y":0,"z":0,"font":0,"fontSize":48}},"p1":{"x":0.16812539100647,"y":0.210536241531372,"z":0,"tension":0,"bias":0,"continuity":0,"index":1,"pointType":0,"word":"","text":{"x":0.66812539100647,"y":0.210536241531372,"z":0,"font":0,"fontSize":48}},"p2":{"x":0.191918611526489,"y":0.588223099708557,"z":0,"tension":0,"bias":0,"continuity":0,"index":2,"pointType":2,"word":"","text":{"x":0.691918611526489,"y":0.588223099708557,"z":0,"font":0,"fontSize":48}},"p3":{"x":0.204919815063477,"y":0.736850261688232,"z":0,"tension":0,"bias":0,"continuity":0,"index":3,"pointType":2,"word":"","text":{"x":0.704919815063477,"y":0.736850261688232,"z":0,"font":0,"fontSize":48}},"p4":{"x":0.0891411304473877,"y":0.714282751083374,"z":0,"tension":0,"bias":0,"continuity":0,"index":4,"pointType":2,"word":"","text":{"x":0.589141130447388,"y":0.714282751083374,"z":0,"font":0,"fontSize":48}},"p5":{"x":-0.0519363880157471,"y":0.569048285484314,"z":0,"tension":0,"bias":0,"continuity":0,"index":5,"pointType":2,"word":"","text":{"x":0.448063611984253,"y":0.569048285484314,"z":0,"font":0,"fontSize":48}},"p6":{"x":0.0529980659484863,"y":0.351258039474487,"z":0,"tension":0,"bias":0,"continuity":0,"index":6,"pointType":2,"word":"","text":{"x":0.552998065948486,"y":0.351258039474487,"z":0,"font":0,"fontSize":48}},"p7":{"x":0.395771026611328,"y":0.201353669166565,"z":0,"tension":0,"bias":0,"continuity":0,"index":7,"pointType":2,"word":"","text":{"x":0.895771026611328,"y":0.201353669166565,"z":0,"font":0,"fontSize":48}},"p8":{"x":0.398507833480835,"y":0.336944222450256,"z":0,"tension":0,"bias":0,"continuity":0,"index":8,"pointType":2,"word":"","text":{"x":0.898507833480835,"y":0.336944222450256,"z":0,"font":0,"fontSize":48}},"p9":{"x":0.305049180984497,"y":0.478066802024841,"z":0,"tension":0,"bias":0,"continuity":0,"index":9,"pointType":2,"word":"","text":{"x":0.805049180984497,"y":0.478066802024841,"z":0,"font":0,"fontSize":48}},"p10":{"x":0.272590160369873,"y":0.145410776138306,"z":0,"tension":0,"bias":0,"continuity":0,"index":10,"pointType":2,"word":"","text":{"x":0.772590160369873,"y":0.145410776138306,"z":0,"font":0,"fontSize":48}},"p11":{"x":0.436575412750244,"y":0.0338985919952393,"z":0,"tension":0,"bias":0,"continuity":0,"index":11,"pointType":0,"word":"","text":{"x":0.936575412750244,"y":0.0338985919952393,"z":0,"font":0,"fontSize":48}},"p12":{"x":0.372117042541504,"y":-0.206287860870361,"z":0,"tension":0,"bias":0,"continuity":0,"index":12,"pointType":2,"word":"","text":{"x":0.872117042541504,"y":-0.206287860870361,"z":0,"font":0,"fontSize":48}},"p13":{"x":0.480223894119263,"y":-0.261705875396729,"z":0,"tension":0,"bias":0,"continuity":0,"index":13,"pointType":2,"word":"","text":{"x":0.980223894119263,"y":-0.261705875396729,"z":0,"font":0,"fontSize":48}},"p14":{"x":0.480755805969238,"y":-0.0699234008789063,"z":0,"tension":0,"bias":0,"continuity":0,"index":14,"pointType":0,"word":"","text":{"x":0.980755805969238,"y":-0.0699234008789063,"z":0,"font":0,"fontSize":48}},"p15":{"x":-0.299452781677246,"y":-0.0968337059020996,"z":0,"tension":0,"bias":0,"continuity":0,"index":15,"pointType":2,"word":"","text":{"x":0.200547218322754,"y":-0.0968337059020996,"z":0,"font":0,"fontSize":48}},"p16":{"x":-0.303343057632446,"y":-0.260152578353882,"z":0,"tension":0,"bias":0,"continuity":0,"index":16,"pointType":2,"word":"","text":{"x":0.196656942367554,"y":-0.260152578353882,"z":0,"font":0,"fontSize":48}},"p17":{"x":-0.477926731109619,"y":-0.461687564849854,"z":0,"tension":0,"bias":0,"continuity":0,"index":17,"pointType":2,"word":"","text":{"x":0.0220732688903809,"y":-0.461687564849854,"z":0,"font":0,"fontSize":48}},"p18":{"x":-0.19768500328064,"y":-0.579893112182617,"z":0,"tension":0,"bias":0,"continuity":0,"index":18,"pointType":2,"word":"","text":{"x":0.30231499671936,"y":-0.579893112182617,"z":0,"font":0,"fontSize":48}},"p19":{"x":-0.0791904926300049,"y":-0.369463443756104,"z":0,"tension":0,"bias":0,"continuity":0,"index":19,"pointType":2,"word":"","text":{"x":0.420809507369995,"y":-0.369463443756104,"z":0,"font":0,"fontSize":48}},"p20":{"x":-0.204853773117065,"y":0.372375965118408,"z":0,"tension":0,"bias":0,"continuity":0,"index":20,"pointType":2,"word":"","text":{"x":0.295146226882935,"y":0.372375965118408,"z":0,"font":0,"fontSize":48}},"p21":{"x":-0.429305553436279,"y":0.664535880088806,"z":0,"tension":0,"bias":0,"continuity":0,"index":21,"pointType":2,"word":"","text":{"x":0.0706944465637207,"y":0.664535880088806,"z":0,"font":0,"fontSize":48}},"p22":{"x":-0.574547529220581,"y":0.48129940032959,"z":0,"tension":0,"bias":0,"continuity":0,"index":22,"pointType":2,"word":"","text":{"x":-0.0745475292205811,"y":0.48129940032959,"z":0,"font":0,"fontSize":48}},"p23":{"x":-0.524733304977417,"y":0.307312607765198,"z":0,"tension":0,"bias":0,"continuity":0,"index":23,"pointType":2,"word":"","text":{"x":-0.024733304977417,"y":0.307312607765198,"z":0,"font":0,"fontSize":48}},"p24":{"x":-0.384558439254761,"y":0.0438035726547241,"z":0,"tension":0,"bias":0,"continuity":0,"index":24,"pointType":2,"word":"","text":{"x":0.115441560745239,"y":0.0438035726547241,"z":0,"font":0,"fontSize":48}},"p25":{"x":0.166502952575684,"y":-0.219449520111084,"z":0,"tension":0,"bias":0,"continuity":0,"index":25,"pointType":2,"word":"","text":{"x":0.666502952575684,"y":-0.219449520111084,"z":0,"font":0,"fontSize":48}},"p26":{"x":0.824265956878662,"y":-0.120060443878174,"z":0,"tension":0,"bias":0,"continuity":0,"index":26,"pointType":2,"word":"","text":{"x":1.32426595687866,"y":-0.120060443878174,"z":0,"font":0,"fontSize":48}},"p27":{"x":1.02966785430908,"y":0.11381983757019,"z":0,"tension":0,"bias":0,"continuity":0,"index":27,"pointType":2,"word":"","text":{"x":1.52966785430908,"y":0.11381983757019,"z":0,"font":0,"fontSize":48}},"p28":{"x":0.922497749328613,"y":0.562010765075684,"z":0,"tension":0,"bias":0,"continuity":0,"index":28,"pointType":2,"word":"","text":{"x":1.42249774932861,"y":0.562010765075684,"z":0,"font":0,"fontSize":48}},"p29":{"x":0.588362693786621,"y":0.528757333755493,"z":0,"tension":0,"bias":0,"continuity":0,"index":29,"pointType":2,"word":"","text":{"x":1.08836269378662,"y":0.528757333755493,"z":0,"font":0,"fontSize":48}},"p30":{"x":0.134929418563843,"y":0.455986142158508,"z":0,"tension":0,"bias":0,"continuity":0,"index":30,"pointType":2,"word":"","text":{"x":0.634929418563843,"y":0.455986142158508,"z":0,"font":0,"fontSize":48}},"p31":{"x":-0.0138928890228271,"y":0.247715830802917,"z":0,"tension":0,"bias":0,"continuity":0,"index":31,"pointType":2,"word":"","text":{"x":0.486107110977173,"y":0.247715830802917,"z":0,"font":0,"fontSize":48}},"p32":{"x":0.0527553558349609,"y":-0.0963664054870605,"z":0,"tension":0,"bias":0,"continuity":0,"index":32,"pointType":2,"word":"","text":{"x":0.552755355834961,"y":-0.0963664054870605,"z":0,"font":0,"fontSize":48}},"p33":{"x":0.321561813354492,"y":-0.306872606277466,"z":0,"tension":0,"bias":0,"continuity":0,"index":33,"pointType":2,"word":"","text":{"x":0.821561813354492,"y":-0.306872606277466,"z":0,"font":0,"fontSize":48}},"p34":{"x":-0.236051321029663,"y":0.220646858215332,"z":0,"tension":0,"bias":0,"continuity":0,"index":34,"pointType":2,"word":"","text":{"x":0.263948678970337,"y":0.220646858215332,"z":0,"font":0,"fontSize":48}},"p35":{"x":-0.72350811958313,"y":-0.139145851135254,"z":0,"tension":0,"bias":0,"continuity":0,"index":35,"pointType":2,"word":"","text":{"x":-0.22350811958313,"y":-0.139145851135254,"z":0,"font":0,"fontSize":48}},"p36":{"x":-0.626162052154541,"y":-0.569380283355713,"z":0,"tension":0,"bias":0,"continuity":0,"index":36,"pointType":2,"word":"","text":{"x":-0.126162052154541,"y":-0.569380283355713,"z":0,"font":0,"fontSize":48}},"p37":{"x":-0.231703042984009,"y":-0.70132303237915,"z":0,"tension":0,"bias":0,"continuity":0,"index":37,"pointType":2,"word":"","text":{"x":0.268296957015991,"y":-0.70132303237915,"z":0,