{"name":"Coccoon","pointCount":30,"p0":{"x":-0.264404058456421,"y":0.814741492271423,"z":0,"tension":0,"bias":0,"continuity":0,"index":0,"pointType":2,"word":"","text":{"x":0.235595941543579,"y":0.814741492271423,"z":0,"font":0,"fontSize":48}},"p1":{"x":-0.049224853515625,"y":0.87126350402832,"z":0,"tension":0,"bias":0,"continuity":0,"index":1,"pointType":2,"word":"","text":{"x":0.450775146484375,"y":0.87126350402832,"z":0,"font":0,"fontSize":48}},"p2":{"x":-0.0531911849975586,"y":0.666002511978149,"z":0,"tension":0,"bias":0,"continuity":0,"index":2,"pointType":2,"word":"","text":{"x":0.446808815002441,"y":0.666002511978149,"z":0,"font":0,"fontSize":48}},"p3":{"x":-0.32092547416687,"y":0.615427136421204,"z":0,"tension":0,"bias":0,"continuity":0,"index":3,"pointType":6,"word":"","text":{"x":0.17907452583313,"y":0.615427136421204,"z":0,"font":0,"fontSize":48}},"p4":{"x":-0.194991111755371,"y":0.553447127342224,"z":0,"tension":0,"bias":0,"continuity":0,"index":4,"pointType":2,"word":"","text":{"x":0.305008888244629,"y":0.553447127342224,"z":0,"font":0,"fontSize":48}},"p5":{"x":-0.267378807067871,"y":0.655581831932068,"z":0,"tension":0,"bias":0,"continuity":0,"index":5,"pointType":2,"word":"","text":{"x":0.232621192932129,"y":0.655581831932068,"z":0,"font":0,"fontSize":48}},"p6":{"x":0.061424732208252,"y":0.920381784439087,"z":0,"tension":0,"bias":0,"continuity":0,"index":6,"pointType":2,"word":"","text":{"x":0.561424732208252,"y":0.920381784439087,"z":0,"font":0,"fontSize":48}},"p7":{"x":0.0340700149536133,"y":0.657565355300903,"z":0,"tension":0,"bias":0,"continuity":0,"index":7,"pointType":2,"word":"","text":{"x":0.534070014953613,"y":0.657565355300903,"z":0,"font":0,"fontSize":48}},"p8":{"x":-0.247050046920776,"y":0.349459648132324,"z":0,"tension":0,"bias":0,"continuity":0,"index":8,"pointType":2,"word":"","text":{"x":0.252949953079224,"y":0.349459648132324,"z":0,"font":0,"fontSize":48}},"p9":{"x":-0.324791431427002,"y":0.493975877761841,"z":0,"tension":0,"bias":0,"continuity":0,"index":9,"pointType":2,"word":"","text":{"x":0.175208568572998,"y":0.493975877761841,"z":0,"font":0,"fontSize":48}},"p10":{"x":0.0824041366577148,"y":0.871371269226074,"z":0,"tension":0,"bias":0,"continuity":0,"index":10,"pointType":2,"word":"","text":{"x":0.582404136657715,"y":0.871371269226074,"z":0,"font":0,"fontSize":48}},"p11":{"x":0.26833438873291,"y":0.708277940750122,"z":0,"tension":0,"bias":0,"continuity":0,"index":11,"pointType":2,"word":"","text":{"x":0.76833438873291,"y":0.708277940750122,"z":0,"font":0,"fontSize":48}},"p12":{"x":0.139487266540527,"y":0.460368394851685,"z":0,"tension":0,"bias":0,"continuity":0,"index":12,"pointType":2,"word":"","text":{"x":0.639487266540527,"y":0.460368394851685,"z":0,"font":0,"fontSize":48}},"p13":{"x":-0.344908714294434,"y":0.60389256477356,"z":0,"tension":0,"bias":0,"continuity":0,"index":13,"pointType":2,"word":"","text":{"x":0.155091285705566,"y":0.60389256477356,"z":0,"font":0,"fontSize":48}},"p14":{"x":-0.375897169113159,"y":0.78004002571106,"z":0,"tension":0,"bias":0,"continuity":0,"index":14,"pointType":2,"word":"","text":{"x":0.124102830886841,"y":0.78004002571106,"z":0,"font":0,"fontSize":48}},"p15":{"x":0.00248622894287109,"y":1.04588615894318,"z":0,"tension":0,"bias":0,"continuity":0,"index":15,"pointType":2,"word":"","text":{"x":0.502486228942871,"y":1.04588615894318,"z":0,"font":0,"fontSize":48}},"p16":{"x":0.305846214294434,"y":0.848536491394043,"z":0,"tension":0,"bias":0,"continuity":0,"index":16,"pointType":2,"word":"","text":{"x":0.805846214294434,"y":0.848536491394043,"z":0,"font":0,"fontSize":48}},"p17":{"x":-0.13288402557373,"y":0.303797960281372,"z":0,"tension":0,"bias":0,"continuity":0,"index":17,"pointType":2,"word":"","text":{"x":0.36711597442627,"y":0.303797960281372,"z":0,"font":0,"fontSize":48}},"p18":{"x":-0.282933235168457,"y":0.488093495368958,"z":0,"tension":0,"bias":0,"continuity":0,"index":18,"pointType":2,"word":"","text":{"x":0.217066764831543,"y":0.488093495368958,"z":0,"font":0,"fontSize":48}},"p19":{"x":-0.134514808654785,"y":0.749049305915833,"z":0,"tension":0,"bias":0,"continuity":0,"index":19,"pointType":2,"word":"","text":{"x":0.365485191345215,"y":0.749049305915833,"z":0,"font":0,"fontSize":48}},"p20":{"x":0.566498279571533,"y":1.25319218635559,"z":0,"tension":-0.879999101161957,"bias":0,"continuity":0,"index":20,"pointType":2,"word":"","text":{"x":1.06649827957153,"y":1.25319218635559,"z":0,"font":0,"fontSize":48}},"p21":{"x":1.18808221817017,"y":0.936375617980957,"z":0,"tension":0,"bias":0,"continuity":0,"index":21,"pointType":0,"word":"","text":{"x":1.68808221817017,"y":0.936375617980957,"z":0,"font":0,"fontSize":48}},"p22":{"x":0.649405479431152,"y":0.452081918716431,"z":0,"tension":0,"bias":0,"continuity":0,"index":22,"pointType":2,"word":"","text":{"x":1.14940547943115,"y":0.452081918716431,"z":0,"font":0,"fontSize":48}},"p23":{"x":-0.761551856994629,"y":1.02629673480988,"z":0,"tension":0,"bias":0,"continuity":0,"index":23,"pointType":2,"word":"","text":{"x":-0.261551856994629,"y":1.02629673480988,"z":0,"font":0,"fontSize":48}},"p24":{"x":0.273131370544434,"y":1.53894996643066,"z":0,"tension":0,"bias":0,"continuity":0,"index":24,"pointType":2,"word":"","text":{"x":0.773131370544434,"y":1.53894996643066,"z":0,"font":0,"fontSize":48}},"p25":{"x":0.383976459503174,"y":0.352124929428101,"z":0,"tension":0,"bias":0,"continuity":0,"index":25,"pointType":2,"word":"","text":{"x":0.883976459503174,"y":0.352124929428101,"z":0,"font":0,"fontSize":48}},"p26":{"x":0.797780990600586,"y":0.138658881187439,"z":0,"tension":0,"bias":0,"continuity":0,"index":26,"pointType":2,"word":"","text":{"x":1.29778099060059,"y":0.138658881187439,"z":0,"font":0,"fontSize":48}},"p27":{"x":0.96903133392334,"y":0.633570313453674,"z":0,"tension":0,"bias":0,"continuity":0,"index":27,"pointType":2,"word":"","text":{"x":1.46903133392334,"y":0.633570313453674,"z":0,"font":0,"fontSize":48}},"p28":{"x":-0.32704758644104,"y":1.12007737159729,"z":0,"tension":0,"bias":0,"continuity":0,"index":28,"pointType":2,"word":"","text":{"x":0.17295241355896,"y":1.12007737159729,"z":0,"font":0,"fontSize":48}},"p29":{"x":-1.17730069160461,"y":0.91689133644104,"z":0,"tension":0,"bias":0,"continuity":0,"index":29,"pointType":7,"word":"","text":{"x":-0.677300691604614,"y":0.91689133644104,"z":0,"font":0,"fontSize":48}},"splineCount":4,"unlockType":0,"speed":1,"acceleration":1,"time":1,"laps":1,"startSpeed":1,"text":"","title":"","forceOrder":true,"camera":{"lockX":true,"lockY":true,"lockZ":true,"x":0.0619438588619232,"y":0.800587713718414,"z":-2,"setPos":true,"fixCam":false,"fov":51},"spline0":{"order":0,"closed":true,"numPoints":4,"type":0,"lineTexture":0,"lineWidth":1,"bidirectional":true,"speed":0,"points":{"p0":0,"p1":1,"p2":2,"p3":3}},"spline1":{"order":1,"closed":false,"numPoints":7,"type":0,"lineTexture":0,"lineWidth":1,"bidirectional":true,"speed":0,"points":{"p0":2,"p1":4,"p2":5,"p3":6,"p4":7,"p5":8,"p6":9}},"spline2":{"order":2,"closed":false,"numPoints":9,"type":0,"lineTexture":0,"lineWidth":1,"bidirectional":true,"speed":0,"points":{"p0":9,"p1":5,"p2":10,"p3":11,"p4":12,"p5":13,"p6":14,"p7":15,"p8":16}},"spline3":{"order":3,"closed":false,"numPoints":16,"type":0,"lineTexture":0,"lineWidth":1,"bidirectional":true,"speed":0,"points":{"p0":16,"p1":11,"p2":17,"p3":18,"p4":19,"p5":6,"p6":20,"p7":21,"p8":22,"p9":23,"p10":24,"p11":25,"p12":26,"p13":27,"p14":28,"p15":29}}}