{"name":"cocoon1","pointCount":22,"p0":{"x":-6.07158422470093,"y":1.0045919418335,"z":-1.19209289550781E-07,"tension":0,"bias":0,"continuity":0,"index":0,"pointType":0,"word":"","text":{"x":-5.57158422470093,"y":1.0045919418335,"z":-1.19209289550781E-07,"font":0,"fontSize":48}},"p1":{"x":-5.67001867294312,"y":0.599343776702881,"z":-1.19209289550781E-07,"tension":-0.236839383840561,"bias":-0.0370220504701138,"continuity":0,"index":1,"pointType":2,"word":"","text":{"x":-5.17001867294312,"y":0.599343776702881,"z":-1.19209289550781E-07,"font":0,"fontSize":48}},"p2":{"x":-4.99160766601563,"y":1.27297925949097,"z":-1.19209289550781E-07,"tension":-1,"bias":-0.0157309882342815,"continuity":0,"index":2,"pointType":2,"word":"","text":{"x":-4.49160766601563,"y":1.27297925949097,"z":-1.19209289550781E-07,"font":0,"fontSize":48}},"p3":{"x":-5.69652128219604,"y":1.269775390625,"z":-1.19209289550781E-07,"tension":-1,"bias":-0.00407936563715339,"continuity":0,"index":3,"pointType":2,"word":"","text":{"x":-5.19652128219604,"y":1.269775390625,"z":-1.19209289550781E-07,"font":0,"fontSize":48}},"p4":{"x":-4.9976863861084,"y":0.209364295005798,"z":-1.19209289550781E-07,"tension":-0.999996662139893,"bias":0.0169062875211239,"continuity":0,"index":4,"pointType":2,"word":"","text":{"x":-4.4976863861084,"y":0.209364295005798,"z":-1.19209289550781E-07,"font":0,"fontSize":48}},"p5":{"x":-4.38536262512207,"y":1.14054524898529,"z":-1.19209289550781E-07,"tension":-0.0528736747801304,"bias":0.00244920654222369,"continuity":0,"index":5,"pointType":2,"word":"","text":{"x":-3.88536262512207,"y":1.14054524898529,"z":-1.19209289550781E-07,"font":0,"fontSize":48}},"p6":{"x":-5.69939613342285,"y":1.97444307804108,"z":-1.19209289550781E-07,"tension":-0.485803246498108,"bias":-0.391348600387573,"continuity":0,"index":6,"pointType":2,"word":"","text":{"x":-5.19939613342285,"y":1.97444307804108,"z":-1.19209289550781E-07,"font":0,"fontSize":48}},"p7":{"x":-6.37900686264038,"y":1.3530832529068,"z":-1.19209289550781E-07,"tension":-0.269382774829865,"bias":-0.050432950258255,"continuity":0,"index":7,"pointType":2,"word":"","text":{"x":-5.87900686264038,"y":1.3530832529068,"z":-1.19209289550781E-07,"font":0,"fontSize":48}},"p8":{"x":-6.59048128128052,"y":0.677006721496582,"z":-1.19209289550781E-07,"tension":0,"bias":0,"continuity":0,"index":8,"pointType":2,"word":"","text":{"x":-6.09048128128052,"y":0.677006721496582,"z":-1.19209289550781E-07,"font":0,"fontSize":48}},"p9":{"x":-6.10985803604126,"y":0.148319959640503,"z":-1.19209289550781E-07,"tension":0,"bias":0,"continuity":0,"index":9,"pointType":0,"word":"","text":{"x":-5.60985803604126,"y":0.148319959640503,"z":-1.19209289550781E-07,"font":0,"fontSize":48}},"p10":{"x":-4.91470861434937,"y":2.43608784675598,"z":-1.19209289550781E-07,"tension":0,"bias":0,"continuity":0,"index":10,"pointType":6,"word":"","text":{"x":-4.41470861434937,"y":2.43608784675598,"z":-1.19209289550781E-07,"font":0,"fontSize":48}},"p11":{"x":-5.04530143737793,"y":1.79659855365753,"z":-1.19209289550781E-07,"tension":0,"bias":0,"continuity":0,"index":11,"pointType":2,"word":"","text":{"x":-4.54530143737793,"y":1.79659855365753,"z":-1.19209289550781E-07,"font":0,"fontSize":48}},"p12":{"x":-6.22451543807983,"y":2.83136487007141,"z":-1.19209289550781E-07,"tension":0,"bias":0,"continuity":0,"index":12,"pointType":2,"word":"","text":{"x":-5.72451543807983,"y":2.83136487007141,"z":-1.19209289550781E-07,"font":0,"fontSize":48}},"p13":{"x":-6.82394409179688,"y":2.44495987892151,"z":-1.19209289550781E-07,"tension":0,"bias":0,"continuity":0,"index":13,"pointType":2,"word":"","text":{"x":-6.32394409179688,"y":2.44495987892151,"z":-1.19209289550781E-07,"font":0,"fontSize":48}},"p14":{"x":-3.61671352386475,"y":0.873393774032593,"z":-1.19209289550781E-07,"tension":0,"bias":0,"continuity":0,"index":14,"pointType":0,"word":"","text":{"x":-3.11671352386475,"y":0.873393774032593,"z":-1.19209289550781E-07,"font":0,"fontSize":48}},"p15":{"x":-3.62594223022461,"y":2.88961315155029,"z":-1.19209289550781E-07,"tension":0,"bias":0,"continuity":0,"index":15,"pointType":0,"word":"","text":{"x":-3.12594223022461,"y":2.88961315155029,"z":-1.19209289550781E-07,"font":0,"fontSize":48}},"p16":{"x":-4.61168384552002,"y":3.71416568756104,"z":-1.19209289550781E-07,"tension":0,"bias":0,"continuity":0,"index":16,"pointType":2,"word":"","text":{"x":-4.11168384552002,"y":3.71416568756104,"z":-1.19209289550781E-07,"font":0,"fontSize":48}},"p17":{"x":-5.32652282714844,"y":3.21441125869751,"z":-1.19209289550781E-07,"tension":0,"bias":0,"continuity":0,"index":17,"pointType":2,"word":"","text":{"x":-4.82652282714844,"y":3.21441125869751,"z":-1.19209289550781E-07,"font":0,"fontSize":48}},"p18":{"x":-4.80146408081055,"y":2.01246976852417,"z":-1.19209289550781E-07,"tension":0,"bias":0,"continuity":0,"index":18,"pointType":2,"word":"","text":{"x":-4.30146408081055,"y":2.01246976852417,"z":-1.19209289550781E-07,"font":0,"fontSize":48}},"p19":{"x":-3.93480157852173,"y":1.19008910655975,"z":-1.19209289550781E-07,"tension":0,"bias":0,"continuity":0,"index":19,"pointType":2,"word":"","text":{"x":-3.43480157852173,"y":1.19008910655975,"z":-1.19209289550781E-07,"font":0,"fontSize":48}},"p20":{"x":-2.84040307998657,"y":0.886440753936768,"z":-1.19209289550781E-07,"tension":-0.852161824703217,"bias":0.501630187034607,"continuity":0,"index":20,"pointType":2,"word":"","text":{"x":-2.34040307998657,"y":0.886440753936768,"z":-1.19209289550781E-07,"font":0,"fontSize":48}},"p21":{"x":-6.61070156097412,"y":3.48642921447754,"z":-1.19209289550781E-07,"tension":0,"bias":0,"continuity":0,"index":21,"pointType":7,"word":"","text":{"x":-6.11070156097412,"y":3.48642921447754,"z":-1.19209289550781E-07,"font":0,"fontSize":48}},"fixedCamera":false,"fov":72,"splineCount":6,"unlockType":0,"speed":0,"time":0,"laps":0,"startSpeed":0.985110461711884,"spline0":{"order":0,"closed":false,"numPoints":2,"type":0,"lineTexture":0,"points":{"p0":10,"p1":6}},"spline1":{"order":1,"closed":true,"numPoints":8,"type":0,"lineTexture":0,"points":{"p0":0,"p1":1,"p2":2,"p3":3,"p4":4,"p5":5,"p6":6}},"spline2":{"order":2,"closed":false,"numPoints":5,"type":0,"lineTexture":3,"points":{"p0":6,"p1":7,"p2":8,"p3":9,"p4":4}},"spline3":{"order":3,"closed":false,"numPoints":8,"type":0,"lineTexture":1,"points":{"p0":2,"p1":11,"p2":12,"p3":13,"p4":0,"p5":14,"p6":15,"p7":10}},"spline4":{"order":4,"closed":true,"numPoints":6,"type":0,"lineTexture":0,"points":{"p0":15,"p1":16,"p2":17,"p3":18,"p4":19,"p5":20}},"spline5":{"order":5,"closed":false,"numPoints":2,"type":0,"lineTexture":0,"points":{"p0":21}}}