{"name":"cocoon1","pointCount":26,"p0":{"x":-4.2943868637085,"y":2.11294841766357,"z":-1.19209289550781E-07,"tension":0,"bias":0,"continuity":0,"index":0,"pointType":0,"word":"","text":{"x":-3.7943868637085,"y":2.11294841766357,"z":-1.19209289550781E-07,"font":0,"fontSize":48}},"p1":{"x":-2.48933982849121,"y":1.80786919593811,"z":-1.19209289550781E-07,"tension":0,"bias":0,"continuity":0,"index":1,"pointType":0,"word":"","text":{"x":-1.98933982849121,"y":1.80786919593811,"z":-1.19209289550781E-07,"font":0,"fontSize":48}},"p2":{"x":-1.82431209087372,"y":1.34126198291779,"z":-1.19209289550781E-07,"tension":0,"bias":0,"continuity":0,"index":2,"pointType":6,"word":"","text":{"x":-1.32431209087372,"y":1.34126198291779,"z":-1.19209289550781E-07,"font":0,"fontSize":48}},"p3":{"x":-3.59086084365845,"y":1.32394313812256,"z":-1.19209289550781E-07,"tension":0,"bias":0,"continuity":0,"index":3,"pointType":0,"word":"","text":{"x":-3.09086084365845,"y":1.32394313812256,"z":-1.19209289550781E-07,"font":0,"fontSize":48}},"p4":{"x":-5.1452488899231,"y":1.934441447258,"z":-1.19209289550781E-07,"tension":0,"bias":0,"continuity":0,"index":4,"pointType":0,"word":"","text":{"x":-4.6452488899231,"y":1.934441447258,"z":-1.19209289550781E-07,"font":0,"fontSize":48}},"p5":{"x":-4.39019584655762,"y":-0.120841503143311,"z":-1.19209289550781E-07,"tension":-0.837065517902374,"bias":-0.426375806331635,"continuity":0,"index":5,"pointType":2,"word":"","text":{"x":-3.89019584655762,"y":-0.120841503143311,"z":-1.19209289550781E-07,"font":0,"fontSize":48}},"p6":{"x":-5.72977018356323,"y":0.817359447479248,"z":-1.19209289550781E-07,"tension":0,"bias":0,"continuity":0,"index":6,"pointType":0,"word":"","text":{"x":-5.22977018356323,"y":0.817359447479248,"z":-1.19209289550781E-07,"font":0,"fontSize":48}},"p7":{"x":-5.69080209732056,"y":1.96907949447632,"z":-1.19209289550781E-07,"tension":0,"bias":0,"continuity":0,"index":7,"pointType":0,"word":"","text":{"x":-5.19080209732056,"y":1.96907949447632,"z":-1.19209289550781E-07,"font":0,"fontSize":48}},"p8":{"x":-5.2578239440918,"y":2.37607789039612,"z":-1.19209289550781E-07,"tension":0,"bias":0,"continuity":0,"index":8,"pointType":0,"word":"","text":{"x":-4.7578239440918,"y":2.37607789039612,"z":-1.19209289550781E-07,"font":0,"fontSize":48}},"p9":{"x":-4.47554683685303,"y":0.937762022018433,"z":-1.19209289550781E-07,"tension":0,"bias":0,"continuity":0,"index":9,"pointType":0,"word":"","text":{"x":-3.97554683685303,"y":0.937762022018433,"z":-1.19209289550781E-07,"font":0,"fontSize":48}},"p10":{"x":-1.29107904434204,"y":0.992233037948608,"z":-1.19209289550781E-07,"tension":0,"bias":0,"continuity":0,"index":10,"pointType":0,"word":"","text":{"x":-0.791079044342041,"y":0.992233037948608,"z":-1.19209289550781E-07,"font":0,"fontSize":48}},"p11":{"x":-2.04999995231628,"y":0.0758442878723145,"z":-1.19209289550781E-07,"tension":0,"bias":0,"continuity":0,"index":11,"pointType":0,"word":"","text":{"x":-1.54999995231628,"y":0.0758442878723145,"z":-1.19209289550781E-07,"font":0,"fontSize":48}},"p12":{"x":-2.71646595001221,"y":1.11719536781311,"z":-1.19209289550781E-07,"tension":0,"bias":0,"continuity":0,"index":12,"pointType":0,"word":"","text":{"x":-2.21646595001221,"y":1.11719536781311,"z":-1.19209289550781E-07,"font":0,"fontSize":48}},"p13":{"x":-4.20963382720947,"y":-1.04643082618713,"z":-1.19209289550781E-07,"tension":-0.999998271465302,"bias":0.202246651053429,"continuity":0,"index":13,"pointType":0,"word":"","text":{"x":-3.70963382720947,"y":-1.04643082618713,"z":-1.19209289550781E-07,"font":0,"fontSize":48}},"p14":{"x":-3.46599006652832,"y":-3.14954900741577,"z":-1.19209289550781E-07,"tension":0,"bias":0,"continuity":0,"index":14,"pointType":0,"word":"","text":{"x":-2.96599006652832,"y":-3.14954900741577,"z":-1.19209289550781E-07,"font":0,"fontSize":48}},"p15":{"x":-0.495669364929199,"y":-1.16568279266357,"z":-1.19209289550781E-07,"tension":1,"bias":0.999989330768585,"continuity":0,"index":15,"pointType":0,"word":"","text":{"x":0.00433063507080078,"y":-1.16568279266357,"z":-1.19209289550781E-07,"font":0,"fontSize":48}},"p16":{"x":-2.70488524436951,"y":-2.46315956115723,"z":-1.19209289550781E-07,"tension":-0.99998152256012,"bias":0.127456411719322,"continuity":0,"index":16,"pointType":0,"word":"","text":{"x":-2.20488524436951,"y":-2.46315956115723,"z":-1.19209289550781E-07,"font":0,"fontSize":48}},"p17":{"x":-6.1370735168457,"y":-1.6562967300415,"z":-1.19209289550781E-07,"tension":0,"bias":0,"continuity":0,"index":17,"pointType":0,"word":"","text":{"x":-5.6370735168457,"y":-1.6562967300415,"z":-1.19209289550781E-07,"font":0,"fontSize":48}},"p18":{"x":-1.24682331085205,"y":-3.78328323364258,"z":-1.19209289550781E-07,"tension":0,"bias":0,"continuity":0,"index":18,"pointType":0,"word":"","text":{"x":-0.746823310852051,"y":-3.78328323364258,"z":-1.19209289550781E-07,"font":0,"fontSize":48}},"p19":{"x":0.776809215545654,"y":-2.79906177520752,"z":-1.19209289550781E-07,"tension":-1,"bias":0.049360241740942,"continuity":0,"index":19,"pointType":0,"word":"","text":{"x":1.27680921554565,"y":-2.79906177520752,"z":-1.19209289550781E-07,"font":0,"fontSize":48}},"p20":{"x":-0.906484603881836,"y":-2.62429332733154,"z":-1.19209289550781E-07,"tension":0,"bias":0,"continuity":0,"index":20,"pointType":0,"word":"","text":{"x":-0.406484603881836,"y":-2.62429332733154,"z":-1.19209289550781E-07,"font":0,"fontSize":48}},"p21":{"x":-5.56084060668945,"y":-3.84767150878906,"z":-1.19209289550781E-07,"tension":0,"bias":0,"continuity":0,"index":21,"pointType":0,"word":"","text":{"x":-5.06084060668945,"y":-3.84767150878906,"z":-1.19209289550781E-07,"font":0,"fontSize":48}},"p22":{"x":-6.87620162963867,"y":-3.84767055511475,"z":-1.19209289550781E-07,"tension":-1,"bias":0.0323840342462063,"continuity":0,"index":22,"pointType":0,"word":"","text":{"x":-6.37620162963867,"y":-3.84767055511475,"z":-1.19209289550781E-07,"font":0,"fontSize":48}},"p23":{"x":-6.31510353088379,"y":-2.30235195159912,"z":-1.19209289550781E-07,"tension":0,"bias":0,"continuity":0,"index":23,"pointType":0,"word":"","text":{"x":-5.81510353088379,"y":-2.30235195159912,"z":-1.19209289550781E-07,"font":0,"fontSize":48}},"p24":{"x":-6.9037971496582,"y":-2.39433479309082,"z":-1.19209289550781E-07,"tension":0,"bias":0,"continuity":0,"index":24,"pointType":0,"word":"","text":{"x":-6.4037971496582,"y":-2.39433479309082,"z":-1.19209289550781E-07,"font":0,"fontSize":48}},"p25":{"x":-6.62784767150879,"y":-1.44690728187561,"z":-1.19209289550781E-07,"tension":0,"bias":0,"continuity":0,"index":25,"pointType":0,"word":"","text":{"x":-6.12784767150879,"y":-1.44690728187561,"z":-1.19209289550781E-07,"font":0,"fontSize":48}},"fixedCamera":false,"fov":72,"splineCount":6,"unlockType":0,"speed":0,"time":0,"laps":0,"startSpeed":0.985110461711884,"spline0":{"order":0,"closed":true,"numPoints":5,"type":0,"lineTexture":0,"points":{"p0":0,"p1":1,"p2":2,"p3":3,"p4":4}},"spline1":{"order":1,"closed":false,"numPoints":6,"type":0,"lineTexture":0,"points":{"p0":4,"p1":8,"p2":7,"p3":6,"p4":5,"p5":9}},"spline2":{"order":2,"closed":true,"numPoints":4,"type":0,"lineTexture":0,"points":{"p0":10,"p1":11,"p2":9,"p3":12}},"spline3":{"order":3,"closed":false,"numPoints":7,"type":0,"lineTexture":0,"points":{"p0":9,"p1":13,"p2":14,"p3":18,"p4":19,"p5":20,"p6":21}},"spline4":{"order":4,"closed":false,"numPoints":6,"type":0,"lineTexture":0,"points":{"p0":21,"p1":22,"p2":23,"p3":24,"p4":25,"p5":17}},"spline5":{"order":5,"closed":false,"numPoints":3,"type":0,"lineTexture":0,"points":{"p0":17,"p1":16,"p2":15}}}