{"name":"cocoon","pointCount":29,"p0":{"x":-2.53344202041626,"y":-0.194546937942505,"z":-1.19209289550781E-07,"tension":0.0152249010279775,"bias":0.0104638496413827,"continuity":0,"index":0,"pointType":2,"word":"","text":{"x":-2.03344202041626,"y":-0.194546937942505,"z":-1.19209289550781E-07,"font":0,"fontSize":48}},"p1":{"x":-1.94536888599396,"y":0.236288189888,"z":-1.19209289550781E-07,"tension":0.116372406482697,"bias":-0.135615557432175,"continuity":0,"index":1,"pointType":0,"word":"","text":{"x":-1.44536888599396,"y":0.236288189888,"z":-1.19209289550781E-07,"font":0,"fontSize":48}},"p2":{"x":-1.59635066986084,"y":-0.0163493156433105,"z":-1.19209289550781E-07,"tension":-0.139825403690338,"bias":0.726859748363495,"continuity":0,"index":2,"pointType":0,"word":"","text":{"x":-1.09635066986084,"y":-0.0163493156433105,"z":-1.19209289550781E-07,"font":0,"fontSize":48}},"p3":{"x":-1.409512758255,"y":-0.903022050857544,"z":-1.19209289550781E-07,"tension":0,"bias":0,"continuity":0,"index":3,"pointType":2,"word":"","text":{"x":-0.909512758255005,"y":-0.903022050857544,"z":-1.19209289550781E-07,"font":0,"fontSize":48}},"p4":{"x":-2.42144298553467,"y":-0.899867296218872,"z":-1.19209289550781E-07,"tension":0,"bias":0,"continuity":0,"index":4,"pointType":0,"word":"","text":{"x":-1.92144298553467,"y":-0.899867296218872,"z":-1.19209289550781E-07,"font":0,"fontSize":48}},"p5":{"x":-0.956093788146973,"y":-0.881470680236816,"z":-1.19209289550781E-07,"tension":0,"bias":0,"continuity":0,"index":5,"pointType":2,"word":"","text":{"x":-0.456093788146973,"y":-0.881470680236816,"z":-1.19209289550781E-07,"font":0,"fontSize":48}},"p6":{"x":-1.21152639389038,"y":-1.43288087844849,"z":-1.19209289550781E-07,"tension":0,"bias":0,"continuity":0,"index":6,"pointType":0,"word":"","text":{"x":-0.711526393890381,"y":-1.43288087844849,"z":-1.19209289550781E-07,"font":0,"fontSize":48}},"p7":{"x":-1.96160650253296,"y":-1.347736120224,"z":-1.19209289550781E-07,"tension":0,"bias":0,"continuity":0,"index":7,"pointType":2,"word":"","text":{"x":-1.46160650253296,"y":-1.347736120224,"z":-1.19209289550781E-07,"font":0,"fontSize":48}},"p8":{"x":-2.03699684143066,"y":-0.226417303085327,"z":-1.19209289550781E-07,"tension":-0.219973683357239,"bias":-0.0993243753910065,"continuity":0,"index":8,"pointType":2,"word":"","text":{"x":-1.53699684143066,"y":-0.226417303085327,"z":-1.19209289550781E-07,"font":0,"fontSize":48}},"p9":{"x":-1.31485629081726,"y":-0.487529516220093,"z":-1.19209289550781E-07,"tension":0,"bias":0,"continuity":0,"index":9,"pointType":0,"word":"","text":{"x":-0.814856290817261,"y":-0.487529516220093,"z":-1.19209289550781E-07,"font":0,"fontSize":48}},"p10":{"x":-1.33295440673828,"y":0.0676857233047485,"z":-1.19209289550781E-07,"tension":-0.42656010389328,"bias":0.416330099105835,"continuity":0,"index":10,"pointType":2,"word":"","text":{"x":-0.832954406738281,"y":0.0676857233047485,"z":-1.19209289550781E-07,"font":0,"fontSize":48}},"p11":{"x":-1.74597883224487,"y":-1.4409327507019,"z":-1.19209289550781E-07,"tension":0,"bias":0,"continuity":0,"index":11,"pointType":2,"word":"","text":{"x":-1.24597883224487,"y":-1.4409327507019,"z":-1.19209289550781E-07,"font":0,"fontSize":48}},"p12":{"x":-1.98308670520782,"y":-0.146452188491821,"z":-1.19209289550781E-07,"tension":-0.24852454662323,"bias":0.0162333901971579,"continuity":0,"index":12,"pointType":2,"word":"","text":{"x":-1.48308670520782,"y":-0.146452188491821,"z":-1.19209289550781E-07,"font":0,"fontSize":48}},"p13":{"x":-1.55052602291107,"y":0.106673002243042,"z":-1.19209289550781E-07,"tension":0,"bias":0,"continuity":0,"index":13,"pointType":2,"word":"","text":{"x":-1.05052602291107,"y":0.106673002243042,"z":-1.19209289550781E-07,"font":0,"fontSize":48}},"p14":{"x":-1.1660270690918,"y":-0.23616886138916,"z":-1.19209289550781E-07,"tension":0,"bias":0,"continuity":0,"index":14,"pointType":2,"word":"","text":{"x":-0.666027069091797,"y":-0.23616886138916,"z":-1.19209289550781E-07,"font":0,"fontSize":48}},"p15":{"x":-2.24629235267639,"y":0.264841437339783,"z":-1.19209289550781E-07,"tension":0,"bias":0,"continuity":0,"index":15,"pointType":0,"word":"","text":{"x":-1.74629235267639,"y":0.264841437339783,"z":-1.19209289550781E-07,"font":0,"fontSize":48}},"p16":{"x":-1.99180912971497,"y":0.208891153335571,"z":-1.19209289550781E-07,"tension":0,"bias":0,"continuity":0,"index":16,"pointType":2,"word":"","text":{"x":-1.49180912971497,"y":0.208891153335571,"z":-1.19209289550781E-07,"font":0,"fontSize":48}},"p17":{"x":-2.20784282684326,"y":-0.805346965789795,"z":-1.19209289550781E-07,"tension":0,"bias":0,"continuity":0,"index":17,"pointType":2,"word":"","text":{"x":-1.70784282684326,"y":-0.805346965789795,"z":-1.19209289550781E-07,"font":0,"fontSize":48}},"p18":{"x":-2.50262498855591,"y":-0.552218675613403,"z":-1.19209289550781E-07,"tension":0,"bias":0,"continuity":0,"index":18,"pointType":2,"word":"","text":{"x":-2.00262498855591,"y":-0.552218675613403,"z":-1.19209289550781E-07,"font":0,"fontSize":48}},"p19":{"x":-1.98355162143707,"y":-0.87904167175293,"z":-1.19209289550781E-07,"tension":0,"bias":0,"continuity":0,"index":19,"pointType":2,"word":"","text":{"x":-1.48355162143707,"y":-0.87904167175293,"z":-1.19209289550781E-07,"font":0,"fontSize":48}},"p20":{"x":-2.15016770362854,"y":-1.34044146537781,"z":-1.19209289550781E-07,"tension":0,"bias":0,"continuity":0,"index":20,"pointType":2,"word":"","text":{"x":-1.65016770362854,"y":-1.34044146537781,"z":-1.19209289550781E-07,"font":0,"fontSize":48}},"p21":{"x":-2.41611266136169,"y":-1.17702889442444,"z":-1.19209289550781E-07,"tension":0,"bias":0,"continuity":0,"index":21,"pointType":2,"word":"","text":{"x":-1.91611266136169,"y":-1.17702889442444,"z":-1.19209289550781E-07,"font":0,"fontSize":48}},"p22":{"x":-1.80036687850952,"y":0.392583847045898,"z":-1.19209289550781E-07,"tension":0,"bias":0,"continuity":0,"index":22,"pointType":2,"word":"","text":{"x":-1.30036687850952,"y":0.392583847045898,"z":-1.19209289550781E-07,"font":0,"fontSize":48}},"p23":{"x":-1.09600019454956,"y":-0.587464094161987,"z":-1.19209289550781E-07,"tension":0,"bias":0,"continuity":0,"index":23,"pointType":2,"word":"","text":{"x":-0.596000194549561,"y":-0.587464094161987,"z":-1.19209289550781E-07,"font":0,"fontSize":48}},"p24":{"x":-2.22065901756287,"y":0.0277316570281982,"z":-1.19209289550781E-07,"tension":0,"bias":0,"continuity":0,"index":24,"pointType":6,"word":"","text":{"x":-1.72065901756287,"y":0.0277316570281982,"z":-1.19209289550781E-07,"font":0,"fontSize":48}},"p25":{"x":-1.92908072471619,"y":0.0982248783111572,"z":-1.19209289550781E-07,"tension":0,"bias":0,"continuity":0,"index":25,"pointType":2,"word":"","text":{"x":-1.42908072471619,"y":0.0982248783111572,"z":-1.19209289550781E-07,"font":0,"fontSize":48}},"p26":{"x":-1.59905302524567,"y":-0.436868667602539,"z":-1.19209289550781E-07,"tension":-0.235807582736015,"bias":0.00502594280987978,"continuity":0,"index":26,"pointType":2,"word":"","text":{"x":-1.09905302524567,"y":-0.436868667602539,"z":-1.19209289550781E-07,"font":0,"fontSize":48}},"p27":{"x":-1.70158612728119,"y":-0.837388038635254,"z":-1.19209289550781E-07,"tension":0,"bias":0,"continuity":0,"index":27,"pointType":2,"word":"","text":{"x":-1.20158612728119,"y":-0.837388038635254,"z":-1.19209289550781E-07,"font":0,"fontSize":48}},"p28":{"x":-2.83738541603088,"y":-0.0321254730224609,"z":-1.19209289550781E-07,"tension":0,"bias":0,"continuity":0,"index":28,"pointType":7,"word":"","text":{"x":-2.33738541603088,"y":-0.0321254730224609,"z":-1.19209289550781E-07,"font":0,"fontSize":48}},"fixedCamera":true,"fov":72,"splineCount":8,"unlockType":0,"speed":0,"time":0,"laps":0,"startSpeed":0,"spline0":{"order":0,"closed":false,"numPoints":5,"type":0,"lineTexture":0,"points":{"p0":24,"p1":25,"p2":26,"p3":27,"p4":4}},"spline1":{"order":1,"closed":true,"numPoints":5,"type":0,"lineTexture":0,"points":{"p0":0,"p1":1,"p2":2,"p3":3,"p4":4}},"spline2":{"order":2,"closed":false,"numPoints":8,"type":0,"lineTexture":0,"points":{"p0":2,