{"name":"Collecting","pointCount":11,"p0":{"x":0.673773288726807,"y":1.59794509410858,"z":0,"tension":-0.5,"bias":0,"continuity":0,"index":0,"pointType":6,"word":"","collect":false,"text":{"x":1.17377328872681,"y":1.59794509410858,"z":0,"font":0,"fontSize":48}},"p1":{"x":-0.342288970947266,"y":0.621525287628174,"z":0,"tension":-0.5,"bias":0,"continuity":0,"index":1,"pointType":0,"word":"","collect":false,"text":{"x":0.157711029052734,"y":0.621525287628174,"z":0,"font":0,"fontSize":48}},"p2":{"x":0.216182470321655,"y":-0.0918772220611572,"z":0,"tension":-0.5,"bias":0,"continuity":0,"index":2,"pointType":0,"word":"","collect":false,"text":{"x":0.716182470321655,"y":-0.0918772220611572,"z":0,"font":0,"fontSize":48}},"p3":{"x":0.554868698120117,"y":0.383724451065063,"z":0,"tension":-0.5,"bias":0,"continuity":0,"index":3,"pointType":0,"word":"","collect":false,"text":{"x":1.05486869812012,"y":0.383724451065063,"z":0,"font":0,"fontSize":48}},"p4":{"x":1.08811902999878,"y":-0.196365356445313,"z":0,"tension":-0.5,"bias":0,"continuity":0,"index":4,"pointType":0,"word":"","collect":false,"text":{"x":1.58811902999878,"y":-0.196365356445313,"z":0,"font":0,"fontSize":48}},"p5":{"x":0.349493980407715,"y":0.971018552780151,"z":0,"tension":-0.5,"bias":0,"continuity":0,"index":5,"pointType":0,"word":"","collect":false,"text":{"x":0.849493980407715,"y":0.971018552780151,"z":0,"font":0,"fontSize":48}},"p6":{"x":1.32650899887085,"y":0.336372137069702,"z":0,"tension":1,"bias":0,"continuity":0,"index":6,"pointType":3,"word":"","collect":false,"text":{"x":1.82650899887085,"y":0.336372137069702,"z":0,"font":0,"fontSize":48}},"p7":{"x":0.561481475830078,"y":-0.622641563415527,"z":0,"tension":-0.5,"bias":0,"continuity":0,"index":7,"pointType":3,"word":"","collect":false,"text":{"x":1.06148147583008,"y":-0.622641563415527,"z":0,"font":0,"fontSize":48}},"p8":{"x":-0.315028667449951,"y":-0.0521557331085205,"z":0,"tension":-0.5,"bias":0,"continuity":0,"index":8,"pointType":3,"word":"","collect":false,"text":{"x":0.184971332550049,"y":-0.0521557331085205,"z":0,"font":0,"fontSize":48}},"p9":{"x":0.810832977294922,"y":0.695898532867432,"z":0,"tension":-0.5,"bias":0,"continuity":0,"index":9,"pointType":3,"word":"","collect":false,"text":{"x":1.31083297729492,"y":0.695898532867432,"z":0,"font":0,"fontSize":48}},"p10":{"x":1.72512435913086,"y":-0.547080039978027,"z":0,"tension":-0.5,"bias":0,"continuity":0,"index":10,"pointType":3,"word":"","collect":false,"text":{"x":2.22512435913086,"y":-0.547080039978027,"z":0,"font":0,"fontSize":48}},"splineCount":0,"unlockType":2,"speed":1,"acceleration":0,"maxSpeed":3,"time":1,"laps":1,"startSpeed":0,"text":"","title":"Collecting","forceOrder":false,"camera":{"lockX":true,"lockY":true,"lockZ":false,"x":0,"y":0,"z":0,"setPos":false,"fov":78}}