{"name":"collections","pointCount":15,"p0":{"x":-0.00490856170654297,"y":0.994349479675293,"z":0,"tension":1,"bias":0,"continuity":0,"index":0,"pointType":6,"word":"","collect":false,"text":{"x":0.495091438293457,"y":0.994349479675293,"z":0,"font":0,"fontSize":48}},"p1":{"x":0.855371952056885,"y":0.826712369918823,"z":0,"tension":1,"bias":0,"continuity":0,"index":1,"pointType":3,"word":"","collect":true,"text":{"x":1.35537195205688,"y":0.826712369918823,"z":0,"font":0,"fontSize":48}},"p2":{"x":-0.195350885391235,"y":1.90687787532806,"z":0,"tension":-0.5,"bias":0,"continuity":0,"index":2,"pointType":2,"word":"","collect":false,"text":{"x":0.304649114608765,"y":1.90687787532806,"z":0,"font":0,"fontSize":48}},"p3":{"x":0.569096565246582,"y":1.65379273891449,"z":0,"tension":0,"bias":0,"continuity":0,"index":3,"pointType":0,"word":"","collect":true,"text":{"x":1.06909656524658,"y":1.65379273891449,"z":0,"font":0,"fontSize":48}},"p4":{"x":0.635734558105469,"y":2.326819896698,"z":0,"tension":-0.5,"bias":0,"continuity":0,"index":4,"pointType":3,"word":"","collect":true,"text":{"x":1.13573455810547,"y":2.326819896698,"z":0,"font":0,"fontSize":48}},"p5":{"x":0.379181623458862,"y":1.25730156898499,"z":0,"tension":-0.5,"bias":0,"continuity":0,"index":5,"pointType":2,"word":"","collect":false,"text":{"x":0.879181623458862,"y":1.25730156898499,"z":0,"font":0,"fontSize":48}},"p6":{"x":-0.207220554351807,"y":1.41390323638916,"z":0,"tension":-0.5,"bias":0,"continuity":0,"index":6,"pointType":2,"word":"","collect":false,"text":{"x":0.292779445648193,"y":1.41390323638916,"z":0,"font":0,"fontSize":48}},"p7":{"x":-0.243869781494141,"y":1.71710240840912,"z":0,"tension":-0.5,"bias":0,"continuity":0,"index":7,"pointType":0,"word":"","collect":true,"text":{"x":0.256130218505859,"y":1.71710240840912,"z":0,"font":0,"fontSize":48}},"p8":{"x":0.149285793304443,"y":2.24019861221313,"z":0,"tension":-0.5,"bias":0,"continuity":0,"index":8,"pointType":2,"word":"","collect":false,"text":{"x":0.649285793304443,"y":2.24019861221313,"z":0,"font":0,"fontSize":48}},"p9":{"x":0.0426669120788574,"y":2.53007483482361,"z":0,"tension":-0.5,"bias":0,"continuity":0,"index":9,"pointType":2,"word":"","collect":false,"text":{"x":0.542666912078857,"y":2.53007483482361,"z":0,"font":0,"fontSize":48}},"p10":{"x":0.0693187713623047,"y":1.51719403266907,"z":0,"tension":-0.5,"bias":0,"continuity":0,"index":10,"pointType":0,"word":"","collect":true,"text":{"x":0.569318771362305,"y":1.51719403266907,"z":0,"font":0,"fontSize":48}},"p11":{"x":1.3020977973938,"y":1.72709798812866,"z":0,"tension":-0.5,"bias":0,"continuity":0,"index":11,"pointType":0,"word":"","collect":true,"text":{"x":1.8020977973938,"y":1.72709798812866,"z":0,"font":0,"fontSize":48}},"p12":{"x":0.998901844024658,"y":2.68335127830505,"z":0,"tension":-0.5,"bias":0,"continuity":0,"index":12,"pointType":0,"word":"","collect":false,"text":{"x":1.49890184402466,"y":2.68335127830505,"z":0,"font":0,"fontSize":48}},"p13":{"x":0.489130020141602,"y":2.79326200485229,"z":0,"tension":-0.0799990892410278,"bias":0,"continuity":0,"index":13,"pointType":2,"word":"","collect":false,"text":{"x":0.989130020141602,"y":2.79326200485229,"z":0,"font":0,"fontSize":48}},"p14":{"x":1.10945081710815,"y":2.99588537216187,"z":0,"tension":-0.5,"bias":0,"continuity":0,"index":14,"pointType":7,"word":"","collect":false,"text":{"x":1.60945081710815,"y":2.99588537216187,"z":0,"font":0,"fontSize":48}},"splineCount":8,"unlockType":1,"speed":1,"acceleration":0.200000002980232,"maxSpeed":3,"time":1,"laps":1,"startSpeed":1,"text":"","title":"collections","forceOrder":false,"camera":{"lockX":true,"lockY":true,"lockZ":false,"x":0,"y":0,"z":0,"setPos":false,"fov":68},"spline0":{"order":0,"closed":false,"numPoints":3,"type":0,"lineTexture":0,"lineWidth":1,"bidirectional":true,"speed":0,"points":{"p0":0,"p1":5,"p2":1}},"spline1":{"order":1,"closed":false,"numPoints":3,"type":0,"lineTexture":0,"lineWidth":1,"bidirectional":true,"speed":0,"points":{"p0":1,"p1":3,"p2":4}},"spline2":{"order":2,"closed":false,"numPoints":3,"type":0,"lineTexture":0,"lineWidth":1,"bidirectional":true,"speed":0,"points":{"p0":0,"p1":6,"p2":7}},"spline3":{"order":3,"closed":false,"numPoints":3,"type":0,"lineTexture":0,"lineWidth":1,"bidirectional":true,"speed":0,"points":{"p0":4,"p1":8,"p2":7}},"spline4":{"order":4,"closed":false,"numPoints":4,"type":0,"lineTexture":0,"lineWidth":1,"bidirectional":true,"speed":0,"points":{"p0":12,"p1":13,"p2":9,"p3":7}},"spline5":{"order":5,"closed":false,"numPoints":5,"type":0,"lineTexture":0,"lineWidth":1,"bidirectional":true,"speed":0,"points":{"p0":1,"p1":11,"p2":4,"p3":10,"p4":0}},"spline6":{"order":6,"closed":false,"numPoints":2,"type":0,"lineTexture":0,"lineWidth":1,"bidirectional":true,"speed":0,"points":{"p0":3,"p1":12}},"spline7":{"order":7,"closed":false,"numPoints":2,"type":0,"lineTexture":0,"lineWidth":1,"bidirectional":true,"speed":0,"points":{"p0":14,"p1":12}}}