{"name":"Connect4","pointCount":17,"p0":{"x":1.70452451705933,"y":1.20444238185883,"z":0,"tension":1,"bias":0,"continuity":0,"index":0,"pointType":6,"word":"","text":{"x":2.20452451705933,"y":1.20444238185883,"z":0,"font":0,"fontSize":48}},"p1":{"x":1.71665859222412,"y":1.55167722702026,"z":0,"tension":0,"bias":0,"continuity":0,"index":1,"pointType":1,"word":"","text":{"x":2.21665859222412,"y":1.55167722702026,"z":0,"font":0,"fontSize":48}},"p2":{"x":1.8761248588562,"y":4.14104604721069,"z":0,"tension":0,"bias":0,"continuity":0,"index":2,"pointType":7,"word":"","text":{"x":2.3761248588562,"y":4.14104604721069,"z":0,"font":0,"fontSize":48}},"p3":{"x":2.09235382080078,"y":1.97351098060608,"z":0,"tension":0,"bias":0,"continuity":0,"index":3,"pointType":4,"word":"","text":{"x":2.59235382080078,"y":1.97351098060608,"z":0,"font":0,"fontSize":48}},"p4":{"x":1.52353715896606,"y":2.1091320514679,"z":0,"tension":0,"bias":0,"continuity":0,"index":4,"pointType":4,"word":"","text":{"x":2.02353715896606,"y":2.1091320514679,"z":0,"font":0,"fontSize":48}},"p5":{"x":1.90023040771484,"y":2.36528134346008,"z":0,"tension":0,"bias":0,"continuity":0,"index":5,"pointType":4,"word":"","text":{"x":2.40023040771484,"y":2.36528134346008,"z":0,"font":0,"fontSize":48}},"p6":{"x":1.33141374588013,"y":2.84745812416077,"z":0,"tension":0,"bias":0,"continuity":0,"index":6,"pointType":4,"word":"","text":{"x":1.83141374588013,"y":2.84745812416077,"z":0,"font":0,"fontSize":48}},"p7":{"x":2.38993883132935,"y":2.33516573905945,"z":0,"tension":0,"bias":0,"continuity":0,"index":7,"pointType":4,"word":"","text":{"x":2.88993883132935,"y":2.33516573905945,"z":0,"font":0,"fontSize":48}},"p8":{"x":1.93789720535278,"y":2.76837730407715,"z":0,"tension":0,"bias":0,"continuity":0,"index":8,"pointType":4,"word":"","text":{"x":2.43789720535278,"y":2.76837730407715,"z":0,"font":0,"fontSize":48}},"p9":{"x":2.26080465316772,"y":2.96092748641968,"z":0,"tension":0,"bias":0,"continuity":0,"index":9,"pointType":4,"word":"","text":{"x":2.76080465316772,"y":2.96092748641968,"z":0,"font":0,"fontSize":48}},"p10":{"x":2.04042673110962,"y":3.70322442054749,"z":0,"tension":1,"bias":0,"continuity":0,"index":10,"pointType":0,"word":"","text":{"x":2.54042673110962,"y":3.70322442054749,"z":0,"font":0,"fontSize":48}},"p11":{"x":1.61768102645874,"y":3.6272668838501,"z":0,"tension":0,"bias":0,"continuity":0,"index":11,"pointType":0,"word":"","text":{"x":2.11768102645874,"y":3.6272668838501,"z":0,"font":0,"fontSize":48}},"p12":{"x":1.87239933013916,"y":3.75934386253357,"z":0.794937491416931,"tension":0,"bias":0,"continuity":0,"index":12,"pointType":2,"word":"","text":{"x":2.37239933013916,"y":3.75934386253357,"z":0.794937491416931,"font":0,"fontSize":48}},"p13":{"x":1.82416915893555,"y":2.3836350440979,"z":0.85392153263092,"tension":0,"bias":0,"continuity":0,"index":13,"pointType":2,"word":"","text":{"x":2.32416915893555,"y":2.3836350440979,"z":0.85392153263092,"font":0,"fontSize":48}},"p14":{"x":1.81052303314209,"y":1.33275234699249,"z":0.816198825836182,"tension":0,"bias":0,"continuity":0,"index":14,"pointType":2,"word":"","text":{"x":2.31052303314209,"y":1.33275234699249,"z":0.816198825836182,"font":0,"fontSize":48}},"p15":{"x":2.32204484939575,"y":3.35651874542236,"z":0,"tension":0,"bias":0,"continuity":0,"index":15,"pointType":0,"word":"","text":{"x":2.82204484939575,"y":3.35651874542236,"z":0,"font":0,"fontSize":48}},"p16":{"x":1.96401262283325,"y":3.20921063423157,"z":0,"tension":0,"bias":0,"continuity":0,"index":16,"pointType":0,"word":"","text":{"x":2.46401262283325,"y":3.20921063423157,"z":0,"font":0,"fontSize":48}},"splineCount":6,"unlockType":0,"speed":1,"acceleration":0.199999988079071,"maxSpeed":3,"time":1,"laps":1,"startSpeed":0.450000017881393,"text":"","title":"","forceOrder":false,"camera":{"lockX":false,"lockY":false,"lockZ":true,"x":1.11292278766632,"y":2.0093309879303,"z":-2,"setPos":true,"fixCam":false,"fov":49},"spline0":{"order":0,"closed":false,"numPoints":2,"type":0,"lineTexture":0,"lineWidth":1,"bidirectional":false,"speed":0,"points":{"p0":0,"p1":1}},"spline1":{"order":1,"closed":false,"numPoints":2,"type":0,"lineTexture":0,"lineWidth":1,"bidirectional":false,"speed":0,"points":{"p0":11,"p1":2}},"spline2":{"order":2,"closed":false,"numPoints":5,"type":0,"lineTexture":1,"lineWidth":1,"bidirectional":false,"speed":0,"points":{"p0":2,"p1":12,"p2":13,"p3":14,"p4":0}},"spline3":{"order":3,"closed":false,"numPoints":2,"type":0,"lineTexture":0,"lineWidth":1,"bidirectional":false,"speed":0,"points":{"p0":10,"p1":2}},"spline4":{"order":5,"closed":false,"numPoints":2,"type":0,"lineTexture":0,"lineWidth":1,"bidirectional":true,"speed":0,"points":{"p0":15,"p1":10}},"spline5":{"order":6,"closed":false,"numPoints":2,"type":0,"lineTexture":0,"lineWidth":1,"bidirectional":true,"speed":0,"points":{"p0":16,"p1":10}}}