{"name":"Connect3","pointCount":18,"p0":{"x":0.887095928192139,"y":1.32603907585144,"z":0,"tension":1,"bias":0,"continuity":0,"index":0,"pointType":6,"word":"","text":{"x":1.38709592819214,"y":1.32603907585144,"z":0,"font":0,"fontSize":48}},"p1":{"x":0.558995246887207,"y":2.83028411865234,"z":0,"tension":1,"bias":0,"continuity":0,"index":1,"pointType":7,"word":"","text":{"x":1.05899524688721,"y":2.83028411865234,"z":0,"font":0,"fontSize":48}},"p2":{"x":0.814513683319092,"y":1.63381206989288,"z":0,"tension":0,"bias":0,"continuity":0,"index":2,"pointType":0,"word":"","text":{"x":1.31451368331909,"y":1.63381206989288,"z":0,"font":0,"fontSize":48}},"p3":{"x":1.31410074234009,"y":2.40228176116943,"z":0,"tension":0,"bias":0,"continuity":0,"index":3,"pointType":4,"word":"","text":{"x":1.81410074234009,"y":2.40228176116943,"z":0,"font":0,"fontSize":48}},"p4":{"x":1.77303647994995,"y":2.60346293449402,"z":0,"tension":0,"bias":0,"continuity":0,"index":4,"pointType":4,"word":"","text":{"x":2.27303647994995,"y":2.60346293449402,"z":0,"font":0,"fontSize":48}},"p5":{"x":1.63786745071411,"y":1.5566793680191,"z":0,"tension":0,"bias":0,"continuity":0,"index":5,"pointType":4,"word":"","text":{"x":2.13786745071411,"y":1.5566793680191,"z":0,"font":0,"fontSize":48}},"p6":{"x":1.84534597396851,"y":2.07849550247192,"z":0,"tension":0,"bias":0,"continuity":0,"index":6,"pointType":4,"word":"","text":{"x":2.34534597396851,"y":2.07849550247192,"z":0,"font":0,"fontSize":48}},"p7":{"x":1.12863683700562,"y":2.03449010848999,"z":0,"tension":0,"bias":0,"continuity":0,"index":7,"pointType":4,"word":"","text":{"x":1.62863683700562,"y":2.03449010848999,"z":0,"font":0,"fontSize":48}},"p8":{"x":1.29209661483765,"y":2.78577089309692,"z":0,"tension":0,"bias":0,"continuity":0,"index":8,"pointType":4,"word":"","text":{"x":1.79209661483765,"y":2.78577089309692,"z":0,"font":0,"fontSize":48}},"p9":{"x":2.20370244979858,"y":2.38969898223877,"z":0,"tension":0,"bias":0,"continuity":0,"index":9,"pointType":4,"word":"","text":{"x":2.70370244979858,"y":2.38969898223877,"z":0,"font":0,"fontSize":48}},"p10":{"x":0.373010396957397,"y":2.33757615089417,"z":0,"tension":1,"bias":0,"continuity":0,"index":10,"pointType":0,"word":"","text":{"x":0.873010396957397,"y":2.33757615089417,"z":0,"font":0,"fontSize":48}},"p11":{"x":0.465867519378662,"y":1.92920351028442,"z":0,"tension":1,"bias":0,"continuity":0,"index":11,"pointType":0,"word":"","text":{"x":0.965867519378662,"y":1.92920351028442,"z":0,"font":0,"fontSize":48}},"p12":{"x":1.63798189163208,"y":2.31415796279907,"z":0,"tension":1,"bias":0,"continuity":0,"index":12,"pointType":0,"word":"","text":{"x":2.13798189163208,"y":2.31415796279907,"z":0,"font":0,"fontSize":48}},"p13":{"x":1.01337623596191,"y":2.33657217025757,"z":0,"tension":1,"bias":0,"continuity":0,"index":13,"pointType":0,"word":"","text":{"x":1.51337623596191,"y":2.33657217025757,"z":0,"font":0,"fontSize":48}},"p14":{"x":0.784454345703125,"y":2.28676128387451,"z":0,"tension":1,"bias":0,"continuity":0,"index":14,"pointType":0,"word":"","text":{"x":1.28445434570313,"y":2.28676128387451,"z":0,"font":0,"fontSize":48}},"p15":{"x":1.27406692504883,"y":2.09205055236816,"z":0,"tension":1,"bias":0,"continuity":0,"index":15,"pointType":0,"word":"","text":{"x":1.77406692504883,"y":2.09205055236816,"z":0,"font":0,"fontSize":48}},"p16":{"x":1.36924743652344,"y":1.6397590637207,"z":0,"tension":0,"bias":0,"continuity":0,"index":16,"pointType":0,"word":"","text":{"x":1.86924743652344,"y":1.6397590637207,"z":0,"font":0,"fontSize":48}},"p17":{"x":1.20997714996338,"y":1.23415732383728,"z":0,"tension":0,"bias":0,"continuity":0,"index":17,"pointType":1,"word":"","text":{"x":1.70997714996338,"y":1.23415732383728,"z":0,"font":0,"fontSize":48}},"splineCount":5,"unlockType":0,"speed":1,"acceleration":1,"maxSpeed":3,"time":1,"laps":1,"startSpeed":0.450000017881393,"text":"","title":"","forceOrder":false,"camera":{"lockX":true,"lockY":true,"lockZ":true,"x":1.11292278766632,"y":2.0093309879303,"z":-2,"setPos":true,"fixCam":false,"fov":58},"spline0":{"order":0,"closed":false,"numPoints":3,"type":0,"lineTexture":0,"lineWidth":1,"bidirectional":false,"speed":0,"points":{"p0":2,"p1":0,"p2":17}},"spline1":{"order":1,"closed":false,"numPoints":4,"type":0,"lineTexture":1,"lineWidth":1,"bidirectional":true,"speed":0,"points":{"p0":1,"p1":10,"p2":11,"p3":2}},"spline2":{"order":2,"closed":false,"numPoints":3,"type":0,"lineTexture":0,"lineWidth":1,"bidirectional":false,"speed":0,"points":{"p0":12,"p1":13,"p2":1}},"spline3":{"order":3,"closed":false,"numPoints":3,"type":0,"lineTexture":0,"lineWidth":1,"bidirectional":false,"speed":0,"points":{"p0":15,"p1":14,"p2":1}},"spline4":{"order":4,"closed":false,"numPoints":2,"type":0,"lineTexture":0,"lineWidth":1,"bidirectional":false,"speed":0,"points":{"p0":16,"p1":15}}}