{"name":"Connecting","pointCount":13,"p0":{"x":0.673773288726807,"y":1.59794509410858,"z":0,"tension":-0.5,"bias":0,"continuity":0,"index":0,"pointType":6,"word":"","collect":false,"text":{"x":1.17377328872681,"y":1.59794509410858,"z":0,"font":0,"fontSize":48}},"p1":{"x":1.32650899887085,"y":0.336372137069702,"z":0,"tension":1,"bias":0,"continuity":0,"index":1,"pointType":4,"word":"","collect":false,"text":{"x":1.82650899887085,"y":0.336372137069702,"z":0,"font":0,"fontSize":48}},"p2":{"x":-0.697732448577881,"y":0.143808841705322,"z":0,"tension":-0.5,"bias":0,"continuity":0,"index":2,"pointType":4,"word":"","collect":false,"text":{"x":-0.197732448577881,"y":0.143808841705322,"z":0,"font":0,"fontSize":48}},"p3":{"x":0.461328744888306,"y":0.789576530456543,"z":0,"tension":-0.5,"bias":0,"continuity":0,"index":3,"pointType":4,"word":"","collect":false,"text":{"x":0.961328744888306,"y":0.789576530456543,"z":0,"font":0,"fontSize":48}},"p4":{"x":0.567551136016846,"y":1.19376087188721,"z":0,"tension":-0.5,"bias":0,"continuity":0,"index":4,"pointType":0,"word":"","collect":false,"text":{"x":1.06755113601685,"y":1.19376087188721,"z":0,"font":0,"fontSize":48}},"p5":{"x":-0.612466335296631,"y":-0.916581392288208,"z":0,"tension":-0.5,"bias":0,"continuity":0,"index":5,"pointType":4,"word":"","collect":false,"text":{"x":-0.112466335296631,"y":-0.916581392288208,"z":0,"font":0,"fontSize":48}},"p6":{"x":1.58178663253784,"y":-0.412159442901611,"z":0,"tension":-0.5,"bias":0,"continuity":0,"index":6,"pointType":4,"word":"","collect":false,"text":{"x":2.08178663253784,"y":-0.412159442901611,"z":0,"font":0,"fontSize":48}},"p7":{"x":0.0468900203704834,"y":-0.0410430431365967,"z":0,"tension":-0.5,"bias":0,"continuity":0,"index":7,"pointType":4,"word":"","collect":false,"text":{"x":0.546890020370483,"y":-0.0410430431365967,"z":0,"font":0,"fontSize":48}},"p8":{"x":0.965666770935059,"y":-0.891361713409424,"z":0,"tension":-0.5,"bias":0,"continuity":0,"index":8,"pointType":4,"word":"","collect":false,"text":{"x":1.46566677093506,"y":-0.891361713409424,"z":0,"font":0,"fontSize":48}},"p9":{"x":0.760293006896973,"y":-1.47145080566406,"z":0,"tension":-0.5,"bias":0,"continuity":0,"index":9,"pointType":4,"word":"","collect":false,"text":{"x":1.26029300689697,"y":-1.47145080566406,"z":0,"font":0,"fontSize":48}},"p10":{"x":-0.0137724876403809,"y":-2.21759605407715,"z":0,"tension":-0.5,"bias":0,"continuity":0,"index":10,"pointType":4,"word":"","collect":false,"text":{"x":0.486227512359619,"y":-2.21759605407715,"z":0,"font":0,"fontSize":48}},"p11":{"x":0.97705602645874,"y":-2.77968883514404,"z":0,"tension":-0.5,"bias":0,"continuity":0,"index":11,"pointType":3,"word":"","collect":false,"text":{"x":1.47705602645874,"y":-2.77968883514404,"z":0,"font":0,"fontSize":48}},"p12":{"x":2.13364124298096,"y":-2.18154621124268,"z":0,"tension":-0.5,"bias":0,"continuity":0,"index":12,"pointType":4,"word":"","collect":false,"text":{"x":2.63364124298096,"y":-2.18154621124268,"z":0,"font":0,"fontSize":48}},"splineCount":1,"unlockType":2,"speed":1,"acceleration":1.85000002384186,"maxSpeed":3,"time":1,"laps":1,"startSpeed":1,"text":"","title":"Connecting","forceOrder":false,"camera":{"lockX":false,"lockY":false,"lockZ":false,"x":0,"y":0,"z":0,"setPos":false,"fov":78},"spline0":{"order":0,"closed":false,"numPoints":3,"type":0,"lineTexture":0,"lineWidth":1,"bidirectional":true,"speed":0,"points":{"p0":0,"p1":4,"p2":3}}}