{"name":"Connect1","pointCount":15,"p0":{"x":0.58694314956665,"y":1.47353148460388,"z":0,"tension":0,"bias":0,"continuity":0,"index":0,"pointType":6,"word":"","text":{"x":1.08694314956665,"y":1.47353148460388,"z":0,"font":0,"fontSize":48}},"p1":{"x":0.704785823822021,"y":1.81813383102417,"z":0,"tension":0,"bias":0,"continuity":0,"index":1,"pointType":4,"word":"","text":{"x":1.20478582382202,"y":1.81813383102417,"z":0,"font":0,"fontSize":48}},"p2":{"x":2.12672567367554,"y":3.42051386833191,"z":0,"tension":0,"bias":0,"continuity":0,"index":2,"pointType":4,"word":"","text":{"x":2.62672567367554,"y":3.42051386833191,"z":0,"font":0,"fontSize":48}},"p3":{"x":1.960205078125,"y":4.16824054718018,"z":0,"tension":0,"bias":0,"continuity":0,"index":3,"pointType":1,"word":"","text":{"x":2.460205078125,"y":4.16824054718018,"z":0,"font":0,"fontSize":48}},"p4":{"x":3.28134393692017,"y":2.89133858680725,"z":0,"tension":0,"bias":0,"continuity":0,"index":4,"pointType":4,"word":"","text":{"x":3.78134393692017,"y":2.89133858680725,"z":0,"font":0,"fontSize":48}},"p5":{"x":2.31829786300659,"y":2.88192415237427,"z":0,"tension":0,"bias":0,"continuity":0,"index":5,"pointType":4,"word":"","text":{"x":2.81829786300659,"y":2.88192415237427,"z":0,"font":0,"fontSize":48}},"p6":{"x":3.04281520843506,"y":3.77408218383789,"z":0,"tension":0,"bias":0,"continuity":0,"index":6,"pointType":4,"word":"","text":{"x":3.54281520843506,"y":3.77408218383789,"z":0,"font":0,"fontSize":48}},"p7":{"x":1.53992986679077,"y":5.99946355819702,"z":0,"tension":0,"bias":0,"continuity":0,"index":7,"pointType":7,"word":"","text":{"x":2.03992986679077,"y":5.99946355819702,"z":0,"font":0,"fontSize":48}},"p8":{"x":2.66106843948364,"y":3.38206171989441,"z":0,"tension":0,"bias":0,"continuity":0,"index":8,"pointType":4,"word":"","text":{"x":3.16106843948364,"y":3.38206171989441,"z":0,"font":0,"fontSize":48}},"p9":{"x":1.53260469436646,"y":3.73533248901367,"z":0,"tension":0,"bias":0,"continuity":0,"index":9,"pointType":4,"word":"","text":{"x":2.03260469436646,"y":3.73533248901367,"z":0,"font":0,"fontSize":48}},"p10":{"x":1.52747774124146,"y":5.24987888336182,"z":0,"tension":0,"bias":0,"continuity":0,"index":10,"pointType":4,"word":"","text":{"x":2.02747774124146,"y":5.24987888336182,"z":0,"font":0,"fontSize":48}},"p11":{"x":2.23777437210083,"y":4.91455125808716,"z":0,"tension":0,"bias":0,"continuity":0,"index":11,"pointType":4,"word":"","text":{"x":2.73777437210083,"y":4.91455125808716,"z":0,"font":0,"fontSize":48}},"p12":{"x":2.08994674682617,"y":5.66091966629028,"z":0,"tension":0,"bias":0,"continuity":0,"index":12,"pointType":4,"word":"","text":{"x":2.58994674682617,"y":5.66091966629028,"z":0,"font":0,"fontSize":48}},"p13":{"x":1.06183195114136,"y":2.38469433784485,"z":0,"tension":0,"bias":0,"continuity":0,"index":13,"pointType":4,"word":"","text":{"x":1.56183195114136,"y":2.38469433784485,"z":0,"font":0,"fontSize":48}},"p14":{"x":1.96295499801636,"y":2.48071789741516,"z":0,"tension":0,"bias":0,"continuity":0,"index":14,"pointType":4,"word":"","text":{"x":2.46295499801636,"y":2.48071789741516,"z":0,"font":0,"fontSize":48}},"splineCount":1,"unlockType":0,"speed":1,"acceleration":1,"maxSpeed":3,"time":1,"laps":0,"startSpeed":0.450000017881393,"text":"","title":"","forceOrder":true,"camera":{"lockX":false,"lockY":false,"lockZ":true,"x":2.44265913963318,"y":1.57580375671387,"z":-2,"setPos":true,"fixCam":false,"fov":36},"spline0":{"order":0,"closed":false,"numPoints":2,"type":0,"lineTexture":0,"lineWidth":1,"bidirectional":true,"speed":0,"points":{"p0":0,"p1":1}}}