{"name":"Connect1","pointCount":16,"p0":{"x":0.58694314956665,"y":1.47353148460388,"z":0,"tension":0,"bias":0,"continuity":0,"index":0,"pointType":6,"word":"","text":{"x":1.08694314956665,"y":1.47353148460388,"z":0,"font":0,"fontSize":48}},"p1":{"x":0.704785823822021,"y":1.81813383102417,"z":0,"tension":0,"bias":0,"continuity":0,"index":1,"pointType":2,"word":"","text":{"x":1.20478582382202,"y":1.81813383102417,"z":0,"font":0,"fontSize":48}},"p2":{"x":1.15119695663452,"y":2.05383586883545,"z":0,"tension":0,"bias":0,"continuity":0,"index":2,"pointType":2,"word":"","text":{"x":1.65119695663452,"y":2.05383586883545,"z":0,"font":0,"fontSize":48}},"p3":{"x":1.38332891464233,"y":2.40381979942322,"z":0,"tension":-1,"bias":0,"continuity":0,"index":3,"pointType":1,"word":"","text":{"x":1.88332891464233,"y":2.40381979942322,"z":0,"font":0,"fontSize":48}},"p4":{"x":2.13618230819702,"y":0.141372323036194,"z":0,"tension":0,"bias":0,"continuity":0,"index":4,"pointType":4,"word":"","text":{"x":2.63618230819702,"y":0.141372323036194,"z":0,"font":0,"fontSize":48}},"p5":{"x":3.27350234985352,"y":1.29206144809723,"z":0,"tension":0,"bias":0,"continuity":0,"index":5,"pointType":4,"word":"","text":{"x":3.77350234985352,"y":1.29206144809723,"z":0,"font":0,"fontSize":48}},"p6":{"x":2.33015489578247,"y":2.30274629592896,"z":0,"tension":0,"bias":0,"continuity":0,"index":6,"pointType":4,"word":"","text":{"x":2.83015489578247,"y":2.30274629592896,"z":0,"font":0,"fontSize":48}},"p7":{"x":2.58041381835938,"y":1.07066011428833,"z":0,"tension":0,"bias":0,"continuity":0,"index":7,"pointType":4,"word":"","text":{"x":3.08041381835938,"y":1.07066011428833,"z":0,"font":0,"fontSize":48}},"p8":{"x":4.29859828948975,"y":1.96584725379944,"z":0,"tension":0,"bias":0,"continuity":0,"index":8,"pointType":4,"word":"","text":{"x":4.79859828948975,"y":1.96584725379944,"z":0,"font":0,"fontSize":48}},"p9":{"x":3.42266798019409,"y":2.55302095413208,"z":0,"tension":0,"bias":0,"continuity":0,"index":9,"pointType":4,"word":"","text":{"x":3.92266798019409,"y":2.55302095413208,"z":0,"font":0,"fontSize":48}},"p10":{"x":4.1975245475769,"y":0.594189643859863,"z":0,"tension":0,"bias":0,"continuity":0,"index":10,"pointType":4,"word":"","text":{"x":4.6975245475769,"y":0.594189643859863,"z":0,"font":0,"fontSize":48}},"p11":{"x":2.93656873703003,"y":0.382428050041199,"z":0,"tension":0,"bias":0,"continuity":0,"index":11,"pointType":4,"word":"","text":{"x":3.43656873703003,"y":0.382428050041199,"z":0,"font":0,"fontSize":48}},"p12":{"x":4.27453517913818,"y":1.22948896884918,"z":0,"tension":0,"bias":0,"continuity":0,"index":12,"pointType":4,"word":"","text":{"x":4.77453517913818,"y":1.22948896884918,"z":0,"font":0,"fontSize":48}},"p13":{"x":3.66812133789063,"y":1.89846479892731,"z":0,"tension":0,"bias":0,"continuity":0,"index":13,"pointType":4,"word":"","text":{"x":4.16812133789063,"y":1.89846479892731,"z":0,"font":0,"fontSize":48}},"p14":{"x":2.90287733078003,"y":1.84553194046021,"z":0,"tension":0,"bias":0,"continuity":0,"index":14,"pointType":4,"word":"","text":{"x":3.40287733078003,"y":1.84553194046021,"z":0,"font":0,"fontSize":48}},"p15":{"x":2.6959228515625,"y":3.01023507118225,"z":0,"tension":0,"bias":0,"continuity":0,"index":15,"pointType":4,"word":"","text":{"x":3.1959228515625,"y":3.01023507118225,"z":0,"font":0,"fontSize":48}},"splineCount":1,"unlockType":0,"speed":1,"acceleration":1,"maxSpeed":3,"time":1,"laps":1,"startSpeed":1,"text":"","title":"","forceOrder":true,"camera":{"lockX":true,"lockY":true,"lockZ":true,"x":1.91627502441406,"y":1.14045560359955,"z":-2,"setPos":true,"fixCam":false,"fov":95},"spline0":{"order":0,"closed":false,"numPoints":4,"type":0,"lineTexture":0,"lineWidth":1,"bidirectional":true,"speed":0,"points":{"p0":0,"p1":1,"p2":2,"p3":3}}}