{"name":"ConnectTest","pointCount":20,"p0":{"x":-0.406681060791016,"y":0.846758604049683,"z":0,"tension":0,"bias":0,"continuity":0,"index":0,"pointType":6,"word":"","text":{"x":0.0933189392089844,"y":0.846758604049683,"z":0,"font":0,"fontSize":48}},"p1":{"x":0.17073130607605,"y":0.661528706550598,"z":0,"tension":0,"bias":0,"continuity":0,"index":1,"pointType":0,"word":"","text":{"x":0.67073130607605,"y":0.661528706550598,"z":0,"font":0,"fontSize":48}},"p2":{"x":-0.110729455947876,"y":0.368182420730591,"z":0,"tension":0,"bias":0,"continuity":0,"index":2,"pointType":0,"word":"","text":{"x":0.389270544052124,"y":0.368182420730591,"z":0,"font":0,"fontSize":48}},"p3":{"x":0.683386325836182,"y":0.471812605857849,"z":0,"tension":0,"bias":0,"continuity":0,"index":3,"pointType":0,"word":"","text":{"x":1.18338632583618,"y":0.471812605857849,"z":0,"font":0,"fontSize":48}},"p4":{"x":0.595256328582764,"y":0.994983196258545,"z":0,"tension":0,"bias":0,"continuity":0,"index":4,"pointType":0,"word":"","text":{"x":1.09525632858276,"y":0.994983196258545,"z":0,"font":0,"fontSize":48}},"p5":{"x":1.28626298904419,"y":0.935986280441284,"z":0,"tension":0,"bias":0,"continuity":0,"index":5,"pointType":1,"word":"","text":{"x":1.78626298904419,"y":0.935986280441284,"z":0,"font":0,"fontSize":48}},"p6":{"x":2.49692869186401,"y":1.85493743419647,"z":0,"tension":0,"bias":0,"continuity":0,"index":6,"pointType":0,"word":"","text":{"x":2.99692869186401,"y":1.85493743419647,"z":0,"font":0,"fontSize":48}},"p7":{"x":3.26357555389404,"y":1.42904353141785,"z":0,"tension":0,"bias":0,"continuity":0,"index":7,"pointType":0,"word":"","text":{"x":3.76357555389404,"y":1.42904353141785,"z":0,"font":0,"fontSize":48}},"p8":{"x":3.56044006347656,"y":1.74399042129517,"z":0,"tension":0,"bias":0,"continuity":0,"index":8,"pointType":0,"word":"","text":{"x":4.06044006347656,"y":1.74399042129517,"z":0,"font":0,"fontSize":48}},"p9":{"x":3.10868787765503,"y":2.23187470436096,"z":0,"tension":0,"bias":0,"continuity":0,"index":9,"pointType":0,"word":"","text":{"x":3.60868787765503,"y":2.23187470436096,"z":0,"font":0,"fontSize":48}},"p10":{"x":4.14125108718872,"y":1.99954450130463,"z":0,"tension":0,"bias":0,"continuity":0,"index":10,"pointType":1,"word":"","text":{"x":4.64125108718872,"y":1.99954450130463,"z":0,"font":0,"fontSize":48}},"p11":{"x":4.82537698745728,"y":3.31346130371094,"z":0,"tension":0,"bias":0,"continuity":0,"index":11,"pointType":0,"word":"","text":{"x":5.32537698745728,"y":3.31346130371094,"z":0,"font":0,"fontSize":48}},"p12":{"x":5.26418924331665,"y":3.2076268196106,"z":0,"tension":0,"bias":0,"continuity":0,"index":12,"pointType":0,"word":"","text":{"x":5.76418924331665,"y":3.2076268196106,"z":0,"font":0,"fontSize":48}},"p13":{"x":5.35455179214478,"y":2.74555993080139,"z":0,"tension":0,"bias":0,"continuity":0,"index":13,"pointType":0,"word":"","text":{"x":5.85455179214478,"y":2.74555993080139,"z":0,"font":0,"fontSize":48}},"p14":{"x":5.43456697463989,"y":2.30671834945679,"z":0,"tension":0,"bias":0,"continuity":0,"index":14,"pointType":0,"word":"","text":{"x":5.93456697463989,"y":2.30671834945679,"z":0,"font":0,"fontSize":48}},"p15":{"x":5.90179395675659,"y":2.14924716949463,"z":0,"tension":0,"bias":0,"continuity":0,"index":15,"pointType":0,"word":"","text":{"x":6.40179395675659,"y":2.14924716949463,"z":0,"font":0,"fontSize":48}},"p16":{"x":6.31224870681763,"y":2.4770770072937,"z":0,"tension":0,"bias":0,"continuity":0,"index":16,"pointType":0,"word":"","text":{"x":6.81224870681763,"y":2.4770770072937,"z":0,"font":0,"fontSize":48}},"p17":{"x":6.45424890518188,"y":2.89527416229248,"z":0,"tension":0,"bias":0,"continuity":0,"index":17,"pointType":0,"word":"","text":{"x":6.95424890518188,"y":2.89527416229248,"z":0,"font":0,"fontSize":48}},"p18":{"x":6.71761751174927,"y":3.27218151092529,"z":0,"tension":0,"bias":0,"continuity":0,"index":18,"pointType":0,"word":"","text":{"x":7.21761751174927,"y":3.27218151092529,"z":0,"font":0,"fontSize":48}},"p19":{"x":7.18484163284302,"y":3.3109073638916,"z":0,"tension":0,"bias":0,"continuity":0,"index":19,"pointType":1,"word":"","text":{"x":7.68484163284302,"y":3.3109073638916,"z":0,"font":0,"fontSize":48}},"splineCount":1,"unlockType":0,"speed":1,"acceleration":1,"maxSpeed":3,"time":1,"laps":1,"startSpeed":1,"text":"","title":"","forceOrder":false,"camera":{"lockX":true,"lockY":true,"lockZ":true,"x":0,"y":0,"z":0,"setPos":false,"fixCam":false,"fov":47},"spline0":{"order":0,"closed":false,"numPoints":2,"type":0,"lineTexture":0,"lineWidth":1,"bidirectional":true,"speed":0,"points":{"p0":0,"p1":1}}}