{"name":"ConnectTest","pointCount":5,"p0":{"x":-0.414424896240234,"y":0.839678764343262,"z":0,"tension":0,"bias":0,"continuity":0,"index":0,"pointType":4,"word":"","text":{"x":0.0855751037597656,"y":0.839678764343262,"z":0,"font":0,"fontSize":48}},"p1":{"x":0.168150663375854,"y":0.602156639099121,"z":0,"tension":0,"bias":0,"continuity":0,"index":1,"pointType":4,"word":"","text":{"x":0.668150663375854,"y":0.602156639099121,"z":0,"font":0,"fontSize":48}},"p2":{"x":-0.110729455947876,"y":0.368182420730591,"z":0,"tension":0,"bias":0,"continuity":0,"index":2,"pointType":4,"word":"","text":{"x":0.389270544052124,"y":0.368182420730591,"z":0,"font":0,"fontSize":48}},"p3":{"x":0.683386325836182,"y":0.471812605857849,"z":0,"tension":0,"bias":0,"continuity":0,"index":3,"pointType":4,"word":"","text":{"x":1.18338632583618,"y":0.471812605857849,"z":0,"font":0,"fontSize":48}},"p4":{"x":0.592677593231201,"y":0.992404341697693,"z":0,"tension":0,"bias":0,"continuity":0,"index":4,"pointType":4,"word":"","text":{"x":1.0926775932312,"y":0.992404341697693,"z":0,"font":0,"fontSize":48}},"splineCount":0,"unlockType":0,"speed":1,"acceleration":1,"maxSpeed":3,"time":1,"laps":1,"startSpeed":1,"text":"","title":"","forceOrder":false,"camera":{"lockX":true,"lockY":true,"lockZ":true,"x":0,"y":0,"z":0,"setPos":false,"fixCam":false,"fov":47}}