{"name":"Conveyors","pointCount":17,"p0":{"x":0.0834918022155762,"y":-1.9190673828125,"z":0,"tension":-0.5,"bias":0,"continuity":0,"index":0,"pointType":6,"word":"","text":{"x":0.583491802215576,"y":-1.9190673828125,"z":0,"font":0,"fontSize":48}},"p1":{"x":0.395487785339355,"y":-1.23317790031433,"z":0,"tension":1,"bias":0,"continuity":0,"index":1,"pointType":0,"word":"","text":{"x":0.895487785339355,"y":-1.23317790031433,"z":0,"font":0,"fontSize":48}},"p2":{"x":0.0652458667755127,"y":-1.27092838287354,"z":0,"tension":1,"bias":0,"continuity":0,"index":2,"pointType":2,"word":"","text":{"x":0.565245866775513,"y":-1.27092838287354,"z":0,"font":0,"fontSize":48}},"p3":{"x":0.357745170593262,"y":-1.51624369621277,"z":0,"tension":1,"bias":0,"continuity":0,"index":3,"pointType":2,"word":"","text":{"x":0.857745170593262,"y":-1.51624369621277,"z":0,"font":0,"fontSize":48}},"p4":{"x":-0.0448348522186279,"y":-1.47850894927979,"z":0,"tension":1,"bias":0,"continuity":0,"index":4,"pointType":2,"word":"","text":{"x":0.455165147781372,"y":-1.47850894927979,"z":0,"font":0,"fontSize":48}},"p5":{"x":0.222502708435059,"y":-1.75214433670044,"z":0,"tension":1,"bias":0,"continuity":0,"index":5,"pointType":2,"word":"","text":{"x":0.722502708435059,"y":-1.75214433670044,"z":0,"font":0,"fontSize":48}},"p6":{"x":-0.192658185958862,"y":-1.68608951568604,"z":0,"tension":1,"bias":0,"continuity":0,"index":6,"pointType":2,"word":"","text":{"x":0.307341814041138,"y":-1.68608951568604,"z":0,"font":0,"fontSize":48}},"p7":{"x":0.686723709106445,"y":-1.79663944244385,"z":0,"tension":-0.5,"bias":0,"continuity":0,"index":7,"pointType":0,"word":"","text":{"x":1.18672370910645,"y":-1.79663944244385,"z":0,"font":0,"fontSize":48}},"p8":{"x":-0.389625310897827,"y":-1.22377896308899,"z":0,"tension":-0.5,"bias":0,"continuity":0,"index":8,"pointType":0,"word":"","text":{"x":0.110374689102173,"y":-1.22377896308899,"z":0,"font":0,"fontSize":48}},"p9":{"x":-0.492379665374756,"y":-1.46524906158447,"z":0,"tension":-0.5,"bias":0,"continuity":0,"index":9,"pointType":0,"word":"","text":{"x":0.00762033462524414,"y":-1.46524906158447,"z":0,"font":0,"fontSize":48}},"p10":{"x":0.55571174621582,"y":-1.96361613273621,"z":0,"tension":-0.5,"bias":0,"continuity":0,"index":10,"pointType":0,"word":"","text":{"x":1.05571174621582,"y":-1.96361613273621,"z":0,"font":0,"fontSize":48}},"p11":{"x":-0.6490797996521,"y":-1.71700358390808,"z":0,"tension":-0.5,"bias":0,"continuity":0,"index":11,"pointType":0,"word":"","text":{"x":-0.1490797996521,"y":-1.71700358390808,"z":0,"font":0,"fontSize":48}},"p12":{"x":0.759354591369629,"y":-1.47396755218506,"z":0,"tension":-0.5,"bias":0,"continuity":0,"index":12,"pointType":0,"word":"","text":{"x":1.25935459136963,"y":-1.47396755218506,"z":0,"font":0,"fontSize":48}},"p13":{"x":0.0631952285766602,"y":-1.03468227386475,"z":0,"tension":1,"bias":0,"continuity":0,"index":13,"pointType":7,"word":"","text":{"x":0.56319522857666,"y":-1.03468227386475,"z":0,"font":0,"fontSize":48}},"p14":{"x":-0.680608749389648,"y":-0.961850166320801,"z":0,"tension":-0.5,"bias":0,"continuity":0,"index":14,"pointType":0,"word":"","text":{"x":-0.180608749389648,"y":-0.961850166320801,"z":0,"font":0,"fontSize":48}},"p15":{"x":-0.827033996582031,"y":-1.15450763702393,"z":0,"tension":-0.5,"bias":0,"continuity":0,"index":15,"pointType":0,"word":"","text":{"x":-0.327033996582031,"y":-1.15450763702393,"z":0,"font":0,"fontSize":48}},"p16":{"x":-1.01713466644287,"y":-1.40369939804077,"z":0,"tension":-0.5,"bias":0,"continuity":0,"index":16,"pointType":0,"word":"","text":{"x":-0.517134666442871,"y":-1.40369939804077,"z":0,"font":0,"fontSize":48}},"splineCount":12,"unlockType":0,"speed":1,"acceleration":0.299999982118607,"maxSpeed":2.89999985694885,"time":1,"laps":1,"startSpeed":1,"text":"","title":"Conveyors","forceOrder":false,"camera":{"lockX":true,"lockY":true,"lockZ":false,"x":0,"y":0,"z":0,"setPos":false,"fov":60},"spline0":{"order":0,"closed":false,"numPoints":8,"type":0,"lineTexture":3,"lineWidth":1,"bidirectional":true,"speed":1,"points":{"p0":0,"p1":6,"p2":5,"p3":4,"p4":3,"p5":2,"p6":1,"p7":13}},"spline1":{"order":1,"closed":false,"numPoints":2,"type":0,"lineTexture":0,"lineWidth":1,"bidirectional":true,"speed":0,"points":{"p0":7,"p1":3}},"spline2":{"order":2,"closed":false,"numPoints":2,"type":0,"lineTexture":0,"lineWidth":1,"bidirectional":true,"speed":0,"points":{"p0":8,"p1":2}},"spline3":{"order":3,"closed":false,"numPoints":2,"type":0,"lineTexture":0,"lineWidth":1,"bidirectional":true,"speed":0,"points":{"p0":9,"p1":4}},"spline4":{"order":4,"closed":false,"numPoints":2,"type":0,"lineTexture":0,"lineWidth":1,"bidirectional":true,"speed":0,"points":{"p0":10,"p1":5}},"spline5":{"order":5,"closed":false,"numPoints":2,"type":0,"lineTexture":0,"lineWidth":1,"bidirectional":true,"speed":0,"points":{"p0":6,"p1":11}},"spline6":{"order":6,"closed":false,"numPoints":2,"type":0,"lineTexture":0,"lineWidth":1,"bidirectional":true,"speed":0,"points":{"p0":12,"p1":1}},"spline7":{"order":7,"closed":false,"numPoints":2,"type":0,"lineTexture":4,"lineWidth":1,"bidirectional":true,"speed":0,"points":{"p0":14,"p1":8}},"spline8":{"order":8,"closed":false,"numPoints":2,"type":0,"lineTexture":1,"lineWidth":1,"bidirectional":true,"speed":0,"points":{"p0":15,"p1":9}},"spline9":{"order":9,"closed":false,"numPoints":2,"type":0,"lineTexture":2,"lineWidth":1,"bidirectional":true,"speed":0,"points":{"p0":16,"p1":11}},"spline10":{"order":10,"closed":false,"numPoints":2,"type":0,"lineTexture":0,"lineWidth":1,"bidirectional":true,"speed":0,"points":{"p0":15,"p1":14}},"spline11":{"order":11,"closed":false,"numPoints":2,"type":0,"lineTexture":4,"lineWidth":1,"bidirectional":true,"speed":0,"points":{"p0":15,"p1":16}}}