{"name":"crystal","pointCount":11,"p0":{"x":0.331302553415298,"y":-0.737533450126648,"z":0,"tension":0,"bias":0,"continuity":0,"index":0,"pointType":0,"word":"","text":{"x":0.831302523612976,"y":-0.737533450126648,"z":0,"font":0,"fontSize":48}},"p1":{"x":0.652696967124939,"y":0.145488858222961,"z":0,"tension":0,"bias":0,"continuity":0,"index":1,"pointType":0,"word":"","text":{"x":1.15269696712494,"y":0.145488858222961,"z":0,"font":0,"fontSize":48}},"p2":{"x":-0.594113945960999,"y":-0.574357390403748,"z":0,"tension":0,"bias":0,"continuity":0,"index":2,"pointType":0,"word":"","text":{"x":-0.0941139459609985,"y":-0.574357390403748,"z":0,"font":0,"fontSize":48}},"p3":{"x":-0.594113945960999,"y":0.36533510684967,"z":0,"tension":0,"bias":0,"continuity":0,"index":3,"pointType":0,"word":"","text":{"x":-0.0941139459609985,"y":0.36533510684967,"z":0,"font":0,"fontSize":48}},"p4":{"x":0.331303030252457,"y":0.528511166572571,"z":0,"tension":0,"bias":0,"continuity":0,"index":4,"pointType":0,"word":"","text":{"x":0.831303000450134,"y":0.528511166572571,"z":0,"font":0,"fontSize":48}},"p5":{"x":0.652696490287781,"y":-0.354511380195618,"z":0,"tension":0,"bias":0,"continuity":0,"index":5,"pointType":0,"word":"","text":{"x":1.15269649028778,"y":-0.354511380195618,"z":0,"font":0,"fontSize":48}},"p6":{"x":-0.161101430654526,"y":-0.824357390403748,"z":0,"tension":0,"bias":0,"continuity":0,"index":6,"pointType":0,"word":"","text":{"x":0.338898569345474,"y":-0.824357390403748,"z":0,"font":0,"fontSize":48}},"p7":{"x":-0.161100953817368,"y":0.61533510684967,"z":0,"tension":0,"bias":0,"continuity":0,"index":7,"pointType":1,"word":"","text":{"x":0.338899046182632,"y":0.61533510684967,"z":0,"font":0,"fontSize":48}},"p8":{"x":-0.765123963356018,"y":-0.104511141777039,"z":0,"tension":0,"bias":0,"continuity":0,"index":8,"pointType":0,"word":"","text":{"x":-0.265123963356018,"y":-0.104511141777039,"z":0,"font":0,"fontSize":48}},"p9":{"x":-0.0425822138786316,"y":-0.0946280062198639,"z":-1.19209289550781E-07,"tension":0,"bias":0,"continuity":0,"index":9,"pointType":5,"word":"","text":{"x":0.457417786121368,"y":-0.0946280062198639,"z":-1.19209289550781E-07,"font":0,"fontSize":48}},"p10":{"x":-1.05132365226746,"y":0.405634105205536,"z":-1.19209289550781E-07,"tension":0,"bias":0,"continuity":0,"index":10,"pointType":6,"word":"","text":{"x":-0.551323652267456,"y":0.405634105205536,"z":-1.19209289550781E-07,"font":0,"fontSize":48}},"fixedCamera":false,"fov":40,"splineCount":38,"unlockType":0,"score":1,"spline0":{"closed":false,"numPoints":2,"lineTexture":0,"points":{"p0":6,"p1":2}},"spline1":{"closed":false,"numPoints":2,"lineTexture":0,"points":{"p0":2,"p1":7}},"spline2":{"closed":false,"numPoints":2,"lineTexture":0,"points":{"p0":2,"p1":4}},"spline3":{"closed":false,"numPoints":2,"lineTexture":0,"points":{"p0":5,"p1":8}},"spline4":{"closed":false,"numPoints":2,"lineTexture":0,"points":{"p0":2,"p1":8}},"spline5":{"closed":false,"numPoints":2,"lineTexture":0,"points":{"p0":0,"p1":6}},"spline6":{"closed":false,"numPoints":2,"lineTexture":0,"points":{"p0":5,"p1":0}},"spline7":{"closed":false,"numPoints":2,"lineTexture":0,"points":{"p0":5,"p1":6}},"spline8":{"closed":true,"numPoints":9,"lineTexture":0,"points":{"p0":5,"p1":0,"p2":6,"p3":2,"p4":8,"p5":3,"p6":7,"p7":4,"p8":1}},"spline9":{"closed":false,"numPoints":2,"lineTexture":0,"points":{"p0":3,"p1":4}},"spline10":{"closed":false,"numPoints":2,"lineTexture":0,"points":{"p0":0,"p1":3}},"spline11":{"closed":false,"numPoints":2,"lineTexture":0,"points":{"p0":7,"p1":4}},"spline12":{"closed":false,"numPoints":2,"lineTexture":0,"points":{"p0":0,"p1":8}},"spline13":{"closed":false,"numPoints":2,"lineTexture":0,"points":{"p0":1,"p1":2}},"spline14":{"closed":false,"numPoints":2,"lineTexture":0,"points":{"p0":1,"p1":6}},"spline15":{"closed":false,"numPoints":2,"lineTexture":0,"points":{"p0":1,"p1":0}},"spline16":{"closed":false,"numPoints":2,"lineTexture":0,"points":{"p0":8,"p1":3}},"spline17":{"closed":false,"numPoints":2,"lineTexture":0,"points":{"p0":6,"p1":7}},"spline18":{"closed":false,"numPoints":2,"lineTexture":0,"points":{"p0":5,"p1":1}},"spline19":{"closed":false,"numPoints":2,"lineTexture":0,"points":{"p0":4,"p1":1}},"spline20":{"closed":false,"numPoints":2,"lineTexture":0,"points":{"p0":8,"p1":4}},"spline21":{"closed":false,"numPoints":2,"lineTexture":0,"points":{"p0":7,"p1":1}},"spline22":{"closed":false,"numPoints":2,"lineTexture":0,"points":{"p0":3,"p1":7}},"spline23":{"closed":false,"numPoints":2,"lineTexture":0,"points":{"p0":4,"p1":0}},"spline24":{"closed":false,"numPoints":2,"lineTexture":0,"points":{"p0":7,"p1":0}},"spline25":{"closed":false,"numPoints":2,"lineTexture":0,"points":{"p0":5,"p1":2}},"spline26":{"closed":false,"numPoints":2,"lineTexture":0,"points":{"p0":6,"p1":3}},"spline27":{"closed":false,"numPoints":2,"lineTexture":0,"points":{"p0":3,"p1":1}},"spline28":{"closed":false,"numPoints":2,"lineTexture":0,"points":{"p0":4,"p1":6}},"spline29":{"closed":false,"numPoints":2,"lineTexture":0,"points":{"p0":7,"p1":5}},"spline30":{"closed":false,"numPoints":2,"lineTexture":0,"points":{"p0":8,"p1":7}},"spline31":{"closed":false,"numPoints":2,"lineTexture":0,"points":{"p0":6,"p1":8}},"spline32":{"closed":false,"numPoints":2,"lineTexture":0,"points":{"p0":3,"p1":5}},"spline33":{"closed":false,"numPoints":2,"lineTexture":0,"points":{"p0":2,"p1":3}},"spline34":{"closed":false,"numPoints":2,"lineTexture":0,"points":{"p0":8,"p1":1}},"spline35":{"closed":false,"numPoints":2,"lineTexture":0,"points":{"p0":4,"p1":5}},"spline36":{"closed":false,"numPoints":2,"lineTexture":0,"points":{"p0":0,"p1":2}},"spline37":{"closed":false,"numPoints":2,"lineTexture":0,"points":{"p0":9,"p1":1}}}