{"name":"crystal2","pointCount":18,"p0":{"x":0.330828458070755,"y":-0.0927707478404045,"z":-1.19209289550781E-07,"tension":1,"bias":0,"continuity":0,"index":0,"pointType":0,"word":"","text":{"x":0.830828428268433,"y":-0.0927707478404045,"z":-1.19209289550781E-07,"font":0,"fontSize":48}},"p1":{"x":0.834491014480591,"y":-0.104960761964321,"z":-1.19209289550781E-07,"tension":1,"bias":0,"continuity":0,"index":1,"pointType":1,"word":"","text":{"x":1.33449101448059,"y":-0.104960761964321,"z":-1.19209289550781E-07,"font":0,"fontSize":48}},"p2":{"x":0.842189252376556,"y":-0.963331162929535,"z":-1.19209289550781E-07,"tension":1,"bias":0,"continuity":0,"index":2,"pointType":0,"word":"","text":{"x":1.3421893119812,"y":-0.963331162929535,"z":-1.19209289550781E-07,"font":0,"fontSize":48}},"p3":{"x":0.334668308496475,"y":-0.935739874839783,"z":-1.19209289550781E-07,"tension":1,"bias":0,"continuity":0,"index":3,"pointType":0,"word":"","text":{"x":0.834668278694153,"y":-0.935739874839783,"z":-1.19209289550781E-07,"font":0,"fontSize":48}},"p4":{"x":0.0390016138553619,"y":0.259987115859985,"z":-1.19209289550781E-07,"tension":1,"bias":0,"continuity":0,"index":4,"pointType":0,"word":"","text":{"x":0.53900158405304,"y":0.259987115859985,"z":-1.19209289550781E-07,"font":0,"fontSize":48}},"p5":{"x":0.542664051055908,"y":0.247797101736069,"z":-1.19209289550781E-07,"tension":1,"bias":0,"continuity":0,"index":5,"pointType":1,"word":"","text":{"x":1.04266405105591,"y":0.247797101736069,"z":-1.19209289550781E-07,"font":0,"fontSize":48}},"p6":{"x":0.550362229347229,"y":-0.610573351383209,"z":-1.19209289550781E-07,"tension":1,"bias":0,"continuity":0,"index":6,"pointType":0,"word":"","text":{"x":1.05036222934723,"y":-0.610573351383209,"z":-1.19209289550781E-07,"font":0,"fontSize":48}},"p7":{"x":0.0428414642810822,"y":-0.582982003688812,"z":-1.19209289550781E-07,"tension":1,"bias":0,"continuity":0,"index":7,"pointType":0,"word":"","text":{"x":0.54284143447876,"y":-0.582982003688812,"z":-1.19209289550781E-07,"font":0,"fontSize":48}},"p8":{"x":-0.262446045875549,"y":0.631986737251282,"z":-1.19209289550781E-07,"tension":1,"bias":0,"continuity":0,"index":8,"pointType":0,"word":"","text":{"x":0.237553954124451,"y":0.631986737251282,"z":-1.19209289550781E-07,"font":0,"fontSize":48}},"p9":{"x":0.241216436028481,"y":0.619796752929688,"z":-1.19209289550781E-07,"tension":1,"bias":0,"continuity":0,"index":9,"pointType":1,"word":"","text":{"x":0.741216421127319,"y":0.619796752929688,"z":-1.19209289550781E-07,"font":0,"fontSize":48}},"p10":{"x":0.248914614319801,"y":-0.238574117422104,"z":-1.19209289550781E-07,"tension":1,"bias":0,"continuity":0,"index":10,"pointType":0,"word":"","text":{"x":0.74891459941864,"y":-0.238574117422104,"z":-1.19209289550781E-07,"font":0,"fontSize":48}},"p11":{"x":-0.258606195449829,"y":-0.210982799530029,"z":-1.19209289550781E-07,"tension":1,"bias":0,"continuity":0,"index":11,"pointType":0,"word":"","text":{"x":0.241393804550171,"y":-0.210982799530029,"z":-1.19209289550781E-07,"font":0,"fontSize":48}},"p12":{"x":-0.624824643135071,"y":1.09377861022949,"z":-1.19209289550781E-07,"tension":1,"bias":0,"continuity":0,"index":12,"pointType":0,"word":"","text":{"x":-0.124824643135071,"y":1.09377861022949,"z":-1.19209289550781E-07,"font":0,"fontSize":48}},"p13":{"x":-0.121162056922913,"y":1.08158874511719,"z":-1.19209289550781E-07,"tension":1,"bias":0,"continuity":0,"index":13,"pointType":1,"word":"","text":{"x":0.378837943077087,"y":1.08158874511719,"z":-1.19209289550781E-07,"font":0,"fontSize":48}},"p14":{"x":-0.113463878631592,"y":0.223218023777008,"z":-1.19209289550781E-07,"tension":1,"bias":0,"continuity":0,"index":14,"pointType":0,"word":"","text":{"x":0.386536121368408,"y":0.223218023777008,"z":-1.19209289550781E-07,"font":0,"fontSize":48}},"p15":{"x":-0.620984792709351,"y":0.250809341669083,"z":-1.19209289550781E-07,"tension":1,"bias":0,"continuity":0,"index":15,"pointType":0,"word":"","text":{"x":-0.120984792709351,"y":0.250809341669083,"z":-1.19209289550781E-07,"font":0,"fontSize":48}},"p16":{"x":0.334548771381378,"y":-1.40612840652466,"z":-1.19209289550781E-07,"tension":0,"bias":0,"continuity":0,"index":16,"pointType":5,"word":"","text":{"x":0.834548771381378,"y":-1.40612840652466,"z":-1.19209289550781E-07,"font":0,"fontSize":48}},"p17":{"x":-0.645619988441467,"y":-0.715503811836243,"z":-1.19209289550781E-07,"tension":0,"bias":0,"continuity":0,"index":17,"pointType":6,"word":"","text":{"x":-0.145619988441467,"y":-0.715503811836243,"z":-1.19209289550781E-07,"font":0,"fontSize":48}},"fixedCamera":true,"fov":40,"splineCount":5,"unlockType":0,"score":1,"spline0":{"closed":true,"numPoints":4,"lineTexture":0,"points":{"p0":0,"p1":1,"p2":2,"p3":3}},"spline1":{"closed":true,"numPoints":4,"lineTexture":3,"points":{"p0":4,"p1":5,"p2":6,"p3":7}},"spline2":{"closed":true,"numPoints":4,"lineTexture":4,"points":{"p0":8,"p1":9,"p2":10,"p3":11}},"spline3":{"closed":true,"numPoints":4,"lineTexture":5,"points":{"p0":12,"p1":13,"p2":14,"p3":15}},"spline4":{"closed":false,"numPoints":2,"lineTexture":1,"points":{"p0":16,"p1":3}}}