{"name":"deadass","pointCount":16,"p0":{"x":-2.39568591117859,"y":-0.200929164886475,"z":0,"tension":0,"bias":0,"continuity":0,"index":0,"pointType":6,"word":"","text":{"x":-1.89568591117859,"y":-0.200929164886475,"z":0,"font":0,"fontSize":48}},"p1":{"x":-2.07662463188171,"y":-0.191476106643677,"z":0,"tension":0,"bias":0,"continuity":0,"index":1,"pointType":0,"word":"","text":{"x":-1.57662463188171,"y":-0.191476106643677,"z":0,"font":0,"fontSize":48}},"p2":{"x":-1.71975207328796,"y":-0.200928926467896,"z":0,"tension":0,"bias":0,"continuity":0,"index":2,"pointType":0,"word":"","text":{"x":-1.21975207328796,"y":-0.200928926467896,"z":0,"font":0,"fontSize":48}},"p3":{"x":-1.37588024139404,"y":-0.205657243728638,"z":0,"tension":0,"bias":0,"continuity":0,"index":3,"pointType":0,"word":"","text":{"x":-0.875880241394043,"y":-0.205657243728638,"z":0,"font":0,"fontSize":48}},"p4":{"x":-0.84677791595459,"y":-0.281232357025146,"z":0,"tension":0,"bias":0,"continuity":0,"index":4,"pointType":0,"word":"","text":{"x":-0.34677791595459,"y":-0.281232357025146,"z":0,"font":0,"fontSize":48}},"p5":{"x":-0.628039598464966,"y":-0.242469310760498,"z":0,"tension":0,"bias":0,"continuity":0,"index":5,"pointType":0,"word":"","text":{"x":-0.128039598464966,"y":-0.242469310760498,"z":0,"font":0,"fontSize":48}},"p6":{"x":-0.320697069168091,"y":-0.242469310760498,"z":0,"tension":0,"bias":0,"continuity":0,"index":6,"pointType":0,"word":"","text":{"x":0.179302930831909,"y":-0.242469310760498,"z":0,"font":0,"fontSize":48}},"p7":{"x":-0.027198314666748,"y":-0.239700078964233,"z":0,"tension":0,"bias":0,"continuity":0,"index":7,"pointType":0,"word":"","text":{"x":0.472801685333252,"y":-0.239700078964233,"z":0,"font":0,"fontSize":48}},"p8":{"x":0.35490083694458,"y":-0.214780569076538,"z":0,"tension":0,"bias":0,"continuity":0,"index":8,"pointType":0,"word":"","text":{"x":0.85490083694458,"y":-0.214780569076538,"z":0,"font":0,"fontSize":48}},"p9":{"x":0.692699909210205,"y":-0.189861059188843,"z":0,"tension":0,"bias":0,"continuity":0,"index":9,"pointType":0,"word":"","text":{"x":1.19269990921021,"y":-0.189861059188843,"z":0,"font":0,"fontSize":48}},"p10":{"x":0.836681842803955,"y":-0.39198637008667,"z":0,"tension":0,"bias":0,"continuity":0,"index":10,"pointType":0,"word":"","text":{"x":1.33668184280396,"y":-0.39198637008667,"z":0,"font":0,"fontSize":48}},"p11":{"x":0.676086902618408,"y":-0.513816356658936,"z":0,"tension":0,"bias":0,"continuity":0,"index":11,"pointType":0,"word":"","text":{"x":1.17608690261841,"y":-0.513816356658936,"z":0,"font":0,"fontSize":48}},"p12":{"x":0.471191883087158,"y":-0.569192409515381,"z":0,"tension":0,"bias":0,"continuity":0,"index":12,"pointType":0,"word":"","text":{"x":0.971191883087158,"y":-0.569192409515381,"z":0,"font":0,"fontSize":48}},"p13":{"x":0.307831287384033,"y":-0.685485363006592,"z":0,"tension":0,"bias":0,"continuity":0,"index":13,"pointType":0,"word":"","text":{"x":0.807831287384033,"y":-0.685485363006592,"z":0,"font":0,"fontSize":48}},"p14":{"x":-0.110263347625732,"y":-0.793469905853271,"z":0,"tension":0,"bias":0,"continuity":0,"index":14,"pointType":0,"word":"","text":{"x":0.389736652374268,"y":-0.793469905853271,"z":0,"font":0,"fontSize":48}},"p15":{"x":-0.356692552566528,"y":-0.740861415863037,"z":0,"tension":0,"bias":0,"continuity":0,"index":15,"pointType":0,"word":"","text":{"x":0.143307447433472,"y":-0.740861415863037,"z":0,"font":0,"fontSize":48}},"splineCount":1,"unlockType":0,"speed":1,"time":1,"laps":1,"startSpeed":1,"text":"I want to make the most depressing shit you've ever played\n","forceOrder":false,"camera":{"x":-1.59291505813599,"y":-0.262934297323227,"setPos":false,"fixCam":true,"fov":92},"spline0":{"order":0,"closed":false,"numPoints":16,"type":0,"lineTexture":0,"lineWidth":1,"bidirectional":false,"speed":0,"points":{"p0":0,"p1":1,"p2":2,"p3":3,"p4":4,"p5":5,"p6":6,"p7":7,"p8":8,"p9":9,"p10":10,"p11":11,"p12":12,"p13":13,"p14":14,"p15":15}}}