{"name":"diagram1","pointCount":23,"p0":{"x":-3.80071449279785,"y":0.890705347061157,"z":-1.19209289550781E-07,"tension":1,"bias":0.00204300368204713,"continuity":0,"index":0,"pointType":0,"word":"","text":{"x":-3.30071449279785,"y":0.890705347061157,"z":-1.19209289550781E-07,"font":0,"fontSize":48}},"p1":{"x":-3.11144256591797,"y":0.745413541793823,"z":-1.19209289550781E-07,"tension":1,"bias":1,"continuity":0,"index":1,"pointType":0,"word":"","text":{"x":-2.61144256591797,"y":0.745413541793823,"z":-1.19209289550781E-07,"font":0,"fontSize":48}},"p2":{"x":-4.1944694519043,"y":0.697171926498413,"z":-1.19209289550781E-07,"tension":1,"bias":1,"continuity":0,"index":2,"pointType":0,"word":"","text":{"x":-3.6944694519043,"y":0.697171926498413,"z":-1.19209289550781E-07,"font":0,"fontSize":48}},"p3":{"x":-3.67104625701904,"y":0.463199496269226,"z":-1.19209289550781E-07,"tension":1,"bias":-0.054799247533083,"continuity":0,"index":3,"pointType":0,"word":"","text":{"x":-3.17104625701904,"y":0.463199496269226,"z":-1.19209289550781E-07,"font":0,"fontSize":48}},"p4":{"x":-3.53838157653809,"y":0.721292734146118,"z":-1.19209289550781E-07,"tension":1,"bias":0.10445723682642,"continuity":0,"index":4,"pointType":0,"word":"","text":{"x":-3.03838157653809,"y":0.721292734146118,"z":-1.19209289550781E-07,"font":0,"fontSize":48}},"p5":{"x":-2.86905264854431,"y":0.6272212266922,"z":-1.19209289550781E-07,"tension":1,"bias":-0.0246842838823795,"continuity":0,"index":5,"pointType":0,"word":"","text":{"x":-2.36905264854431,"y":0.6272212266922,"z":-1.19209289550781E-07,"font":0,"fontSize":48}},"p6":{"x":-3.56501245498657,"y":1.48869395256042,"z":-1.19209289550781E-07,"tension":-0.0506043657660484,"bias":-0.217683717608452,"continuity":0,"index":6,"pointType":2,"word":"","text":{"x":-3.06501245498657,"y":1.48869395256042,"z":-1.19209289550781E-07,"font":0,"fontSize":48}},"p7":{"x":-3.77232193946838,"y":1.47337627410889,"z":-1.19209289550781E-07,"tension":-0.133027195930481,"bias":0.0657375156879425,"continuity":0,"index":7,"pointType":2,"word":"","text":{"x":-3.27232193946838,"y":1.47337627410889,"z":-1.19209289550781E-07,"font":0,"fontSize":48}},"p8":{"x":-3.82300853729248,"y":1.27848505973816,"z":-1.19209289550781E-07,"tension":0.0351612828671932,"bias":0.421364217996597,"continuity":0,"index":8,"pointType":2,"word":"","text":{"x":-3.32300853729248,"y":1.27848505973816,"z":-1.19209289550781E-07,"font":0,"fontSize":48}},"p9":{"x":-4.02079963684082,"y":1.44974303245544,"z":-1.19209289550781E-07,"tension":-0.530594944953918,"bias":-0.0894524082541466,"continuity":0,"index":9,"pointType":2,"word":"","text":{"x":-3.52079963684082,"y":1.44974303245544,"z":-1.19209289550781E-07,"font":0,"fontSize":48}},"p10":{"x":-4.16552495956421,"y":1.20129799842834,"z":-1.19209289550781E-07,"tension":0,"bias":0,"continuity":0,"index":10,"pointType":2,"word":"","text":{"x":-3.66552495956421,"y":1.20129799842834,"z":-1.19209289550781E-07,"font":0,"fontSize":48}},"p11":{"x":-4.15587615966797,"y":1.10722649097443,"z":-1.19209289550781E-07,"tension":0,"bias":0,"continuity":0,"index":11,"pointType":2,"word":"","text":{"x":-3.65587615966797,"y":1.10722649097443,"z":-1.19209289550781E-07,"font":0,"fontSize":48}},"p12":{"x":-3.91466760635376,"y":1.25918829441071,"z":-1.19209289550781E-07,"tension":0,"bias":0,"continuity":0,"index":12,"pointType":2,"word":"","text":{"x":-3.41466760635376,"y":1.25918829441071,"z":-1.19209289550781E-07,"font":0,"fontSize":48}},"p13":{"x":-3.71205282211304,"y":1.04692387580872,"z":-1.19209289550781E-07,"tension":0.0539637468755245,"bias":0.0228647701442242,"continuity":0,"index":13,"pointType":2,"word":"","text":{"x":-3.21205282211304,"y":1.04692387580872,"z":-1.19209289550781E-07,"font":0,"fontSize":48}},"p14":{"x":-3.62039375305176,"y":1.21577048301697,"z":-1.19209289550781E-07,"tension":0,"bias":0,"continuity":0,"index":14,"pointType":2,"word":"","text":{"x":-3.12039375305176,"y":1.21577048301697,"z":-1.19209289550781E-07,"font":0,"fontSize":48}},"p15":{"x":-3.35747599601746,"y":1.50522100925446,"z":-1.19209289550781E-07,"tension":0,"bias":0,"continuity":0,"index":15,"pointType":2,"word":"","text":{"x":-2.85747599601746,"y":1.50522100925446,"z":-1.19209289550781E-07,"font":0,"fontSize":48}},"p16":{"x":-2.91847634315491,"y":1.33396255970001,"z":-1.19209289550781E-07,"tension":0,"bias":0,"continuity":0,"index":16,"pointType":2,"word":"","text":{"x":-2.41847634315491,"y":1.33396255970001,"z":-1.19209289550781E-07,"font":0,"fontSize":48}},"p17":{"x":-2.89676713943481,"y":1.09516656398773,"z":-1.19209289550781E-07,"tension":-0.329575508832932,"bias":0.198425605893135,"continuity":0,"index":17,"pointType":2,"word":"","text":{"x":-2.39676713943481,"y":1.09516656398773,"z":-1.19209289550781E-07,"font":0,"fontSize":48}},"p18":{"x":-3.08732175827026,"y":1.10963869094849,"z":-1.19209289550781E-07,"tension":0.229964658617973,"bias":-0.464308589696884,"continuity":0,"index":18,"pointType":2,"word":"","text":{"x":-2.58732175827026,"y":1.10963869094849,"z":-1.19209289550781E-07,"font":0,"fontSize":48}},"p19":{"x":-3.21516180038452,"y":1.55828702449799,"z":-1.19209289550781E-07,"tension":-0.19194158911705,"bias":-0.158541440963745,"continuity":0,"index":19,"pointType":2,"word":"","text":{"x":-2.71516180038452,"y":1.55828702449799,"z":-1.19209289550781E-07,"font":0,"fontSize":48}},"p20":{"x":-3.75305843353271,"y":1.7271329164505,"z":-1.19209289550781E-07,"tension":0,"bias":0,"continuity":0,"index":20,"pointType":2,"word":"","text":{"x":-3.25305843353271,"y":1.7271329164505,"z":-1.19209289550781E-07,"font":0,"fontSize":48}},"p21":{"x":-4.12693119049072,"y":1.42321002483368,"z":-1.19209289550781E-07,"tension":0,"bias":0,"continuity":0,"index":21,"pointType":2,"word":"","text":{"x":-3.62693119049072,"y":1.42321002483368,"z":-1.19209289550781E-07,"font":0,"fontSize":48}},"p22":{"x":-3.54154086112976,"y":1.98866033554077,"z":-1.19209289550781E-07,"tension":0,"bias":0,"continuity":0,"index":22,"pointType":6,"word":"","text":{"x":-3.04154086112976,"y":1.98866033554077,"z":-1.19209289550781E-07,"font":0,"fontSize":48}},"fixedCamera":true,"fov":58,"splineCount":3,"unlockType":0,"speed":0,"time":0,"laps":0,"startSpeed":0,"text":" ","spline0":{"order":0,"closed":false,"numPoints":2,"type":0,"lineTexture":0,"lineWidth":1,"points":{"p0":22,"p1":4}},"spline1":{"order":1,"closed":false,"numPoints":19,"type":0,"lineTexture":0,"lineWidth":1,"points":{"p0":4,"p1":6,"p2":7,"p3":0,"p4":8,"p5":9,"p6":10,"p7":2,"p8":11,"p9":12,"p10":13,"p11":3,"p12":14,"p13":15,"p14":16,"p15":5,"p16":17,"p17":18,"p18":1}},"spline2":{"order":2,"closed":false,"numPoints":5,"type":0,"lineTexture":0,"lineWidth":1,"points":{"p0":1,"p1":19,"p2":20,"p3":21,"p4":2}}}