{"name":"diagram2","pointCount":14,"p0":{"x":-4.01163482666016,"y":1.74845504760742,"z":-1.19209289550781E-07,"tension":0,"bias":0,"continuity":0,"index":0,"pointType":6,"word":"","text":{"x":-3.51163482666016,"y":1.74845504760742,"z":-1.19209289550781E-07,"font":0,"fontSize":48}},"p1":{"x":-4.00843048095703,"y":0.56932544708252,"z":-1.19209289550781E-07,"tension":0,"bias":0,"continuity":0,"index":1,"pointType":3,"word":"","text":{"x":-3.50843048095703,"y":0.56932544708252,"z":-1.19209289550781E-07,"font":0,"fontSize":48}},"p2":{"x":-3.42843294143677,"y":0.0295860767364502,"z":-1.19209289550781E-07,"tension":0.0231662299484015,"bias":-0.074666790664196,"continuity":0,"index":2,"pointType":3,"word":"","text":{"x":-2.92843294143677,"y":0.0295860767364502,"z":-1.19209289550781E-07,"font":0,"fontSize":48}},"p3":{"x":-4.55395746231079,"y":-0.653565406799316,"z":-1.19209289550781E-07,"tension":0,"bias":0,"continuity":0,"index":3,"pointType":5,"word":"","text":{"x":-4.05395746231079,"y":-0.653565406799316,"z":-1.19209289550781E-07,"font":0,"fontSize":48}},"p4":{"x":-3.7215895652771,"y":-0.378401279449463,"z":-1.19209289550781E-07,"tension":0,"bias":0,"continuity":0,"index":4,"pointType":2,"word":"","text":{"x":-3.2215895652771,"y":-0.378401279449463,"z":-1.19209289550781E-07,"font":0,"fontSize":48}},"p5":{"x":-3.19313669204712,"y":-1.14406609535217,"z":-1.19209289550781E-07,"tension":0,"bias":0,"continuity":0,"index":5,"pointType":5,"word":"","text":{"x":-2.69313669204712,"y":-1.14406609535217,"z":-1.19209289550781E-07,"font":0,"fontSize":48}},"p6":{"x":-4.27389097213745,"y":0.159720540046692,"z":-1.19209289550781E-07,"tension":0,"bias":0,"continuity":0,"index":6,"pointType":0,"word":"","text":{"x":-3.77389097213745,"y":0.159720540046692,"z":-1.19209289550781E-07,"font":0,"fontSize":48}},"p7":{"x":-4.05746698379517,"y":-0.276832103729248,"z":-1.19209289550781E-07,"tension":0,"bias":0,"continuity":0,"index":7,"pointType":2,"word":"","text":{"x":-3.55746698379517,"y":-0.276832103729248,"z":-1.19209289550781E-07,"font":0,"fontSize":48}},"p8":{"x":-4.02583122253418,"y":-1.42859244346619,"z":-1.19209289550781E-07,"tension":0,"bias":0,"continuity":0,"index":8,"pointType":0,"word":"","text":{"x":-3.52583122253418,"y":-1.42859244346619,"z":-1.19209289550781E-07,"font":0,"fontSize":48}},"p9":{"x":-4.01822662353516,"y":-1.97352075576782,"z":-1.19209289550781E-07,"tension":0,"bias":0,"continuity":0,"index":9,"pointType":7,"word":"","text":{"x":-3.51822662353516,"y":-1.97352075576782,"z":-1.19209289550781E-07,"font":0,"fontSize":48}},"p10":{"x":-3.75426602363586,"y":-0.611763954162598,"z":-1.19209289550781E-07,"tension":0,"bias":0,"continuity":0,"index":10,"pointType":5,"word":"","text":{"x":-3.25426602363586,"y":-0.611763954162598,"z":-1.19209289550781E-07,"font":0,"fontSize":48}},"p11":{"x":-3.18576836585999,"y":-0.478282690048218,"z":-1.19209289550781E-07,"tension":0,"bias":0,"continuity":0,"index":11,"pointType":2,"word":"","text":{"x":-2.68576836585999,"y":-0.478282690048218,"z":-1.19209289550781E-07,"font":0,"fontSize":48}},"p12":{"x":-4.01307249069214,"y":-0.945140838623047,"z":-1.19209289550781E-07,"tension":0,"bias":0,"continuity":0,"index":12,"pointType":1,"word":"","text":{"x":-3.51307249069214,"y":-0.945140838623047,"z":-1.19209289550781E-07,"font":0,"fontSize":48}},"p13":{"x":-4.51327037811279,"y":-0.102381229400635,"z":-1.19209289550781E-07,"tension":0,"bias":0,"continuity":0,"index":13,"pointType":2,"word":"","text":{"x":-4.01327037811279,"y":-0.102381229400635,"z":-1.19209289550781E-07,"font":0,"fontSize":48}},"fixedCamera":false,"fov":74,"splineCount":6,"unlockType":0,"speed":0,"time":0,"laps":0,"startSpeed":0,"spline0":{"order":0,"closed":false,"numPoints":2,"type":0,"lineTexture":0,"lineWidth":1,"points":{"p0":0,"p1":1}},"spline1":{"order":1,"closed":false,"numPoints":4,"type":0,"lineTexture":0,"lineWidth":1,"points":{"p0":1,"p1":2,"p2":11,"p3":5}},"spline2":{"order":2,"closed":false,"numPoints":4,"type":0,"lineTexture":0,"lineWidth":1,"points":{"p0":1,"p1":6,"p2":13,"p3":3}},"spline3":{"order":3,"closed":false,"numPoints":3,"type":0,"lineTexture":0,"lineWidth":1,"points":{"p0":2,"p1":4,"p2":10}},"spline4":{"order":4,"closed":false,"numPoints":3,"type":0,"lineTexture":0,"lineWidth":1,"points":{"p0":6,"p1":7,"p2":12}},"spline5":{"order":5,"closed":false,"numPoints":2,"type":0,"lineTexture":0,"lineWidth":1,"points":{"p0":8,"p1":9}}}