{"name":"DirTest","pointCount":23,"p0":{"x":0.767000198364258,"y":0.74215030670166,"z":0,"tension":0,"bias":0,"continuity":0,"index":0,"pointType":6,"word":"","text":{"x":1.26700019836426,"y":0.74215030670166,"z":0,"font":0,"fontSize":48}},"p1":{"x":1.20992994308472,"y":0.612464427947998,"z":0,"tension":0,"bias":0,"continuity":0,"index":1,"pointType":0,"word":"","text":{"x":1.70992994308472,"y":0.612464427947998,"z":0,"font":0,"fontSize":48}},"p2":{"x":1.13482332229614,"y":-0.0261240005493164,"z":0,"tension":0,"bias":0,"continuity":0,"index":2,"pointType":0,"word":"","text":{"x":1.63482332229614,"y":-0.0261240005493164,"z":0,"font":0,"fontSize":48}},"p3":{"x":0.732213020324707,"y":-0.11836314201355,"z":0,"tension":0,"bias":0,"continuity":0,"index":3,"pointType":0,"word":"","text":{"x":1.23221302032471,"y":-0.11836314201355,"z":0,"font":0,"fontSize":48}},"p4":{"x":0.259325504302979,"y":0.669799327850342,"z":0,"tension":0,"bias":0,"continuity":0,"index":4,"pointType":2,"word":"","text":{"x":0.759325504302979,"y":0.669799327850342,"z":0,"font":0,"fontSize":48}},"p5":{"x":-0.0286765098571777,"y":0.0703662633895874,"z":0,"tension":0,"bias":0,"continuity":0,"index":5,"pointType":2,"word":"","text":{"x":0.471323490142822,"y":0.0703662633895874,"z":0,"font":0,"fontSize":48}},"p6":{"x":0.886614322662354,"y":0.637182235717773,"z":0,"tension":1,"bias":0,"continuity":0,"index":6,"pointType":2,"word":"","text":{"x":1.38661432266235,"y":0.637182235717773,"z":0,"font":0,"fontSize":48}},"p7":{"x":0.747802257537842,"y":0.530433177947998,"z":0,"tension":1,"bias":0,"continuity":0,"index":7,"pointType":2,"word":"","text":{"x":1.24780225753784,"y":0.530433177947998,"z":0,"font":0,"fontSize":48}},"p8":{"x":0.862961292266846,"y":0.446599245071411,"z":0,"tension":1,"bias":0,"continuity":0,"index":8,"pointType":2,"word":"","text":{"x":1.36296129226685,"y":0.446599245071411,"z":0,"font":0,"fontSize":48}},"p9":{"x":0.72211217880249,"y":0.350728034973145,"z":0,"tension":1,"bias":0,"continuity":0,"index":9,"pointType":2,"word":"","text":{"x":1.22211217880249,"y":0.350728034973145,"z":0,"font":0,"fontSize":48}},"p10":{"x":0.845095157623291,"y":0.261135339736938,"z":0,"tension":1,"bias":0,"continuity":0,"index":10,"pointType":2,"word":"","text":{"x":1.34509515762329,"y":0.261135339736938,"z":0,"font":0,"fontSize":48}},"p11":{"x":0.688275814056396,"y":0.195549011230469,"z":0,"tension":1,"bias":0,"continuity":0,"index":11,"pointType":2,"word":"","text":{"x":1.1882758140564,"y":0.195549011230469,"z":0,"font":0,"fontSize":48}},"p12":{"x":0.817050457000732,"y":0.0902254581451416,"z":0,"tension":1,"bias":0,"continuity":0,"index":12,"pointType":2,"word":"","text":{"x":1.31705045700073,"y":0.0902254581451416,"z":0,"font":0,"fontSize":48}},"p13":{"x":0.655466556549072,"y":0.00136756896972656,"z":0,"tension":1,"bias":0,"continuity":0,"index":13,"pointType":2,"word":"","text":{"x":1.15546655654907,"y":0.00136756896972656,"z":0,"font":0,"fontSize":48}},"p14":{"x":1.42218637466431,"y":0.612924814224243,"z":0,"tension":1,"bias":0,"continuity":0,"index":14,"pointType":2,"word":"","text":{"x":1.92218637466431,"y":0.612924814224243,"z":0,"font":0,"fontSize":48}},"p15":{"x":1.57807016372681,"y":0.614509344100952,"z":0,"tension":1,"bias":0,"continuity":0,"index":15,"pointType":2,"word":"","text":{"x":2.07807016372681,"y":0.614509344100952,"z":0,"font":0,"fontSize":48}},"p16":{"x":1.43925809860229,"y":0.507760286331177,"z":0,"tension":1,"bias":0,"continuity":0,"index":16,"pointType":2,"word":"","text":{"x":1.93925809860229,"y":0.507760286331177,"z":0,"font":0,"fontSize":48}},"p17":{"x":1.5544171333313,"y":0.42392635345459,"z":0,"tension":1,"bias":0,"continuity":0,"index":17,"pointType":2,"word":"","text":{"x":2.0544171333313,"y":0.42392635345459,"z":0,"font":0,"fontSize":48}},"p18":{"x":1.41356801986694,"y":0.328055143356323,"z":0,"tension":1,"bias":0,"continuity":0,"index":18,"pointType":2,"word":"","text":{"x":1.91356801986694,"y":0.328055143356323,"z":0,"font":0,"fontSize":48}},"p19":{"x":1.53655099868774,"y":0.238462448120117,"z":0,"tension":1,"bias":0,"continuity":0,"index":19,"pointType":2,"word":"","text":{"x":2.03655099868774,"y":0.238462448120117,"z":0,"font":0,"fontSize":48}},"p20":{"x":1.37973165512085,"y":0.172876358032227,"z":0,"tension":1,"bias":0,"continuity":0,"index":20,"pointType":2,"word":"","text":{"x":1.87973165512085,"y":0.172876358032227,"z":0,"font":0,"fontSize":48}},"p21":{"x":1.50850629806519,"y":0.0675525665283203,"z":0,"tension":1,"bias":0,"continuity":0,"index":21,"pointType":2,"word":"","text":{"x":2.00850629806519,"y":0.0675525665283203,"z":0,"font":0,"fontSize":48}},"p22":{"x":1.3378586769104,"y":0.0217695236206055,"z":0,"tension":1,"bias":0,"continuity":0,"index":22,"pointType":2,"word":"","text":{"x":1.8378586769104,"y":0.0217695236206055,"z":0,"font":0,"fontSize":48}},"splineCount":4,"unlockType":0,"speed":1,"acceleration":0.0999999940395355,"maxSpeed":2.89999985694885,"time":1,"laps":1,"startSpeed":0.0499999970197678,"text":"","title":"","forceOrder":false,"camera":{"lockX":true,"lockY":true,"lockZ":false,"x":0,"y":0,"z":0,"setPos":false,"fov":54},"spline0":{"order":0,"closed":false,"numPoints":4,"type":0,"lineTexture":4,"lineWidth":1,"bidirectional":true,"speed":0,"points":{"p0":0,"p1":1,"p2":2,"p3":3}},"spline1":{"order":1,"closed":false,"numPoints":4,"type":0,"lineTexture":1,"lineWidth":1,"bidirectional":true,"speed":0,"points":{"p0":3,"p1":5,"p2":4,"p3":0}},"spline2":{"order":2,"closed":false,"numPoints":10,"type":0,"lineTexture":3,"lineWidth":1,"bidirectional":true,"speed":1.70000004768372,"points":{"p0":0,"p1":6,"p2":7,"p3":8,"p4":9,"p5":10,"p6":11,"p7":12,"p8":13,"p9":3}},"spline3":{"order":3,"closed":false,"numPoints":11,"type":0,"lineTexture":4,"lineWidth":1,"bidirectional":true,"speed":0,"points":{"p0":1,"p1":14,"p2":15,"p3":16,"p4":17,"p5":18,"p6":19,"p7":20,"p8":21,"p9":22,"p10":2}}}