{"name":"DirTest","pointCount":29,"p0":{"x":0.690088272094727,"y":0.598587274551392,"z":0,"tension":0,"bias":0,"continuity":0,"index":0,"pointType":6,"word":"","text":{"x":1.19008827209473,"y":0.598587274551392,"z":0,"font":0,"fontSize":48}},"p1":{"x":1.18261432647705,"y":0.713701725006104,"z":0,"tension":0,"bias":0,"continuity":0,"index":1,"pointType":0,"word":"","text":{"x":1.68261432647705,"y":0.713701725006104,"z":0,"font":0,"fontSize":48}},"p2":{"x":1.25448799133301,"y":0.373342156410217,"z":0,"tension":0,"bias":0,"continuity":0,"index":2,"pointType":0,"word":"","text":{"x":1.75448799133301,"y":0.373342156410217,"z":0,"font":0,"fontSize":48}},"p3":{"x":1.69504833221436,"y":0.630705714225769,"z":0,"tension":0,"bias":0,"continuity":0,"index":3,"pointType":0,"word":"","text":{"x":2.19504833221436,"y":0.630705714225769,"z":0,"font":0,"fontSize":48}},"p4":{"x":1.34926462173462,"y":0.765046834945679,"z":0,"tension":0,"bias":0,"continuity":0,"index":4,"pointType":0,"word":"","text":{"x":1.84926462173462,"y":0.765046834945679,"z":0,"font":0,"fontSize":48}},"p5":{"x":0.8327317237854,"y":0.827767848968506,"z":0,"tension":0,"bias":0,"continuity":0,"index":5,"pointType":0,"word":"","text":{"x":1.3327317237854,"y":0.827767848968506,"z":0,"font":0,"fontSize":48}},"p6":{"x":0.502524375915527,"y":0.628537893295288,"z":0,"tension":0,"bias":0,"continuity":0,"index":6,"pointType":0,"word":"","text":{"x":1.00252437591553,"y":0.628537893295288,"z":0,"font":0,"fontSize":48}},"p7":{"x":0.548644065856934,"y":0.333375692367554,"z":0,"tension":0,"bias":0,"continuity":0,"index":7,"pointType":0,"word":"","text":{"x":1.04864406585693,"y":0.333375692367554,"z":0,"font":0,"fontSize":48}},"p8":{"x":1.11682796478271,"y":0.274343252182007,"z":0,"tension":0,"bias":0,"continuity":0,"index":8,"pointType":0,"word":"","text":{"x":1.61682796478271,"y":0.274343252182007,"z":0,"font":0,"fontSize":48}},"p9":{"x":-0.4298255443573,"y":0.0654884576797485,"z":0,"tension":0,"bias":0,"continuity":0,"index":9,"pointType":0,"word":"","text":{"x":0.0701744556427002,"y":0.0654884576797485,"z":0,"font":0,"fontSize":48}},"p10":{"x":-0.0498080253601074,"y":-0.111607074737549,"z":0,"tension":0,"bias":0,"continuity":0,"index":10,"pointType":0,"word":"","text":{"x":0.450191974639893,"y":-0.111607074737549,"z":0,"font":0,"fontSize":48}},"p11":{"x":0.044273853302002,"y":0.159570455551147,"z":0,"tension":0,"bias":0,"continuity":0,"index":11,"pointType":0,"word":"","text":{"x":0.544273853302002,"y":0.159570455551147,"z":0,"font":0,"fontSize":48}},"p12":{"x":0.0571846961975098,"y":0.452882766723633,"z":0,"tension":0,"bias":0,"continuity":0,"index":12,"pointType":0,"word":"","text":{"x":0.55718469619751,"y":0.452882766723633,"z":0,"font":0,"fontSize":48}},"p13":{"x":0.376326084136963,"y":0.207531213760376,"z":0,"tension":0,"bias":0,"continuity":0,"index":13,"pointType":0,"word":"","text":{"x":0.876326084136963,"y":0.207531213760376,"z":0,"font":0,"fontSize":48}},"p14":{"x":0.656725406646729,"y":-0.0101487636566162,"z":0,"tension":0,"bias":0,"continuity":0,"index":14,"pointType":0,"word":"","text":{"x":1.15672540664673,"y":-0.0101487636566162,"z":0,"font":0,"fontSize":48}},"p15":{"x":0.721292972564697,"y":0.390161633491516,"z":0,"tension":0,"bias":0,"continuity":0,"index":15,"pointType":0,"word":"","text":{"x":1.2212929725647,"y":0.390161633491516,"z":0,"font":0,"fontSize":48}},"p16":{"x":0.276709079742432,"y":0.513759613037109,"z":0,"tension":0,"bias":0,"continuity":0,"index":16,"pointType":0,"word":"","text":{"x":0.776709079742432,"y":0.513759613037109,"z":0,"font":0,"fontSize":48}},"p17":{"x":0.269329786300659,"y":-0.163259506225586,"z":0,"tension":0,"bias":0,"continuity":0,"index":17,"pointType":0,"word":"","text":{"x":0.769329786300659,"y":-0.163259506225586,"z":0,"font":0,"fontSize":48}},"p18":{"x":0.654881000518799,"y":-0.174327850341797,"z":0,"tension":0,"bias":0,"continuity":0,"index":18,"pointType":0,"word":"","text":{"x":1.1548810005188,"y":-0.174327850341797,"z":0,"font":0,"fontSize":48}},"p19":{"x":0.228745460510254,"y":0.0968493223190308,"z":0,"tension":0,"bias":0,"continuity":0,"index":19,"pointType":0,"word":"","text":{"x":0.728745460510254,"y":0.0968493223190308,"z":0,"font":0,"fontSize":48}},"p20":{"x":0.298847913742065,"y":0.336666107177734,"z":0,"tension":0,"bias":0,"continuity":0,"index":20,"pointType":0,"word":"","text":{"x":0.798847913742065,"y":0.336666107177734,"z":0,"font":0,"fontSize":48}},"p21":{"x":0.649349689483643,"y":0.141123175621033,"z":0,"tension":0,"bias":0,"continuity":0,"index":21,"pointType":0,"word":"","text":{"x":1.14934968948364,"y":0.141123175621033,"z":0,"font":0,"fontSize":48}},"p22":{"x":1.01537847518921,"y":-0.08078932762146,"z":0,"tension":0,"bias":0,"continuity":0,"index":22,"pointType":0,"word":"","text":{"x":1.51537847518921,"y":-0.08078932762146,"z":0,"font":0,"fontSize":48}},"p23":{"x":1.38928747177124,"y":0.0651266574859619,"z":0,"tension":0,"bias":0,"continuity":0,"index":23,"pointType":0,"word":"","text":{"x":1.88928747177124,"y":0.0651266574859619,"z":0,"font":0,"fontSize":48}},"p24":{"x":1.0092978477478,"y":0.542394876480103,"z":0,"tension":0,"bias":0,"continuity":0,"index":24,"pointType":0,"word":"","text":{"x":1.5092978477478,"y":0.542394876480103,"z":0,"font":0,"fontSize":48}},"p25":{"x":-0.121553421020508,"y":0.660951614379883,"z":0,"tension":0,"bias":0,"continuity":0,"index":25,"pointType":0,"word":"","text":{"x":0.378446578979492,"y":0.660951614379883,"z":0,"font":0,"fontSize":48}},"p26":{"x":1.90652370452881,"y":0.174117207527161,"z":0,"tension":0,"bias":0,"continuity":0,"index":26,"pointType":0,"word":"","text":{"x":2.40652370452881,"y":0.174117207527161,"z":0,"font":0,"fontSize":48}},"p27":{"x":1.35584211349487,"y":-0.342934370040894,"z":0,"tension":0,"bias":0,"continuity":0,"index":27,"pointType":0,"word":"","text":{"x":1.85584211349487,"y":-0.342934370040894,"z":0,"font":0,"fontSize":48}},"p28":{"x":1.71735334396362,"y":0.489392280578613,"z":0,"tension":0,"bias":0,"continuity":0,"index":28,"pointType":0,"word":"","text":{"x":2.21735334396362,"y":0.489392280578613,"z":0,"font":0,"fontSize":48}},"splineCount":10,"unlockType":0,"speed":1,"acceleration":1,"maxSpeed":10,"time":1,"laps":1,"startSpeed":1,"text":"","title":"","forceOrder":false,"camera":{"lockX":false,"lockY":false,"lockZ":false,"x":0,"y":0,"z":0,"setPos":false,"fov":30},"spline0":{"order":0,"closed":false,"numPoints":3,"type":0,"lineTexture":0,"lineWidth":1,"bidirectional":true,"speed":0,"points":{"p0":2,"p1":0,"p2":1}},"spline1":{"order":1,"closed":false,"numPoints":2,"type":0,"lineTexture":0,"lineWidth":1,"bidirectional":true,"speed":0,"points":{"p0":3,"p1":2}},"spline2":{"order":2,"closed":false,"numPoints":2,"type":0,"lineTexture":0,"lineWidth":1,"bidirectional":true,"speed":0,"points":{"p0":1,"p1":3}},"spline3":{"order":3,"closed":false,"numPoints":2,"type":0,"lineTexture":0,"lineWidth":1,"bidirectional":true,"speed":0,"points":{"p0":1,"p1":2}},"spline4":{"order":4,"closed":false,"numPoints":5,"type":0,"lineTexture":0,"lineWidth":1,"bidirectional":true,"speed":0,"points":{"p0":4,"p1":5,"p2":6,"p3":7,"p4":8}},"spline5":{"order":5,"closed":false,"numPoints":8,"type":0,"lineTexture":0,"lineWidth":1,"bidirectional":true,"speed":0,"points":{"p0":9,"p1":10,"p2":11,"p3":12,"p4":13,"p5":14,"p6":15,"p7":16}},"spline6":{"order":6,"closed":false,"numPoints":2,"type":0,"lineTexture":0,"lineWidth":1,"bidirectional":true,"speed":0,"points":{"p0":16,"p1":12}},"spline7":{"order":7,"closed":false,"numPoints":7,"type":0,"lineTexture":0,"lineWidth":1,"bidirectional":true,"speed":0,"points":{"p0":17,"p1":18,"p2":19,"p3":20,"p4":7,"p5":21,"p6":14}},"spline8":{"order":8,"closed":false,"numPoints":5,"type":0,"lineTexture":0,"lineWidth":1,"bidirectional":true,"speed":0,"points":{"p0":22,"p1":23,"p2":24,"p3":25,"p4":12}},"spline9":{"order":9,"closed":false,"numPoints":3,"type":0,"lineTexture":0,"lineWidth":1,"bidirectional":true,"speed":0,"points":{"p0":26,"p1":27,"p2":28}}}