{"name":"DotTest","pointCount":13,"p0":{"x":0.0452497005462646,"y":0.652034282684326,"z":0,"tension":0,"bias":0,"continuity":0,"index":0,"pointType":0,"word":"","text":{"x":0.545249700546265,"y":0.652034282684326,"z":0,"font":0,"fontSize":48}},"p1":{"x":0.203677892684937,"y":1.11252152919769,"z":0,"tension":0,"bias":0,"continuity":0,"index":1,"pointType":0,"word":"","text":{"x":0.703677892684937,"y":1.11252152919769,"z":0,"font":0,"fontSize":48}},"p2":{"x":-0.0420310497283936,"y":0.370311498641968,"z":0,"tension":0,"bias":0,"continuity":0,"index":2,"pointType":6,"word":"","text":{"x":0.457968950271606,"y":0.370311498641968,"z":0,"font":0,"fontSize":48}},"p3":{"x":0.373795747756958,"y":-0.169556617736816,"z":0,"tension":1,"bias":0,"continuity":0,"index":3,"pointType":0,"word":"","text":{"x":0.873795747756958,"y":-0.169556617736816,"z":0,"font":0,"fontSize":48}},"p4":{"x":1.40710878372192,"y":0.573296666145325,"z":0,"tension":0,"bias":0,"continuity":0,"index":4,"pointType":0,"word":"","text":{"x":1.90710878372192,"y":0.573296666145325,"z":0,"font":0,"fontSize":48}},"p5":{"x":0.353099822998047,"y":-1.22842741012573,"z":0,"tension":1,"bias":0,"continuity":0,"index":5,"pointType":0,"word":"","text":{"x":0.853099822998047,"y":-1.22842741012573,"z":0,"font":0,"fontSize":48}},"p6":{"x":0.946584701538086,"y":-1.82825756072998,"z":0,"tension":1,"bias":0,"continuity":0,"index":6,"pointType":0,"word":"","text":{"x":1.44658470153809,"y":-1.82825756072998,"z":0,"font":0,"fontSize":48}},"p7":{"x":1.6479754447937,"y":-1.1665415763855,"z":0,"tension":0,"bias":0,"continuity":0,"index":7,"pointType":2,"word":"","text":{"x":2.1479754447937,"y":-1.1665415763855,"z":0,"font":0,"fontSize":48}},"p8":{"x":2.1145133972168,"y":-0.442932367324829,"z":0,"tension":0,"bias":0,"continuity":0,"index":8,"pointType":2,"word":"","text":{"x":2.6145133972168,"y":-0.442932367324829,"z":0,"font":0,"fontSize":48}},"p9":{"x":1.06718683242798,"y":-0.830118894577026,"z":0,"tension":1,"bias":0,"continuity":0,"index":9,"pointType":0,"word":"","text":{"x":1.56718683242798,"y":-0.830118894577026,"z":0,"font":0,"fontSize":48}},"p10":{"x":-0.260963439941406,"y":-0.452017307281494,"z":0,"tension":0,"bias":0,"continuity":0,"index":10,"pointType":0,"word":"","text":{"x":0.239036560058594,"y":-0.452017307281494,"z":0,"font":0,"fontSize":48}},"p11":{"x":2.64030361175537,"y":0.733597755432129,"z":0,"tension":0,"bias":0,"continuity":0,"index":11,"pointType":0,"word":"","text":{"x":3.14030361175537,"y":0.733597755432129,"z":0,"font":0,"fontSize":48}},"p12":{"x":2.46594858169556,"y":-1.40051102638245,"z":0,"tension":0,"bias":0,"continuity":0,"index":12,"pointType":0,"word":"","text":{"x":2.96594858169556,"y":-1.40051102638245,"z":0,"font":0,"fontSize":48}},"splineCount":13,"unlockType":0,"speed":1,"acceleration":0,"maxSpeed":10,"time":1,"laps":1,"startSpeed":1,"text":"","title":"","forceOrder":false,"camera":{"lockX":true,"lockY":true,"lockZ":false,"x":1.60039329528809,"y":-0.428402721881866,"z":-4,"setPos":true,"fov":86},"spline0":{"order":0,"closed":false,"numPoints":2,"type":0,"lineTexture":0,"lineWidth":1,"bidirectional":true,"speed":0,"points":{"p0":2,"p1":0}},"spline1":{"order":1,"closed":false,"numPoints":2,"type":0,"lineTexture":0,"lineWidth":1,"bidirectional":true,"speed":0,"points":{"p0":1,"p1":0}},"spline2":{"order":2,"closed":false,"numPoints":2,"type":0,"lineTexture":0,"lineWidth":1,"bidirectional":true,"speed":0,"points":{"p0":3,"p1":2}},"spline3":{"order":3,"closed":false,"numPoints":2,"type":0,"lineTexture":0,"lineWidth":1,"bidirectional":true,"speed":0,"points":{"p0":4,"p1":3}},"spline4":{"order":4,"closed":false,"numPoints":3,"type":0,"lineTexture":0,"lineWidth":1,"bidirectional":true,"speed":0,"points":{"p0":3,"p1":5,"p2":6}},"spline5":{"order":5,"closed":false,"numPoints":4,"type":0,"lineTexture":1,"lineWidth":1,"bidirectional":true,"speed":0,"points":{"p0":6,"p1":7,"p2":8,"p3":4}},"spline6":{"order":6,"closed":false,"numPoints":2,"type":0,"lineTexture":0,"lineWidth":1,"bidirectional":true,"speed":0,"points":{"p0":3,"p1":9}},"spline7":{"order":7,"closed":false,"numPoints":2,"type":0,"lineTexture":0,"lineWidth":1,"bidirectional":true,"speed":0,"points":{"p0":9,"p1":4}},"spline8":{"order":8,"closed":false,"numPoints":2,"type":0,"lineTexture":0,"lineWidth":1,"bidirectional":true,"speed":0,"points":{"p0":4,"p1":0}},"spline9":{"order":9,"closed":false,"numPoints":2,"type":0,"lineTexture":0,"lineWidth":1,"bidirectional":true,"speed":0,"points":{"p0":10,"p1":3}},"spline10":{"order":10,"closed":false,"numPoints":2,"type":0,"lineTexture":0,"lineWidth":1,"bidirectional":true,"speed":0,"points":{"p0":11,"p1":4}},"spline11":{"order":11,"closed":false,"numPoints":2,"type":0,"lineTexture":0,"lineWidth":1,"bidirectional":true,"speed":0,"points":{"p0":12,"p1":9}},"spline12":{"order":12,"closed":false,"numPoints":2,"type":0,"lineTexture":0,"lineWidth":1,"bidirectional":true,"speed":0,"points":{"p0":11,"p1":12}}}