{"name":"DotTest","pointCount":13,"p0":{"x":-0.44713306427002,"y":0.760524272918701,"z":0,"tension":0,"bias":0,"continuity":0,"index":0,"pointType":6,"word":"","text":{"x":0.0528669357299805,"y":0.760524272918701,"z":0,"font":0,"fontSize":48}},"p1":{"x":0.0452497005462646,"y":0.652034282684326,"z":0,"tension":0,"bias":0,"continuity":0,"index":1,"pointType":0,"word":"","text":{"x":0.545249700546265,"y":0.652034282684326,"z":0,"font":0,"fontSize":48}},"p2":{"x":0.706833362579346,"y":1.30715870857239,"z":0,"tension":0,"bias":0,"continuity":0,"index":2,"pointType":0,"word":"","text":{"x":1.20683336257935,"y":1.30715870857239,"z":0,"font":0,"fontSize":48}},"p3":{"x":0.203677892684937,"y":1.11252152919769,"z":0,"tension":0,"bias":0,"continuity":0,"index":3,"pointType":0,"word":"","text":{"x":0.703677892684937,"y":1.11252152919769,"z":0,"font":0,"fontSize":48}},"p4":{"x":-0.0420310497283936,"y":0.370311498641968,"z":0,"tension":0,"bias":0,"continuity":0,"index":4,"pointType":0,"word":"","text":{"x":0.457968950271606,"y":0.370311498641968,"z":0,"font":0,"fontSize":48}},"p5":{"x":0.373795747756958,"y":-0.169556617736816,"z":0,"tension":1,"bias":0,"continuity":0,"index":5,"pointType":3,"word":"","text":{"x":0.873795747756958,"y":-0.169556617736816,"z":0,"font":0,"fontSize":48}},"p6":{"x":1.40710878372192,"y":0.573296666145325,"z":0,"tension":0,"bias":0,"continuity":0,"index":6,"pointType":0,"word":"","text":{"x":1.90710878372192,"y":0.573296666145325,"z":0,"font":0,"fontSize":48}},"p7":{"x":0.353099822998047,"y":-1.22842741012573,"z":0,"tension":1,"bias":0,"continuity":0,"index":7,"pointType":0,"word":"","text":{"x":0.853099822998047,"y":-1.22842741012573,"z":0,"font":0,"fontSize":48}},"p8":{"x":0.946584701538086,"y":-1.82825756072998,"z":0,"tension":1,"bias":0,"continuity":0,"index":8,"pointType":0,"word":"","text":{"x":1.44658470153809,"y":-1.82825756072998,"z":0,"font":0,"fontSize":48}},"p9":{"x":1.6479754447937,"y":-1.1665415763855,"z":0,"tension":0,"bias":0,"continuity":0,"index":9,"pointType":2,"word":"","text":{"x":2.1479754447937,"y":-1.1665415763855,"z":0,"font":0,"fontSize":48}},"p10":{"x":2.1145133972168,"y":-0.442932367324829,"z":0,"tension":0,"bias":0,"continuity":0,"index":10,"pointType":2,"word":"","text":{"x":2.6145133972168,"y":-0.442932367324829,"z":0,"font":0,"fontSize":48}},"p11":{"x":2.80955839157104,"y":-0.623820066452026,"z":0,"tension":0,"bias":0,"continuity":0,"index":11,"pointType":0,"word":"","text":{"x":3.30955839157104,"y":-0.623820066452026,"z":0,"font":0,"fontSize":48}},"p12":{"x":1.06718683242798,"y":-0.830118894577026,"z":0,"tension":1,"bias":0,"continuity":0,"index":12,"pointType":0,"word":"","text":{"x":1.56718683242798,"y":-0.830118894577026,"z":0,"font":0,"fontSize":48}},"splineCount":9,"unlockType":0,"speed":1,"acceleration":0,"maxSpeed":10,"time":1,"laps":1,"startSpeed":1,"text":"","title":"","forceOrder":false,"camera":{"lockX":false,"lockY":false,"lockZ":false,"x":0.258226424455643,"y":0.152780055999756,"z":-2,"setPos":false,"fixCam":false,"fov":71},"spline0":{"order":0,"closed":false,"numPoints":2,"type":0,"lineTexture":0,"lineWidth":1,"bidirectional":true,"speed":0,"points":{"p0":0,"p1":1}},"spline1":{"order":1,"closed":false,"numPoints":2,"type":0,"lineTexture":0,"lineWidth":1,"bidirectional":true,"speed":0,"points":{"p0":3,"p1":2}},"spline2":{"order":2,"closed":false,"numPoints":2,"type":0,"lineTexture":0,"lineWidth":1,"bidirectional":true,"speed":0,"points":{"p0":4,"p1":1}},"spline3":{"order":3,"closed":false,"numPoints":2,"type":0,"lineTexture":0,"lineWidth":1,"bidirectional":true,"speed":0,"points":{"p0":3,"p1":1}},"spline4":{"order":4,"closed":false,"numPoints":2,"type":0,"lineTexture":0,"lineWidth":1,"bidirectional":true,"speed":0,"points":{"p0":5,"p1":4}},"spline5":{"order":5,"closed":false,"numPoints":2,"type":0,"lineTexture":0,"lineWidth":1,"bidirectional":true,"speed":0,"points":{"p0":6,"p1":5}},"spline6":{"order":6,"closed":false,"numPoints":3,"type":0,"lineTexture":0,"lineWidth":1,"bidirectional":true,"speed":0,"points":{"p0":5,"p1":7,"p2":8}},"spline7":{"order":7,"closed":false,"numPoints":4,"type":0,"lineTexture":1,"lineWidth":1,"bidirectional":true,"speed":0,"points":{"p0":8,"p1":9,"p2":10,"p3":6}},"spline8":{"order":8,"closed":false,"numPoints":3,"type":0,"lineTexture":0,"lineWidth":1,"bidirectional":true,"speed":0,"points":{"p0":11,"p1":12,"p2":5}}}