{"name":"Echo","pointCount":13,"p0":{"x":-0.25489616394043,"y":0.754583477973938,"z":0,"tension":0,"bias":0,"continuity":0,"index":0,"pointType":6,"word":"","text":{"x":0.24510383605957,"y":0.754583477973938,"z":0,"font":0,"fontSize":48}},"p1":{"x":0.458868503570557,"y":0.307909369468689,"z":0,"tension":1,"bias":0,"continuity":0,"index":1,"pointType":0,"word":"","text":{"x":0.958868503570557,"y":0.307909369468689,"z":0,"font":0,"fontSize":48}},"p2":{"x":-0.0020134449005127,"y":0.858572006225586,"z":0,"tension":1,"bias":0,"continuity":0,"index":2,"pointType":0,"word":"","text":{"x":0.497986555099487,"y":0.858572006225586,"z":0,"font":0,"fontSize":48}},"p3":{"x":-0.235988855361938,"y":0.384714126586914,"z":0,"tension":1,"bias":0,"continuity":0,"index":3,"pointType":0,"word":"","text":{"x":0.264011144638062,"y":0.384714126586914,"z":0,"font":0,"fontSize":48}},"p4":{"x":0.0983371734619141,"y":0.660009860992432,"z":0,"tension":1,"bias":0,"continuity":0,"index":4,"pointType":0,"word":"","text":{"x":0.598337173461914,"y":0.660009860992432,"z":0,"font":0,"fontSize":48}},"p5":{"x":0.169736623764038,"y":0.288354754447937,"z":0,"tension":1,"bias":0,"continuity":0,"index":5,"pointType":0,"word":"","text":{"x":0.669736623764038,"y":0.288354754447937,"z":0,"font":0,"fontSize":48}},"p6":{"x":-0.183044910430908,"y":0.920369982719421,"z":0,"tension":1,"bias":0,"continuity":0,"index":6,"pointType":0,"word":"","text":{"x":0.316955089569092,"y":0.920369982719421,"z":0,"font":0,"fontSize":48}},"p7":{"x":0.169118881225586,"y":1.03520607948303,"z":0,"tension":1,"bias":0,"continuity":0,"index":7,"pointType":0,"word":"","text":{"x":0.669118881225586,"y":1.03520607948303,"z":0,"font":0,"fontSize":48}},"p8":{"x":-0.186357736587524,"y":0.273634195327759,"z":0,"tension":1,"bias":0,"continuity":0,"index":8,"pointType":0,"word":"","text":{"x":0.313642263412476,"y":0.273634195327759,"z":0,"font":0,"fontSize":48}},"p9":{"x":0.512036800384521,"y":0.568556308746338,"z":0,"tension":1,"bias":0,"continuity":0,"index":9,"pointType":0,"word":"","text":{"x":1.01203680038452,"y":0.568556308746338,"z":0,"font":0,"fontSize":48}},"p10":{"x":-0.441603660583496,"y":0.572603225708008,"z":0,"tension":1,"bias":0,"continuity":0,"index":10,"pointType":0,"word":"","text":{"x":0.0583963394165039,"y":0.572603225708008,"z":0,"font":0,"fontSize":48}},"p11":{"x":0.335951566696167,"y":0.837301254272461,"z":0,"tension":1,"bias":0,"continuity":0,"index":11,"pointType":0,"word":"","text":{"x":0.835951566696167,"y":0.837301254272461,"z":0,"font":0,"fontSize":48}},"p12":{"x":0.00651001930236816,"y":0.235353827476501,"z":0,"tension":1,"bias":0,"continuity":0,"index":12,"pointType":7,"word":"","text":{"x":0.506510019302368,"y":0.235353827476501,"z":0,"font":0,"fontSize":48}},"splineCount":1,"unlockType":2,"speed":1,"time":3,"laps":1,"startSpeed":1,"text":"","title":"","forceOrder":false,"camera":{"lockX":true,"lockY":true,"lockZ":true,"x":0,"y":0,"z":0,"setPos":false,"fixCam":false,"fov":54},"spline0":{"order":0,"closed":false,"numPoints":13,"type":0,"lineTexture":0,"lineWidth":1,"bidirectional":false,"speed":0,"points":{"p0":0,"p1":1,"p2":2,"p3":3,"p4":4,"p5":5,"p6":6,"p7":7,"p8":8,"p9":9,"p10":10,"p11":11,"p12":12}}}