{"name":"Entering","pointCount":50,"p0":{"x":0,"y":0,"z":0,"tension":-0.248834550380707,"bias":0,"continuity":0,"index":0,"pointType":7,"word":"","collect":false,"text":{"x":0.5,"y":0,"z":0,"font":0,"fontSize":48}},"p1":{"x":-0.433012723922729,"y":0.25,"z":0.200000002980232,"tension":-0.248834550380707,"bias":0,"continuity":0,"index":1,"pointType":2,"word":"","collect":false,"text":{"x":0.0669872760772705,"y":0.25,"z":0.200000002980232,"font":0,"fontSize":48}},"p2":{"x":-0.866025447845459,"y":0,"z":0.400000005960464,"tension":-0.248834550380707,"bias":0,"continuity":0,"index":2,"pointType":2,"word":"","collect":false,"text":{"x":-0.366025447845459,"y":0,"z":0.400000005960464,"font":0,"fontSize":48}},"p3":{"x":-0.866025447845459,"y":-0.5,"z":0.600000023841858,"tension":-0.248834550380707,"bias":0,"continuity":0,"index":3,"pointType":2,"word":"","collect":false,"text":{"x":-0.366025447845459,"y":-0.5,"z":0.600000023841858,"font":0,"fontSize":48}},"p4":{"x":-0.433012723922729,"y":-0.75,"z":0.800000011920929,"tension":-0.248834550380707,"bias":0,"continuity":0,"index":4,"pointType":2,"word":"","collect":false,"text":{"x":0.0669872760772705,"y":-0.75,"z":0.800000011920929,"font":0,"fontSize":48}},"p5":{"x":0,"y":-0.5,"z":1,"tension":-0.248834550380707,"bias":0,"continuity":0,"index":5,"pointType":2,"word":"","collect":false,"text":{"x":0.5,"y":-0.5,"z":1,"font":0,"fontSize":48}},"p6":{"x":0,"y":0,"z":1.20000004768372,"tension":-0.248834550380707,"bias":0,"continuity":0,"index":6,"pointType":2,"word":"","collect":false,"text":{"x":0.5,"y":0,"z":1.20000004768372,"font":0,"fontSize":48}},"p7":{"x":-0.433012723922729,"y":0.25,"z":1.40000009536743,"tension":-0.248834550380707,"bias":0,"continuity":0,"index":7,"pointType":2,"word":"","collect":false,"text":{"x":0.0669872760772705,"y":0.25,"z":1.40000009536743,"font":0,"fontSize":48}},"p8":{"x":-0.866025447845459,"y":0,"z":1.60000014305115,"tension":-0.248834550380707,"bias":0,"continuity":0,"index":8,"pointType":2,"word":"","collect":false,"text":{"x":-0.366025447845459,"y":0,"z":1.60000014305115,"font":0,"fontSize":48}},"p9":{"x":-0.866025447845459,"y":-0.5,"z":1.80000019073486,"tension":-0.248834550380707,"bias":0,"continuity":0,"index":9,"pointType":2,"word":"","collect":false,"text":{"x":-0.366025447845459,"y":-0.5,"z":1.80000019073486,"font":0,"fontSize":48}},"p10":{"x":-0.433012723922729,"y":-0.75,"z":2.00000023841858,"tension":-0.248834550380707,"bias":0,"continuity":0,"index":10,"pointType":2,"word":"","collect":false,"text":{"x":0.0669872760772705,"y":-0.75,"z":2.00000023841858,"font":0,"fontSize":48}},"p11":{"x":0,"y":-0.5,"z":2.20000028610229,"tension":-0.248834550380707,"bias":0,"continuity":0,"index":11,"pointType":2,"word":"","collect":false,"text":{"x":0.5,"y":-0.5,"z":2.20000028610229,"font":0,"fontSize":48}},"p12":{"x":0,"y":0,"z":2.40000033378601,"tension":-0.248834550380707,"bias":0,"continuity":0,"index":12,"pointType":2,"word":"","collect":false,"text":{"x":0.5,"y":0,"z":2.40000033378601,"font":0,"fontSize":48}},"p13":{"x":-0.433012723922729,"y":0.25,"z":2.60000038146973,"tension":-0.248834550380707,"bias":0,"continuity":0,"index":13,"pointType":2,"word":"","collect":false,"text":{"x":0.0669872760772705,"y":0.25,"z":2.60000038146973,"font":0,"fontSize":48}},"p14":{"x":-0.866025447845459,"y":0,"z":2.80000042915344,"tension":-0.248834550380707,"bias":0,"continuity":0,"index":14,"pointType":2,"word":"","collect":false,"text":{"x":-0.366025447845459,"y":0,"z":2.80000042915344,"font":0,"fontSize":48}},"p15":{"x":-0.866025447845459,"y":-0.5,"z":3.00000047683716,"tension":-0.248834550380707,"bias":0,"continuity":0,"index":15,"pointType":2,"word":"","collect":false,"text":{"x":-0.366025447845459,"y":-0.5,"z":3.00000047683716,"font":0,"fontSize":48}},"p16":{"x":-0.433012723922729,"y":-0.75,"z":3.20000052452087,"tension":-0.248834550380707,"bias":0,"continuity":0,"index":16,"pointType":2,"word":"","collect":false,"text":{"x":0.0669872760772705,"y":-0.75,"z":3.20000052452087,"font":0,"fontSize":48}},"p17":{"x":0,"y":-0.5,"z":3.40000057220459,"tension":-0.248834550380707,"bias":0,"continuity":0,"index":17,"pointType":2,"word":"","collect":false,"text":{"x":0.5,"y":-0.5,"z":3.40000057220459,"font":0,"fontSize":48}},"p18":{"x":0,"y":0,"z":3.60000061988831,"tension":-0.248834550380707,"bias":0,"continuity":0,"index":18,"pointType":2,"word":"","collect":false,"text":{"x":0.5,"y":0,"z":3.60000061988831,"font":0,"fontSize":48}},"p19":{"x":-0.433012723922729,"y":0.25,"z":3.80000066757202,"tension":-0.248834550380707,"bias":0,"continuity":0,"index":19,"pointType":2,"word":"","collect":false,"text":{"x":0.0669872760772705,"y":0.25,"z":3.80000066757202,"font":0,"fontSize":48}},"p20":{"x":-0.866025447845459,"y":0,"z":4.00000047683716,"tension":-0.248834550380707,"bias":0,"continuity":0,"index":20,"pointType":2,"word":"","collect":false,"text":{"x":-0.366025447845459,"y":0,"z":4.00000047683716,"font":0,"fontSize":48}},"p21":{"x":-0.866025447845459,"y":-0.5,"z":4.20000028610229,"tension":-0.248834550380707,"bias":0,"continuity":0,"index":21,"pointType":2,"word":"","collect":false,"text":{"x":-0.366025447845459,"y":-0.5,"z":4.20000028610229,"font":0,"fontSize":48}},"p22":{"x":-0.433012723922729,"y":-0.75,"z":4.40000009536743,"tension":-0.248834550380707,"bias":0,"continuity":0,"index":22,"pointType":2,"word":"","collect":false,"text":{"x":0.0669872760772705,"y":-0.75,"z":4.40000009536743,"font":0,"fontSize":48}},"p23":{"x":0,"y":-0.5,"z":4.59999990463257,"tension":-0.248834550380707,"bias":0,"continuity":0,"index":23,"pointType":2,"word":"","collect":false,"text":{"x":0.5,"y":-0.5,"z":4.59999990463257,"font":0,"fontSize":48}},"p24":{"x":0,"y":0,"z":4.79999971389771,"tension":-0.248834550380707,"bias":0,"continuity":0,"index":24,"pointType":2,"word":"","collect":false,"text":{"x":0.5,"y":0,"z":4.79999971389771,"font":0,"fontSize":48}},"p25":{"x":-0.433012723922729,"y":0.25,"z":4.99999952316284,"tension":-0.248834550380707,"bias":0,"continuity":0,"index":25,"pointType":2,"word":"","collect":false,"text":{"x":0.0669872760772705,"y":0.25,"z":4.99999952316284,"font":0,"fontSize":48}},"p26":{"x":-0.866025447845459,"y":0,"z":5.19999933242798,"tension":-0.248834550380707,"bias":0,"continuity":0,"index":26,"pointType":2,"word":"","collect":false,"text":{"x":-0.366025447845459,"y":0,"z":5.19999933242798,"font":0,"fontSize":48}},"p27":{"x":-0.866025447845459,"y":-0.5,"z":5.39999914169312,"tension":-0.248834550380707,"bias":0,"continuity":0,"index":27,"pointType":2,"word":"","collect":false,"text":{"x":-0.366025447845459,"y":-0.5,"z":5.39999914169312,"font":0,"fontSize":48}},"p28":{"x":-0.433012723922729,"y":-0.75,"z":5.59999895095825,"tension":-0.248834550380707,"bias":0,"continuity":0,"index":28,"pointType":2,"word":"","collect":false,"text":{"x":0.0669872760772705,"y":-0.75,"z":5.59999895095825,"font":0,"fontSize":48}},"p29":{"x":0,"y":-0.5,"z":5.79999876022339,"tension":-0.248834550380707,"bias":0,"continuity":0,"index":29,"pointType":2,"word":"","collect":false,"text":{"x":0.5,"y":-0.5,"z":5.79999876022339,"font":0,"fontSize":48}},"p30":{"x":0,"y":0,"z":5.99999856948853,"tension":-0.248834550380707,"bias":0,"continuity":0,"index":30,"pointType":2,"word":"","collect":false,"text":{"x":0.5,"y":0,"z":5.99999856948853,"font":0,"fontSize":48}},"p31":{"x":-0.433012723922729,"y":0.25,"z":6.19999837875366,"tension":-0.248834550380707,"bias":0,"continuity":0,"index":31,"pointType":2,"word":"","collect":false,"text":{"x":0.0669872760772705,"y":0.25,"z":6.19999837875366,"font":0,"fontSize":48}},"p32":{"x":-0.866025447845459,"y":0,"z":6.3999981880188,"tension":-0.248834550380707,"bias":0,"continuity":0,"index":32,"pointType":2,"word":"","collect":false,"text":{"x":-0.366025447845459,"y":0,"z":6.3999981880188,"font":0,"fontSize":48}},"p33":{"x":-0.866025447845459,"y":-0.5,"z":6.59999799728394,"tension":-0.248834550380707,"bias":0,"continuity":0,"index":33,"pointType":2,"word":"","collect":false,"text":{"x":-0.366025447845459,