{"name":"Escape","pointCount":12,"p0":{"x":-2.1723256111145,"y":-0.186749458312988,"z":-1.19209289550781E-07,"tension":-0.019999086856842,"bias":-0.0599991083145142,"continuity":0,"index":0,"pointType":6,"word":"","text":{"x":-1.6723256111145,"y":-0.186749458312988,"z":-1.19209289550781E-07,"font":0,"fontSize":48}},"p1":{"x":-0.393927574157715,"y":0.090266227722168,"z":-1.19209289550781E-07,"tension":-0.239999055862427,"bias":-0.1199991106987,"continuity":0,"index":1,"pointType":2,"word":"","text":{"x":0.106072425842285,"y":0.090266227722168,"z":-1.19209289550781E-07,"font":0,"fontSize":48}},"p2":{"x":0.198846340179443,"y":1.0829302072525,"z":-1.19209289550781E-07,"tension":0,"bias":0,"continuity":0,"index":2,"pointType":7,"word":"","text":{"x":0.698846340179443,"y":1.0829302072525,"z":-1.19209289550781E-07,"font":0,"fontSize":48}},"p3":{"x":-1.52107787132263,"y":-0.187599420547485,"z":-1.19209289550781E-07,"tension":0,"bias":0.5,"continuity":0,"index":3,"pointType":2,"word":"","text":{"x":-1.02107787132263,"y":-0.187599420547485,"z":-1.19209289550781E-07,"font":0,"fontSize":48}},"p4":{"x":0.0281429290771484,"y":0.540252089500427,"z":-1.19209289550781E-07,"tension":-0.1199991106987,"bias":0,"continuity":0,"index":4,"pointType":5,"word":"","text":{"x":0.528142929077148,"y":0.540252089500427,"z":-1.19209289550781E-07,"font":0,"fontSize":48}},"p5":{"x":-0.627030849456787,"y":-0.132116794586182,"z":0,"tension":0,"bias":0,"continuity":0,"index":5,"pointType":2,"word":"","text":{"x":-0.127030849456787,"y":-0.132116794586182,"z":0,"font":0,"fontSize":48}},"p6":{"x":0.106283187866211,"y":0.203664302825928,"z":0,"tension":0,"bias":0,"continuity":0,"index":6,"pointType":2,"word":"","text":{"x":0.606283187866211,"y":0.203664302825928,"z":0,"font":0,"fontSize":48}},"p7":{"x":0.90521764755249,"y":0.643652677536011,"z":0,"tension":0,"bias":0,"continuity":0,"index":7,"pointType":2,"word":"","text":{"x":1.40521764755249,"y":0.643652677536011,"z":0,"font":0,"fontSize":48}},"p8":{"x":1.61537742614746,"y":0.500846862792969,"z":0,"tension":0,"bias":0,"continuity":0,"index":8,"pointType":5,"word":"","text":{"x":2.11537742614746,"y":0.500846862792969,"z":0,"font":0,"fontSize":48}},"p9":{"x":-0.92974591255188,"y":-0.130290031433105,"z":-1.19209289550781E-07,"tension":-0.319999098777771,"bias":0,"continuity":0,"index":9,"pointType":2,"word":"","text":{"x":-0.42974591255188,"y":-0.130290031433105,"z":-1.19209289550781E-07,"font":0,"fontSize":48}},"p10":{"x":-0.518952369689941,"y":0.0647177696228027,"z":0,"tension":-1,"bias":0.780001044273376,"continuity":0,"index":10,"pointType":2,"word":"","text":{"x":-0.0189523696899414,"y":0.0647177696228027,"z":0,"font":0,"fontSize":48}},"p11":{"x":-0.0828337669372559,"y":1.27661561965942,"z":0,"tension":0,"bias":0,"continuity":0,"index":11,"pointType":5,"word":"","text":{"x":0.417166233062744,"y":1.27661561965942,"z":0,"font":0,"fontSize":48}},"splineCount":3,"unlockType":0,"speed":1,"time":1,"laps":1,"startSpeed":2.04999995231628,"text":"","camera":{"x":-0.873641490936279,"y":0.72332090139389,"setPos":true,"fixCam":true,"fov":75},"spline0":{"order":0,"closed":false,"numPoints":5,"type":0,"lineTexture":0,"lineWidth":1,"points":{"p0":0,"p1":3,"p2":9,"p3":1,"p4":4}},"spline1":{"order":1,"closed":false,"numPoints":5,"type":0,"lineTexture":0,"lineWidth":1,"points":{"p0":3,"p1":5,"p2":6,"p3":7,"p4":8}},"spline2":{"order":2,"closed":false,"numPoints":3,"type":0,"lineTexture":0,"lineWidth":1,"points":{"p0":9,"p1":10,"p2":11}}}