{"name":"Escape","pointCount":14,"p0":{"x":-2.14863610267639,"y":-0.207051277160645,"z":-1.19209289550781E-07,"tension":-0.019999086856842,"bias":-0.0599991083145142,"continuity":0,"index":0,"pointType":6,"word":"","text":{"x":-1.64863610267639,"y":-0.207051277160645,"z":-1.19209289550781E-07,"font":0,"fontSize":48}},"p1":{"x":-0.441298723220825,"y":0.0834990739822388,"z":-1.19209289550781E-07,"tension":-0.239999055862427,"bias":-0.1199991106987,"continuity":0,"index":1,"pointType":2,"word":"","text":{"x":0.0587012767791748,"y":0.0834990739822388,"z":-1.19209289550781E-07,"font":0,"fontSize":48}},"p2":{"x":0.198846340179443,"y":1.0829302072525,"z":-1.19209289550781E-07,"tension":0,"bias":0,"continuity":0,"index":2,"pointType":7,"word":"","text":{"x":0.698846340179443,"y":1.0829302072525,"z":-1.19209289550781E-07,"font":0,"fontSize":48}},"p3":{"x":-1.52446532249451,"y":-0.214675903320313,"z":-1.19209289550781E-07,"tension":0,"bias":0.5,"continuity":0,"index":3,"pointType":3,"word":"","text":{"x":-1.02446532249451,"y":-0.214675903320313,"z":-1.19209289550781E-07,"font":0,"fontSize":48}},"p4":{"x":0.0281429290771484,"y":0.540252089500427,"z":-1.19209289550781E-07,"tension":-0.1199991106987,"bias":0,"continuity":0,"index":4,"pointType":5,"word":"","text":{"x":0.528142929077148,"y":0.540252089500427,"z":-1.19209289550781E-07,"font":0,"fontSize":48}},"p5":{"x":-0.583032131195068,"y":-0.135504484176636,"z":0,"tension":0,"bias":0,"continuity":0,"index":5,"pointType":2,"word":"","text":{"x":-0.0830321311950684,"y":-0.135504484176636,"z":0,"font":0,"fontSize":48}},"p6":{"x":0.102903366088867,"y":0.193509697914124,"z":0,"tension":0,"bias":0,"continuity":0,"index":6,"pointType":2,"word":"","text":{"x":0.602903366088867,"y":0.193509697914124,"z":0,"font":0,"fontSize":48}},"p7":{"x":0.90521764755249,"y":0.643652677536011,"z":0,"tension":0,"bias":0,"continuity":0,"index":7,"pointType":2,"word":"","text":{"x":1.40521764755249,"y":0.643652677536011,"z":0,"font":0,"fontSize":48}},"p8":{"x":1.61537742614746,"y":0.500846862792969,"z":0,"tension":0,"bias":0,"continuity":0,"index":8,"pointType":5,"word":"","text":{"x":2.11537742614746,"y":0.500846862792969,"z":0,"font":0,"fontSize":48}},"p9":{"x":-0.92974591255188,"y":-0.130290031433105,"z":-1.19209289550781E-07,"tension":-0.319999098777771,"bias":0,"continuity":0,"index":9,"pointType":2,"word":"","text":{"x":-0.42974591255188,"y":-0.130290031433105,"z":-1.19209289550781E-07,"font":0,"fontSize":48}},"p10":{"x":-0.921647071838379,"y":-0.0638759136199951,"z":0,"tension":-1,"bias":0.780001044273376,"continuity":0,"index":10,"pointType":2,"word":"","text":{"x":-0.421647071838379,"y":-0.0638759136199951,"z":0,"font":0,"fontSize":48}},"p11":{"x":-0.434778213500977,"y":1.32399392127991,"z":0,"tension":0,"bias":0,"continuity":0,"index":11,"pointType":5,"word":"","text":{"x":0.0652217864990234,"y":1.32399392127991,"z":0,"font":0,"fontSize":48}},"p12":{"x":0.86236047744751,"y":1.35782527923584,"z":0,"tension":0,"bias":0,"continuity":0,"index":12,"pointType":5,"word":"","text":{"x":1.36236047744751,"y":1.35782527923584,"z":0,"font":0,"fontSize":48}},"p13":{"x":0.749005794525146,"y":0.742054224014282,"z":0,"tension":0,"bias":0,"continuity":0,"index":13,"pointType":2,"word":"","text":{"x":1.24900579452515,"y":0.742054224014282,"z":0,"font":0,"fontSize":48}},"splineCount":4,"unlockType":0,"speed":1,"time":1,"laps":1,"startSpeed":2.04999995231628,"text":"","camera":{"x":-0.873641490936279,"y":0.72332090139389,"setPos":true,"fixCam":true,"fov":75},"spline0":{"order":0,"closed":false,"numPoints":5,"type":0,"lineTexture":0,"lineWidth":1,"points":{"p0":0,"p1":3,"p2":9,"p3":1,"p4":4}},"spline1":{"order":1,"closed":false,"numPoints":5,"type":0,"lineTexture":0,"lineWidth":1,"points":{"p0":3,"p1":5,"p2":6,"p3":7,"p4":8}},"spline2":{"order":2,"closed":false,"numPoints":3,"type":0,"lineTexture":0,"lineWidth":1,"points":{"p0":3,"p1":10,"p2":11}},"spline3":{"order":3,"closed":false,"numPoints":3,"type":0,"lineTexture":0,"lineWidth":1,"points":{"p0":6,"p1":13,"p2":12}}}