{"name":"faces","pointCount":12,"p0":{"x":-1.71128189563751,"y":-0.70725405216217,"z":-1.19209289550781E-07,"tension":0,"bias":0,"continuity":0,"index":0,"pointType":2,"word":"","text":{"x":-1.21128189563751,"y":-0.70725405216217,"z":-1.19209289550781E-07,"font":0,"fontSize":48}},"p1":{"x":-1.81446588039398,"y":-0.131050646305084,"z":-1.19209289550781E-07,"tension":0,"bias":0,"continuity":0,"index":1,"pointType":2,"word":"","text":{"x":-1.31446588039398,"y":-0.131050646305084,"z":-1.19209289550781E-07,"font":0,"fontSize":48}},"p2":{"x":-1.14689707756042,"y":-0.0764234662055969,"z":-1.19209289550781E-07,"tension":0,"bias":0,"continuity":0,"index":2,"pointType":2,"word":"","text":{"x":-0.646897077560425,"y":-0.0764234662055969,"z":-1.19209289550781E-07,"font":0,"fontSize":48}},"p3":{"x":-0.996465086936951,"y":-0.896851420402527,"z":-1.19209289550781E-07,"tension":0,"bias":0,"continuity":0,"index":3,"pointType":2,"word":"","text":{"x":-0.496465086936951,"y":-0.896851420402527,"z":-1.19209289550781E-07,"font":0,"fontSize":48}},"p4":{"x":-1.56621122360229,"y":-1.31592619419098,"z":-1.19209289550781E-07,"tension":0,"bias":0,"continuity":0,"index":4,"pointType":2,"word":"","text":{"x":-1.06621122360229,"y":-1.31592619419098,"z":-1.19209289550781E-07,"font":0,"fontSize":48}},"p5":{"x":-2.36707806587219,"y":-0.801455616950989,"z":-1.19209289550781E-07,"tension":0,"bias":0,"continuity":0,"index":5,"pointType":2,"word":"","text":{"x":-1.86707806587219,"y":-0.801455616950989,"z":-1.19209289550781E-07,"font":0,"fontSize":48}},"p6":{"x":-2.35395956039429,"y":-1.35842001438141,"z":-1.19209289550781E-07,"tension":0,"bias":0,"continuity":0,"index":6,"pointType":2,"word":"","text":{"x":-1.85395956039429,"y":-1.35842001438141,"z":-1.19209289550781E-07,"font":0,"fontSize":48}},"p7":{"x":-3.05456519126892,"y":-0.528925597667694,"z":-1.19209289550781E-07,"tension":0,"bias":0,"continuity":0,"index":7,"pointType":2,"word":"","text":{"x":-2.55456519126892,"y":-0.528925597667694,"z":-1.19209289550781E-07,"font":0,"fontSize":48}},"p8":{"x":-2.43939352035522,"y":-0.179926931858063,"z":-1.19209289550781E-07,"tension":0,"bias":0,"continuity":0,"index":8,"pointType":2,"word":"","text":{"x":-1.93939352035522,"y":-0.179926931858063,"z":-1.19209289550781E-07,"font":0,"fontSize":48}},"p9":{"x":-2.09741449356079,"y":-0.438898831605911,"z":-1.19209289550781E-07,"tension":-0.999995589256287,"bias":0.103127308189869,"continuity":0,"index":9,"pointType":2,"word":"","text":{"x":-1.59741449356079,"y":-0.438898831605911,"z":-1.19209289550781E-07,"font":0,"fontSize":48}},"p10":{"x":-1.97686398029327,"y":-1.0787445306778,"z":-1.19209289550781E-07,"tension":-0.99998676776886,"bias":0.013543494977057,"continuity":0,"index":10,"pointType":5,"word":"","text":{"x":-1.47686398029327,"y":-1.0787445306778,"z":-1.19209289550781E-07,"font":0,"fontSize":48}},"p11":{"x":-2.97970819473267,"y":-1.34947526454926,"z":-1.19209289550781E-07,"tension":0,"bias":0,"continuity":0,"index":11,"pointType":2,"word":"","text":{"x":-2.47970819473267,"y":-1.34947526454926,"z":-1.19209289550781E-07,"font":0,"fontSize":48}},"fixedCamera":false,"fov":40,"splineCount":3,"unlockType":0,"score":1,"spline0":{"closed":true,"numPoints":5,"lineTexture":0,"points":{"p0":0,"p1":1,"p2":2,"p3":3,"p4":4}},"spline1":{"closed":true,"numPoints":5,"lineTexture":0,"points":{"p0":5,"p1":6,"p2":11,"p3":7,"p4":8}},"spline2":{"closed":true,"numPoints":4,"lineTexture":0,"points":{"p0":10,"p1":0,"p2":9,"p3":5}}}