{"name":"Fly0","pointCount":10,"p0":{"x":-4.71255016326904,"y":3.48119592666626,"z":0,"tension":-0.259999096393585,"bias":0.540001034736633,"continuity":0,"index":0,"pointType":2,"word":"","text":{"x":-4.21255016326904,"y":3.48119592666626,"z":0,"font":0,"fontSize":48}},"p1":{"x":-4.08833026885986,"y":3.04938578605652,"z":0,"tension":-0.879999101161957,"bias":0,"continuity":0,"index":1,"pointType":2,"word":"","text":{"x":-3.58833026885986,"y":3.04938578605652,"z":0,"font":0,"fontSize":48}},"p2":{"x":-3.58147954940796,"y":3.51194643974304,"z":0,"tension":0,"bias":0,"continuity":0,"index":2,"pointType":1,"word":"","text":{"x":-3.08147954940796,"y":3.51194643974304,"z":0,"font":0,"fontSize":48}},"p3":{"x":-4.56974697113037,"y":3.93877005577087,"z":0,"tension":0,"bias":0,"continuity":0,"index":3,"pointType":6,"word":"","text":{"x":-4.06974697113037,"y":3.93877005577087,"z":0,"font":0,"fontSize":48}},"p4":{"x":-3.29489898681641,"y":3.60686755180359,"z":-0.38440328836441,"tension":0,"bias":0,"continuity":0,"index":4,"pointType":7,"word":"","text":{"x":-2.79489898681641,"y":3.60686755180359,"z":-0.38440328836441,"font":0,"fontSize":48}},"p5":{"x":-3.66418528556824,"y":2.99477815628052,"z":-0.38440328836441,"tension":-0.219999074935913,"bias":0,"continuity":0,"index":5,"pointType":2,"word":"","text":{"x":-3.16418528556824,"y":2.99477815628052,"z":-0.38440328836441,"font":0,"fontSize":48}},"p6":{"x":-4.29045581817627,"y":2.89691090583801,"z":-0.38440328836441,"tension":-0.219999074935913,"bias":0,"continuity":0,"index":6,"pointType":2,"word":"","text":{"x":-3.79045581817627,"y":2.89691090583801,"z":-0.38440328836441,"font":0,"fontSize":48}},"p7":{"x":-4.86164808273315,"y":3.73951721191406,"z":-0.38440328836441,"tension":0,"bias":0,"continuity":0,"index":7,"pointType":2,"word":"","text":{"x":-4.36164808273315,"y":3.73951721191406,"z":-0.38440328836441,"font":0,"fontSize":48}},"p8":{"x":-4.8066554069519,"y":3.25672292709351,"z":-0.38440328836441,"tension":-0.219999074935913,"bias":0,"continuity":0,"index":8,"pointType":2,"word":"","text":{"x":-4.3066554069519,"y":3.25672292709351,"z":-0.38440328836441,"font":0,"fontSize":48}},"p9":{"x":-4.67200565338135,"y":4.12708759307861,"z":-0.38440328836441,"tension":0,"bias":0,"continuity":0,"index":9,"pointType":0,"word":"","text":{"x":-4.17200565338135,"y":4.12708759307861,"z":-0.38440328836441,"font":0,"fontSize":48}},"splineCount":2,"unlockType":0,"speed":2,"acceleration":1,"maxSpeed":5,"time":1,"laps":4,"startSpeed":1,"text":"","title":"","forceOrder":true,"camera":{"lockX":true,"lockY":true,"lockZ":false,"x":-4.10976982116699,"y":3.52771592140198,"z":-2,"setPos":true,"fixCam":false,"fov":70},"spline0":{"order":0,"closed":false,"numPoints":4,"type":0,"lineTexture":3,"lineWidth":1,"bidirectional":false,"speed":0,"points":{"p0":3,"p1":0,"p2":1,"p3":2}},"spline1":{"order":1,"closed":false,"numPoints":6,"type":2,"lineTexture":3,"lineWidth":1,"bidirectional":false,"speed":0,"points":{"p0":9,"p1":7,"p2":8,"p3":6,"p4":5,"p5":4}}}