{"name":"Fly0","pointCount":10,"p0":{"x":-4.76093149185181,"y":3.39097356796265,"z":0,"tension":-0.259999096393585,"bias":0.540001034736633,"continuity":0,"index":0,"pointType":2,"word":"","text":{"x":-4.26093149185181,"y":3.39097356796265,"z":0,"font":0,"fontSize":48}},"p1":{"x":-4.13435697555542,"y":2.98020005226135,"z":0,"tension":-0.879999101161957,"bias":0,"continuity":0,"index":1,"pointType":2,"word":"","text":{"x":-3.63435697555542,"y":2.98020005226135,"z":0,"font":0,"fontSize":48}},"p2":{"x":-3.64556431770325,"y":3.4490966796875,"z":0,"tension":0,"bias":0,"continuity":0,"index":2,"pointType":1,"word":"","text":{"x":-3.14556431770325,"y":3.4490966796875,"z":0,"font":0,"fontSize":48}},"p3":{"x":-4.63125467300415,"y":3.84600877761841,"z":0,"tension":0,"bias":0,"continuity":0,"index":3,"pointType":6,"word":"","text":{"x":-4.13125467300415,"y":3.84600877761841,"z":0,"font":0,"fontSize":48}},"p4":{"x":-3.3743999004364,"y":3.53481149673462,"z":0,"tension":0,"bias":0,"continuity":0,"index":4,"pointType":7,"word":"","text":{"x":-2.8743999004364,"y":3.53481149673462,"z":0,"font":0,"fontSize":48}},"p5":{"x":-3.74473428726196,"y":2.920982837677,"z":0,"tension":-0.219999074935913,"bias":0,"continuity":0,"index":5,"pointType":2,"word":"","text":{"x":-3.24473428726196,"y":2.920982837677,"z":0,"font":0,"fontSize":48}},"p6":{"x":-4.37277984619141,"y":2.82283759117126,"z":0,"tension":-0.219999074935913,"bias":0,"continuity":0,"index":6,"pointType":2,"word":"","text":{"x":-3.87277984619141,"y":2.82283759117126,"z":0,"font":0,"fontSize":48}},"p7":{"x":-4.94559526443481,"y":3.66783833503723,"z":0,"tension":0,"bias":0,"continuity":0,"index":7,"pointType":2,"word":"","text":{"x":-4.44559526443481,"y":3.66783833503723,"z":0,"font":0,"fontSize":48}},"p8":{"x":-4.89044570922852,"y":3.18367171287537,"z":0,"tension":-0.219999074935913,"bias":0,"continuity":0,"index":8,"pointType":2,"word":"","text":{"x":-4.39044570922852,"y":3.18367171287537,"z":0,"font":0,"fontSize":48}},"p9":{"x":-4.75541353225708,"y":4.05650949478149,"z":0,"tension":0,"bias":0,"continuity":0,"index":9,"pointType":0,"word":"","text":{"x":-4.25541353225708,"y":4.05650949478149,"z":0,"font":0,"fontSize":48}},"splineCount":2,"unlockType":0,"speed":2,"acceleration":1,"maxSpeed":5,"time":1,"laps":6,"startSpeed":1,"text":"","title":"","forceOrder":true,"camera":{"lockX":true,"lockY":true,"lockZ":false,"x":-4.15990781784058,"y":3.43967342376709,"z":-2,"setPos":true,"fixCam":false,"fov":49},"spline0":{"order":0,"closed":false,"numPoints":4,"type":0,"lineTexture":3,"lineWidth":1,"bidirectional":false,"speed":0,"points":{"p0":3,"p1":0,"p2":1,"p3":2}},"spline1":{"order":1,"closed":false,"numPoints":6,"type":2,"lineTexture":3,"lineWidth":1,"bidirectional":false,"speed":0,"points":{"p0":9,"p1":7,"p2":8,"p3":6,"p4":5,"p5":4}}}