{"name":"Fly1","pointCount":19,"p0":{"x":-4.70565509796143,"y":4.49575042724609,"z":0,"tension":0,"bias":0,"continuity":0,"index":0,"pointType":6,"word":"","text":{"x":-4.20565509796143,"y":4.49575042724609,"z":0,"font":0,"fontSize":48}},"p1":{"x":-4.93590927124023,"y":3.90548062324524,"z":0,"tension":0,"bias":0,"continuity":0,"index":1,"pointType":2,"word":"","text":{"x":-4.43590927124023,"y":3.90548062324524,"z":0,"font":0,"fontSize":48}},"p2":{"x":-4.69729280471802,"y":3.67940521240234,"z":0,"tension":0,"bias":0,"continuity":0,"index":2,"pointType":2,"word":"","text":{"x":-4.19729280471802,"y":3.67940521240234,"z":0,"font":0,"fontSize":48}},"p3":{"x":-4.45864582061768,"y":4.21523237228394,"z":0,"tension":0,"bias":0,"continuity":0,"index":3,"pointType":2,"word":"","text":{"x":-3.95864582061768,"y":4.21523237228394,"z":0,"font":0,"fontSize":48}},"p4":{"x":-3.96886968612671,"y":4.43297672271729,"z":0,"tension":0,"bias":0,"continuity":0,"index":4,"pointType":2,"word":"","text":{"x":-3.46886968612671,"y":4.43297672271729,"z":0,"font":0,"fontSize":48}},"p5":{"x":-3.35763263702393,"y":4.34084367752075,"z":0,"tension":0,"bias":0,"continuity":0,"index":5,"pointType":1,"word":"","text":{"x":-2.85763263702393,"y":4.34084367752075,"z":0,"font":0,"fontSize":48}},"p6":{"x":-4.26771068572998,"y":4.11916542053223,"z":0,"tension":0,"bias":0,"continuity":0,"index":6,"pointType":2,"word":"","text":{"x":-3.76771068572998,"y":4.11916542053223,"z":0,"font":0,"fontSize":48}},"p7":{"x":-4.40518665313721,"y":3.73799824714661,"z":0,"tension":0,"bias":0,"continuity":0,"index":7,"pointType":0,"word":"","text":{"x":-3.90518665313721,"y":3.73799824714661,"z":0,"font":0,"fontSize":48}},"p8":{"x":-4.01714420318604,"y":3.76323127746582,"z":0,"tension":0,"bias":0,"continuity":0,"index":8,"pointType":3,"word":"","text":{"x":-3.51714420318604,"y":3.76323127746582,"z":0,"font":0,"fontSize":48}},"p9":{"x":-3.99043154716492,"y":4.22784614562988,"z":0,"tension":0,"bias":0,"continuity":0,"index":9,"pointType":2,"word":"","text":{"x":-3.49043154716492,"y":4.22784614562988,"z":0,"font":0,"fontSize":48}},"p10":{"x":-4.17523002624512,"y":4.25090217590332,"z":0,"tension":0,"bias":0,"continuity":0,"index":10,"pointType":2,"word":"","text":{"x":-3.67523002624512,"y":4.25090217590332,"z":0,"font":0,"fontSize":48}},"p11":{"x":-3.78466939926147,"y":3.49310731887817,"z":0,"tension":0,"bias":0,"continuity":0,"index":11,"pointType":1,"word":"","text":{"x":-3.28466939926147,"y":3.49310731887817,"z":0,"font":0,"fontSize":48}},"p12":{"x":-6.42627048492432,"y":4.04568910598755,"z":0,"tension":0,"bias":0,"continuity":0,"index":12,"pointType":7,"word":"","text":{"x":-5.92627048492432,"y":4.04568910598755,"z":0,"font":0,"fontSize":48}},"p13":{"x":-6.25045871734619,"y":4.34711122512817,"z":0,"tension":0,"bias":0,"continuity":0,"index":13,"pointType":2,"word":"","text":{"x":-5.75045871734619,"y":4.34711122512817,"z":0,"font":0,"fontSize":48}},"p14":{"x":-5.84436225891113,"y":4.59412050247192,"z":0,"tension":-0.519999086856842,"bias":0,"continuity":0,"index":14,"pointType":2,"word":"","text":{"x":-5.34436225891113,"y":4.59412050247192,"z":0,"font":0,"fontSize":48}},"p15":{"x":-5.99087762832642,"y":4.09595155715942,"z":0,"tension":0,"bias":0,"continuity":0,"index":15,"pointType":2,"word":"","text":{"x":-5.49087762832642,"y":4.09595155715942,"z":0,"font":0,"fontSize":48}},"p16":{"x":-5.91135025024414,"y":3.7233624458313,"z":0,"tension":-0.839999079704285,"bias":0,"continuity":0,"index":16,"pointType":2,"word":"","text":{"x":-5.41135025024414,"y":3.7233624458313,"z":0,"font":0,"fontSize":48}},"p17":{"x":-5.61825561523438,"y":4.13782119750977,"z":0,"tension":0,"bias":0,"continuity":0,"index":17,"pointType":2,"word":"","text":{"x":-5.11825561523438,"y":4.13782119750977,"z":0,"font":0,"fontSize":48}},"p18":{"x":-5.33783102035522,"y":4.42667007446289,"z":0,"tension":0,"bias":0,"continuity":0,"index":18,"pointType":0,"word":"","text":{"x":-4.83783102035522,"y":4.42667007446289,"z":0,"font":0,"fontSize":48}},"splineCount":4,"unlockType":0,"speed":1,"acceleration":1,"maxSpeed":5,"time":1,"laps":1,"startSpeed":1,"text":"","title":"","forceOrder":true,"camera":{"lockX":true,"lockY":true,"lockZ":false,"x":-4.41264820098877,"y":3.88453054428101,"z":-2,"setPos":true,"fixCam":false,"fov":86},"spline0":{"order":0,"closed":false,"numPoints":6,"type":0,"lineTexture":0,"lineWidth":1,"bidirectional":true,"speed":0,"points":{"p0":0,"p1":1,"p2":2,"p3":3,"p4":4,"p5":5}},"spline1":{"order":1,"closed":true,"numPoints":5,"type":0,"lineTexture":0,"lineWidth":1,"bidirectional":true,"speed":0,"points":{"p0":6,"p1":7,"p2":8,"p3":9,"p4":10}},"spline2":{"order":2,"closed":false,"numPoints":2,"type":0,"lineTexture":1,"lineWidth":1,"bidirectional":false,"speed":0,"points":{"p0":8,"p1":11}},"spline3":{"order":3,"closed":false,"numPoints":7,"type":2,"lineTexture":3,"lineWidth":1,"bidirectional":false,"speed":0,"points":{"p0":18,"p1":17,"p2":16,"p3":15,"p4":14,"p5":13,"p6":12}}}