{"name":"Fly1","pointCount":26,"p0":{"x":-2.25714612007141,"y":-1.95858788490295,"z":0,"tension":1,"bias":0,"continuity":0,"index":0,"pointType":1,"word":"","text":{"x":-1.75714612007141,"y":-1.95858788490295,"z":0,"font":0,"fontSize":48}},"p1":{"x":-3.21545791625977,"y":-1.76067972183228,"z":0,"tension":0,"bias":0,"continuity":0,"index":1,"pointType":2,"word":"","text":{"x":-2.71545791625977,"y":-1.76067972183228,"z":0,"font":0,"fontSize":48}},"p2":{"x":-3.54133367538452,"y":-0.9460129737854,"z":0,"tension":0,"bias":0,"continuity":0,"index":2,"pointType":2,"word":"","text":{"x":-3.04133367538452,"y":-0.9460129737854,"z":0,"font":0,"fontSize":48}},"p3":{"x":-2.95793628692627,"y":-0.515039920806885,"z":0,"tension":0,"bias":0,"continuity":0,"index":3,"pointType":6,"word":"","text":{"x":-2.45793628692627,"y":-0.515039920806885,"z":0,"font":0,"fontSize":48}},"p4":{"x":-0.0514445304870605,"y":-2.47549152374268,"z":0,"tension":-0.739999055862427,"bias":0,"continuity":0,"index":4,"pointType":0,"word":"","text":{"x":0.448555469512939,"y":-2.47549152374268,"z":0,"font":0,"fontSize":48}},"p5":{"x":0.647568225860596,"y":-1.58199644088745,"z":0,"tension":-0.559999108314514,"bias":0,"continuity":0,"index":5,"pointType":2,"word":"","text":{"x":1.1475682258606,"y":-1.58199644088745,"z":0,"font":0,"fontSize":48}},"p6":{"x":-0.146049022674561,"y":-1.47162866592407,"z":0,"tension":0,"bias":0,"continuity":0,"index":6,"pointType":2,"word":"","text":{"x":0.353950977325439,"y":-1.47162866592407,"z":0,"font":0,"fontSize":48}},"p7":{"x":-0.997503757476807,"y":-0.898736953735352,"z":0,"tension":0,"bias":0,"continuity":0,"index":7,"pointType":2,"word":"","text":{"x":-0.497503757476807,"y":-0.898736953735352,"z":0,"font":0,"fontSize":48}},"p8":{"x":-0.540252208709717,"y":-0.247012615203857,"z":0,"tension":0,"bias":0,"continuity":0,"index":8,"pointType":2,"word":"","text":{"x":-0.0402522087097168,"y":-0.247012615203857,"z":0,"font":0,"fontSize":48}},"p9":{"x":-0.366805076599121,"y":0.362651467323303,"z":0,"tension":0,"bias":0,"continuity":0,"index":9,"pointType":2,"word":"","text":{"x":0.133194923400879,"y":0.362651467323303,"z":0,"font":0,"fontSize":48}},"p10":{"x":-1.10262203216553,"y":0.557117223739624,"z":0,"tension":0,"bias":0,"continuity":0,"index":10,"pointType":1,"word":"","text":{"x":-0.602622032165527,"y":0.557117223739624,"z":0,"font":0,"fontSize":48}},"p11":{"x":-1.53807854652405,"y":0.196501851081848,"z":0,"tension":0,"bias":0,"continuity":0,"index":11,"pointType":1,"word":"","text":{"x":-1.03807854652405,"y":0.196501851081848,"z":0,"font":0,"fontSize":48}},"p12":{"x":-0.844307661056519,"y":0.0388250350952148,"z":0,"tension":0,"bias":0,"continuity":0,"index":12,"pointType":2,"word":"","text":{"x":-0.344307661056519,"y":0.0388250350952148,"z":0,"font":0,"fontSize":48}},"p13":{"x":-1.54332768917084,"y":-0.807358026504517,"z":0,"tension":0,"bias":0,"continuity":0,"index":13,"pointType":2,"word":"","text":{"x":-1.04332768917084,"y":-0.807358026504517,"z":0,"font":0,"fontSize":48}},"p14":{"x":-0.980965137481689,"y":-1.53791093826294,"z":0,"tension":0,"bias":0,"continuity":0,"index":14,"pointType":2,"word":"","text":{"x":-0.480965137481689,"y":-1.53791093826294,"z":0,"font":0,"fontSize":48}},"p15":{"x":-0.0349059104919434,"y":-1.87428283691406,"z":0,"tension":0,"bias":0,"continuity":0,"index":15,"pointType":2,"word":"","text":{"x":0.465094089508057,"y":-1.87428283691406,"z":0,"font":0,"fontSize":48}},"p16":{"x":-0.639336585998535,"y":-2.431396484375,"z":0,"tension":0,"bias":0,"continuity":0,"index":16,"pointType":1,"word":"","text":{"x":-0.139336585998535,"y":-2.431396484375,"z":0,"font":0,"fontSize":48}},"p17":{"x":-2.0689160823822,"y":-2.31577014923096,"z":0,"tension":0,"bias":0,"continuity":0,"index":17,"pointType":1,"word":"","text":{"x":-1.5689160823822,"y":-2.31577014923096,"z":0,"font":0,"fontSize":48}},"p18":{"x":-1.95328557491302,"y":-1.76391291618347,"z":0,"tension":0,"bias":0,"continuity":0,"index":18,"pointType":2,"word":"","text":{"x":-1.45328557491302,"y":-1.76391291618347,"z":0,"font":0,"fontSize":48}},"p19":{"x":-2.84676361083984,"y":-1.55893468856812,"z":0,"tension":0,"bias":0,"continuity":0,"index":19,"pointType":2,"word":"","text":{"x":-2.34676361083984,"y":-1.55893468856812,"z":0,"font":0,"fontSize":48}},"p20":{"x":-3.14109039306641,"y":-0.944013118743896,"z":0,"tension":0,"bias":0,"continuity":0,"index":20,"pointType":2,"word":"","text":{"x":-2.64109039306641,"y":-0.944013118743896,"z":0,"font":0,"fontSize":48}},"p21":{"x":-2.30016326904297,"y":-0.63391637802124,"z":0,"tension":0,"bias":0,"continuity":0,"index":21,"pointType":2,"word":"","text":{"x":-1.80016326904297,"y":-0.63391637802124,"z":0,"font":0,"fontSize":48}},"p22":{"x":-2.394775390625,"y":-0.066281795501709,"z":0,"tension":0,"bias":0,"continuity":0,"index":22,"pointType":1,"word":"","text":{"x":-1.894775390625,"y":-0.066281795501709,"z":0,"font":0,"fontSize":48}},"p23":{"x":-2.84137845039368,"y":-2.44280529022217,"z":0,"tension":0,"bias":0,"continuity":0,"index":23,"pointType":1,"word":"","text":{"x":-2.34137845039368,"y":-2.44280529022217,"z":0,"font":0,"fontSize":48}},"p24":{"x":-4.09225559234619,"y":-1.5966215133667,"z":0,"tension":-0.679999113082886,"bias":0,"continuity":0,"index":24,"pointType":2,"word":"","text":{"x":-3.59225559234619,"y":-1.5966215133667,"z":0,"font":0,"fontSize":48}},"p25":{"x":-3.58243703842163,"y":-0.287929534912109,"z":0,"tension":0,"bias":0,"continuity":0,"index":25,"pointType":1,"word":"","text":{"x":-3.08243703842163,"y":-0.287929534912109,"z":0,"font":0,"fontSize":48}},"splineCount":5,"unlockType":0,"speed":1,"acceleration":1,"maxSpeed":5,"time":1,"laps":3,"startSpeed":1,"text":"","title":"","forceOrder":true,"camera":{"lockX":false,"lockY":false,"lockZ":true,"x":0,"y":0,"z":0,"setPos":false,"fixCam":false,"fov":100},"spline0":{"order":0,"closed":false,"numPoints":4,"type":0,"lineTexture":0,"lineWidth":1,"bidirectional":true,"speed":0,"points":{"p0":0,"p1":1,"p2":2,"p3":3}},"spline1":{"order":1,"closed":false,"numPoints":7,"type":0,"lineTexture":0,"lineWidth":1,"bidirectional":true,"speed":0,"points":{"p0":4,"p1":5,"p2":6,"p3":7,"p4":8,"p5":9,"p6":10}},"spline2":{"order":2,"closed":false,"numPoints":6,"type":0,"lineTexture":0,"lineWidth":1,"bidirectional":true,"speed":0,"points":{"p0":11,"p1":12,"p2":13,"p3":14,"p4":15,"p5":16}},"spline3":{"order":3,"closed":false,"numPoints":6,"type":0,"lineTexture":0,"lineWidth":1,"bidirectional":true,"speed":0,"points":{"p0":17,"p1":18,"p2":19,"p3":20,"p4":21,"p5":22}},"spline4":{"order":4,"closed":false,"numPoints":3,"type":0,"lineTexture":0,"lineWidth":1,"bidirectional":true,"speed":0,"points":{"p0":23,"p1":24,"p2":25}}}