{"name":"Fly1","pointCount":14,"p0":{"x":-3.57761216163635,"y":1.87422347068787,"z":0,"tension":0,"bias":0,"continuity":0,"index":0,"pointType":0,"word":"","text":{"x":-3.07761216163635,"y":1.87422347068787,"z":0,"font":0,"fontSize":48}},"p1":{"x":-4.27276134490967,"y":2.12787485122681,"z":0,"tension":0,"bias":0,"continuity":0,"index":1,"pointType":2,"word":"","text":{"x":-3.77276134490967,"y":2.12787485122681,"z":0,"font":0,"fontSize":48}},"p2":{"x":-5.42805957794189,"y":3.35218834877014,"z":0,"tension":0,"bias":0,"continuity":0,"index":2,"pointType":2,"word":"","text":{"x":-4.92805957794189,"y":3.35218834877014,"z":0,"font":0,"fontSize":48}},"p3":{"x":-5.70344066619873,"y":4.4024543762207,"z":0,"tension":0,"bias":0,"continuity":0,"index":3,"pointType":1,"word":"","text":{"x":-5.20344066619873,"y":4.4024543762207,"z":0,"font":0,"fontSize":48}},"p4":{"x":-5.17035293579102,"y":3.54758262634277,"z":0,"tension":0,"bias":0,"continuity":0,"index":4,"pointType":2,"word":"","text":{"x":-4.67035293579102,"y":3.54758262634277,"z":0,"font":0,"fontSize":48}},"p5":{"x":-4.1823468208313,"y":2.59302234649658,"z":0,"tension":-0.879999101161957,"bias":0,"continuity":0,"index":5,"pointType":2,"word":"","text":{"x":-3.6823468208313,"y":2.59302234649658,"z":0,"font":0,"fontSize":48}},"p6":{"x":-3.15670657157898,"y":3.41776037216187,"z":0,"tension":0,"bias":0,"continuity":0,"index":6,"pointType":1,"word":"","text":{"x":-2.65670657157898,"y":3.41776037216187,"z":0,"font":0,"fontSize":48}},"p7":{"x":-4.80194854736328,"y":4.36386251449585,"z":0,"tension":0,"bias":0,"continuity":0,"index":7,"pointType":6,"word":"","text":{"x":-4.30194854736328,"y":4.36386251449585,"z":0,"font":0,"fontSize":48}},"p8":{"x":-3.96624612808228,"y":3.72094893455505,"z":0,"tension":0,"bias":0,"continuity":0,"index":8,"pointType":3,"word":"","text":{"x":-3.46624612808228,"y":3.72094893455505,"z":0,"font":0,"fontSize":48}},"p9":{"x":-4.07135152816772,"y":2.96464562416077,"z":0,"tension":-0.579999089241028,"bias":0,"continuity":0,"index":9,"pointType":2,"word":"","text":{"x":-3.57135152816772,"y":2.96464562416077,"z":0,"font":0,"fontSize":48}},"p10":{"x":-4.87238693237305,"y":3.28486514091492,"z":0,"tension":0,"bias":0,"continuity":0,"index":10,"pointType":2,"word":"","text":{"x":-4.37238693237305,"y":3.28486514091492,"z":0,"font":0,"fontSize":48}},"p11":{"x":-4.58576059341431,"y":3.91800618171692,"z":0,"tension":0,"bias":0,"continuity":0,"index":11,"pointType":2,"word":"","text":{"x":-4.08576059341431,"y":3.91800618171692,"z":0,"font":0,"fontSize":48}},"p12":{"x":-4.28702878952026,"y":3.45124769210815,"z":0,"tension":0,"bias":0,"continuity":0,"index":12,"pointType":2,"word":"","text":{"x":-3.78702878952026,"y":3.45124769210815,"z":0,"font":0,"fontSize":48}},"p13":{"x":-6.03275728225708,"y":2.11997890472412,"z":0,"tension":0,"bias":0,"continuity":0,"index":13,"pointType":2,"word":"","text":{"x":-5.53275728225708,"y":2.11997890472412,"z":0,"font":0,"fontSize":48}},"splineCount":4,"unlockType":0,"speed":2,"acceleration":1,"maxSpeed":5,"time":1,"laps":1,"startSpeed":1,"text":"","title":"","forceOrder":true,"camera":{"lockX":false,"lockY":false,"lockZ":false,"x":-4.41264820098877,"y":3.88453054428101,"z":-2,"setPos":true,"fixCam":false,"fov":86},"spline0":{"order":0,"closed":false,"numPoints":4,"type":0,"lineTexture":3,"lineWidth":1,"bidirectional":false,"speed":0,"points":{"p0":7,"p1":4,"p2":5,"p3":6}},"spline1":{"order":1,"closed":false,"numPoints":4,"type":0,"lineTexture":1,"lineWidth":1,"bidirectional":false,"speed":1,"points":{"p0":0,"p1":1,"p2":2,"p3":3}},"spline2":{"order":2,"closed":true,"numPoints":4,"type":0,"lineTexture":5,"lineWidth":1,"bidirectional":true,"speed":0,"points":{"p0":8,"p1":9,"p2":10,"p3":11}},"spline3":{"order":3,"closed":false,"numPoints":3,"type":2,"lineTexture":0,"lineWidth":1,"bidirectional":true,"speed":0,"points":{"p0":8,"p1":12,"p2":13}}}