{"name":"Fly1","pointCount":18,"p0":{"x":-2.24841213226318,"y":1.67663419246674,"z":0,"tension":0,"bias":0,"continuity":0,"index":0,"pointType":6,"word":"","text":{"x":-1.74841213226318,"y":1.67663419246674,"z":0,"font":0,"fontSize":48}},"p1":{"x":-1.82266175746918,"y":1.46112060546875,"z":0,"tension":0,"bias":0,"continuity":0,"index":1,"pointType":2,"word":"","text":{"x":-1.32266175746918,"y":1.46112060546875,"z":0,"font":0,"fontSize":48}},"p2":{"x":-1.13940334320068,"y":1.68188440799713,"z":0,"tension":0,"bias":0,"continuity":0,"index":2,"pointType":2,"word":"","text":{"x":-0.639403343200684,"y":1.68188440799713,"z":0,"font":0,"fontSize":48}},"p3":{"x":-1.33387637138367,"y":3.0746603012085,"z":0,"tension":0,"bias":0,"continuity":0,"index":3,"pointType":2,"word":"","text":{"x":-0.833876371383667,"y":3.0746603012085,"z":0,"font":0,"fontSize":48}},"p4":{"x":-2.17480325698853,"y":3.36898803710938,"z":0,"tension":0,"bias":0,"continuity":0,"index":4,"pointType":2,"word":"","text":{"x":-1.67480325698853,"y":3.36898803710938,"z":0,"font":0,"fontSize":48}},"p5":{"x":-2.26414370536804,"y":4.00494241714478,"z":0,"tension":0,"bias":0,"continuity":0,"index":5,"pointType":1,"word":"","text":{"x":-1.76414370536804,"y":4.00494241714478,"z":0,"font":0,"fontSize":48}},"p6":{"x":-2.77922749519348,"y":4.03120422363281,"z":0,"tension":0,"bias":0,"continuity":0,"index":6,"pointType":0,"word":"","text":{"x":-2.27922749519348,"y":4.03120422363281,"z":0,"font":0,"fontSize":48}},"p7":{"x":-2.90007758140564,"y":3.34791707992554,"z":0,"tension":0,"bias":0,"continuity":0,"index":7,"pointType":2,"word":"","text":{"x":-2.40007758140564,"y":3.34791707992554,"z":0,"font":0,"fontSize":48}},"p8":{"x":-3.65169334411621,"y":3.232346534729,"z":0,"tension":0,"bias":0,"continuity":0,"index":8,"pointType":2,"word":"","text":{"x":-3.15169334411621,"y":3.232346534729,"z":0,"font":0,"fontSize":48}},"p9":{"x":-3.99330711364746,"y":2.06553721427917,"z":0,"tension":0,"bias":0,"continuity":0,"index":9,"pointType":2,"word":"","text":{"x":-3.49330711364746,"y":2.06553721427917,"z":0,"font":0,"fontSize":48}},"p10":{"x":-3.25224900245667,"y":1.43483102321625,"z":0,"tension":0,"bias":0,"continuity":0,"index":10,"pointType":2,"word":"","text":{"x":-2.75224900245667,"y":1.43483102321625,"z":0,"font":0,"fontSize":48}},"p11":{"x":-2.8843297958374,"y":1.72389364242554,"z":0,"tension":0,"bias":0,"continuity":0,"index":11,"pointType":1,"word":"","text":{"x":-2.3843297958374,"y":1.72389364242554,"z":0,"font":0,"fontSize":48}},"p12":{"x":-2.78409099578857,"y":5.11190700531006,"z":0,"tension":0,"bias":0,"continuity":0,"index":12,"pointType":4,"word":"","text":{"x":-2.28409099578857,"y":5.11190700531006,"z":0,"font":0,"fontSize":48}},"p13":{"x":-2.52655506134033,"y":5.97909879684448,"z":0,"tension":0,"bias":0,"continuity":0,"index":13,"pointType":4,"word":"","text":{"x":-2.02655506134033,"y":5.97909879684448,"z":0,"font":0,"fontSize":48}},"p14":{"x":-2.12184524536133,"y":5.75311374664307,"z":0,"tension":0,"bias":0,"continuity":0,"index":14,"pointType":4,"word":"","text":{"x":-1.62184524536133,"y":5.75311374664307,"z":0,"font":0,"fontSize":48}},"p15":{"x":-2.48976564407349,"y":5.53762865066528,"z":0,"tension":0,"bias":0,"continuity":0,"index":15,"pointType":4,"word":"","text":{"x":-1.98976564407349,"y":5.53762865066528,"z":0,"font":0,"fontSize":48}},"p16":{"x":-2.93121671676636,"y":5.61120700836182,"z":0,"tension":0,"bias":0,"continuity":0,"index":16,"pointType":4,"word":"","text":{"x":-2.43121671676636,"y":5.61120700836182,"z":0,"font":0,"fontSize":48}},"p17":{"x":-2.14587497711182,"y":5.13403081893921,"z":0,"tension":0,"bias":0,"continuity":0,"index":17,"pointType":4,"word":"","text":{"x":-1.64587497711182,"y":5.13403081893921,"z":0,"font":0,"fontSize":48}},"splineCount":2,"unlockType":0,"speed":1,"acceleration":1,"maxSpeed":5,"time":1,"laps":3,"startSpeed":1,"text":"","title":"","forceOrder":true,"camera":{"lockX":false,"lockY":false,"lockZ":true,"x":0,"y":0,"z":0,"setPos":false,"fixCam":false,"fov":100},"spline0":{"order":0,"closed":false,"numPoints":6,"type":0,"lineTexture":0,"lineWidth":1,"bidirectional":false,"speed":0,"points":{"p0":0,"p1":1,"p2":2,"p3":3,"p4":4,"p5":5}},"spline1":{"order":1,"closed":false,"numPoints":6,"type":0,"lineTexture":0,"lineWidth":1,"bidirectional":false,"speed":0,"points":{"p0":6,"p1":7,"p2":8,"p3":9,"p4":10,"p5":11}}}