{"name":"Fly1","pointCount":31,"p0":{"x":-3.19649815559387,"y":3.92122912406921,"z":0,"tension":0,"bias":0,"continuity":0,"index":0,"pointType":6,"word":"","text":{"x":-2.69649815559387,"y":3.92122912406921,"z":0,"font":0,"fontSize":48}},"p1":{"x":-2.72222375869751,"y":3.95834040641785,"z":0,"tension":1,"bias":0,"continuity":0,"index":1,"pointType":3,"word":"","text":{"x":-2.22222375869751,"y":3.95834040641785,"z":0,"font":0,"fontSize":48}},"p2":{"x":-2.35744309425354,"y":3.54703426361084,"z":0,"tension":0,"bias":0,"continuity":0,"index":2,"pointType":1,"word":"","text":{"x":-1.85744309425354,"y":3.54703426361084,"z":0,"font":0,"fontSize":48}},"p3":{"x":-2.22032523155212,"y":4.35317182540894,"z":0,"tension":0,"bias":0,"continuity":0,"index":3,"pointType":1,"word":"","text":{"x":-1.72032523155212,"y":4.35317182540894,"z":0,"font":0,"fontSize":48}},"p4":{"x":-1.10424327850342,"y":5.53567314147949,"z":0,"tension":1,"bias":0,"continuity":0,"index":4,"pointType":0,"word":"","text":{"x":-0.604243278503418,"y":5.53567314147949,"z":0,"font":0,"fontSize":48}},"p5":{"x":-1.08173131942749,"y":4.85575819015503,"z":0,"tension":1,"bias":0,"continuity":0,"index":5,"pointType":3,"word":"","text":{"x":-0.58173131942749,"y":4.85575819015503,"z":0,"font":0,"fontSize":48}},"p6":{"x":-0.124399900436401,"y":4.64430713653564,"z":0,"tension":1,"bias":0,"continuity":0,"index":6,"pointType":1,"word":"","text":{"x":0.375600099563599,"y":4.64430713653564,"z":0,"font":0,"fontSize":48}},"p7":{"x":-0.0116894245147705,"y":5.58253383636475,"z":0,"tension":1,"bias":0,"continuity":0,"index":7,"pointType":1,"word":"","text":{"x":0.488310575485229,"y":5.58253383636475,"z":0,"font":0,"fontSize":48}},"p8":{"x":0.186418533325195,"y":5.09738063812256,"z":0,"tension":1,"bias":0,"continuity":0,"index":8,"pointType":1,"word":"","text":{"x":0.686418533325195,"y":5.09738063812256,"z":0,"font":0,"fontSize":48}},"p9":{"x":0.521184921264648,"y":5.50695466995239,"z":0,"tension":1,"bias":0,"continuity":0,"index":9,"pointType":1,"word":"","text":{"x":1.02118492126465,"y":5.50695466995239,"z":0,"font":0,"fontSize":48}},"p10":{"x":-1.49472916126251,"y":3.47851014137268,"z":0,"tension":1,"bias":0,"continuity":0,"index":10,"pointType":1,"word":"","text":{"x":-0.994729161262512,"y":3.47851014137268,"z":0,"font":0,"fontSize":48}},"p11":{"x":-0.955663442611694,"y":3.23168611526489,"z":0,"tension":1,"bias":0,"continuity":0,"index":11,"pointType":1,"word":"","text":{"x":-0.455663442611694,"y":3.23168611526489,"z":0,"font":0,"fontSize":48}},"p12":{"x":-1.54048073291779,"y":2.92565941810608,"z":0,"tension":1,"bias":0,"continuity":0,"index":12,"pointType":1,"word":"","text":{"x":-1.04048073291779,"y":2.92565941810608,"z":0,"font":0,"fontSize":48}},"p13":{"x":-1.95838677883148,"y":3.40751194953918,"z":0,"tension":1,"bias":0,"continuity":0,"index":13,"pointType":1,"word":"","text":{"x":-1.45838677883148,"y":3.40751194953918,"z":0,"font":0,"fontSize":48}},"p14":{"x":0.0254683494567871,"y":4.02024555206299,"z":0,"tension":1,"bias":0,"continuity":0,"index":14,"pointType":1,"word":"","text":{"x":0.525468349456787,"y":4.02024555206299,"z":0,"font":0,"fontSize":48}},"p15":{"x":-0.529312610626221,"y":4.02921390533447,"z":0,"tension":1,"bias":0,"continuity":0,"index":15,"pointType":1,"word":"","text":{"x":-0.0293126106262207,"y":4.02921390533447,"z":0,"font":0,"fontSize":48}},"p16":{"x":-0.475494146347046,"y":3.59217119216919,"z":0,"tension":1,"bias":0,"continuity":0,"index":16,"pointType":1,"word":"","text":{"x":0.0245058536529541,"y":3.59217119216919,"z":0,"font":0,"fontSize":48}},"p17":{"x":0.171996355056763,"y":3.42713356018066,"z":0,"tension":1,"bias":0,"continuity":0,"index":17,"pointType":1,"word":"","text":{"x":0.671996355056763,"y":3.42713356018066,"z":0,"font":0,"fontSize":48}},"p18":{"x":0.672541618347168,"y":3.74548101425171,"z":0,"tension":0,"bias":0,"continuity":0,"index":18,"pointType":1,"word":"","text":{"x":1.17254161834717,"y":3.74548101425171,"z":0,"font":0,"fontSize":48}},"p19":{"x":0.752326011657715,"y":3.03353762626648,"z":0,"tension":-0.499999105930328,"bias":0,"continuity":0,"index":19,"pointType":2,"word":"","text":{"x":1.25232601165771,"y":3.03353762626648,"z":0,"font":0,"fontSize":48}},"p20":{"x":0.3022301197052,"y":3.10510063171387,"z":0,"tension":0,"bias":0,"continuity":0,"index":20,"pointType":0,"word":"","text":{"x":0.8022301197052,"y":3.10510063171387,"z":0,"font":0,"fontSize":48}},"p21":{"x":0.973286151885986,"y":3.40474271774292,"z":0,"tension":-0.499999105930328,"bias":0,"continuity":0,"index":21,"pointType":2,"word":"","text":{"x":1.47328615188599,"y":3.40474271774292,"z":0,"font":0,"fontSize":48}},"p22":{"x":-0.668444156646729,"y":5.10479688644409,"z":0,"tension":0,"bias":0,"continuity":0,"index":22,"pointType":1,"word":"","text":{"x":-0.168444156646729,"y":5.10479688644409,"z":0,"font":0,"fontSize":48}},"p23":{"x":-0.833256483078003,"y":6.11472272872925,"z":0,"tension":1,"bias":0,"continuity":0,"index":23,"pointType":0,"word":"","text":{"x":-0.333256483078003,"y":6.11472272872925,"z":0,"font":0,"fontSize":48}},"p24":{"x":-0.196979761123657,"y":6.24774551391602,"z":0,"tension":1,"bias":0,"continuity":0,"index":24,"pointType":0,"word":"","text":{"x":0.303020238876343,"y":6.24774551391602,"z":0,"font":0,"fontSize":48}},"p25":{"x":0.375880241394043,"y":6.0247540473938,"z":0,"tension":1,"bias":0,"continuity":0,"index":25,"pointType":1,"word":"","text":{"x":0.875880241394043,"y":6.0247540473938,"z":0,"font":0,"fontSize":48}},"p26":{"x":1.02306604385376,"y":6.30124378204346,"z":0,"tension":0,"bias":0,"continuity":0,"index":26,"pointType":1,"word":"","text":{"x":1.52306604385376,"y":6.30124378204346,"z":0,"font":0,"fontSize":48}},"p27":{"x":1.73546266555786,"y":5.86002254486084,"z":0,"tension":0,"bias":0,"continuity":0,"index":27,"pointType":1,"word":"","text":{"x":2.23546266555786,"y":5.86002254486084,"z":0,"font":0,"fontSize":48}},"p28":{"x":2.01285934448242,"y":6.62601327896118,"z":0,"tension":0,"bias":0,"continuity":0,"index":28,"pointType":1,"word":"","text":{"x":2.51285934448242,"y":6.62601327896118,"z":0,"font":0,"fontSize":48}},"p29":{"x":3.02641725540161,"y":6.79923915863037,"z":0,"tension":0,"bias":0,"continuity":0,"index":29,"pointType":0,"word":"","text":{"x":3.52641725540161,"y":6.79923915863037,"z":0,"font":0,"fontSize":48}},"p30":{"x":3.7686185836792,"y":6.86873197555542,"z":0,"tension":0,"bias":0,"continuity":0,"index":30,"pointType":7,"word":"","text":{"x":4.2686185836792,"y":6.86873197555542,"z":0,"font":0,"fontSize":48}},"splineCount":6,"unlockType":0,"speed":2,"acceleration":0.5,"maxSpeed":5,"time":1,"laps":1,"startSpeed":0.949999988079071,"text":"","title":"","forceOrder":false,"camera":{"lockX":false,"lockY":false,"lockZ":false,"x":-4.15990781784058,"y":3.43967342376709,"z":-2,"setPos":true,"fixCam":false,"fov":49},"spline0":{"order":0,"closed":false,"numPoints":3,"type":0,"lineTexture":0,"lineWidth":1,"bidirectional":true,"speed":0,"points":{"p0":0,"p1":1,"p2":2}},"spline1":{"order":1,"closed":false,"numPoints":2,"type":0,"lineTexture":0,"lineWidth":1,"bidirectional":true,"speed":0,"points":{"p0":1,"p1":3}},"spline2":{"order":2,"closed":false,"numPoints":5,"type":0,"lineTexture":0,"lineWidth":1,"bidirectional":true,"speed":0,"points":{"p0":25,"p1":24,"p2":23,"p3":4,"p4":5}},"spline3":{"order":3,"closed":false,"numPoints":4,"type":0,"lineTexture":1,"lineWidth":1,"bidirectional":false,"speed":1.14999997615814,"points":{"p0":20,"p1":19,"p2":21,"p3":18}},"spline4":{"order":4,"closed":false,"numPoints":2,"type":0,"lineTexture":3,"lineWidth":1,"bidirectional":true,"speed":0,"points":{"p0":5,"p1":22}},"spline5":{"order":5,"closed":false,"numPoints":2,"type":0,"lineTexture":0,"lineWidth":1,"bidirectional":true,"speed":0,"points":{"p0":29,"p1":30}}}