{"name":"Fly3","pointCount":33,"p0":{"x":-3.20315146446228,"y":3.96773886680603,"z":0,"tension":0,"bias":0,"continuity":0,"index":0,"pointType":6,"word":"","text":{"x":-2.70315146446228,"y":3.96773886680603,"z":0,"font":0,"fontSize":48}},"p1":{"x":-2.72222256660461,"y":3.96166515350342,"z":0,"tension":1,"bias":0,"continuity":0,"index":1,"pointType":3,"word":"","text":{"x":-2.22222256660461,"y":3.96166515350342,"z":0,"font":0,"fontSize":48}},"p2":{"x":-2.35744309425354,"y":3.54703426361084,"z":0,"tension":0,"bias":0,"continuity":0,"index":2,"pointType":1,"word":"","text":{"x":-1.85744309425354,"y":3.54703426361084,"z":0,"font":0,"fontSize":48}},"p3":{"x":-0.333587646484375,"y":5.78293132781982,"z":0,"tension":1,"bias":0,"continuity":0,"index":3,"pointType":1,"word":"","text":{"x":0.166412353515625,"y":5.78293132781982,"z":0,"font":0,"fontSize":48}},"p4":{"x":-1.49472916126251,"y":3.47851014137268,"z":0,"tension":1,"bias":0,"continuity":0,"index":4,"pointType":1,"word":"","text":{"x":-0.994729161262512,"y":3.47851014137268,"z":0,"font":0,"fontSize":48}},"p5":{"x":-0.284241676330566,"y":3.41077518463135,"z":0,"tension":1,"bias":0,"continuity":0,"index":5,"pointType":1,"word":"","text":{"x":0.215758323669434,"y":3.41077518463135,"z":0,"font":0,"fontSize":48}},"p6":{"x":0.659868717193604,"y":3.49982309341431,"z":0,"tension":0,"bias":0,"continuity":0,"index":6,"pointType":0,"word":"","text":{"x":1.1598687171936,"y":3.49982309341431,"z":0,"font":0,"fontSize":48}},"p7":{"x":1.19815301895142,"y":3.85880303382874,"z":0,"tension":1,"bias":0,"continuity":0,"index":7,"pointType":3,"word":"","text":{"x":1.69815301895142,"y":3.85880303382874,"z":0,"font":0,"fontSize":48}},"p8":{"x":1.11333799362183,"y":4.57089567184448,"z":0,"tension":0,"bias":0,"continuity":0,"index":8,"pointType":2,"word":"","text":{"x":1.61333799362183,"y":4.57089567184448,"z":0,"font":0,"fontSize":48}},"p9":{"x":-0.312095642089844,"y":6.94794988632202,"z":0,"tension":0,"bias":0,"continuity":0,"index":9,"pointType":0,"word":"","text":{"x":0.187904357910156,"y":6.94794988632202,"z":0,"font":0,"fontSize":48}},"p10":{"x":0.612053394317627,"y":4.92596578598022,"z":0,"tension":1,"bias":0,"continuity":0,"index":10,"pointType":1,"word":"","text":{"x":1.11205339431763,"y":4.92596578598022,"z":0,"font":0,"fontSize":48}},"p11":{"x":-0.129157304763794,"y":7.39492988586426,"z":0,"tension":-0.39999908208847,"bias":0,"continuity":0,"index":11,"pointType":2,"word":"","text":{"x":0.370842695236206,"y":7.39492988586426,"z":0,"font":0,"fontSize":48}},"p12":{"x":0.294929981231689,"y":7.46590566635132,"z":0,"tension":0,"bias":0,"continuity":0,"index":12,"pointType":1,"word":"","text":{"x":0.794929981231689,"y":7.46590566635132,"z":0,"font":0,"fontSize":48}},"p13":{"x":1.60862302780151,"y":7.12477588653564,"z":0,"tension":0,"bias":0,"continuity":0,"index":13,"pointType":0,"word":"","text":{"x":2.10862302780151,"y":7.12477588653564,"z":0,"font":0,"fontSize":48}},"p14":{"x":2.02455377578735,"y":6.8599967956543,"z":0,"tension":-0.359999060630798,"bias":0,"continuity":0,"index":14,"pointType":2,"word":"","text":{"x":2.52455377578735,"y":6.8599967956543,"z":0,"font":0,"fontSize":48}},"p15":{"x":2.02786159515381,"y":6.39198207855225,"z":0,"tension":0,"bias":0,"continuity":0,"index":15,"pointType":2,"word":"","text":{"x":2.52786159515381,"y":6.39198207855225,"z":0,"font":0,"fontSize":48}},"p16":{"x":1.42699289321899,"y":6.20316743850708,"z":0,"tension":0,"bias":0,"continuity":0,"index":16,"pointType":1,"word":"","text":{"x":1.92699289321899,"y":6.20316743850708,"z":0,"font":0,"fontSize":48}},"p17":{"x":-2.01321268081665,"y":5.58764123916626,"z":0,"tension":1,"bias":0,"continuity":0,"index":17,"pointType":0,"word":"","text":{"x":-1.51321268081665,"y":5.58764123916626,"z":0,"font":0,"fontSize":48}},"p18":{"x":-2.17351675033569,"y":5.81163597106934,"z":0,"tension":1,"bias":0,"continuity":0,"index":18,"pointType":0,"word":"","text":{"x":-1.67351675033569,"y":5.81163597106934,"z":0,"font":0,"fontSize":48}},"p19":{"x":-2.30354261398315,"y":5.60740423202515,"z":0,"tension":1,"bias":0,"continuity":0,"index":19,"pointType":0,"word":"","text":{"x":-1.80354261398315,"y":5.60740423202515,"z":0,"font":0,"fontSize":48}},"p20":{"x":-2.4356484413147,"y":5.80658721923828,"z":0,"tension":1,"bias":0,"continuity":0,"index":20,"pointType":0,"word":"","text":{"x":-1.9356484413147,"y":5.80658721923828,"z":0,"font":0,"fontSize":48}},"p21":{"x":-2.5721230506897,"y":5.61650514602661,"z":0,"tension":1,"bias":0,"continuity":0,"index":21,"pointType":0,"word":"","text":{"x":-2.0721230506897,"y":5.61650514602661,"z":0,"font":0,"fontSize":48}},"p22":{"x":-2.71009922027588,"y":5.796959400177,"z":0,"tension":1,"bias":0,"continuity":0,"index":22,"pointType":0,"word":"","text":{"x":-2.21009922027588,"y":5.796959400177,"z":0,"font":0,"fontSize":48}},"p23":{"x":-1.89104151725769,"y":5.8035249710083,"z":0,"tension":1,"bias":0,"continuity":0,"index":23,"pointType":0,"word":"","text":{"x":-1.39104151725769,"y":5.8035249710083,"z":0,"font":0,"fontSize":48}},"p24":{"x":-2.87097930908203,"y":5.61087083816528,"z":0,"tension":1,"bias":0,"continuity":0,"index":24,"pointType":1,"word":"","text":{"x":-2.37097930908203,"y":5.61087083816528,"z":0,"font":0,"fontSize":48}},"p25":{"x":-3.79278254508972,"y":4.85831928253174,"z":0,"tension":0,"bias":0,"continuity":0,"index":25,"pointType":0,"word":"","text":{"x":-3.29278254508972,"y":4.85831928253174,"z":0,"font":0,"fontSize":48}},"p26":{"x":-4.34755992889404,"y":4.3533763885498,"z":0,"tension":0,"bias":0,"continuity":0,"index":26,"pointType":2,"word":"","text":{"x":-3.84755992889404,"y":4.3533763885498,"z":0,"font":0,"fontSize":48}},"p27":{"x":-4.12499523162842,"y":4.04777431488037,"z":0,"tension":0,"bias":0,"continuity":0,"index":27,"pointType":2,"word":"","text":{"x":-3.62499523162842,"y":4.04777431488037,"z":0,"font":0,"fontSize":48}},"p28":{"x":-0.0419635772705078,"y":6.1701979637146,"z":0,"tension":1,"bias":0,"continuity":0,"index":28,"pointType":0,"word":"","text":{"x":0.458036422729492,"y":6.1701979637146,"z":0,"font":0,"fontSize":48}},"p29":{"x":0.0516190528869629,"y":5.48771238327026,"z":0,"tension":1,"bias":0,"continuity":0,"index":29,"pointType":0,"word":"","text":{"x":0.551619052886963,"y":5.48771238327026,"z":0,"font":0,"fontSize":48}},"p30":{"x":-0.644863128662109,"y":5.41073226928711,"z":0,"tension":1,"bias":0,"continuity":0,"index":30,"pointType":3,"word":"","text":{"x":-0.144863128662109,"y":5.41073226928711,"z":0,"font":0,"fontSize":48}},"p31":{"x":-0.725928783416748,"y":6.08804941177368,"z":0,"tension":1,"bias":0,"continuity":0,"index":31,"pointType":0,"word":"","text":{"x":-0.225928783416748,"y":6.08804941177368,"z":0,"font":0,"fontSize":48}},"p32":{"x":-1.11500883102417,"y":4.89067268371582,"z":0,"tension":0,"bias":0,"continuity":0,"index":32,"pointType":7,"word":"","text":{"x":-0.61500883102417,"y":4.89067268371582,"z":0,"font":0,"fontSize":48}},"splineCount":8,"unlockType":0,"speed":2,"acceleration":0.5,"maxSpeed":5,"time":1,"laps":1,"startSpeed":0.949999988079071,"text":"","title":"","forceOrder":true,"camera":{"lockX":false,"lockY":false,"lockZ":false,"x":-4.15990781784058,"y":3.43967342376709,"z":-2,"setPos":false,"fixCam":false,"fov":73},"spline0":{"order":0,"closed":false,"numPoints":3,"type":0,"lineTexture":0,"lineWidth":1,"bidirectional":false,"speed":0,"points":{"p0":0,"p1":1,"p2":2}},"spline1":{"order":1,"closed":false,"numPoints":4,"type":0,"lineTexture":1,"lineWidth":1,"bidirectional":false,"speed":0,"points":{"p0":6,"p1":7,"p2":8,"p3":10}},"spline2":{"order":2,"closed":false,"numPoints":3,"type":0,"lineTexture":3,"lineWidth":1,"bidirectional":false,"speed":0,"points":{"p0":9,"p1":11,"p2":12}},"spline3":{"order":3,"closed":false,"numPoints":4,"type":0,"lineTexture":0,"lineWidth":1,"bidirectional":false,"speed":0,"points":{"p0":13,"p1":14,"p2":15,"p3":16}},"spline4":{"order":4,"closed":false,"numPoints":8,"type":0,"lineTexture":0,"lineWidth":1,"bidirectional":true,"speed":0,"points":{"p0":23,