{"name":"Fly4","pointCount":20,"p0":{"x":-0.0490434169769287,"y":-0.617917060852051,"z":0.00741226598620415,"tension":1,"bias":0,"continuity":0,"index":0,"pointType":6,"word":"","text":{"x":0.450956583023071,"y":-0.617917060852051,"z":0.00741226598620415,"font":0,"fontSize":48}},"p1":{"x":-0.0675616264343262,"y":0.0531220436096191,"z":0,"tension":0,"bias":0,"continuity":0,"index":1,"pointType":1,"word":"","text":{"x":0.432438373565674,"y":0.0531220436096191,"z":0,"font":0,"fontSize":48}},"p2":{"x":-0.0571379661560059,"y":-0.266782522201538,"z":0.00324286636896431,"tension":-0.0399990677833557,"bias":0,"continuity":0,"index":2,"pointType":0,"word":"","text":{"x":0.442862033843994,"y":-0.266782522201538,"z":0.00324286636896431,"font":0,"fontSize":48}},"p3":{"x":0.28366756439209,"y":-0.256936073303223,"z":0,"tension":0,"bias":0,"continuity":0,"index":3,"pointType":1,"word":"","text":{"x":0.78366756439209,"y":-0.256936073303223,"z":0,"font":0,"fontSize":48}},"p4":{"x":-0.388582706451416,"y":-0.277515411376953,"z":0,"tension":0,"bias":0,"continuity":0,"index":4,"pointType":1,"word":"","text":{"x":0.111417293548584,"y":-0.277515411376953,"z":0,"font":0,"fontSize":48}},"p5":{"x":1.01648044586182,"y":0.209719181060791,"z":0,"tension":0,"bias":0,"continuity":0,"index":5,"pointType":0,"word":"","text":{"x":1.51648044586182,"y":0.209719181060791,"z":0,"font":0,"fontSize":48}},"p6":{"x":1.03008890151978,"y":-0.180710792541504,"z":0,"tension":0,"bias":0,"continuity":0,"index":6,"pointType":0,"word":"","text":{"x":1.53008890151978,"y":-0.180710792541504,"z":0,"font":0,"fontSize":48}},"p7":{"x":0.707234859466553,"y":0.201829552650452,"z":0,"tension":0,"bias":0,"continuity":0,"index":7,"pointType":0,"word":"","text":{"x":1.20723485946655,"y":0.201829552650452,"z":0,"font":0,"fontSize":48}},"p8":{"x":1.40896415710449,"y":0.226100087165833,"z":0,"tension":0,"bias":0,"continuity":0,"index":8,"pointType":1,"word":"","text":{"x":1.90896415710449,"y":0.226100087165833,"z":0,"font":0,"fontSize":48}},"p9":{"x":1.38596343994141,"y":-0.687732696533203,"z":0,"tension":0,"bias":0,"continuity":0,"index":9,"pointType":1,"word":"","text":{"x":1.88596343994141,"y":-0.687732696533203,"z":0,"font":0,"fontSize":48}},"p10":{"x":1.80035591125488,"y":-0.679938554763794,"z":0,"tension":1,"bias":0,"continuity":0,"index":10,"pointType":0,"word":"","text":{"x":2.30035591125488,"y":-0.679938554763794,"z":0,"font":0,"fontSize":48}},"p11":{"x":1.81340456008911,"y":-1.10772824287415,"z":0,"tension":1,"bias":0,"continuity":0,"index":11,"pointType":0,"word":"","text":{"x":2.31340456008911,"y":-1.10772824287415,"z":0,"font":0,"fontSize":48}},"p12":{"x":1.78741073608398,"y":-0.236111402511597,"z":0,"tension":0,"bias":0,"continuity":0,"index":12,"pointType":0,"word":"","text":{"x":2.28741073608398,"y":-0.236111402511597,"z":0,"font":0,"fontSize":48}},"p13":{"x":-1.59291160106659,"y":0.106358647346497,"z":0,"tension":1,"bias":0,"continuity":0,"index":13,"pointType":0,"word":"","text":{"x":-1.09291160106659,"y":0.106358647346497,"z":0,"font":0,"fontSize":48}},"p14":{"x":-2.03683137893677,"y":0.0971181392669678,"z":0,"tension":0,"bias":0,"continuity":0,"index":14,"pointType":0,"word":"","text":{"x":-1.53683137893677,"y":0.0971181392669678,"z":0,"font":0,"fontSize":48}},"p15":{"x":-1.59407591819763,"y":0.583263397216797,"z":0,"tension":0,"bias":0,"continuity":0,"index":15,"pointType":1,"word":"","text":{"x":-1.09407591819763,"y":0.583263397216797,"z":0,"font":0,"fontSize":48}},"p16":{"x":-1.1650276184082,"y":0.115837335586548,"z":0,"tension":1,"bias":0,"continuity":0,"index":16,"pointType":0,"word":"","text":{"x":-0.665027618408203,"y":0.115837335586548,"z":0,"font":0,"fontSize":48}},"p17":{"x":-0.952068090438843,"y":0.852582216262817,"z":0,"tension":0,"bias":0,"continuity":0,"index":17,"pointType":1,"word":"","text":{"x":-0.452068090438843,"y":0.852582216262817,"z":0,"font":0,"fontSize":48}},"p18":{"x":-0.31932258605957,"y":0.86358654499054,"z":0,"tension":1,"bias":0,"continuity":0,"index":18,"pointType":0,"word":"","text":{"x":0.18067741394043,"y":0.86358654499054,"z":0,"font":0,"fontSize":48}},"p19":{"x":0.269407033920288,"y":0.874590873718262,"z":0,"tension":1,"bias":0,"continuity":0,"index":19,"pointType":1,"word":"","text":{"x":0.769407033920288,"y":0.874590873718262,"z":0,"font":0,"fontSize":48}},"splineCount":9,"unlockType":0,"speed":4,"acceleration":0.949999988079071,"maxSpeed":3,"time":1,"laps":1,"startSpeed":0.399999976158142,"text":"","title":"","forceOrder":false,"camera":{"lockX":false,"lockY":false,"lockZ":true,"x":-0.269803196191788,"y":-0.18595016002655,"z":-2,"setPos":true,"fixCam":false,"fov":63},"spline0":{"order":0,"closed":false,"numPoints":3,"type":0,"lineTexture":0,"lineWidth":1,"bidirectional":true,"speed":0,"points":{"p0":0,"p1":2,"p2":1}},"spline1":{"order":1,"closed":false,"numPoints":3,"type":0,"lineTexture":0,"lineWidth":1,"bidirectional":true,"speed":0,"points":{"p0":3,"p1":2,"p2":4}},"spline2":{"order":2,"closed":false,"numPoints":2,"type":0,"lineTexture":0,"lineWidth":1,"bidirectional":true,"speed":0,"points":{"p0":5,"p1":6}},"spline3":{"order":3,"closed":false,"numPoints":3,"type":0,"lineTexture":0,"lineWidth":1,"bidirectional":true,"speed":0,"points":{"p0":7,"p1":5,"p2":8}},"spline4":{"order":4,"closed":false,"numPoints":3,"type":0,"lineTexture":0,"lineWidth":1,"bidirectional":true,"speed":0,"points":{"p0":9,"p1":10,"p2":11}},"spline5":{"order":5,"closed":false,"numPoints":2,"type":0,"lineTexture":0,"lineWidth":1,"bidirectional":true,"speed":0,"points":{"p0":10,"p1":12}},"spline6":{"order":6,"closed":false,"numPoints":2,"type":0,"lineTexture":0,"lineWidth":1,"bidirectional":true,"speed":0,"points":{"p0":13,"p1":14}},"spline7":{"order":7,"closed":false,"numPoints":3,"type":0,"lineTexture":0,"lineWidth":1,"bidirectional":true,"speed":0,"points":{"p0":15,"p1":13,"p2":16}},"spline8":{"order":8,"closed":false,"numPoints":3,"type":0,"lineTexture":0,"lineWidth":1,"bidirectional":true,"speed":0,"points":{"p0":17,"p1":18,"p2":19}}}