{"name":"Fly4","pointCount":12,"p0":{"x":-0.148920059204102,"y":-0.217929840087891,"z":0.0121197942644358,"tension":-0.759999752044678,"bias":0,"continuity":0,"index":0,"pointType":2,"word":"","text":{"x":0.351079940795898,"y":-0.217929840087891,"z":0.0121197942644358,"font":0,"fontSize":48}},"p1":{"x":-0.235416173934937,"y":-0.0701477527618408,"z":0.00371203338727355,"tension":-0.759999752044678,"bias":0,"continuity":0,"index":1,"pointType":6,"word":"","text":{"x":0.264583826065063,"y":-0.0701477527618408,"z":0.00371203338727355,"font":0,"fontSize":48}},"p2":{"x":-0.382464647293091,"y":-0.154506921768188,"z":-0.00120917684398592,"tension":-0.759999752044678,"bias":0,"continuity":0,"index":2,"pointType":2,"word":"","text":{"x":0.117535352706909,"y":-0.154506921768188,"z":-0.00120917684398592,"font":0,"fontSize":48}},"p3":{"x":-0.294899463653564,"y":-0.30175256729126,"z":-0.010832455009222,"tension":-0.759999752044678,"bias":0,"continuity":0,"index":3,"pointType":1,"word":"","text":{"x":0.205100536346436,"y":-0.30175256729126,"z":-0.010832455009222,"font":0,"fontSize":48}},"p4":{"x":0.199733257293701,"y":-0.383061408996582,"z":-0.482186555862427,"tension":-0.759999752044678,"bias":0,"continuity":0,"index":4,"pointType":0,"word":"","text":{"x":0.699733257293701,"y":-0.383061408996582,"z":-0.482186555862427,"font":0,"fontSize":48}},"p5":{"x":-0.26290225982666,"y":0.613742828369141,"z":-0.122228518128395,"tension":-0.759999752044678,"bias":0,"continuity":0,"index":5,"pointType":0,"word":"","text":{"x":0.23709774017334,"y":0.613742828369141,"z":-0.122228518128395,"font":0,"fontSize":48}},"p6":{"x":-1.00594139099121,"y":0.0447318553924561,"z":0.535624742507935,"tension":-0.759999752044678,"bias":0,"continuity":0,"index":6,"pointType":0,"word":"","text":{"x":-0.505941390991211,"y":0.0447318553924561,"z":0.535624742507935,"font":0,"fontSize":48}},"p7":{"x":-0.621692657470703,"y":-0.948453426361084,"z":0.0823968350887299,"tension":-0.759999752044678,"bias":0,"continuity":0,"index":7,"pointType":1,"word":"","text":{"x":-0.121692657470703,"y":-0.948453426361084,"z":0.0823968350887299,"font":0,"fontSize":48}},"p8":{"x":-0.512281656265259,"y":-0.996579885482788,"z":0.79664272069931,"tension":-0.759999752044678,"bias":0,"continuity":0,"index":8,"pointType":2,"word":"","text":{"x":-0.0122816562652588,"y":-0.996579885482788,"z":0.79664272069931,"font":0,"fontSize":48}},"p9":{"x":0.702430248260498,"y":-0.643914461135864,"z":0.2151939868927,"tension":-0.759999752044678,"bias":0,"continuity":0,"index":9,"pointType":2,"word":"","text":{"x":1.2024302482605,"y":-0.643914461135864,"z":0.2151939868927,"font":0,"fontSize":48}},"p10":{"x":0.0467789173126221,"y":0.120302200317383,"z":-0.72431617975235,"tension":-0.759999752044678,"bias":0,"continuity":0,"index":10,"pointType":2,"word":"","text":{"x":0.546778917312622,"y":0.120302200317383,"z":-0.72431617975235,"font":0,"fontSize":48}},"p11":{"x":-1.1681752204895,"y":-0.350080728530884,"z":-0.230468541383743,"tension":-0.759999752044678,"bias":0,"continuity":0,"index":11,"pointType":1,"word":"","text":{"x":-0.668175220489502,"y":-0.350080728530884,"z":-0.230468541383743,"font":0,"fontSize":48}},"splineCount":3,"unlockType":0,"speed":4,"acceleration":0.949999988079071,"maxSpeed":3,"time":1,"laps":1,"startSpeed":0.949999988079071,"text":"","title":"","forceOrder":true,"camera":{"lockX":true,"lockY":true,"lockZ":true,"x":-0.269803196191788,"y":-0.18595016002655,"z":-2,"setPos":true,"fixCam":false,"fov":63},"spline0":{"order":0,"closed":true,"numPoints":4,"type":0,"lineTexture":0,"lineWidth":1,"bidirectional":true,"speed":0.949999988079071,"points":{"p0":0,"p1":1,"p2":2,"p3":3}},"spline1":{"order":1,"closed":true,"numPoints":4,"type":0,"lineTexture":3,"lineWidth":1,"bidirectional":true,"speed":0.949999988079071,"points":{"p0":4,"p1":5,"p2":6,"p3":7}},"spline2":{"order":2,"closed":true,"numPoints":4,"type":0,"lineTexture":5,"lineWidth":1,"bidirectional":true,"speed":0.949999988079071,"points":{"p0":8,"p1":9,"p2":10,"p3":11}}}