{"name":"Fly4","pointCount":12,"p0":{"x":-0.148920059204102,"y":-0.217929840087891,"z":0.0121197942644358,"tension":-0.759999752044678,"bias":0,"continuity":0,"index":0,"pointType":2,"word":"","text":{"x":0.351079940795898,"y":-0.217929840087891,"z":0.0121197942644358,"font":0,"fontSize":48}},"p1":{"x":-0.235416173934937,"y":-0.0701477527618408,"z":0.00371203338727355,"tension":-0.759999752044678,"bias":0,"continuity":0,"index":1,"pointType":6,"word":"","text":{"x":0.264583826065063,"y":-0.0701477527618408,"z":0.00371203338727355,"font":0,"fontSize":48}},"p2":{"x":-0.382464647293091,"y":-0.154506921768188,"z":-0.00120917684398592,"tension":-0.759999752044678,"bias":0,"continuity":0,"index":2,"pointType":2,"word":"","text":{"x":0.117535352706909,"y":-0.154506921768188,"z":-0.00120917684398592,"font":0,"fontSize":48}},"p3":{"x":-0.294899463653564,"y":-0.30175256729126,"z":-0.010832455009222,"tension":-0.759999752044678,"bias":0,"continuity":0,"index":3,"pointType":1,"word":"","text":{"x":0.205100536346436,"y":-0.30175256729126,"z":-0.010832455009222,"font":0,"fontSize":48}},"p4":{"x":0.190436840057373,"y":-0.410954475402832,"z":-0.482186555862427,"tension":-0.759999752044678,"bias":0,"continuity":0,"index":4,"pointType":0,"word":"","text":{"x":0.690436840057373,"y":-0.410954475402832,"z":-0.482186555862427,"font":0,"fontSize":48}},"p5":{"x":-0.272198677062988,"y":0.585849761962891,"z":-0.122228518128395,"tension":-0.759999752044678,"bias":0,"continuity":0,"index":5,"pointType":0,"word":"","text":{"x":0.227801322937012,"y":0.585849761962891,"z":-0.122228518128395,"font":0,"fontSize":48}},"p6":{"x":-1.01523780822754,"y":0.0168387889862061,"z":0.535624742507935,"tension":-0.759999752044678,"bias":0,"continuity":0,"index":6,"pointType":0,"word":"","text":{"x":-0.515237808227539,"y":0.0168387889862061,"z":0.535624742507935,"font":0,"fontSize":48}},"p7":{"x":-0.630989074707031,"y":-0.976346492767334,"z":0.0823968350887299,"tension":-0.759999752044678,"bias":0,"continuity":0,"index":7,"pointType":1,"word":"","text":{"x":-0.130989074707031,"y":-0.976346492767334,"z":0.0823968350887299,"font":0,"fontSize":48}},"p8":{"x":-0.2810378074646,"y":-1.08833694458008,"z":0.874293506145477,"tension":-0.759999752044678,"bias":0,"continuity":0,"index":8,"pointType":2,"word":"","text":{"x":0.2189621925354,"y":-1.08833694458008,"z":0.874293506145477,"font":0,"fontSize":48}},"p9":{"x":0.81128454208374,"y":-0.231702327728271,"z":0.236169502139091,"tension":-0.759999752044678,"bias":0,"continuity":0,"index":9,"pointType":2,"word":"","text":{"x":1.31128454208374,"y":-0.231702327728271,"z":0.236169502139091,"font":0,"fontSize":48}},"p10":{"x":-0.169311046600342,"y":0.277833700180054,"z":-0.794917106628418,"tension":-0.759999752044678,"bias":0,"continuity":0,"index":10,"pointType":2,"word":"","text":{"x":0.330688953399658,"y":0.277833700180054,"z":-0.794917106628418,"font":0,"fontSize":48}},"p11":{"x":-1.21366119384766,"y":-0.698756217956543,"z":-0.252932906150818,"tension":-0.759999752044678,"bias":0,"continuity":0,"index":11,"pointType":1,"word":"","text":{"x":-0.713661193847656,"y":-0.698756217956543,"z":-0.252932906150818,"font":0,"fontSize":48}},"splineCount":3,"unlockType":0,"speed":4,"acceleration":0.949999988079071,"maxSpeed":3,"time":1,"laps":1,"startSpeed":0,"text":"","title":"","forceOrder":true,"camera":{"lockX":true,"lockY":true,"lockZ":false,"x":-0.269834905862808,"y":-0.18595016002655,"z":-2,"setPos":true,"fixCam":false,"fov":92},"spline0":{"order":0,"closed":true,"numPoints":4,"type":0,"lineTexture":0,"lineWidth":1,"bidirectional":false,"speed":0.949999988079071,"points":{"p0":0,"p1":1,"p2":2,"p3":3}},"spline1":{"order":1,"closed":true,"numPoints":4,"type":0,"lineTexture":3,"lineWidth":1,"bidirectional":false,"speed":0.949999988079071,"points":{"p0":4,"p1":5,"p2":6,"p3":7}},"spline2":{"order":2,"closed":true,"numPoints":4,"type":0,"lineTexture":4,"lineWidth":1,"bidirectional":false,"speed":0.949999988079071,"points":{"p0":8,"p1":9,"p2":10,"p3":11}}}