{"name":"Fly4","pointCount":23,"p0":{"x":-0.00302267074584961,"y":-0.462004423141479,"z":0.00681823305785656,"tension":1,"bias":0,"continuity":0,"index":0,"pointType":6,"word":"","text":{"x":0.49697732925415,"y":-0.462004423141479,"z":0.00681823305785656,"font":0,"fontSize":48}},"p1":{"x":-0.0104687213897705,"y":-0.141321897506714,"z":0.00298297684639692,"tension":-0.0399990677833557,"bias":0,"continuity":0,"index":1,"pointType":0,"word":"","text":{"x":0.489531278610229,"y":-0.141321897506714,"z":0.00298297684639692,"font":0,"fontSize":48}},"p2":{"x":0.303024053573608,"y":-0.129953384399414,"z":0,"tension":0,"bias":0,"continuity":0,"index":2,"pointType":1,"word":"","text":{"x":0.803024053573608,"y":-0.129953384399414,"z":0,"font":0,"fontSize":48}},"p3":{"x":-0.0446527004241943,"y":1.63772678375244,"z":0,"tension":0,"bias":0,"continuity":0,"index":3,"pointType":0,"word":"","text":{"x":0.455347299575806,"y":1.63772678375244,"z":0,"font":0,"fontSize":48}},"p4":{"x":-0.0367641448974609,"y":1.29479157924652,"z":0,"tension":0,"bias":0,"continuity":0,"index":4,"pointType":0,"word":"","text":{"x":0.463235855102539,"y":1.29479157924652,"z":0,"font":0,"fontSize":48}},"p5":{"x":-0.32911491394043,"y":1.63046932220459,"z":0,"tension":1,"bias":0,"continuity":0,"index":5,"pointType":0,"word":"","text":{"x":0.17088508605957,"y":1.63046932220459,"z":0,"font":0,"fontSize":48}},"p6":{"x":0.316376686096191,"y":1.65279459953308,"z":0,"tension":0,"bias":0,"continuity":0,"index":6,"pointType":1,"word":"","text":{"x":0.816376686096191,"y":1.65279459953308,"z":0,"font":0,"fontSize":48}},"p7":{"x":0.913440227508545,"y":2.68851065635681,"z":0,"tension":0,"bias":0,"continuity":0,"index":7,"pointType":0,"word":"","text":{"x":1.41344022750854,"y":2.68851065635681,"z":0,"font":0,"fontSize":48}},"p8":{"x":1.29462289810181,"y":2.6956799030304,"z":0,"tension":1,"bias":0,"continuity":0,"index":8,"pointType":0,"word":"","text":{"x":1.79462289810181,"y":2.6956799030304,"z":0,"font":0,"fontSize":48}},"p9":{"x":1.30662298202515,"y":2.35870027542114,"z":0,"tension":1,"bias":0,"continuity":0,"index":9,"pointType":0,"word":"","text":{"x":1.80662298202515,"y":2.35870027542114,"z":0,"font":0,"fontSize":48}},"p10":{"x":-0.0382940769195557,"y":2.67840003967285,"z":0,"tension":1,"bias":0,"continuity":0,"index":10,"pointType":0,"word":"","text":{"x":0.461705923080444,"y":2.67840003967285,"z":0,"font":0,"fontSize":48}},"p11":{"x":-0.446637153625488,"y":2.66990041732788,"z":0,"tension":0,"bias":0,"continuity":0,"index":11,"pointType":0,"word":"","text":{"x":0.0533628463745117,"y":2.66990041732788,"z":0,"font":0,"fontSize":48}},"p12":{"x":-0.0393650531768799,"y":3.11708498001099,"z":0,"tension":0,"bias":0,"continuity":0,"index":12,"pointType":1,"word":"","text":{"x":0.46063494682312,"y":3.11708498001099,"z":0,"font":0,"fontSize":48}},"p13":{"x":0.355298519134521,"y":2.68711924552917,"z":0,"tension":1,"bias":0,"continuity":0,"index":13,"pointType":1,"word":"","text":{"x":0.855298519134521,"y":2.68711924552917,"z":0,"font":0,"fontSize":48}},"p14":{"x":-0.622570276260376,"y":0.704871892929077,"z":0,"tension":0,"bias":0,"continuity":0,"index":14,"pointType":1,"word":"","text":{"x":-0.122570276260376,"y":0.704871892929077,"z":0,"font":0,"fontSize":48}},"p15":{"x":-0.0405337810516357,"y":0.714993953704834,"z":0,"tension":1,"bias":0,"continuity":0,"index":15,"pointType":0,"word":"","text":{"x":0.459466218948364,"y":0.714993953704834,"z":0,"font":0,"fontSize":48}},"p16":{"x":0.50101375579834,"y":0.725116491317749,"z":0,"tension":1,"bias":0,"continuity":0,"index":16,"pointType":1,"word":"","text":{"x":1.00101375579834,"y":0.725116491317749,"z":0,"font":0,"fontSize":48}},"p17":{"x":1.67296409606934,"y":2.37277841567993,"z":0,"tension":0,"bias":0,"continuity":0,"index":17,"pointType":1,"word":"","text":{"x":2.17296409606934,"y":2.37277841567993,"z":0,"font":0,"fontSize":48}},"p18":{"x":0.363318204879761,"y":2.22511172294617,"z":0,"tension":1,"bias":0,"continuity":0,"index":18,"pointType":0,"word":"","text":{"x":0.863318204879761,"y":2.22511172294617,"z":0,"font":0,"fontSize":48}},"p19":{"x":-0.010650634765625,"y":0.105207443237305,"z":0,"tension":0,"bias":0,"continuity":0,"index":19,"pointType":0,"word":"","text":{"x":0.489349365234375,"y":0.105207443237305,"z":0,"font":0,"fontSize":48}},"p20":{"x":-0.0196807384490967,"y":0.415844321250916,"z":0,"tension":1,"bias":0,"continuity":0,"index":20,"pointType":0,"word":"","text":{"x":0.480319261550903,"y":0.415844321250916,"z":0,"font":0,"fontSize":48}},"p21":{"x":-0.332379102706909,"y":0.402947187423706,"z":0,"tension":1,"bias":0,"continuity":0,"index":21,"pointType":1,"word":"","text":{"x":0.167620897293091,"y":0.402947187423706,"z":0,"font":0,"fontSize":48}},"p22":{"x":-0.328551054000854,"y":1.89453196525574,"z":0,"tension":1,"bias":0,"continuity":0,"index":22,"pointType":1,"word":"","text":{"x":0.171448945999146,"y":1.89453196525574,"z":0,"font":0,"fontSize":48}},"splineCount":9,"unlockType":0,"speed":4,"acceleration":0.949999988079071,"maxSpeed":3,"time":1,"laps":1,"startSpeed":0.399999976158142,"text":"","title":"","forceOrder":true,"camera":{"lockX":false,"lockY":false,"lockZ":true,"x":-0.269803196191788,"y":-0.18595016002655,"z":-2,"setPos":true,"fixCam":false,"fov":41},"spline0":{"order":0,"closed":false,"numPoints":2,"type":0,"lineTexture":0,"lineWidth":1,"bidirectional":true,"speed":0,"points":{"p0":0,"p1":1}},"spline1":{"order":1,"closed":false,"numPoints":2,"type":0,"lineTexture":3,"lineWidth":1,"bidirectional":true,"speed":0,"points":{"p0":2,"p1":1}},"spline2":{"order":2,"closed":false,"numPoints":3,"type":0,"lineTexture":0,"lineWidth":1,"bidirectional":true,"speed":0,"points":{"p0":19,"p1":20,"p2":21}},"spline3":{"order":3,"closed":false,"numPoints":3,"type":0,"lineTexture":3,"lineWidth":1,"bidirectional":true,"speed":0,"points":{"p0":14,"p1":15,"p2":16}},"spline4":{"order":4,"closed":false,"numPoints":2,"type":0,"lineTexture":0,"lineWidth":1,"bidirectional":true,"speed":0,"points":{"p0":3,"p1":4}},"spline5":{"order":5,"closed":false,"numPoints":4,"type":0,"lineTexture":1,"lineWidth":1,"bidirectional":true,"speed":0,"points":{"p0":22,"p1":5,"p2":3,"p3":6}},"spline6":{"order":6,"closed":false,"numPoints":4,"type":0,"lineTexture":0,"lineWidth":1,"bidirectional":true,"speed":0,"points":{"p0":7,"p1":8,"p2":9,"p3":17}},"spline7":{"order":7,"closed":false,"numPoints":2,"type":0,"lineTexture":0,"lineWidth":1,"bidirectional":true,"speed":0,"points":{"p0":10,"p1":11}},"spline8":{"order":8,"closed":false,"numPoints":4,"type":0,"lineTexture":1,"lineWidth":1,"bidirectional":true,"speed":0,"points":{"p0":12,"p1":10,"p2":13,"p3":18}}}