{"name":"Head","pointCount":53,"p0":{"x":-2.08964085578918,"y":-0.0579407215118408,"z":-1.19209289550781E-07,"tension":0,"bias":0,"continuity":0,"index":0,"pointType":6,"word":"","text":{"x":-1.58964085578918,"y":-0.0579407215118408,"z":-1.19209289550781E-07,"font":0,"fontSize":48}},"p1":{"x":-2.22033095359802,"y":-0.186505317687988,"z":-1.19209289550781E-07,"tension":0,"bias":0,"continuity":0,"index":1,"pointType":2,"word":"","text":{"x":-1.72033095359802,"y":-0.186505317687988,"z":-1.19209289550781E-07,"font":0,"fontSize":48}},"p2":{"x":-2.13507509231567,"y":-0.425820350646973,"z":-1.19209289550781E-07,"tension":0,"bias":0,"continuity":0,"index":2,"pointType":2,"word":"","text":{"x":-1.63507509231567,"y":-0.425820350646973,"z":-1.19209289550781E-07,"font":0,"fontSize":48}},"p3":{"x":-1.92866563796997,"y":-0.475179195404053,"z":-1.19209289550781E-07,"tension":0,"bias":0,"continuity":0,"index":3,"pointType":2,"word":"","text":{"x":-1.42866563796997,"y":-0.475179195404053,"z":-1.19209289550781E-07,"font":0,"fontSize":48}},"p4":{"x":-1.77610218524933,"y":-0.611289739608765,"z":-1.19209289550781E-07,"tension":0,"bias":0,"continuity":0,"index":4,"pointType":2,"word":"","text":{"x":-1.27610218524933,"y":-0.611289739608765,"z":-1.19209289550781E-07,"font":0,"fontSize":48}},"p5":{"x":-1.94511842727661,"y":-0.693554401397705,"z":-1.19209289550781E-07,"tension":0,"bias":0,"continuity":0,"index":5,"pointType":2,"word":"","text":{"x":-1.44511842727661,"y":-0.693554401397705,"z":-1.19209289550781E-07,"font":0,"fontSize":48}},"p6":{"x":-2.04383611679077,"y":-0.548469543457031,"z":-1.19209289550781E-07,"tension":0,"bias":0,"continuity":0,"index":6,"pointType":2,"word":"","text":{"x":-1.54383611679077,"y":-0.548469543457031,"z":-1.19209289550781E-07,"font":0,"fontSize":48}},"p7":{"x":-1.90323841571808,"y":-0.256804227828979,"z":-1.19209289550781E-07,"tension":0,"bias":0,"continuity":0,"index":7,"pointType":2,"word":"","text":{"x":-1.40323841571808,"y":-0.256804227828979,"z":-1.19209289550781E-07,"font":0,"fontSize":48}},"p8":{"x":-1.69982039928436,"y":-0.110223531723022,"z":-1.19209289550781E-07,"tension":0,"bias":0,"continuity":0,"index":8,"pointType":2,"word":"","text":{"x":-1.19982039928436,"y":-0.110223531723022,"z":-1.19209289550781E-07,"font":0,"fontSize":48}},"p9":{"x":-1.7805894613266,"y":0.0887070894241333,"z":-1.19209289550781E-07,"tension":0,"bias":0,"continuity":0,"index":9,"pointType":2,"word":"","text":{"x":-1.2805894613266,"y":0.0887070894241333,"z":-1.19209289550781E-07,"font":0,"fontSize":48}},"p10":{"x":-2.0872118473053,"y":0.157510161399841,"z":-1.19209289550781E-07,"tension":0,"bias":0,"continuity":0,"index":10,"pointType":2,"word":"","text":{"x":-1.5872118473053,"y":0.157510161399841,"z":-1.19209289550781E-07,"font":0,"fontSize":48}},"p11":{"x":-2.23379254341125,"y":0.0109297037124634,"z":-1.19209289550781E-07,"tension":0,"bias":0,"continuity":0,"index":11,"pointType":2,"word":"","text":{"x":-1.73379254341125,"y":0.0109297037124634,"z":-1.19209289550781E-07,"font":0,"fontSize":48}},"p12":{"x":-2.10815215110779,"y":-0.243342638015747,"z":-1.19209289550781E-07,"tension":0,"bias":0,"continuity":0,"index":12,"pointType":2,"word":"","text":{"x":-1.60815215110779,"y":-0.243342638015747,"z":-1.19209289550781E-07,"font":0,"fontSize":48}},"p13":{"x":-1.87631547451019,"y":-0.392914772033691,"z":-1.19209289550781E-07,"tension":0,"bias":0,"continuity":0,"index":13,"pointType":2,"word":"","text":{"x":-1.37631547451019,"y":-0.392914772033691,"z":-1.19209289550781E-07,"font":0,"fontSize":48}},"p14":{"x":-1.61905169487,"y":-0.0728309154510498,"z":-1.19209289550781E-07,"tension":0,"bias":0,"continuity":0,"index":14,"pointType":2,"word":"","text":{"x":-1.11905169487,"y":-0.0728309154510498,"z":-1.19209289550781E-07,"font":0,"fontSize":48}},"p15":{"x":-1.83144378662109,"y":0.00195538997650146,"z":-1.19209289550781E-07,"tension":0,"bias":0,"continuity":0,"index":15,"pointType":2,"word":"","text":{"x":-1.33144378662109,"y":0.00195538997650146,"z":-1.19209289550781E-07,"font":0,"fontSize":48}},"p16":{"x":-1.99298167228699,"y":-0.122189283370972,"z":-1.19209289550781E-07,"tension":0,"bias":0,"continuity":0,"index":16,"pointType":2,"word":"","text":{"x":-1.49298167228699,"y":-0.122189283370972,"z":-1.19209289550781E-07,"font":0,"fontSize":48}},"p17":{"x":-2.05281043052673,"y":-0.35103440284729,"z":-1.19209289550781E-07,"tension":0,"bias":0,"continuity":0,"index":17,"pointType":2,"word":"","text":{"x":-1.55281043052673,"y":-0.35103440284729,"z":-1.19209289550781E-07,"font":0,"fontSize":48}},"p18":{"x":-2.07823777198792,"y":-0.551459789276123,"z":-1.19209289550781E-07,"tension":0,"bias":0,"continuity":0,"index":18,"pointType":2,"word":"","text":{"x":-1.57823777198792,"y":-0.551459789276123,"z":-1.19209289550781E-07,"font":0,"fontSize":48}},"p19":{"x":-1.99597299098969,"y":-0.756374597549438,"z":-1.19209289550781E-07,"tension":0,"bias":0,"continuity":0,"index":19,"pointType":2,"word":"","text":{"x":-1.49597299098969,"y":-0.756374597549438,"z":-1.19209289550781E-07,"font":0,"fontSize":48}},"p20":{"x":-1.76114499568939,"y":-0.724964380264282,"z":-1.19209289550781E-07,"tension":0,"bias":0,"continuity":0,"index":20,"pointType":2,"word":"","text":{"x":-1.26114499568939,"y":-0.724964380264282,"z":-1.19209289550781E-07,"font":0,"fontSize":48}},"p21":{"x":-1.68486332893372,"y":-0.460222005844116,"z":-1.19209289550781E-07,"tension":0,"bias":0,"continuity":0,"index":21,"pointType":2,"word":"","text":{"x":-1.18486332893372,"y":-0.460222005844116,"z":-1.19209289550781E-07,"font":0,"fontSize":48}},"p22":{"x":-1.97054576873779,"y":-0.264282703399658,"z":-1.19209289550781E-07,"tension":0,"bias":0,"continuity":0,"index":22,"pointType":2,"word":"","text":{"x":-1.47054576873779,"y":-0.264282703399658,"z":-1.19209289550781E-07,"font":0,"fontSize":48}},"p23":{"x":-1.94661414623261,"y":0.00644254684448242,"z":-1.19209289550781E-07,"tension":0,"bias":0,"continuity":0,"index":23,"pointType":2,"word":"","text":{"x":-1.44661414623261,"y":0.00644254684448242,"z":-1.19209289550781E-07,"font":0,"fontSize":48}},"p24":{"x":-1.83593106269836,"y":0.167980313301086,"z":-1.19209289550781E-07,"tension":0,"bias":0,"continuity":0,"index":24,"pointType":2,"word":"","text":{"x":-1.33593106269836,"y":0.167980313301086,"z":-1.19209289550781E-07,"font":0,"fontSize":48}},"p25":{"x":-1.63400888442993,"y":0.0961856842041016,"z":-1.19209289550781E-07,"tension":0,"bias":0,"continuity":0,"index":25,"pointType":2,"word":"","text":{"x":-1.13400888442993,"y":0.0961856842041016,"z":-1.19209289550781E-07,"font":0,"fontSize":48}},"p26":{"x":-1.52930843830109,"y":-0.35103440284729,"z":-1.19209289550781E-07,"tension":0,"bias":0,"continuity":0,"index":26,"pointType":2,"word":"","text":{"x":-1.02930843830109,"y":-0.35103440284729,"z":-1.19209289550781E-07,"font":0,"fontSize":48}},"p27":{"x":-1.57717156410217,"y":-0.696545600891113,"z":-1.19209289550781E-07,"tension":0,"bias":0,"continuity":0,"index":27,"pointType":2,"word":"","text":{"x":-1.07717156410217,"y":-0.696545600891113,"z":-1.19209289550781E-07,"font":0,"fontSize":48}},"p28":{"x":-2.14853668212891,"y":-0.584365367889404,"z":-1.19209289550781E-07,"tension":0,"bias":0,"continuity":0,"index":28,"pointType":2,"word":"","text":{"x":-1.64853668212891,"y":-0.584365367889404,"z":-1.19209289550781E-07,"font":0,"fontSize":48}},"p29":{"x":-2.26370692253113,"y":-0.250821590423584,"z":-1.19209289550781E-07,"tension":0,"bias":0,"continuity":0,"index":29,"pointType":2,"word":"","text":{"x":-1.76370692253113,"y":-0.250821590423584,"z":-1.19209289550781E-07,"font":0,"fontSize":48}},"p30":{"x":-2.09169912338257,"y":0.0647755861282349,"z":-1.19209289550781E-07,"tension":0,"bias":0,"continuity":0,"index":30,"pointType":2,"word":"","text":{"x":-1.59169912338257,"y":0.0647755861282349,"z":-1.19209289550781E-07,"font":0,"fontSize":48}},"p31":{"x":-1.95708417892456,"y":0.115630030632019,"z":-1.19209289550781E-07,"tension":0,"bias":0,"continuity":0,"index":31,"pointType":2,"word":"",