{"name":"intro5","pointCount":16,"p0":{"x":0.442943602800369,"y":0.530261933803558,"z":-1.18865195020135E-07,"tension":0.280412405729294,"bias":-0.0742752328515053,"continuity":0,"index":0,"pointType":5,"word":"rule 5.","text":{"x":-0.529106855392456,"y":0.23916020989418,"z":-1.19209289550781E-07,"font":2,"fontSize":48}},"p1":{"x":0.443451941013336,"y":0.130637139081955,"z":-1.18865195020135E-07,"tension":-0.00324956746771932,"bias":-0.292648583650589,"continuity":0,"index":1,"pointType":2,"word":"finish ","text":{"x":-0.548477053642273,"y":0.0442564487457275,"z":-1.19209289550781E-07,"font":3,"fontSize":160}},"p2":{"x":0.437937289476395,"y":-0.0517838150262833,"z":-1.18865195020135E-07,"tension":1,"bias":-0.20752178132534,"continuity":0,"index":2,"pointType":2,"word":"fast","text":{"x":-0.423349350690842,"y":-0.107460632920265,"z":-1.19209289550781E-07,"font":3,"fontSize":162}},"p3":{"x":0.439240634441376,"y":0.396423012018204,"z":-1.18865195020135E-07,"tension":1,"bias":-0.100007139146328,"continuity":0,"index":3,"pointType":2,"word":"------","text":{"x":-0.532445669174194,"y":0.205770045518875,"z":-1.19209289550781E-07,"font":1,"fontSize":48}},"p4":{"x":0.448014914989471,"y":-0.174314960837364,"z":-1.19209289550781E-07,"tension":1,"bias":-0.104289330542088,"continuity":0,"index":4,"pointType":0,"word":"by","text":{"x":0.0118132829666138,"y":-0.0346384793519974,"z":-1.19209289550781E-07,"font":0,"fontSize":48}},"p5":{"x":0.580850958824158,"y":-0.311516672372818,"z":-1.19209289550781E-07,"tension":0,"bias":0,"continuity":0,"index":5,"pointType":2,"word":"pressing","text":{"x":0.0752545595169067,"y":-0.0329689979553223,"z":-1.19209289550781E-07,"font":0,"fontSize":48}},"p6":{"x":0.950515270233154,"y":-0.400840491056442,"z":-1.19209289550781E-07,"tension":-0.664614796638489,"bias":0.0176666900515556,"continuity":0,"index":6,"pointType":2,"word":"as","text":{"x":0.0118132829666138,"y":-0.0847236812114716,"z":-1.19209289550781E-07,"font":0,"fontSize":48}},"p7":{"x":1.20743894577026,"y":-0.16015599668026,"z":-1.19209289550781E-07,"tension":0,"bias":0,"continuity":0,"index":7,"pointType":2,"word":"you","text":{"x":0.0752545595169067,"y":-0.0847236961126328,"z":-1.19209289550781E-07,"font":0,"fontSize":48}},"p8":{"x":1.16177892684937,"y":0.123559296131134,"z":-1.19209289550781E-07,"tension":0,"bias":0,"continuity":0,"index":8,"pointType":0,"word":"hit","text":{"x":0.163738489151001,"y":-0.0847236961126328,"z":-1.19209289550781E-07,"font":0,"fontSize":48}},"p9":{"x":0.816849827766418,"y":0.40053990483284,"z":-1.19209289550781E-07,"tension":0,"bias":0,"continuity":0,"index":9,"pointType":2,"word":"each","text":{"x":0.00847423076629639,"y":-0.138147920370102,"z":-1.19209289550781E-07,"font":0,"fontSize":48}},"p10":{"x":0.298724859952927,"y":0.116426639258862,"z":-1.19209289550781E-07,"tension":-0.168552413582802,"bias":-0.304565817117691,"continuity":0,"index":10,"pointType":0,"word":"point","text":{"x":0.12200078368187,"y":-0.139817446470261,"z":-1.19209289550781E-07,"font":0,"fontSize":48}},"p11":{"x":-0.0674287676811218,"y":0.175160884857178,"z":-1.19209289550781E-07,"tension":-0.159252479672432,"bias":-0.0368973426520824,"continuity":0,"index":11,"pointType":2,"word":"","text":{"x":0.432571232318878,"y":0.175160884857178,"z":-1.19209289550781E-07,"font":0,"fontSize":48}},"p12":{"x":-0.138700067996979,"y":0.452144026756287,"z":-1.19209289550781E-07,"tension":0,"bias":0,"continuity":0,"index":12,"pointType":0,"word":"","text":{"x":0.361299932003021,"y":0.452144026756287,"z":-1.19209289550781E-07,"font":0,"fontSize":48}},"p13":{"x":0.0145521461963654,"y":0.707201480865479,"z":-1.19209289550781E-07,"tension":-0.995947301387787,"bias":-0.0475269928574562,"continuity":0,"index":13,"pointType":2,"word":"","text":{"x":0.514552116394043,"y":0.707201480865479,"z":-1.19209289550781E-07,"font":0,"fontSize":48}},"p14":{"x":0.318531841039658,"y":0.664806485176086,"z":-1.18979862406832E-07,"tension":0.126348480582237,"bias":-0.143262565135956,"continuity":0,"index":14,"pointType":0,"word":"","text":{"x":0.81853187084198,"y":0.664806485176086,"z":-1.18979862406832E-07,"font":0,"fontSize":48}},"p15":{"x":0.45089402794838,"y":-0.460363626480103,"z":-1.19209289550781E-07,"tension":0,"bias":0,"continuity":0,"index":15,"pointType":6,"word":"","text":{"x":0.950893998146057,"y":-0.460363626480103,"z":-1.19209289550781E-07,"font":0,"fontSize":48}},"fixedCamera":true,"fov":73,"splineCount":3,"spline0":{"closed":false,"numPoints":13,"lineTexture":0,"points":{"p0":0,"p1":3,"p2":1,"p3":2,"p4":4,"p5":5,"p6":6,"p7":7,"p8":8,"p9":9,"p10":10,"p11":11,"p12":12}},"spline1":{"closed":false,"numPoints":4,"lineTexture":0,"points":{"p0":12,"p1":13,"p2":14,"p3":1}},"spline2":{"closed":false,"numPoints":2,"lineTexture":0,"points":{"p0":4,"p1":15}}}