{"name":"intro3","pointCount":13,"p0":{"x":0.432066410779953,"y":0.807881474494934,"z":-1.18865060017015E-07,"tension":0.280412405729294,"bias":-0.0742752328515053,"continuity":0,"index":0,"pointType":5,"word":"rule 2.","text":{"x":0.052296906709671,"y":0.81873494386673,"z":-7.15255737304688E-07,"font":2,"fontSize":54}},"p1":{"x":0.429863393306732,"y":0.335728973150253,"z":-1.18865060017015E-07,"tension":1,"bias":-0.171384394168854,"continuity":0,"index":1,"pointType":0,"word":"","text":{"x":0.929863393306732,"y":0.335728973150253,"z":-1.18865060017015E-07,"font":0,"fontSize":48}},"p2":{"x":0.430700868368149,"y":0.662581622600555,"z":-1.18865060017015E-07,"tension":1,"bias":-0.100007139146328,"continuity":0,"index":2,"pointType":2,"word":"------","text":{"x":0.0563811957836151,"y":0.783932447433472,"z":-7.15255737304688E-07,"font":1,"fontSize":48}},"p3":{"x":0.731688678264618,"y":0.338985830545425,"z":-1.18865060017015E-07,"tension":1,"bias":-0.060491044074297,"continuity":0,"index":3,"pointType":0,"word":"","text":{"x":1.23168873786926,"y":0.338985830545425,"z":-1.18865060017015E-07,"font":0,"fontSize":48}},"p4":{"x":0.732281088829041,"y":0.0649939775466919,"z":-1.18865060017015E-07,"tension":1,"bias":-0.0458599738776684,"continuity":0,"index":4,"pointType":0,"word":"rule 3.","text":{"x":-0.263179540634155,"y":0.181209594011307,"z":-7.15255737304688E-07,"font":2,"fontSize":72}},"p5":{"x":0.428053706884384,"y":0.0598785057663918,"z":-1.18865060017015E-07,"tension":1,"bias":-0.162457540631294,"continuity":0,"index":5,"pointType":3,"word":"hit every point","text":{"x":-0.265370339155197,"y":0.0212805420160294,"z":-7.15255737304688E-07,"font":3,"fontSize":72}},"p6":{"x":0.430946052074432,"y":0.390936285257339,"z":-1.18865060017015E-07,"tension":0,"bias":0,"continuity":0,"index":6,"pointType":2,"word":"it's a one way street","text":{"x":0.0522968769073486,"y":0.643470287322998,"z":-7.15255737304688E-07,"font":2,"fontSize":108}},"p7":{"x":0.575196087360382,"y":0.0624362826347351,"z":-1.18865060017015E-07,"tension":0,"bias":0,"continuity":0,"index":7,"pointType":2,"word":"--------","text":{"x":-0.258797943592072,"y":0.137393400073051,"z":-7.15255737304688E-07,"font":2,"fontSize":48}},"p8":{"x":0.428789734840393,"y":-0.278303295373917,"z":-1.18865068543528E-06,"tension":1,"bias":0,"continuity":0,"index":8,"pointType":0,"word":"before","text":{"x":-0.267127156257629,"y":-0.0772990584373474,"z":-7.15255737304688E-07,"font":3,"fontSize":72}},"p9":{"x":0.73204380273819,"y":-0.276646137237549,"z":-1.18865068543528E-06,"tension":1,"bias":0,"continuity":0,"index":9,"pointType":0,"word":"the","text":{"x":-0.27149885892868,"y":-0.180034756660461,"z":-7.15255737304688E-07,"font":3,"fontSize":72}},"p10":{"x":-0.197646483778954,"y":0.659088492393494,"z":-7.13190388523799E-07,"tension":0,"bias":0,"continuity":0,"index":10,"pointType":6,"word":"","text":{"x":0.302353501319885,"y":0.659088492393494,"z":-7.13190388523799E-07,"font":0,"fontSize":48}},"p11":{"x":0.580416798591614,"y":-0.277474701404572,"z":-1.18865068543528E-06,"tension":0,"bias":0,"continuity":0,"index":11,"pointType":2,"word":"hitting","text":{"x":0.0170356035232544,"y":-0.0794849097728729,"z":-7.15255737304688E-07,"font":3,"fontSize":72}},"p12":{"x":0.732162475585938,"y":-0.105826079845428,"z":-6.53757865620719E-07,"tension":0,"bias":0,"continuity":0,"index":12,"pointType":2,"word":"end.","text":{"x":-0.103187143802643,"y":-0.177848935127258,"z":-7.15255737304688E-07,"font":3,"fontSize":72}},"fixedCamera":true,"fov":37,"splineCount":4,"spline0":{"closed":false,"numPoints":4,"lineTexture":0,"points":{"p0":0,"p1":2,"p2":6,"p3":1}},"spline1":{"closed":true,"numPoints":5,"lineTexture":0,"points":{"p0":1,"p1":3,"p2":4,"p3":7,"p4":5}},"spline2":{"closed":false,"numPoints":6,"lineTexture":3,"points":{"p0":5,"p1":8,"p2":11,"p3":9,"p4":12,"p5":4}},"spline3":{"closed":false,"numPoints":2,"lineTexture":1,"points":{"p0":5,"p1":10}}}