{"name":"intro03","pointCount":12,"p0":{"x":-0.0593428686261177,"y":0.312462687492371,"z":0.379047870635986,"tension":1,"bias":0,"continuity":0,"index":0,"pointType":0,"word":"","text":{"x":0.440657138824463,"y":0.312462687492371,"z":0.379047870635986,"font":0,"fontSize":48}},"p1":{"x":-0.129198834300041,"y":0.163873821496964,"z":-1.19209289550781E-07,"tension":0,"bias":0,"continuity":0,"index":1,"pointType":5,"word":"reach the end point","text":{"x":-0.0262735188007355,"y":0.147540047764778,"z":-1.19209289550781E-07,"font":0,"fontSize":48}},"p2":{"x":0.386961936950684,"y":0.307874202728271,"z":0.259973883628845,"tension":1,"bias":-0.0620579868555069,"continuity":0,"index":2,"pointType":0,"word":"","text":{"x":0.886961936950684,"y":0.307874202728271,"z":0.259973883628845,"font":0,"fontSize":48}},"p3":{"x":-0.116089634597301,"y":0.688927412033081,"z":-1.1901151708571E-07,"tension":1,"bias":-0.0917598381638527,"continuity":0,"index":3,"pointType":0,"word":"","text":{"x":0.383910357952118,"y":0.688927412033081,"z":-1.1901151708571E-07,"font":0,"fontSize":48}},"p4":{"x":0.381711184978485,"y":0.692512989044189,"z":0.137441873550415,"tension":1,"bias":-0.0232058335095644,"continuity":0,"index":4,"pointType":0,"word":"","text":{"x":0.881711184978485,"y":0.692512989044189,"z":0.137441873550415,"font":0,"fontSize":48}},"p5":{"x":-0.0473217964172363,"y":0.596102595329285,"z":0.495610862970352,"tension":1,"bias":0,"continuity":0,"index":5,"pointType":0,"word":"","text":{"x":0.452678203582764,"y":0.596102595329285,"z":0.495610862970352,"font":0,"fontSize":48}},"p6":{"x":0.309838593006134,"y":0.591051459312439,"z":0.492976844310761,"tension":1,"bias":0,"continuity":0,"index":6,"pointType":0,"word":"","text":{"x":0.809838593006134,"y":0.591051459312439,"z":0.492976844310761,"font":0,"fontSize":48}},"p7":{"x":0.311301350593567,"y":0.370268970727921,"z":0.744305849075317,"tension":1,"bias":0,"continuity":0,"index":7,"pointType":0,"word":"","text":{"x":0.811301350593567,"y":0.370268970727921,"z":0.744305849075317,"font":0,"fontSize":48}},"p8":{"x":0.0351783633232117,"y":0.373636215925217,"z":0.859525859355927,"tension":1,"bias":0,"continuity":0,"index":8,"pointType":0,"word":"","text":{"x":0.535178363323212,"y":0.373636215925217,"z":0.859525859355927,"font":0,"fontSize":48}},"p9":{"x":0.0385457277297974,"y":0.531901836395264,"z":0.975420832633972,"tension":1,"bias":0,"continuity":0,"index":9,"pointType":0,"word":"","text":{"x":0.538545727729797,"y":0.531901836395264,"z":0.975420832633972,"font":0,"fontSize":48}},"p10":{"x":0.203546047210693,"y":0.530439138412476,"z":1.08128881454468,"tension":1,"bias":0,"continuity":0,"index":10,"pointType":0,"word":"","text":{"x":0.703546047210693,"y":0.530439138412476,"z":1.08128881454468,"font":0,"fontSize":48}},"p11":{"x":0.207718089222908,"y":0.173005402088165,"z":1.20174586772919,"tension":1,"bias":0,"continuity":0,"index":11,"pointType":6,"word":"","text":{"x":0.707718074321747,"y":0.173005402088165,"z":1.20174586772919,"font":0,"fontSize":48}},"fixedCamera":false,"fov":40,"splineCount":1,"unlockType":0,"score":1,"spline0":{"closed":false,"numPoints":12,"lineTexture":0,"points":{"p0":1,"p1":3,"p2":4,"p3":2,"p4":0,"p5":5,"p6":6,"p7":7,"p8":8,"p9":9,"p10":10,"p11":11}}}