{"name":"Knot3","pointCount":36,"p0":{"x":0,"y":0,"z":0,"tension":-0.039999783039093,"bias":0,"continuity":0,"index":0,"pointType":0,"word":"","text":{"x":0.5,"y":0,"z":0,"font":0,"fontSize":48}},"p1":{"x":0.364074468612671,"y":0.256031274795532,"z":0,"tension":-0.039999783039093,"bias":0,"continuity":0,"index":1,"pointType":2,"word":"","text":{"x":0.864074468612671,"y":0.256031274795532,"z":0,"font":0,"fontSize":48}},"p2":{"x":0.767076969146729,"y":-0.0550482273101807,"z":0,"tension":-0.039999783039093,"bias":0,"continuity":0,"index":2,"pointType":2,"word":"","text":{"x":1.26707696914673,"y":-0.0550482273101807,"z":0,"font":0,"fontSize":48}},"p3":{"x":0.676926136016846,"y":-0.681382179260254,"z":0,"tension":-0.039999783039093,"bias":0,"continuity":0,"index":3,"pointType":2,"word":"","text":{"x":1.17692613601685,"y":-0.681382179260254,"z":0,"font":0,"fontSize":48}},"p4":{"x":0.0463700294494629,"y":-1.03254556655884,"z":0,"tension":-0.039999783039093,"bias":0,"continuity":0,"index":4,"pointType":2,"word":"","text":{"x":0.546370029449463,"y":-1.03254556655884,"z":0,"font":0,"fontSize":48}},"p5":{"x":-0.635585069656372,"y":-0.768879413604736,"z":0,"tension":-0.039999783039093,"bias":0,"continuity":0,"index":5,"pointType":2,"word":"","text":{"x":-0.135585069656372,"y":-0.768879413604736,"z":0,"font":0,"fontSize":48}},"p6":{"x":-0.828381538391113,"y":-0.140799045562744,"z":0,"tension":-0.039999783039093,"bias":0,"continuity":0,"index":6,"pointType":2,"word":"","text":{"x":-0.328381538391113,"y":-0.140799045562744,"z":0,"font":0,"fontSize":48}},"p7":{"x":-0.476171493530273,"y":0.261217832565308,"z":0,"tension":-0.039999783039093,"bias":0,"continuity":0,"index":7,"pointType":2,"word":"","text":{"x":0.0238285064697266,"y":0.261217832565308,"z":0,"font":0,"fontSize":48}},"p8":{"x":-0.0595030784606934,"y":0.0959665775299072,"z":0,"tension":-0.039999783039093,"bias":0,"continuity":0,"index":8,"pointType":2,"word":"","text":{"x":0.440496921539307,"y":0.0959665775299072,"z":0,"font":0,"fontSize":48}},"p9":{"x":-0.110873699188232,"y":-0.389127492904663,"z":0,"tension":-0.039999783039093,"bias":0,"continuity":0,"index":9,"pointType":2,"word":"","text":{"x":0.389126300811768,"y":-0.389127492904663,"z":0,"font":0,"fontSize":48}},"p10":{"x":-0.678711891174316,"y":-0.607930898666382,"z":0,"tension":-0.039999783039093,"bias":0,"continuity":0,"index":10,"pointType":2,"word":"","text":{"x":-0.178711891174316,"y":-0.607930898666382,"z":0,"font":0,"fontSize":48}},"p11":{"x":-1.27591753005981,"y":-0.224806070327759,"z":0,"tension":-0.039999783039093,"bias":0,"continuity":0,"index":11,"pointType":2,"word":"","text":{"x":-0.775917530059814,"y":-0.224806070327759,"z":0,"font":0,"fontSize":48}},"p12":{"x":-1.36450815200806,"y":0.506201386451721,"z":0,"tension":-0.039999783039093,"bias":0,"continuity":0,"index":12,"pointType":2,"word":"","text":{"x":-0.864508152008057,"y":0.506201386451721,"z":0,"font":0,"fontSize":48}},"p13":{"x":-0.891802310943604,"y":0.991485953330994,"z":0,"tension":-0.039999783039093,"bias":0,"continuity":0,"index":13,"pointType":2,"word":"","text":{"x":-0.391802310943604,"y":0.991485953330994,"z":0,"font":0,"fontSize":48}},"p14":{"x":-0.342010259628296,"y":0.887313604354858,"z":0,"tension":-0.039999783039093,"bias":0,"continuity":0,"index":14,"pointType":2,"word":"","text":{"x":0.157989740371704,"y":0.887313604354858,"z":0,"font":0,"fontSize":48}},"p15":{"x":-0.251673221588135,"y":0.43925404548645,"z":0,"tension":-0.039999783039093,"bias":0,"continuity":0,"index":15,"pointType":2,"word":"","text":{"x":0.248326778411865,"y":0.43925404548645,"z":0,"font":0,"fontSize":48}},"p16":{"x":-0.673525810241699,"y":0.232315540313721,"z":0,"tension":-0.039999783039093,"bias":0,"continuity":0,"index":16,"pointType":2,"word":"","text":{"x":-0.173525810241699,"y":0.232315540313721,"z":0,"font":0,"fontSize":48}},"p17":{"x":-1.12490272521973,"y":0.601774930953979,"z":0,"tension":-0.039999783039093,"bias":0,"continuity":0,"index":17,"pointType":2,"word":"","text":{"x":-0.624902725219727,"y":0.601774930953979,"z":0,"font":0,"fontSize":48}},"p18":{"x":-1.07225298881531,"y":1.2940012216568,"z":0,"tension":-0.039999783039093,"bias":0,"continuity":0,"index":18,"pointType":2,"word":"","text":{"x":-0.572252988815308,"y":1.2940012216568,"z":0,"font":0,"fontSize":48}},"p19":{"x":-0.467187166213989,"y":1.7165675163269,"z":0,"tension":-0.039999783039093,"bias":0,"continuity":0,"index":19,"pointType":2,"word":"","text":{"x":0.0328128337860107,"y":1.7165675163269,"z":0,"font":0,"fontSize":48}},"p20":{"x":0.202063083648682,"y":1.52764534950256,"z":0,"tension":-0.039999783039093,"bias":0,"continuity":0,"index":20,"pointType":2,"word":"","text":{"x":0.702063083648682,"y":1.52764534950256,"z":0,"font":0,"fontSize":48}},"p21":{"x":0.395326614379883,"y":0.975380420684814,"z":0,"tension":-0.039999783039093,"bias":0,"continuity":0,"index":21,"pointType":2,"word":"","text":{"x":0.895326614379883,"y":0.975380420684814,"z":0,"font":0,"fontSize":48}},"p22":{"x":0.0567419528961182,"y":0.647947072982788,"z":0,"tension":-0.039999783039093,"bias":0,"continuity":0,"index":22,"pointType":2,"word":"","text":{"x":0.556741952896118,"y":0.647947072982788,"z":0,"font":0,"fontSize":48}},"p23":{"x":-0.333555698394775,"y":0.884282827377319,"z":0,"tension":-0.039999783039093,"bias":0,"continuity":0,"index":23,"pointType":2,"word":"","text":{"x":0.166444301605225,"y":0.884282827377319,"z":0,"font":0,"fontSize":48}},"p24":{"x":-0.243870735168457,"y":1.43480122089386,"z":0,"tension":-0.039999783039093,"bias":0,"continuity":0,"index":24,"pointType":2,"word":"","text":{"x":0.256129264831543,"y":1.43480122089386,"z":0,"font":0,"fontSize":48}},"p25":{"x":0.373059988021851,"y":1.71138095855713,"z":0,"tension":-0.039999783039093,"bias":0,"continuity":0,"index":25,"pointType":2,"word":"","text":{"x":0.873059988021851,"y":1.71138095855713,"z":0,"font":0,"fontSize":48}},"p26":{"x":1.02864408493042,"y":1.37662982940674,"z":0,"tension":-0.039999783039093,"bias":0,"continuity":0,"index":26,"pointType":2,"word":"","text":{"x":1.52864408493042,"y":1.37662982940674,"z":0,"font":0,"fontSize":48}},"p27":{"x":1.1831259727478,"y":0.683124899864197,"z":0,"tension":-0.039999783039093,"bias":0,"continuity":0,"index":27,"pointType":2,"word":"","text":{"x":1.6831259727478,"y":0.683124899864197,"z":0,"font":0,"fontSize":48}},"p28":{"x":0.781822681427002,"y":0.223331928253174,"z":0,"tension":-0.039999783039093,"bias":0,"continuity":0,"index":28,"pointType":2,"word":"","text":{"x":1.281822681427,"y":0.223331928253174,"z":0,"font":0,"fontSize":48}},"p29":{"x":0.306776285171509,"y":0.34020984172821,"z":0,"tension":-0.039999783039093,"bias":0,"continuity":0,"index":29,"pointType":2,"word":"","text":{"x":0.806776285171509,"y":0.34020984172821,"z":0,"font":0,"fontSize":48}},"p30":{"x":0.292256116867065,"y":0.787801504135132,"z":0,"tension":-0.039999783039093,"bias":0,"continuity":0,"index":30,"pointType":2,"word":"","text":{"x":0.792256116867065,"y":0.787801504135132,"z":0,"font":0,"fontSize":48}},"p31":{"x":0.788691997528076,"y":0.981112718582153,"z":0,"tension":-0.039999783039093,"bias":0,"continuity":0,"index":31,"pointType":2,"word":"","text":{"x":1.28869199752808,"y":0.981112718582153,"z":0,"font":0,"fontSize":48}},"p32":{"x":1.3111515045166,"y":0.58528208732605,"z":0,"tension":-0.039999783039093,"bias":0,"continuity":0,"index":32,"pointType":2,"word":"","text":{"x":1.8111515045166,"y":0.58528208732605,"z":0,"font":0,"fontSize":48}},"p33":{"x":1.32392501831055,"y":-0.145257472991943,"z":0,"tension":-0.039999783039093,"bias":0,"continuity":0,"index":33,"pointType":2,"word":"","text":{"x":1.82392501831055,"y":-0.145257472991943,"z":0,"font":0,"fontSize":48}},"p34":{"x":0.776635646820068,"y":-0.616914749145508,"z":0,"tension":-0.039999783039093,"bias":0,"continuity":0,"index":34,"pointType":2,"word":"","text":{"x":1.27663564682007,"y":-0.616914749145508,"z":0,"font":0,"fontSize":48}},"p35":{"x":0.155760765075684,"y":-0.48637056350708,"z":0,