{"name":"Knot3","pointCount":36,"p0":{"x":-0.0302343368530273,"y":0.509594559669495,"z":0,"tension":-0.039999783039093,"bias":0,"continuity":0,"index":0,"pointType":2,"word":"","text":{"x":0.469765663146973,"y":0.509594559669495,"z":0,"font":0,"fontSize":48}},"p1":{"x":-0.20862865447998,"y":0.384140491485596,"z":0,"tension":-0.039999783039093,"bias":0,"continuity":0,"index":1,"pointType":2,"word":"","text":{"x":0.29137134552002,"y":0.384140491485596,"z":0,"font":0,"fontSize":48}},"p2":{"x":-0.406097888946533,"y":0.536567807197571,"z":0,"tension":-0.039999783039093,"bias":0,"continuity":0,"index":2,"pointType":2,"word":"","text":{"x":0.0939021110534668,"y":0.536567807197571,"z":0,"font":0,"fontSize":48}},"p3":{"x":-0.361924409866333,"y":0.843468308448792,"z":0,"tension":-0.039999783039093,"bias":0,"continuity":0,"index":3,"pointType":2,"word":"","text":{"x":0.138075590133667,"y":0.843468308448792,"z":0,"font":0,"fontSize":48}},"p4":{"x":-0.0529553890228271,"y":1.01553630828857,"z":0,"tension":-0.039999783039093,"bias":0,"continuity":0,"index":4,"pointType":2,"word":"","text":{"x":0.447044610977173,"y":1.01553630828857,"z":0,"font":0,"fontSize":48}},"p5":{"x":0.281198740005493,"y":0.886341094970703,"z":0,"tension":-0.039999783039093,"bias":0,"continuity":0,"index":5,"pointType":2,"word":"","text":{"x":0.781198740005493,"y":0.886341094970703,"z":0,"font":0,"fontSize":48}},"p6":{"x":0.375668287277222,"y":0.578585386276245,"z":0,"tension":-0.039999783039093,"bias":0,"continuity":0,"index":6,"pointType":2,"word":"","text":{"x":0.875668287277222,"y":0.578585386276245,"z":0,"font":0,"fontSize":48}},"p7":{"x":0.203087091445923,"y":0.381599187850952,"z":0,"tension":-0.039999783039093,"bias":0,"continuity":0,"index":7,"pointType":2,"word":"","text":{"x":0.703087091445923,"y":0.381599187850952,"z":0,"font":0,"fontSize":48}},"p8":{"x":-0.00107789039611816,"y":0.462571501731873,"z":0,"tension":-0.039999783039093,"bias":0,"continuity":0,"index":8,"pointType":2,"word":"","text":{"x":0.498922109603882,"y":0.462571501731873,"z":0,"font":0,"fontSize":48}},"p9":{"x":0.0240933895111084,"y":0.700264930725098,"z":0,"tension":-0.039999783039093,"bias":0,"continuity":0,"index":9,"pointType":2,"word":"","text":{"x":0.524093389511108,"y":0.700264930725098,"z":0,"font":0,"fontSize":48}},"p10":{"x":0.30233097076416,"y":0.807477474212646,"z":0,"tension":-0.039999783039093,"bias":0,"continuity":0,"index":10,"pointType":2,"word":"","text":{"x":0.80233097076416,"y":0.807477474212646,"z":0,"font":0,"fontSize":48}},"p11":{"x":0.594958305358887,"y":0.61974835395813,"z":0,"tension":-0.039999783039093,"bias":0,"continuity":0,"index":11,"pointType":6,"word":"","text":{"x":1.09495830535889,"y":0.61974835395813,"z":0,"font":0,"fontSize":48}},"p12":{"x":0.638367652893066,"y":0.261558532714844,"z":0,"tension":-0.039999783039093,"bias":0,"continuity":0,"index":12,"pointType":2,"word":"","text":{"x":1.13836765289307,"y":0.261558532714844,"z":0,"font":0,"fontSize":48}},"p13":{"x":0.406744241714478,"y":0.0237716436386108,"z":0,"tension":-0.039999783039093,"bias":0,"continuity":0,"index":13,"pointType":2,"word":"","text":{"x":0.906744241714478,"y":0.0237716436386108,"z":0,"font":0,"fontSize":48}},"p14":{"x":0.137348890304565,"y":0.0748156309127808,"z":0,"tension":-0.039999783039093,"bias":0,"continuity":0,"index":14,"pointType":2,"word":"","text":{"x":0.637348890304565,"y":0.0748156309127808,"z":0,"font":0,"fontSize":48}},"p15":{"x":0.0930840969085693,"y":0.294362306594849,"z":0,"tension":-0.039999783039093,"bias":0,"continuity":0,"index":15,"pointType":2,"word":"","text":{"x":0.593084096908569,"y":0.294362306594849,"z":0,"font":0,"fontSize":48}},"p16":{"x":0.299789905548096,"y":0.395761132240295,"z":0,"tension":-0.039999783039093,"bias":0,"continuity":0,"index":16,"pointType":2,"word":"","text":{"x":0.799789905548096,"y":0.395761132240295,"z":0,"font":0,"fontSize":48}},"p17":{"x":0.520961999893188,"y":0.214727997779846,"z":0,"tension":-0.039999783039093,"bias":0,"continuity":0,"index":17,"pointType":2,"word":"","text":{"x":1.02096199989319,"y":0.214727997779846,"z":0,"font":0,"fontSize":48}},"p18":{"x":0.495164155960083,"y":-0.124459266662598,"z":0,"tension":-0.039999783039093,"bias":0,"continuity":0,"index":18,"pointType":2,"word":"","text":{"x":0.995164155960083,"y":-0.124459266662598,"z":0,"font":0,"fontSize":48}},"p19":{"x":0.198685169219971,"y":-0.331514358520508,"z":0,"tension":-0.039999783039093,"bias":0,"continuity":0,"index":19,"pointType":2,"word":"","text":{"x":0.698685169219971,"y":-0.331514358520508,"z":0,"font":0,"fontSize":48}},"p20":{"x":-0.129244089126587,"y":-0.238943576812744,"z":0,"tension":-0.039999783039093,"bias":0,"continuity":0,"index":20,"pointType":2,"word":"","text":{"x":0.370755910873413,"y":-0.238943576812744,"z":0,"font":0,"fontSize":48}},"p21":{"x":-0.223942518234253,"y":0.031663179397583,"z":0,"tension":-0.039999783039093,"bias":0,"continuity":0,"index":21,"pointType":2,"word":"","text":{"x":0.276057481765747,"y":0.031663179397583,"z":0,"font":0,"fontSize":48}},"p22":{"x":-0.0580377578735352,"y":0.192103862762451,"z":0,"tension":-0.039999783039093,"bias":0,"continuity":0,"index":22,"pointType":2,"word":"","text":{"x":0.441962242126465,"y":0.192103862762451,"z":0,"font":0,"fontSize":48}},"p23":{"x":0.133206129074097,"y":0.0763006210327148,"z":0,"tension":-0.039999783039093,"bias":0,"continuity":0,"index":23,"pointType":2,"word":"","text":{"x":0.633206129074097,"y":0.0763006210327148,"z":0,"font":0,"fontSize":48}},"p24":{"x":0.0892610549926758,"y":-0.193450450897217,"z":0,"tension":-0.039999783039093,"bias":0,"continuity":0,"index":24,"pointType":2,"word":"","text":{"x":0.589261054992676,"y":-0.193450450897217,"z":0,"font":0,"fontSize":48}},"p25":{"x":-0.213031768798828,"y":-0.328973054885864,"z":0,"tension":-0.039999783039093,"bias":0,"continuity":0,"index":25,"pointType":2,"word":"","text":{"x":0.286968231201172,"y":-0.328973054885864,"z":0,"font":0,"fontSize":48}},"p26":{"x":-0.53426456451416,"y":-0.164946794509888,"z":0,"tension":-0.039999783039093,"bias":0,"continuity":0,"index":26,"pointType":2,"word":"","text":{"x":-0.0342645645141602,"y":-0.164946794509888,"z":0,"font":0,"fontSize":48}},"p27":{"x":-0.609959840774536,"y":0.174867033958435,"z":0,"tension":-0.039999783039093,"bias":0,"continuity":0,"index":27,"pointType":2,"word":"","text":{"x":-0.109959840774536,"y":0.174867033958435,"z":0,"font":0,"fontSize":48}},"p28":{"x":-0.413323163986206,"y":0.400163173675537,"z":0,"tension":-0.039999783039093,"bias":0,"continuity":0,"index":28,"pointType":2,"word":"","text":{"x":0.0866768360137939,"y":0.400163173675537,"z":0,"font":0,"fontSize":48}},"p29":{"x":-0.180552959442139,"y":0.342893481254578,"z":0,"tension":-0.039999783039093,"bias":0,"continuity":0,"index":29,"pointType":2,"word":"","text":{"x":0.319447040557861,"y":0.342893481254578,"z":0,"font":0,"fontSize":48}},"p30":{"x":-0.17343807220459,"y":0.123575925827026,"z":0,"tension":-0.039999783039093,"bias":0,"continuity":0,"index":30,"pointType":2,"word":"","text":{"x":0.32656192779541,"y":0.123575925827026,"z":0,"font":0,"fontSize":48}},"p31":{"x":-0.416688919067383,"y":0.0288543701171875,"z":0,"tension":-0.039999783039093,"bias":0,"continuity":0,"index":31,"pointType":2,"word":"","text":{"x":0.0833110809326172,"y":0.0288543701171875,"z":0,"font":0,"fontSize":48}},"p32":{"x":-0.672691583633423,"y":0.222809433937073,"z":0,"tension":-0.039999783039093,"bias":0,"continuity":0,"index":32,"pointType":2,"word":"","text":{"x":-0.172691583633423,"y":0.222809433937073,"z":0,"font":0,"fontSize":48}},"p33":{"x":-0.678950548171997,"y":0.580769896507263,"z":0,"tension":-0.039999783039093,"bias":0,"continuity":0,"index":33,"pointType":2,"word":"","text":{"x":-0.178950548171997,"y":0.580769896507263,"z":0,"font":0,"fontSize":48}},"p34":{"x":-0.410781621932983,"y":0.811879634857178,"z":0,"tension":-0.039999783039093,"bias":0,"continuity":0,"index":34,"pointType":2,"word":"","text":{"x":0.0892183780670166,