{"name":"Knot2","pointCount":41,"p0":{"x":0,"y":0,"z":0,"tension":-0.039999783039093,"bias":0,"continuity":0,"index":0,"pointType":0,"word":"","text":{"x":0.5,"y":0,"z":0,"font":0,"fontSize":48}},"p1":{"x":-0.425261974334717,"y":0.582180857658386,"z":0,"tension":-0.039999783039093,"bias":0,"continuity":0,"index":1,"pointType":2,"word":"","text":{"x":0.0747380256652832,"y":0.582180857658386,"z":0,"font":0,"fontSize":48}},"p2":{"x":-0.478616714477539,"y":1.22696900367737,"z":0,"tension":-0.039999783039093,"bias":0,"continuity":0,"index":2,"pointType":2,"word":"","text":{"x":0.0213832855224609,"y":1.22696900367737,"z":0,"font":0,"fontSize":48}},"p3":{"x":-0.188509225845337,"y":1.62430906295776,"z":0,"tension":-0.039999783039093,"bias":0,"continuity":0,"index":3,"pointType":2,"word":"","text":{"x":0.311490774154663,"y":1.62430906295776,"z":0,"font":0,"fontSize":48}},"p4":{"x":0.22362756729126,"y":1.57766807079315,"z":0,"tension":-0.039999783039093,"bias":0,"continuity":0,"index":4,"pointType":2,"word":"","text":{"x":0.72362756729126,"y":1.57766807079315,"z":0,"font":0,"fontSize":48}},"p5":{"x":0.468764543533325,"y":1.1079717874527,"z":0,"tension":-0.039999783039093,"bias":0,"continuity":0,"index":5,"pointType":2,"word":"","text":{"x":0.968764543533325,"y":1.1079717874527,"z":0,"font":0,"fontSize":48}},"p6":{"x":0.35218620300293,"y":0.442766189575195,"z":0,"tension":-0.039999783039093,"bias":0,"continuity":0,"index":6,"pointType":2,"word":"","text":{"x":0.85218620300293,"y":0.442766189575195,"z":0,"font":0,"fontSize":48}},"p7":{"x":-0.115723133087158,"y":-0.103612422943115,"z":0,"tension":-0.039999783039093,"bias":0,"continuity":0,"index":7,"pointType":2,"word":"","text":{"x":0.384276866912842,"y":-0.103612422943115,"z":0,"font":0,"fontSize":48}},"p8":{"x":-0.719943523406982,"y":-0.294710636138916,"z":0,"tension":-0.039999783039093,"bias":0,"continuity":0,"index":8,"pointType":2,"word":"","text":{"x":-0.219943523406982,"y":-0.294710636138916,"z":0,"font":0,"fontSize":48}},"p9":{"x":-1.15278673171997,"y":-0.0934133529663086,"z":0,"tension":-0.039999783039093,"bias":0,"continuity":0,"index":9,"pointType":2,"word":"","text":{"x":-0.652786731719971,"y":-0.0934133529663086,"z":0,"font":0,"fontSize":48}},"p10":{"x":-1.17755508422852,"y":0.324532985687256,"z":0,"tension":-0.039999783039093,"bias":0,"continuity":0,"index":10,"pointType":2,"word":"","text":{"x":-0.677555084228516,"y":0.324532985687256,"z":0,"font":0,"fontSize":48}},"p11":{"x":-0.756122350692749,"y":0.671563625335693,"z":0,"tension":-0.039999783039093,"bias":0,"continuity":0,"index":11,"pointType":2,"word":"","text":{"x":-0.256122350692749,"y":0.671563625335693,"z":0,"font":0,"fontSize":48}},"p12":{"x":-0.0718474388122559,"y":0.708969235420227,"z":0,"tension":-0.039999783039093,"bias":0,"continuity":0,"index":12,"pointType":2,"word":"","text":{"x":0.428152561187744,"y":0.708969235420227,"z":0,"font":0,"fontSize":48}},"p13":{"x":0.564725875854492,"y":0.380267858505249,"z":0,"tension":-0.039999783039093,"bias":0,"continuity":0,"index":13,"pointType":2,"word":"","text":{"x":1.06472587585449,"y":0.380267858505249,"z":0,"font":0,"fontSize":48}},"p14":{"x":0.877131462097168,"y":-0.154886484146118,"z":0,"tension":-0.039999783039093,"bias":0,"continuity":0,"index":14,"pointType":2,"word":"","text":{"x":1.37713146209717,"y":-0.154886484146118,"z":0,"font":0,"fontSize":48}},"p15":{"x":0.76510763168335,"y":-0.604825496673584,"z":0,"tension":-0.039999783039093,"bias":0,"continuity":0,"index":15,"pointType":2,"word":"","text":{"x":1.26510763168335,"y":-0.604825496673584,"z":0,"font":0,"fontSize":48}},"p16":{"x":0.351848840713501,"y":-0.702981472015381,"z":0,"tension":-0.039999783039093,"bias":0,"continuity":0,"index":16,"pointType":2,"word":"","text":{"x":0.851848840713501,"y":-0.702981472015381,"z":0,"font":0,"fontSize":48}},"p17":{"x":-0.0883517265319824,"y":-0.35354208946228,"z":0,"tension":-0.039999783039093,"bias":0,"continuity":0,"index":17,"pointType":2,"word":"","text":{"x":0.411648273468018,"y":-0.35354208946228,"z":0,"font":0,"fontSize":48}},"p18":{"x":-0.282593488693237,"y":0.312853455543518,"z":0,"tension":-0.039999783039093,"bias":0,"continuity":0,"index":18,"pointType":2,"word":"","text":{"x":0.217406511306763,"y":0.312853455543518,"z":0,"font":0,"fontSize":48}},"p19":{"x":-0.109556436538696,"y":1.00371611118317,"z":0,"tension":-0.039999783039093,"bias":0,"continuity":0,"index":19,"pointType":2,"word":"","text":{"x":0.390443563461304,"y":1.00371611118317,"z":0,"font":0,"fontSize":48}},"p20":{"x":0.333653211593628,"y":1.41544139385223,"z":0,"tension":-0.039999783039093,"bias":0,"continuity":0,"index":20,"pointType":2,"word":"","text":{"x":0.833653211593628,"y":1.41544139385223,"z":0,"font":0,"fontSize":48}},"p21":{"x":0.784083843231201,"y":1.38981771469116,"z":0,"tension":-0.039999783039093,"bias":0,"continuity":0,"index":21,"pointType":2,"word":"","text":{"x":1.2840838432312,"y":1.38981771469116,"z":0,"font":0,"fontSize":48}},"p22":{"x":0.956648349761963,"y":0.992864489555359,"z":0,"tension":-0.039999783039093,"bias":0,"continuity":0,"index":22,"pointType":2,"word":"","text":{"x":1.45664834976196,"y":0.992864489555359,"z":0,"font":0,"fontSize":48}},"p23":{"x":0.701517581939697,"y":0.474246025085449,"z":0,"tension":-0.039999783039093,"bias":0,"continuity":0,"index":23,"pointType":2,"word":"","text":{"x":1.2015175819397,"y":0.474246025085449,"z":0,"font":0,"fontSize":48}},"p24":{"x":0.0902101993560791,"y":0.12956714630127,"z":0,"tension":-0.039999783039093,"bias":0,"continuity":0,"index":24,"pointType":2,"word":"","text":{"x":0.590210199356079,"y":0.12956714630127,"z":0,"font":0,"fontSize":48}},"p25":{"x":-0.616413116455078,"y":0.139886856079102,"z":0,"tension":-0.039999783039093,"bias":0,"continuity":0,"index":25,"pointType":2,"word":"","text":{"x":-0.116413116455078,"y":0.139886856079102,"z":0,"font":0,"fontSize":48}},"p26":{"x":-1.10169458389282,"y":0.474841594696045,"z":0,"tension":-0.039999783039093,"bias":0,"continuity":0,"index":26,"pointType":2,"word":"","text":{"x":-0.601694583892822,"y":0.474841594696045,"z":0,"font":0,"fontSize":48}},"p27":{"x":-1.1571478843689,"y":0.911389112472534,"z":0,"tension":-0.039999783039093,"bias":0,"continuity":0,"index":27,"pointType":2,"word":"","text":{"x":-0.657147884368896,"y":0.911389112472534,"z":0,"font":0,"fontSize":48}},"p28":{"x":-0.789362668991089,"y":1.15786349773407,"z":0,"tension":-0.039999783039093,"bias":0,"continuity":0,"index":28,"pointType":2,"word":"","text":{"x":-0.289362668991089,"y":1.15786349773407,"z":0,"font":0,"fontSize":48}},"p29":{"x":-0.212901830673218,"y":1.01627516746521,"z":0,"tension":-0.039999783039093,"bias":0,"continuity":0,"index":29,"pointType":2,"word":"","text":{"x":0.287098169326782,"y":1.01627516746521,"z":0,"font":0,"fontSize":48}},"p30":{"x":0.266640424728394,"y":0.495107889175415,"z":0,"tension":-0.039999783039093,"bias":0,"continuity":0,"index":30,"pointType":2,"word":"","text":{"x":0.766640424728394,"y":0.495107889175415,"z":0,"font":0,"fontSize":48}},"p31":{"x":0.416428804397583,"y":-0.188624382019043,"z":0,"tension":-0.039999783039093,"bias":0,"continuity":0,"index":31,"pointType":2,"word":"","text":{"x":0.916428804397583,"y":-0.188624382019043,"z":0,"font":0,"fontSize":48}},"p32":{"x":0.199056625366211,"y":-0.719809293746948,"z":0,"tension":-0.039999783039093,"bias":0,"continuity":0,"index":32,"pointType":2,"word":"","text":{"x":0.699056625366211,"y":-0.719809293746948,"z":0,"font":0,"fontSize":48}},"p33":{"x":-0.211571216583252,"y":-0.849429368972778,"z":0,"tension":-0.039999783039093,"bias":0,"continuity":0,"index":33,"pointType":2,"word":"","text":{"x":0.288428783416748,"y":-0.849429368972778,"z":0,"font":0,"fontSize":48}},"p34":{"x":-0.529267072677612,"y":-0.524795532226563,"z":0,"tension":-0.039999783039093,"bias":0,"continuity":0,"index":34,"pointType":2,"word":"","text":{"x":-0.0292670726776123,"y":-0.524795532226563,"z":0,"font":0,"fontSize":48}},"p35":{"x":-0.515744209289551,"y":0.083803653717041,