{"name":"Knot2","pointCount":41,"p0":{"x":0.0166330337524414,"y":0.167135238647461,"z":0,"tension":-0.039999783039093,"bias":0,"continuity":0,"index":0,"pointType":6,"word":"","text":{"x":0.516633033752441,"y":0.167135238647461,"z":0,"font":0,"fontSize":48}},"p1":{"x":-0.225177764892578,"y":0.498172760009766,"z":0,"tension":-0.039999783039093,"bias":0,"continuity":0,"index":1,"pointType":2,"word":"","text":{"x":0.274822235107422,"y":0.498172760009766,"z":0,"font":0,"fontSize":48}},"p2":{"x":-0.255516290664673,"y":0.86480975151062,"z":0,"tension":-0.039999783039093,"bias":0,"continuity":0,"index":2,"pointType":2,"word":"","text":{"x":0.244483709335327,"y":0.86480975151062,"z":0,"font":0,"fontSize":48}},"p3":{"x":-0.0905563831329346,"y":1.09074378013611,"z":0,"tension":-0.039999783039093,"bias":0,"continuity":0,"index":3,"pointType":2,"word":"","text":{"x":0.409443616867065,"y":1.09074378013611,"z":0,"font":0,"fontSize":48}},"p4":{"x":0.143791198730469,"y":1.06422305107117,"z":0,"tension":-0.039999783039093,"bias":0,"continuity":0,"index":4,"pointType":2,"word":"","text":{"x":0.643791198730469,"y":1.06422305107117,"z":0,"font":0,"fontSize":48}},"p5":{"x":0.283180236816406,"y":0.797146081924438,"z":0,"tension":-0.039999783039093,"bias":0,"continuity":0,"index":5,"pointType":2,"word":"","text":{"x":0.783180236816406,"y":0.797146081924438,"z":0,"font":0,"fontSize":48}},"p6":{"x":0.216891765594482,"y":0.418899297714233,"z":0,"tension":-0.039999783039093,"bias":0,"continuity":0,"index":6,"pointType":2,"word":"","text":{"x":0.716891765594482,"y":0.418899297714233,"z":0,"font":0,"fontSize":48}},"p7":{"x":-0.0491690635681152,"y":0.108219504356384,"z":0,"tension":-0.039999783039093,"bias":0,"continuity":0,"index":7,"pointType":2,"word":"","text":{"x":0.450830936431885,"y":0.108219504356384,"z":0,"font":0,"fontSize":48}},"p8":{"x":-0.392738580703735,"y":-0.000442028045654297,"z":0,"tension":-0.039999783039093,"bias":0,"continuity":0,"index":8,"pointType":2,"word":"","text":{"x":0.107261419296265,"y":-0.000442028045654297,"z":0,"font":0,"fontSize":48}},"p9":{"x":-0.63886022567749,"y":0.11401891708374,"z":0,"tension":-0.039999783039093,"bias":0,"continuity":0,"index":9,"pointType":2,"word":"","text":{"x":-0.13886022567749,"y":0.11401891708374,"z":0,"font":0,"fontSize":48}},"p10":{"x":-0.652944087982178,"y":0.351670026779175,"z":0,"tension":-0.039999783039093,"bias":0,"continuity":0,"index":10,"pointType":2,"word":"","text":{"x":-0.152944087982178,"y":0.351670026779175,"z":0,"font":0,"fontSize":48}},"p11":{"x":-0.413310527801514,"y":0.548997282981873,"z":0,"tension":-0.039999783039093,"bias":0,"continuity":0,"index":11,"pointType":2,"word":"","text":{"x":0.0866894721984863,"y":0.548997282981873,"z":0,"font":0,"fontSize":48}},"p12":{"x":-0.0242207050323486,"y":0.570266723632813,"z":0,"tension":-0.039999783039093,"bias":0,"continuity":0,"index":12,"pointType":2,"word":"","text":{"x":0.475779294967651,"y":0.570266723632813,"z":0,"font":0,"fontSize":48}},"p13":{"x":0.337745189666748,"y":0.38336169719696,"z":0,"tension":-0.039999783039093,"bias":0,"continuity":0,"index":13,"pointType":2,"word":"","text":{"x":0.837745189666748,"y":0.38336169719696,"z":0,"font":0,"fontSize":48}},"p14":{"x":0.515384197235107,"y":0.0790642499923706,"z":0,"tension":-0.039999783039093,"bias":0,"continuity":0,"index":14,"pointType":2,"word":"","text":{"x":1.01538419723511,"y":0.0790642499923706,"z":0,"font":0,"fontSize":48}},"p15":{"x":0.451685667037964,"y":-0.176778316497803,"z":0,"tension":-0.039999783039093,"bias":0,"continuity":0,"index":15,"pointType":2,"word":"","text":{"x":0.951685667037964,"y":-0.176778316497803,"z":0,"font":0,"fontSize":48}},"p16":{"x":0.216700077056885,"y":-0.232591390609741,"z":0,"tension":-0.039999783039093,"bias":0,"continuity":0,"index":16,"pointType":2,"word":"","text":{"x":0.716700077056885,"y":-0.232591390609741,"z":0,"font":0,"fontSize":48}},"p17":{"x":-0.0336053371429443,"y":-0.0338945388793945,"z":0,"tension":-0.039999783039093,"bias":0,"continuity":0,"index":17,"pointType":2,"word":"","text":{"x":0.466394662857056,"y":-0.0338945388793945,"z":0,"font":0,"fontSize":48}},"p18":{"x":-0.144054174423218,"y":0.345028877258301,"z":0,"tension":-0.039999783039093,"bias":0,"continuity":0,"index":18,"pointType":2,"word":"","text":{"x":0.355945825576782,"y":0.345028877258301,"z":0,"font":0,"fontSize":48}},"p19":{"x":-0.0456626415252686,"y":0.73786449432373,"z":0,"tension":-0.039999783039093,"bias":0,"continuity":0,"index":19,"pointType":2,"word":"","text":{"x":0.454337358474731,"y":0.73786449432373,"z":0,"font":0,"fontSize":48}},"p20":{"x":0.206353664398193,"y":0.971978187561035,"z":0,"tension":-0.039999783039093,"bias":0,"continuity":0,"index":20,"pointType":2,"word":"","text":{"x":0.706353664398193,"y":0.971978187561035,"z":0,"font":0,"fontSize":48}},"p21":{"x":0.462475776672363,"y":0.95740818977356,"z":0,"tension":-0.039999783039093,"bias":0,"continuity":0,"index":21,"pointType":2,"word":"","text":{"x":0.962475776672363,"y":0.95740818977356,"z":0,"font":0,"fontSize":48}},"p22":{"x":0.560598850250244,"y":0.731694221496582,"z":0,"tension":-0.039999783039093,"bias":0,"continuity":0,"index":22,"pointType":2,"word":"","text":{"x":1.06059885025024,"y":0.731694221496582,"z":0,"font":0,"fontSize":48}},"p23":{"x":0.41552734375,"y":0.436799287796021,"z":0,"tension":-0.039999783039093,"bias":0,"continuity":0,"index":23,"pointType":2,"word":"","text":{"x":0.91552734375,"y":0.436799287796021,"z":0,"font":0,"fontSize":48}},"p24":{"x":0.0679280757904053,"y":0.240809202194214,"z":0,"tension":-0.039999783039093,"bias":0,"continuity":0,"index":24,"pointType":2,"word":"","text":{"x":0.567928075790405,"y":0.240809202194214,"z":0,"font":0,"fontSize":48}},"p25":{"x":-0.333869457244873,"y":0.246677160263062,"z":0,"tension":-0.039999783039093,"bias":0,"continuity":0,"index":25,"pointType":2,"word":"","text":{"x":0.166130542755127,"y":0.246677160263062,"z":0,"font":0,"fontSize":48}},"p26":{"x":-0.609808444976807,"y":0.437137842178345,"z":0,"tension":-0.039999783039093,"bias":0,"continuity":0,"index":26,"pointType":2,"word":"","text":{"x":-0.109808444976807,"y":0.437137842178345,"z":0,"font":0,"fontSize":48}},"p27":{"x":-0.641340255737305,"y":0.685365915298462,"z":0,"tension":-0.039999783039093,"bias":0,"continuity":0,"index":27,"pointType":2,"word":"","text":{"x":-0.141340255737305,"y":0.685365915298462,"z":0,"font":0,"fontSize":48}},"p28":{"x":-0.432211399078369,"y":0.825515270233154,"z":0,"tension":-0.039999783039093,"bias":0,"continuity":0,"index":28,"pointType":2,"word":"","text":{"x":0.0677886009216309,"y":0.825515270233154,"z":0,"font":0,"fontSize":48}},"p29":{"x":-0.104426383972168,"y":0.74500584602356,"z":0,"tension":-0.039999783039093,"bias":0,"continuity":0,"index":29,"pointType":2,"word":"","text":{"x":0.395573616027832,"y":0.74500584602356,"z":0,"font":0,"fontSize":48}},"p30":{"x":0.168249130249023,"y":0.448661684989929,"z":0,"tension":-0.039999783039093,"bias":0,"continuity":0,"index":30,"pointType":2,"word":"","text":{"x":0.668249130249023,"y":0.448661684989929,"z":0,"font":0,"fontSize":48}},"p31":{"x":0.253421306610107,"y":0.0598803758621216,"z":0,"tension":-0.039999783039093,"bias":0,"continuity":0,"index":31,"pointType":2,"word":"","text":{"x":0.753421306610107,"y":0.0598803758621216,"z":0,"font":0,"fontSize":48}},"p32":{"x":0.129819869995117,"y":-0.242160081863403,"z":0,"tension":-0.039999783039093,"bias":0,"continuity":0,"index":32,"pointType":2,"word":"","text":{"x":0.629819869995117,"y":-0.242160081863403,"z":0,"font":0,"fontSize":48}},"p33":{"x":-0.103669881820679,"y":-0.315864086151123,"z":0,"tension":-0.039999783039093,"bias":0,"continuity":0,"index":33,"pointType":2,"word":"","text":{"x":0.396330118179321,"y":-0.315864086151123,"z":0,"font":0,"fontSize":48}},"p34":{"x":-0.284317016601563,"y":-0.131272077560425,"z":0,"tension":-0.039999783039093,"bias":0,"continuity":0,"index":34,"pointType":2,"word":"","text":{"x":0.215682983398438,"y":-0.131272077560425,"z":0,