{"name":"Knot1","pointCount":51,"p0":{"x":0,"y":0,"z":0,"tension":-0.539999842643738,"bias":0,"continuity":0,"index":0,"pointType":2,"word":"","text":{"x":0.5,"y":0,"z":0,"font":0,"fontSize":48}},"p1":{"x":0.533577919006348,"y":0.0544853210449219,"z":0,"tension":-0.539999842643738,"bias":0,"continuity":0,"index":1,"pointType":2,"word":"","text":{"x":1.03357791900635,"y":0.0544853210449219,"z":0,"font":0,"fontSize":48}},"p2":{"x":0.663233280181885,"y":-0.367746591567993,"z":0,"tension":-0.539999842643738,"bias":0,"continuity":0,"index":2,"pointType":2,"word":"","text":{"x":1.16323328018188,"y":-0.367746591567993,"z":0,"font":0,"fontSize":48}},"p3":{"x":0.263895511627197,"y":-0.436464786529541,"z":0,"tension":-0.539999842643738,"bias":0,"continuity":0,"index":3,"pointType":2,"word":"","text":{"x":0.763895511627197,"y":-0.436464786529541,"z":0,"font":0,"fontSize":48}},"p4":{"x":0.148069143295288,"y":0.0579434633255005,"z":0,"tension":-0.539999842643738,"bias":0,"continuity":0,"index":4,"pointType":2,"word":"","text":{"x":0.648069143295288,"y":0.0579434633255005,"z":0,"font":0,"fontSize":48}},"p5":{"x":0.609233856201172,"y":0.327777624130249,"z":0,"tension":-0.539999842643738,"bias":0,"continuity":0,"index":5,"pointType":2,"word":"","text":{"x":1.10923385620117,"y":0.327777624130249,"z":0,"font":0,"fontSize":48}},"p6":{"x":0.894956111907959,"y":-0.00270605087280273,"z":0,"tension":-0.539999842643738,"bias":0,"continuity":0,"index":6,"pointType":2,"word":"","text":{"x":1.39495611190796,"y":-0.00270605087280273,"z":0,"font":0,"fontSize":48}},"p7":{"x":0.553359508514404,"y":-0.225961685180664,"z":0,"tension":-0.539999842643738,"bias":0,"continuity":0,"index":7,"pointType":2,"word":"","text":{"x":1.0533595085144,"y":-0.225961685180664,"z":0,"font":0,"fontSize":48}},"p8":{"x":0.241517543792725,"y":0.179946899414063,"z":0,"tension":-0.539999842643738,"bias":0,"continuity":0,"index":8,"pointType":0,"word":"","text":{"x":0.741517543792725,"y":0.179946899414063,"z":0,"font":0,"fontSize":48}},"p9":{"x":0.54799747467041,"y":0.614768743515015,"z":0,"tension":-0.539999842643738,"bias":0,"continuity":0,"index":9,"pointType":2,"word":"","text":{"x":1.04799747467041,"y":0.614768743515015,"z":0,"font":0,"fontSize":48}},"p10":{"x":0.938320636749268,"y":0.42919135093689,"z":0,"tension":-0.539999842643738,"bias":0,"continuity":0,"index":10,"pointType":2,"word":"","text":{"x":1.43832063674927,"y":0.42919135093689,"z":0,"font":0,"fontSize":48}},"p11":{"x":0.71196985244751,"y":0.0857934951782227,"z":0,"tension":-0.539999842643738,"bias":0,"continuity":0,"index":11,"pointType":2,"word":"","text":{"x":1.21196985244751,"y":0.0857934951782227,"z":0,"font":0,"fontSize":48}},"p12":{"x":0.256996154785156,"y":0.328651547431946,"z":0,"tension":-0.539999842643738,"bias":0,"continuity":0,"index":12,"pointType":2,"word":"","text":{"x":0.756996154785156,"y":0.328651547431946,"z":0,"font":0,"fontSize":48}},"p13":{"x":0.355301380157471,"y":0.848816633224487,"z":0,"tension":-0.539999842643738,"bias":0,"continuity":0,"index":13,"pointType":2,"word":"","text":{"x":0.855301380157471,"y":0.848816633224487,"z":0,"font":0,"fontSize":48}},"p14":{"x":0.78278636932373,"y":0.835746288299561,"z":0,"tension":-0.539999842643738,"bias":0,"continuity":0,"index":14,"pointType":2,"word":"","text":{"x":1.28278636932373,"y":0.835746288299561,"z":0,"font":0,"fontSize":48}},"p15":{"x":0.711415767669678,"y":0.427135705947876,"z":0,"tension":-0.539999842643738,"bias":0,"continuity":0,"index":15,"pointType":2,"word":"","text":{"x":1.21141576766968,"y":0.427135705947876,"z":0,"font":0,"fontSize":48}},"p16":{"x":0.193114519119263,"y":0.460609436035156,"z":0,"tension":-0.539999842643738,"bias":0,"continuity":0,"index":16,"pointType":0,"word":"","text":{"x":0.693114519119263,"y":0.460609436035156,"z":0,"font":0,"fontSize":48}},"p17":{"x":0.0679028034210205,"y":0.97200608253479,"z":0,"tension":-0.539999842643738,"bias":0,"continuity":0,"index":17,"pointType":2,"word":"","text":{"x":0.567902803421021,"y":0.97200608253479,"z":0,"font":0,"fontSize":48}},"p18":{"x":0.460784673690796,"y":1.12976503372192,"z":0,"tension":-0.539999842643738,"bias":0,"continuity":0,"index":18,"pointType":2,"word":"","text":{"x":0.960784673690796,"y":1.12976503372192,"z":0,"font":0,"fontSize":48}},"p19":{"x":0.559350490570068,"y":0.722947597503662,"z":0,"tension":-0.539999842643738,"bias":0,"continuity":0,"index":19,"pointType":2,"word":"","text":{"x":1.05935049057007,"y":0.722947597503662,"z":0,"font":0,"fontSize":48}},"p20":{"x":0.0703799724578857,"y":0.537948846817017,"z":0,"tension":-0.539999842643738,"bias":0,"continuity":0,"index":20,"pointType":2,"word":"","text":{"x":0.570379972457886,"y":0.537948846817017,"z":0,"font":0,"fontSize":48}},"p21":{"x":-0.253278732299805,"y":0.949246644973755,"z":0,"tension":-0.539999842643738,"bias":0,"continuity":0,"index":21,"pointType":2,"word":"","text":{"x":0.246721267700195,"y":0.949246644973755,"z":0,"font":0,"fontSize":48}},"p22":{"x":0.0408153533935547,"y":1.24808990955353,"z":0,"tension":-0.539999842643738,"bias":0,"continuity":0,"index":22,"pointType":2,"word":"","text":{"x":0.540815353393555,"y":1.24808990955353,"z":0,"font":0,"fontSize":48}},"p23":{"x":0.296295881271362,"y":0.911416172981262,"z":0,"tension":-0.539999842643738,"bias":0,"continuity":0,"index":23,"pointType":2,"word":"","text":{"x":0.796295881271362,"y":0.911416172981262,"z":0,"font":0,"fontSize":48}},"p24":{"x":-0.0745630264282227,"y":0.538445353507996,"z":0,"tension":-0.539999842643738,"bias":0,"continuity":0,"index":24,"pointType":0,"word":"","text":{"x":0.425436973571777,"y":0.538445353507996,"z":0,"font":0,"fontSize":48}},"p25":{"x":-0.536322116851807,"y":0.777567386627197,"z":0,"tension":-0.539999842643738,"bias":0,"continuity":0,"index":25,"pointType":2,"word":"","text":{"x":-0.0363221168518066,"y":0.777567386627197,"z":0,"font":0,"fontSize":48}},"p26":{"x":-0.387399435043335,"y":1.16540372371674,"z":0,"tension":-0.539999842643738,"bias":0,"continuity":0,"index":26,"pointType":2,"word":"","text":{"x":0.112600564956665,"y":1.16540372371674,"z":0,"font":0,"fontSize":48}},"p27":{"x":-0.0146937370300293,"y":0.957216262817383,"z":0,"tension":-0.539999842643738,"bias":0,"continuity":0,"index":27,"pointType":2,"word":"","text":{"x":0.485306262969971,"y":0.957216262817383,"z":0,"font":0,"fontSize":48}},"p28":{"x":-0.198879718780518,"y":0.461438298225403,"z":0,"tension":-0.539999842643738,"bias":0,"continuity":0,"index":28,"pointType":2,"word":"","text":{"x":0.301120281219482,"y":0.461438298225403,"z":0,"font":0,"fontSize":48}},"p29":{"x":-0.714576244354248,"y":0.488248467445374,"z":0,"tension":-0.539999842643738,"bias":0,"continuity":0,"index":29,"pointType":2,"word":"","text":{"x":-0.214576244354248,"y":0.488248467445374,"z":0,"font":0,"fontSize":48}},"p30":{"x":-0.732433795928955,"y":0.899745464324951,"z":0,"tension":-0.539999842643738,"bias":0,"continuity":0,"index":30,"pointType":2,"word":"","text":{"x":-0.232433795928955,"y":0.899745464324951,"z":0,"font":0,"fontSize":48}},"p31":{"x":-0.30304741859436,"y":0.858261346817017,"z":0,"tension":-0.539999842643738,"bias":0,"continuity":0,"index":31,"pointType":2,"word":"","text":{"x":0.19695258140564,"y":0.858261346817017,"z":0,"font":0,"fontSize":48}},"p32":{"x":-0.265113115310669,"y":0.328078985214233,"z":0,"tension":-0.539999842643738,"bias":0,"continuity":0,"index":32,"pointType":0,"word":"","text":{"x":0.234886884689331,"y":0.328078985214233,"z":0,"font":0,"fontSize":48}},"p33":{"x":-0.742331504821777,"y":0.141038656234741,"z":0,"tension":-0.539999842643738,"bias":0,"continuity":0,"index":33,"pointType":2,"word":"","text":{"x":-0.242331504821777,"y":0.141038656234741,"z":0,"font":0,"fontSize":48}},"p34":{"x":-0.921036243438721,"y":0.508514642715454,"z":0,"tension":-0.539999842643738,"bias":0,"continuity":0,"index":34,"pointType":2,"word":"","text":{"x":-0.421036243438721,"y":0.508514642715454,"z":0,"font":0,"fontSize":48}},"p35":{"x":-0.506812572479248,"y":0.644697666168213,