{"name":"Labyrinth3","pointCount":10,"p0":{"x":-1.27216374874115,"y":-0.0800018757581711,"z":-1.19209289550781E-07,"tension":1,"bias":0,"continuity":0,"index":0,"pointType":5,"word":"","text":{"x":-0.77216374874115,"y":-0.0800018757581711,"z":-1.19209289550781E-07,"font":0,"fontSize":48}},"p1":{"x":-1.75228774547577,"y":-0.0793234705924988,"z":-1.19209289550781E-07,"tension":1,"bias":0,"continuity":0,"index":1,"pointType":2,"word":"","text":{"x":-1.25228774547577,"y":-0.0793234705924988,"z":-1.19209289550781E-07,"font":0,"fontSize":48}},"p2":{"x":-1.74964535236359,"y":-0.491995990276337,"z":-1.19209289550781E-07,"tension":1,"bias":0,"continuity":0,"index":2,"pointType":0,"word":"","text":{"x":-1.24964535236359,"y":-0.491995990276337,"z":-1.19209289550781E-07,"font":0,"fontSize":48}},"p3":{"x":-1.35829770565033,"y":-0.357210725545883,"z":-1.19209289550781E-07,"tension":1,"bias":0,"continuity":0,"index":3,"pointType":0,"word":"","text":{"x":-0.85829770565033,"y":-0.357210725545883,"z":-1.19209289550781E-07,"font":0,"fontSize":48}},"p4":{"x":-1.89978754520416,"y":-0.248309001326561,"z":-1.19209289550781E-07,"tension":1,"bias":0,"continuity":0,"index":4,"pointType":0,"word":"","text":{"x":-1.39978754520416,"y":-0.248309001326561,"z":-1.19209289550781E-07,"font":0,"fontSize":48}},"p5":{"x":-1.31923425197601,"y":0.233197748661041,"z":-1.19209289550781E-07,"tension":0,"bias":0,"continuity":0,"index":5,"pointType":2,"word":"","text":{"x":-0.819234251976013,"y":0.233197748661041,"z":-1.19209289550781E-07,"font":0,"fontSize":48}},"p6":{"x":-1.5865044593811,"y":-0.736741662025452,"z":-1.19209289550781E-07,"tension":1,"bias":0,"continuity":0,"index":6,"pointType":0,"word":"","text":{"x":-1.0865044593811,"y":-0.736741662025452,"z":-1.19209289550781E-07,"font":0,"fontSize":48}},"p7":{"x":-1.35897386074066,"y":-0.677986860275269,"z":-1.19209289550781E-07,"tension":1,"bias":0,"continuity":0,"index":7,"pointType":0,"word":"","text":{"x":-0.858973860740662,"y":-0.677986860275269,"z":-1.19209289550781E-07,"font":0,"fontSize":48}},"p8":{"x":-0.94174063205719,"y":-0.0226444527506828,"z":-1.19209289550781E-07,"tension":0,"bias":0,"continuity":0,"index":8,"pointType":2,"word":"","text":{"x":-0.44174063205719,"y":-0.0226444527506828,"z":-1.19209289550781E-07,"font":0,"fontSize":48}},"p9":{"x":-1.00680756568909,"y":-0.94412899017334,"z":-1.19209289550781E-07,"tension":0,"bias":0,"continuity":0,"index":9,"pointType":6,"word":"","text":{"x":-0.506807565689087,"y":-0.94412899017334,"z":-1.19209289550781E-07,"font":0,"fontSize":48}},"fixedCamera":false,"fov":38,"splineCount":2,"unlockType":1,"speed":0,"time":0,"laps":0,"spline0":{"closed":false,"numPoints":7,"lineTexture":0,"points":{"p0":0,"p1":1,"p2":2,"p3":6,"p4":7,"p5":3,"p6":4}},"spline1":{"closed":false,"numPoints":5,"lineTexture":0,"points":{"p0":4,"p1":1,"p2":5,"p3":8,"p4":9}}}