{"name":"Labyrinth3","pointCount":11,"p0":{"x":-2.91008162498474,"y":-0.0819722339510918,"z":-1.19209289550781E-07,"tension":0,"bias":0,"continuity":0,"index":0,"pointType":5,"word":"","text":{"x":-2.41008162498474,"y":-0.0819722339510918,"z":-1.19209289550781E-07,"font":0,"fontSize":48}},"p1":{"x":-2.80605173110962,"y":-0.213093116879463,"z":-1.19209289550781E-07,"tension":1,"bias":0,"continuity":0,"index":1,"pointType":0,"word":"","text":{"x":-2.30605173110962,"y":-0.213093116879463,"z":-1.19209289550781E-07,"font":0,"fontSize":48}},"p2":{"x":-2.90791440010071,"y":-0.254271507263184,"z":-1.19209289550781E-07,"tension":1,"bias":0,"continuity":0,"index":2,"pointType":0,"word":"","text":{"x":-2.40791440010071,"y":-0.254271507263184,"z":-1.19209289550781E-07,"font":0,"fontSize":48}},"p3":{"x":-3.06720972061157,"y":-0.0375428944826126,"z":-1.19209289550781E-07,"tension":1,"bias":0,"continuity":0,"index":3,"pointType":0,"word":"","text":{"x":-2.56720972061157,"y":-0.0375428944826126,"z":-1.19209289550781E-07,"font":0,"fontSize":48}},"p4":{"x":-2.92741966247559,"y":0.0372284948825836,"z":-1.19209289550781E-07,"tension":1,"bias":0,"continuity":0,"index":4,"pointType":0,"word":"","text":{"x":-2.42741966247559,"y":0.0372284948825836,"z":-1.19209289550781E-07,"font":0,"fontSize":48}},"p5":{"x":-2.78329515457153,"y":-0.112314276397228,"z":-1.19209289550781E-07,"tension":1,"bias":0,"continuity":0,"index":5,"pointType":0,"word":"","text":{"x":-2.28329515457153,"y":-0.112314276397228,"z":-1.19209289550781E-07,"font":0,"fontSize":48}},"p6":{"x":-3.05528998374939,"y":-0.229347750544548,"z":-1.19209289550781E-07,"tension":1,"bias":0,"continuity":0,"index":6,"pointType":0,"word":"","text":{"x":-2.55528998374939,"y":-0.229347750544548,"z":-1.19209289550781E-07,"font":0,"fontSize":48}},"p7":{"x":-3.23842549324036,"y":0.0112210214138031,"z":-1.19209289550781E-07,"tension":1,"bias":0,"continuity":0,"index":7,"pointType":0,"word":"","text":{"x":-2.73842549324036,"y":0.0112210214138031,"z":-1.19209289550781E-07,"font":0,"fontSize":48}},"p8":{"x":-2.92741966247559,"y":0.156429246068001,"z":-1.19209289550781E-07,"tension":1,"bias":0,"continuity":0,"index":8,"pointType":0,"word":"","text":{"x":-2.42741966247559,"y":0.156429246068001,"z":-1.19209289550781E-07,"font":0,"fontSize":48}},"p9":{"x":-2.57198476791382,"y":-0.245602384209633,"z":-1.19209289550781E-07,"tension":1,"bias":0,"continuity":0,"index":9,"pointType":0,"word":"","text":{"x":-2.07198476791382,"y":-0.245602384209633,"z":-1.19209289550781E-07,"font":0,"fontSize":48}},"p10":{"x":-2.97618365287781,"y":-0.455829173326492,"z":-1.19209289550781E-07,"tension":1,"bias":0,"continuity":0,"index":10,"pointType":6,"word":"","text":{"x":-2.47618365287781,"y":-0.455829173326492,"z":-1.19209289550781E-07,"font":0,"fontSize":48}},"fixedCamera":false,"fov":38,"splineCount":1,"unlockType":1,"speed":0,"time":0,"laps":0,"spline0":{"closed":false,"numPoints":11,"type":0,"lineTexture":0,"points":{"p0":0,"p1":1,"p2":2,"p3":3,"p4":4,"p5":5,"p6":6,"p7":7,"p8":8,"p9":9,"p10":10}}}