{"name":"Labyrinth2","pointCount":13,"p0":{"x":-1.1092734336853,"y":-0.107305988669395,"z":-1.19209289550781E-07,"tension":1,"bias":0,"continuity":0,"index":0,"pointType":5,"word":"","text":{"x":-0.609273433685303,"y":-0.107305988669395,"z":-1.19209289550781E-07,"font":0,"fontSize":48}},"p1":{"x":-1.00622725486755,"y":-0.108627066016197,"z":-1.19209289550781E-07,"tension":1,"bias":0,"continuity":0,"index":1,"pointType":0,"word":"","text":{"x":-0.506227254867554,"y":-0.108627066016197,"z":-1.19209289550781E-07,"font":0,"fontSize":48}},"p2":{"x":-1.01019060611725,"y":-0.19846223294735,"z":-1.19209289550781E-07,"tension":1,"bias":0,"continuity":0,"index":2,"pointType":0,"word":"","text":{"x":-0.510190606117249,"y":-0.19846223294735,"z":-1.19209289550781E-07,"font":0,"fontSize":48}},"p3":{"x":-1.18193411827087,"y":-0.194498926401138,"z":-1.19209289550781E-07,"tension":1,"bias":0,"continuity":0,"index":3,"pointType":0,"word":"","text":{"x":-0.681934118270874,"y":-0.194498926401138,"z":-1.19209289550781E-07,"font":0,"fontSize":48}},"p4":{"x":-1.17797088623047,"y":-0.0148286074399948,"z":-1.19209289550781E-07,"tension":1,"bias":0,"continuity":0,"index":4,"pointType":0,"word":"","text":{"x":-0.677970886230469,"y":-0.0148286074399948,"z":-1.19209289550781E-07,"font":0,"fontSize":48}},"p5":{"x":-0.94281417131424,"y":-0.0214341133832932,"z":-1.19209289550781E-07,"tension":1,"bias":0,"continuity":0,"index":5,"pointType":0,"word":"","text":{"x":-0.44281417131424,"y":-0.0214341133832932,"z":-1.19209289550781E-07,"font":0,"fontSize":48}},"p6":{"x":-0.946777403354645,"y":-0.296223998069763,"z":-1.19209289550781E-07,"tension":1,"bias":0,"continuity":0,"index":6,"pointType":0,"word":"","text":{"x":-0.446777403354645,"y":-0.296223998069763,"z":-1.19209289550781E-07,"font":0,"fontSize":48}},"p7":{"x":-1.3008337020874,"y":-0.292260676622391,"z":-1.19209289550781E-07,"tension":1,"bias":0,"continuity":0,"index":7,"pointType":0,"word":"","text":{"x":-0.800833702087402,"y":-0.292260676622391,"z":-1.19209289550781E-07,"font":0,"fontSize":48}},"p8":{"x":-1.28101706504822,"y":0.109355300664902,"z":-1.19209289550781E-07,"tension":1,"bias":0,"continuity":0,"index":8,"pointType":0,"word":"","text":{"x":-0.781017065048218,"y":0.109355300664902,"z":-1.19209289550781E-07,"font":0,"fontSize":48}},"p9":{"x":-0.849015653133392,"y":0.0987864434719086,"z":-1.19209289550781E-07,"tension":1,"bias":0,"continuity":0,"index":9,"pointType":0,"word":"","text":{"x":-0.349015653133392,"y":0.0987864434719086,"z":-1.19209289550781E-07,"font":0,"fontSize":48}},"p10":{"x":-0.856942296028137,"y":-0.448151111602783,"z":-1.19209289550781E-07,"tension":1,"bias":0,"continuity":0,"index":10,"pointType":0,"word":"","text":{"x":-0.356942296028137,"y":-0.448151111602783,"z":-1.19209289550781E-07,"font":0,"fontSize":48}},"p11":{"x":-1.1211633682251,"y":-0.446830034255981,"z":-1.19209289550781E-07,"tension":1,"bias":0,"continuity":0,"index":11,"pointType":0,"word":"","text":{"x":-0.621163368225098,"y":-0.446830034255981,"z":-1.19209289550781E-07,"font":0,"fontSize":48}},"p12":{"x":-1.09342014789581,"y":0.329979747533798,"z":-1.19209289550781E-07,"tension":0,"bias":0,"continuity":0,"index":12,"pointType":6,"word":"","text":{"x":-0.593420147895813,"y":0.329979747533798,"z":-1.19209289550781E-07,"font":0,"fontSize":48}},"fixedCamera":false,"fov":38,"splineCount":2,"unlockType":0,"speed":3,"time":0,"laps":3,"spline0":{"order":0,"closed":true,"numPoints":12,"type":0,"lineTexture":0,"points":{"p0":0,"p1":1,"p2":2,"p3":3,"p4":4,"p5":5,"p6":6,"p7":7,"p8":8,"p9":9,"p10":10,"p11":11}},"spline1":{"order":1,"closed":false,"numPoints":2,"type":0,"lineTexture":0,"points":{"p0":0,"p1":12}}}