{"name":"Labyrinth4","pointCount":25,"p0":{"x":-1.15084254741669,"y":-0.648557305335999,"z":-1.19209289550781E-07,"tension":1,"bias":0,"continuity":0,"index":0,"pointType":5,"word":"","text":{"x":-0.650842547416687,"y":-0.648557305335999,"z":-1.19209289550781E-07,"font":0,"fontSize":48}},"p1":{"x":-1.76431155204773,"y":-0.342491149902344,"z":-1.19209289550781E-07,"tension":1,"bias":0,"continuity":0,"index":1,"pointType":0,"word":"","text":{"x":-1.26431155204773,"y":-0.342491149902344,"z":-1.19209289550781E-07,"font":0,"fontSize":48}},"p2":{"x":-1.31923425197601,"y":0.233197748661041,"z":-1.19209289550781E-07,"tension":0,"bias":0,"continuity":0,"index":2,"pointType":2,"word":"","text":{"x":-0.819234251976013,"y":0.233197748661041,"z":-1.19209289550781E-07,"font":0,"fontSize":48}},"p3":{"x":-1.9150253534317,"y":-0.698995113372803,"z":-1.19209289550781E-07,"tension":1,"bias":0,"continuity":0,"index":3,"pointType":0,"word":"","text":{"x":-1.4150253534317,"y":-0.698995113372803,"z":-1.19209289550781E-07,"font":0,"fontSize":48}},"p4":{"x":-0.992401957511902,"y":-1.12092483043671,"z":-1.19209289550781E-07,"tension":1,"bias":0,"continuity":0,"index":4,"pointType":0,"word":"","text":{"x":-0.492401957511902,"y":-1.12092483043671,"z":-1.19209289550781E-07,"font":0,"fontSize":48}},"p5":{"x":-1.00372409820557,"y":-0.263494282960892,"z":-1.19209289550781E-07,"tension":0,"bias":0,"continuity":0,"index":5,"pointType":2,"word":"","text":{"x":-0.503724098205566,"y":-0.263494282960892,"z":-1.19209289550781E-07,"font":0,"fontSize":48}},"p6":{"x":-0.830259919166565,"y":-0.187655031681061,"z":-1.19209289550781E-07,"tension":1,"bias":0.0461935475468636,"continuity":0,"index":6,"pointType":0,"word":"","text":{"x":-0.330259919166565,"y":-0.187655031681061,"z":-1.19209289550781E-07,"font":0,"fontSize":48}},"p7":{"x":-1.40448677539825,"y":0.205380409955978,"z":-1.19209289550781E-07,"tension":1,"bias":0.407863736152649,"continuity":0,"index":7,"pointType":0,"word":"","text":{"x":-0.904486775398254,"y":0.205380409955978,"z":-1.19209289550781E-07,"font":0,"fontSize":48}},"p8":{"x":-1.64759123325348,"y":0.0389063805341721,"z":-1.19209289550781E-07,"tension":1,"bias":0,"continuity":0,"index":8,"pointType":0,"word":"","text":{"x":-1.14759123325348,"y":0.0389063805341721,"z":-1.19209289550781E-07,"font":0,"fontSize":48}},"p9":{"x":-1.64241969585419,"y":-0.44101756811142,"z":-1.19209289550781E-07,"tension":1,"bias":0,"continuity":0,"index":9,"pointType":0,"word":"","text":{"x":-1.14241969585419,"y":-0.44101756811142,"z":-1.19209289550781E-07,"font":0,"fontSize":48}},"p10":{"x":-1.33099341392517,"y":-0.920229852199554,"z":-1.19209289550781E-07,"tension":0,"bias":0,"continuity":0,"index":10,"pointType":2,"word":"","text":{"x":-0.830993413925171,"y":-0.920229852199554,"z":-1.19209289550781E-07,"font":0,"fontSize":48}},"p11":{"x":-0.942263901233673,"y":-0.915656566619873,"z":-1.19209289550781E-07,"tension":0,"bias":0,"continuity":0,"index":11,"pointType":2,"word":"","text":{"x":-0.442263901233673,"y":-0.915656566619873,"z":-1.19209289550781E-07,"font":0,"fontSize":48}},"p12":{"x":-1.07946288585663,"y":-0.229663580656052,"z":-1.19209289550781E-07,"tension":0,"bias":0,"continuity":0,"index":12,"pointType":2,"word":"","text":{"x":-0.579462885856628,"y":-0.229663580656052,"z":-1.19209289550781E-07,"font":0,"fontSize":48}},"p13":{"x":-1.69502902030945,"y":-0.127085953950882,"z":-1.19209289550781E-07,"tension":0,"bias":0,"continuity":0,"index":13,"pointType":0,"word":"","text":{"x":-1.19502902030945,"y":-0.127085953950882,"z":-1.19209289550781E-07,"font":0,"fontSize":48}},"p14":{"x":-2.85088300704956,"y":-0.120635911822319,"z":-1.19209289550781E-07,"tension":0,"bias":0,"continuity":0,"index":14,"pointType":6,"word":"","text":{"x":-2.35088300704956,"y":-0.120635911822319,"z":-1.19209289550781E-07,"font":0,"fontSize":48}},"p15":{"x":-1.33722519874573,"y":-1.0601909160614,"z":-1.19209289550781E-07,"tension":0,"bias":0,"continuity":0,"index":15,"pointType":2,"word":"","text":{"x":-0.837225198745728,"y":-1.0601909160614,"z":-1.19209289550781E-07,"font":0,"fontSize":48}},"p16":{"x":-0.837331891059875,"y":-1.02014410495758,"z":-1.19209289550781E-07,"tension":0,"bias":0,"continuity":0,"index":16,"pointType":2,"word":"","text":{"x":-0.337331891059875,"y":-1.02014410495758,"z":-1.19209289550781E-07,"font":0,"fontSize":48}},"p17":{"x":-0.922949075698853,"y":-0.35592132806778,"z":-1.19209289550781E-07,"tension":0,"bias":0,"continuity":0,"index":17,"pointType":2,"word":"","text":{"x":-0.422949075698853,"y":-0.35592132806778,"z":-1.19209289550781E-07,"font":0,"fontSize":48}},"p18":{"x":-1.24332249164581,"y":-0.877909302711487,"z":-1.19209289550781E-07,"tension":0,"bias":0,"continuity":0,"index":18,"pointType":2,"word":"","text":{"x":-0.743322491645813,"y":-0.877909302711487,"z":-1.19209289550781E-07,"font":0,"fontSize":48}},"p19":{"x":-0.994756877422333,"y":-0.837862610816956,"z":-1.19209289550781E-07,"tension":0,"bias":0,"continuity":0,"index":19,"pointType":2,"word":"","text":{"x":-0.494756877422333,"y":-0.837862610816956,"z":-1.19209289550781E-07,"font":0,"fontSize":48}},"p20":{"x":-1.04032731056213,"y":-0.411158055067062,"z":-1.19209289550781E-07,"tension":0,"bias":0,"continuity":0,"index":20,"pointType":2,"word":"","text":{"x":-0.540327310562134,"y":-0.411158055067062,"z":-1.19209289550781E-07,"font":0,"fontSize":48}},"p21":{"x":-1.21156144142151,"y":-1.1927592754364,"z":-1.19209289550781E-07,"tension":0,"bias":0,"continuity":0,"index":21,"pointType":2,"word":"","text":{"x":-0.711561441421509,"y":-1.1927592754364,"z":-1.19209289550781E-07,"font":0,"fontSize":48}},"p22":{"x":-0.65505039691925,"y":-1.25766241550446,"z":-1.19209289550781E-07,"tension":0,"bias":0,"continuity":0,"index":22,"pointType":2,"word":"","text":{"x":-0.15505039691925,"y":-1.25766241550446,"z":-1.19209289550781E-07,"font":0,"fontSize":48}},"p23":{"x":-0.646764934062958,"y":-0.538202881813049,"z":-1.19209289550781E-07,"tension":0,"bias":0,"continuity":0,"index":23,"pointType":2,"word":"","text":{"x":-0.146764934062958,"y":-0.538202881813049,"z":-1.19209289550781E-07,"font":0,"fontSize":48}},"p24":{"x":-1.35152637958527,"y":-0.373580783605576,"z":-1.19209289550781E-07,"tension":1,"bias":0,"continuity":0,"index":24,"pointType":0,"word":"","text":{"x":-0.851526379585266,"y":-0.373580783605576,"z":-1.19209289550781E-07,"font":0,"fontSize":48}},"fixedCamera":false,"fov":38,"splineCount":3,"unlockType":1,"speed":0,"time":0,"laps":0,"spline0":{"closed":false,"numPoints":14,"lineTexture":0,"points":{"p0":0,"p1":24,"p2":1,"p3":3,"p4":4,"p5":6,"p6":7,"p7":8,"p8":9,"p9":10,"p10":11,"p11":12,"p12":13,"p13":14}},"spline1":{"closed":true,"numPoints":8,"lineTexture":1,"points":{"p0":20,"p1":19,"p2":18,"p3":9,"p4":15,"p5":16,"p6":17,"p7":13}},"spline2":{"closed":false,"numPoints":5,"lineTexture":2,"points":{"p0":9,"p1":21,"p2":22,"p3":23,"p4":13}}}