{"name":"Labyrinth2","pointCount":13,"p0":{"x":-1.11036014556885,"y":-0.107306003570557,"z":-1.19209289550781E-07,"tension":1,"bias":0,"continuity":0,"index":0,"pointType":6,"word":"","text":{"x":-0.610360145568848,"y":-0.107306003570557,"z":-1.19209289550781E-07,"font":0,"fontSize":48}},"p1":{"x":-1.00622725486755,"y":-0.108627080917358,"z":-1.19209289550781E-07,"tension":1,"bias":0,"continuity":0,"index":1,"pointType":0,"word":"","text":{"x":-0.506227254867554,"y":-0.108627080917358,"z":-1.19209289550781E-07,"font":0,"fontSize":48}},"p2":{"x":-1.01019048690796,"y":-0.198462247848511,"z":-1.19209289550781E-07,"tension":1,"bias":0,"continuity":0,"index":2,"pointType":0,"word":"","text":{"x":-0.510190486907959,"y":-0.198462247848511,"z":-1.19209289550781E-07,"font":0,"fontSize":48}},"p3":{"x":-1.18193411827087,"y":-0.194499015808105,"z":-1.19209289550781E-07,"tension":1,"bias":0,"continuity":0,"index":3,"pointType":0,"word":"","text":{"x":-0.681934118270874,"y":-0.194499015808105,"z":-1.19209289550781E-07,"font":0,"fontSize":48}},"p4":{"x":-1.17797088623047,"y":-0.0148286819458008,"z":-1.19209289550781E-07,"tension":1,"bias":0,"continuity":0,"index":4,"pointType":0,"word":"","text":{"x":-0.677970886230469,"y":-0.0148286819458008,"z":-1.19209289550781E-07,"font":0,"fontSize":48}},"p5":{"x":-0.942814111709595,"y":-0.0214340686798096,"z":-1.19209289550781E-07,"tension":1,"bias":0,"continuity":0,"index":5,"pointType":0,"word":"","text":{"x":-0.442814111709595,"y":-0.0214340686798096,"z":-1.19209289550781E-07,"font":0,"fontSize":48}},"p6":{"x":-0.94677734375,"y":-0.296224117279053,"z":-1.19209289550781E-07,"tension":1,"bias":0,"continuity":0,"index":6,"pointType":0,"word":"","text":{"x":-0.44677734375,"y":-0.296224117279053,"z":-1.19209289550781E-07,"font":0,"fontSize":48}},"p7":{"x":-1.3008337020874,"y":-0.292260646820068,"z":-1.19209289550781E-07,"tension":1,"bias":0,"continuity":0,"index":7,"pointType":0,"word":"","text":{"x":-0.800833702087402,"y":-0.292260646820068,"z":-1.19209289550781E-07,"font":0,"fontSize":48}},"p8":{"x":-1.28101706504822,"y":0.109355330467224,"z":-1.19209289550781E-07,"tension":1,"bias":0,"continuity":0,"index":8,"pointType":0,"word":"","text":{"x":-0.781017065048218,"y":0.109355330467224,"z":-1.19209289550781E-07,"font":0,"fontSize":48}},"p9":{"x":-0.849015712738037,"y":0.098786473274231,"z":-1.19209289550781E-07,"tension":1,"bias":0,"continuity":0,"index":9,"pointType":0,"word":"","text":{"x":-0.349015712738037,"y":0.098786473274231,"z":-1.19209289550781E-07,"font":0,"fontSize":48}},"p10":{"x":-0.856942176818848,"y":-0.448151111602783,"z":-1.19209289550781E-07,"tension":1,"bias":0,"continuity":0,"index":10,"pointType":0,"word":"","text":{"x":-0.356942176818848,"y":-0.448151111602783,"z":-1.19209289550781E-07,"font":0,"fontSize":48}},"p11":{"x":-1.1211633682251,"y":-0.446830034255981,"z":-1.19209289550781E-07,"tension":1,"bias":0,"continuity":0,"index":11,"pointType":0,"word":"","text":{"x":-0.621163368225098,"y":-0.446830034255981,"z":-1.19209289550781E-07,"font":0,"fontSize":48}},"p12":{"x":-1.09559464454651,"y":0.311499118804932,"z":-1.19209289550781E-07,"tension":0,"bias":0,"continuity":0,"index":12,"pointType":7,"word":"","text":{"x":-0.595594644546509,"y":0.311499118804932,"z":-1.19209289550781E-07,"font":0,"fontSize":48}},"fixedCamera":false,"fov":38,"splineCount":2,"unlockType":0,"speed":3,"time":0,"laps":3,"startSpeed":0,"spline0":{"order":0,"closed":true,"numPoints":12,"type":0,"lineTexture":0,"points":{"p0":0,"p1":1,"p2":2,"p3":3,"p4":4,"p5":5,"p6":6,"p7":7,"p8":8,"p9":9,"p10":10,"p11":11}},"spline1":{"order":1,"closed":false,"numPoints":2,"type":0,"lineTexture":0,"points":{"p0":0,"p1":12}}}