{"name":"Labyrinth2","pointCount":12,"p0":{"x":-0.797165155410767,"y":-0.0658523142337799,"z":-1.19209289550781E-07,"tension":1,"bias":0,"continuity":0,"index":0,"pointType":0,"word":"","text":{"x":-0.297165155410767,"y":-0.0658523142337799,"z":-1.19209289550781E-07,"font":0,"fontSize":48}},"p1":{"x":-0.796444416046143,"y":-0.379629254341125,"z":-1.19209289550781E-07,"tension":1,"bias":0,"continuity":0,"index":1,"pointType":0,"word":"","text":{"x":-0.296444416046143,"y":-0.379629254341125,"z":-1.19209289550781E-07,"font":0,"fontSize":48}},"p2":{"x":-0.983914732933044,"y":-0.431644082069397,"z":-1.19209289550781E-07,"tension":1,"bias":0,"continuity":0,"index":2,"pointType":0,"word":"","text":{"x":-0.483914732933044,"y":-0.431644082069397,"z":-1.19209289550781E-07,"font":0,"fontSize":48}},"p3":{"x":-0.979580044746399,"y":-0.601776123046875,"z":-1.19209289550781E-07,"tension":1,"bias":0,"continuity":0,"index":3,"pointType":0,"word":"","text":{"x":-0.479580044746399,"y":-0.601776123046875,"z":-1.19209289550781E-07,"font":0,"fontSize":48}},"p4":{"x":-1.37140905857086,"y":-0.41508349776268,"z":-1.19209289550781E-07,"tension":0,"bias":0,"continuity":0,"index":4,"pointType":6,"word":"","text":{"x":-0.871409058570862,"y":-0.41508349776268,"z":-1.19209289550781E-07,"font":0,"fontSize":48}},"p5":{"x":-1.08252668380737,"y":0.292229264974594,"z":-1.19209289550781E-07,"tension":0,"bias":0,"continuity":0,"index":5,"pointType":5,"word":"","text":{"x":-0.582526683807373,"y":0.292229264974594,"z":-1.19209289550781E-07,"font":0,"fontSize":48}},"p6":{"x":-1.09155893325806,"y":0.095011293888092,"z":-1.19209289550781E-07,"tension":1,"bias":0,"continuity":0,"index":6,"pointType":0,"word":"","text":{"x":-0.591558933258057,"y":0.095011293888092,"z":-1.19209289550781E-07,"font":0,"fontSize":48}},"p7":{"x":-0.892747640609741,"y":0.146193742752075,"z":-1.19209289550781E-07,"tension":1,"bias":0,"continuity":0,"index":7,"pointType":0,"word":"","text":{"x":-0.392747640609741,"y":0.146193742752075,"z":-1.19209289550781E-07,"font":0,"fontSize":48}},"p8":{"x":-1.03473401069641,"y":-0.0104700475931168,"z":-1.19209289550781E-07,"tension":1,"bias":0,"continuity":0,"index":8,"pointType":0,"word":"","text":{"x":-0.534734010696411,"y":-0.0104700475931168,"z":-1.19209289550781E-07,"font":0,"fontSize":48}},"p9":{"x":-0.84073942899704,"y":0.0372204333543777,"z":-1.19209289550781E-07,"tension":1,"bias":0,"continuity":0,"index":9,"pointType":0,"word":"","text":{"x":-0.34073942899704,"y":0.0372204333543777,"z":-1.19209289550781E-07,"font":0,"fontSize":48}},"p10":{"x":-0.977428257465363,"y":-0.116674408316612,"z":-1.19209289550781E-07,"tension":1,"bias":-0.278588235378265,"continuity":0,"index":10,"pointType":0,"word":"","text":{"x":-0.477428257465363,"y":-0.116674408316612,"z":-1.19209289550781E-07,"font":0,"fontSize":48}},"p11":{"x":-1.13945245742798,"y":-0.643356263637543,"z":-1.19209289550781E-07,"tension":1,"bias":0,"continuity":0,"index":11,"pointType":0,"word":"","text":{"x":-0.639452457427979,"y":-0.643356263637543,"z":-1.19209289550781E-07,"font":0,"fontSize":48}},"fixedCamera":false,"fov":38,"splineCount":2,"unlockType":1,"speed":0,"time":0,"laps":0,"spline0":{"closed":false,"numPoints":6,"type":0,"lineTexture":0,"points":{"p0":0,"p1":1,"p2":2,"p3":3,"p4":11,"p5":4}},"spline1":{"closed":false,"numPoints":7,"type":0,"lineTexture":0,"points":{"p0":5,"p1":6,"p2":7,"p3":8,"p4":9,"p5":10,"p6":0}}}