{"name":"Level Name","pointCount":16,"p0":{"x":0.439965337514877,"y":0.526696562767029,"z":-1.18065969445524E-07,"tension":0.280412405729294,"bias":-0.0742752328515053,"continuity":0,"index":0,"pointType":5,"word":"rule 5.","text":{"x":-0.532085061073303,"y":0.235594838857651,"z":-1.18410063976171E-07,"font":2,"fontSize":48}},"p1":{"x":0.44047024846077,"y":0.129758760333061,"z":-1.18065969445524E-07,"tension":-0.00324956746771932,"bias":-0.292648583650589,"continuity":0,"index":1,"pointType":2,"word":"finish ","text":{"x":-0.551458716392517,"y":0.0433780699968338,"z":-1.18410063976171E-07,"font":3,"fontSize":160}},"p2":{"x":0.438331842422485,"y":-0.0430881083011627,"z":-1.18065969445524E-07,"tension":1,"bias":-0.20752178132534,"continuity":0,"index":2,"pointType":2,"word":"fast","text":{"x":-0.422954797744751,"y":-0.0987649261951447,"z":-1.18410063976171E-07,"font":3,"fontSize":162}},"p3":{"x":0.436287254095078,"y":0.393757522106171,"z":-1.18065969445524E-07,"tension":1,"bias":-0.100007139146328,"continuity":0,"index":3,"pointType":2,"word":"------","text":{"x":-0.535399079322815,"y":0.203104555606842,"z":-1.18410063976171E-07,"font":1,"fontSize":48}},"p4":{"x":0.445002555847168,"y":-0.173142895102501,"z":-1.18407747606852E-07,"tension":1,"bias":-0.104289330542088,"continuity":0,"index":4,"pointType":0,"word":"by","text":{"x":0.0088009238243103,"y":-0.0334664136171341,"z":-1.18407747606852E-07,"font":0,"fontSize":48}},"p5":{"x":0.576945424079895,"y":-0.309422075748444,"z":-1.18407747606852E-07,"tension":0,"bias":0,"continuity":0,"index":5,"pointType":2,"word":"pressing","text":{"x":0.071349024772644,"y":-0.0308744013309479,"z":-1.18407747606852E-07,"font":0,"fontSize":48}},"p6":{"x":0.944124162197113,"y":-0.398145318031311,"z":-1.18407747606852E-07,"tension":-0.664614796638489,"bias":0.0176666900515556,"continuity":0,"index":6,"pointType":2,"word":"as","text":{"x":0.00542217493057251,"y":-0.0820285081863403,"z":-1.18407747606852E-07,"font":0,"fontSize":48}},"p7":{"x":1.1993203163147,"y":-0.159079134464264,"z":-1.18407747606852E-07,"tension":0,"bias":0,"continuity":0,"index":7,"pointType":2,"word":"you","text":{"x":0.0671359300613403,"y":-0.083646833896637,"z":-1.18407747606852E-07,"font":0,"fontSize":48}},"p8":{"x":1.15396738052368,"y":0.122728504240513,"z":-1.18407747606852E-07,"tension":0,"bias":0,"continuity":0,"index":8,"pointType":0,"word":"hit","text":{"x":0.155926942825317,"y":-0.0855544880032539,"z":-1.18407747606852E-07,"font":0,"fontSize":48}},"p9":{"x":0.811357498168945,"y":0.397846758365631,"z":-1.18407747606852E-07,"tension":0,"bias":0,"continuity":0,"index":9,"pointType":2,"word":"each","text":{"x":0.00298190116882324,"y":-0.140841066837311,"z":-1.18407747606852E-07,"font":0,"fontSize":48}},"p10":{"x":0.296716302633286,"y":0.115643806755543,"z":-1.18407747606852E-07,"tension":-0.168552413582802,"bias":-0.304565817117691,"continuity":0,"index":10,"pointType":0,"word":"point","text":{"x":0.119992226362228,"y":-0.140600293874741,"z":-1.18407747606852E-07,"font":0,"fontSize":48}},"p11":{"x":-0.0669753924012184,"y":0.1739831417799,"z":-1.18407747606852E-07,"tension":-0.159252479672432,"bias":-0.0368973426520824,"continuity":0,"index":11,"pointType":2,"word":"","text":{"x":0.433024615049362,"y":0.1739831417799,"z":-1.18407747606852E-07,"font":0,"fontSize":48}},"p12":{"x":-0.137767478823662,"y":0.449103891849518,"z":-1.18407747606852E-07,"tension":0,"bias":0,"continuity":0,"index":12,"pointType":0,"word":"","text":{"x":0.362232506275177,"y":0.449103891849518,"z":-1.18407747606852E-07,"font":0,"fontSize":48}},"p13":{"x":0.0144543005153537,"y":0.702446401119232,"z":-1.18407747606852E-07,"tension":-0.995947301387787,"bias":-0.0475269928574562,"continuity":0,"index":13,"pointType":2,"word":"","text":{"x":0.514454305171967,"y":0.702446401119232,"z":-1.18407747606852E-07,"font":0,"fontSize":48}},"p14":{"x":0.316390097141266,"y":0.660336434841156,"z":-1.18179862340639E-07,"tension":0.126348480582237,"bias":-0.143262565135956,"continuity":0,"index":14,"pointType":0,"word":"","text":{"x":0.816390097141266,"y":0.660336434841156,"z":-1.18179862340639E-07,"font":0,"fontSize":48}},"p15":{"x":0.450048267841339,"y":-0.540202617645264,"z":-1.19209289550781E-07,"tension":0,"bias":0,"continuity":0,"index":15,"pointType":6,"word":"","text":{"x":0.950048267841339,"y":-0.540202617645264,"z":-1.19209289550781E-07,"font":0,"fontSize":48}},"splineCount":3,"spline0":{"closed":false,"numPoints":13,"lineTexture":0,"points":{"p0":0,"p1":3,"p2":1,"p3":2,"p4":4,"p5":5,"p6":6,"p7":7,"p8":8,"p9":9,"p10":10,"p11":11,"p12":12}},"spline1":{"closed":false,"numPoints":4,"lineTexture":0,"points":{"p0":12,"p1":13,"p2":14,"p3":1}},"spline2":{"closed":false,"numPoints":2,"lineTexture":0,"points":{"p0":4,"p1":15}}}