{"name":"Line1","pointCount":31,"p0":{"x":-0.530809879302979,"y":1.46549022197723,"z":0,"tension":0,"bias":0,"continuity":0,"index":0,"pointType":2,"word":"","text":{"x":-0.0308098793029785,"y":1.46549022197723,"z":0,"font":0,"fontSize":48}},"p1":{"x":1.93653249740601,"y":0.52590012550354,"z":0,"tension":0,"bias":0,"continuity":0,"index":1,"pointType":2,"word":"","text":{"x":2.43653249740601,"y":0.52590012550354,"z":0,"font":0,"fontSize":48}},"p2":{"x":2.0723557472229,"y":1.17472040653229,"z":0,"tension":-0.0999990701675415,"bias":-0.139999091625214,"continuity":-0.639999985694885,"index":2,"pointType":2,"word":"","text":{"x":2.5723557472229,"y":1.17472040653229,"z":0,"font":0,"fontSize":48}},"p3":{"x":2.18930959701538,"y":2.41516041755676,"z":0,"tension":-1,"bias":0.420001029968262,"continuity":-0.679999113082886,"index":3,"pointType":2,"word":"","text":{"x":2.68930959701538,"y":2.41516041755676,"z":0,"font":0,"fontSize":48}},"p4":{"x":4.3792781829834,"y":1.31435704231262,"z":0,"tension":0,"bias":0,"continuity":0,"index":4,"pointType":7,"word":"","text":{"x":4.8792781829834,"y":1.31435704231262,"z":0,"font":0,"fontSize":48}},"p5":{"x":-0.965633392333984,"y":1.16120195388794,"z":0,"tension":0,"bias":0,"continuity":0,"index":5,"pointType":6,"word":"","text":{"x":-0.465633392333984,"y":1.16120195388794,"z":0,"font":0,"fontSize":48}},"p6":{"x":-0.19370698928833,"y":1.55007779598236,"z":0,"tension":0,"bias":0,"continuity":0,"index":6,"pointType":2,"word":"","text":{"x":0.30629301071167,"y":1.55007779598236,"z":0,"font":0,"fontSize":48}},"p7":{"x":-0.314013957977295,"y":1.71397531032562,"z":0,"tension":0,"bias":0,"continuity":0,"index":7,"pointType":2,"word":"","text":{"x":0.185986042022705,"y":1.71397531032562,"z":0,"font":0,"fontSize":48}},"p8":{"x":-0.444329023361206,"y":1.6092689037323,"z":0,"tension":0,"bias":0,"continuity":0,"index":8,"pointType":2,"word":"","text":{"x":0.0556709766387939,"y":1.6092689037323,"z":0,"font":0,"fontSize":48}},"p9":{"x":0.0936441421508789,"y":0.601544857025146,"z":0,"tension":0,"bias":0,"continuity":0,"index":9,"pointType":2,"word":"","text":{"x":0.593644142150879,"y":0.601544857025146,"z":0,"font":0,"fontSize":48}},"p10":{"x":0.0511417388916016,"y":0.735048294067383,"z":0,"tension":0,"bias":0,"continuity":0,"index":10,"pointType":2,"word":"","text":{"x":0.551141738891602,"y":0.735048294067383,"z":0,"font":0,"fontSize":48}},"p11":{"x":-0.0163750648498535,"y":0.883662462234497,"z":0,"tension":0,"bias":0,"continuity":0,"index":11,"pointType":2,"word":"","text":{"x":0.483624935150146,"y":0.883662462234497,"z":0,"font":0,"fontSize":48}},"p12":{"x":-0.0217561721801758,"y":1.10077548027039,"z":0,"tension":0,"bias":0,"continuity":0,"index":12,"pointType":2,"word":"","text":{"x":0.478243827819824,"y":1.10077548027039,"z":0,"font":0,"fontSize":48}},"p13":{"x":-0.0472590923309326,"y":1.36906790733337,"z":0,"tension":0,"bias":0,"continuity":0,"index":13,"pointType":2,"word":"","text":{"x":0.452740907669067,"y":1.36906790733337,"z":0,"font":0,"fontSize":48}},"p14":{"x":1.09709882736206,"y":2.00805568695068,"z":0,"tension":0,"bias":-0.89999908208847,"continuity":0.100000977516174,"index":14,"pointType":2,"word":"","text":{"x":1.59709882736206,"y":2.00805568695068,"z":0,"font":0,"fontSize":48}},"p15":{"x":0.950238227844238,"y":1.65602219104767,"z":0,"tension":-0.219999074935913,"bias":0,"continuity":0.139999985694885,"index":15,"pointType":2,"word":"","text":{"x":1.45023822784424,"y":1.65602219104767,"z":0,"font":0,"fontSize":48}},"p16":{"x":0.720950126647949,"y":1.32784485816956,"z":0,"tension":0,"bias":0,"continuity":0,"index":16,"pointType":2,"word":"","text":{"x":1.22095012664795,"y":1.32784485816956,"z":0,"font":0,"fontSize":48}},"p17":{"x":0.513483047485352,"y":1.14601230621338,"z":0,"tension":0,"bias":0,"continuity":0,"index":17,"pointType":2,"word":"","text":{"x":1.01348304748535,"y":1.14601230621338,"z":0,"font":0,"fontSize":48}},"p18":{"x":0.259885787963867,"y":0.470382690429688,"z":0,"tension":0,"bias":0,"continuity":0,"index":18,"pointType":2,"word":"","text":{"x":0.759885787963867,"y":0.470382690429688,"z":0,"font":0,"fontSize":48}},"p19":{"x":1.394944190979,"y":1.7412177324295,"z":0,"tension":0,"bias":0,"continuity":0,"index":19,"pointType":2,"word":"","text":{"x":1.894944190979,"y":1.7412177324295,"z":0,"font":0,"fontSize":48}},"p20":{"x":1.3493447303772,"y":2.03646802902222,"z":0,"tension":0,"bias":0,"continuity":0,"index":20,"pointType":2,"word":"","text":{"x":1.8493447303772,"y":2.03646802902222,"z":0,"font":0,"fontSize":48}},"p21":{"x":1.08042669296265,"y":2.62553548812866,"z":0,"tension":0,"bias":-0.740000009536743,"continuity":0.480001091957092,"index":21,"pointType":2,"word":"","text":{"x":1.58042669296265,"y":2.62553548812866,"z":0,"font":0,"fontSize":48}},"p22":{"x":1.47652769088745,"y":1.33255863189697,"z":0,"tension":-0.779999077320099,"bias":-1,"continuity":-0.019999086856842,"index":22,"pointType":2,"word":"","text":{"x":1.97652769088745,"y":1.33255863189697,"z":0,"font":0,"fontSize":48}},"p23":{"x":2.24135828018188,"y":1.42895710468292,"z":0,"tension":-0.89999908208847,"bias":0.700000166893005,"continuity":0.420000195503235,"index":23,"pointType":2,"word":"","text":{"x":2.74135828018188,"y":1.42895710468292,"z":0,"font":0,"fontSize":48}},"p24":{"x":3.38932418823242,"y":0.342691540718079,"z":0,"tension":0,"bias":0,"continuity":0,"index":24,"pointType":2,"word":"","text":{"x":3.88932418823242,"y":0.342691540718079,"z":0,"font":0,"fontSize":48}},"p25":{"x":3.1338939666748,"y":0.436129570007324,"z":0,"tension":-1,"bias":0.380001068115234,"continuity":-1,"index":25,"pointType":2,"word":"","text":{"x":3.6338939666748,"y":0.436129570007324,"z":0,"font":0,"fontSize":48}},"p26":{"x":2.64604330062866,"y":1.33529222011566,"z":0,"tension":0,"bias":-0.459999084472656,"continuity":-0.599999070167542,"index":26,"pointType":2,"word":"","text":{"x":3.14604330062866,"y":1.33529222011566,"z":0,"font":0,"fontSize":48}},"p27":{"x":3.87132120132446,"y":1.46667551994324,"z":0,"tension":0,"bias":0,"continuity":0,"index":27,"pointType":2,"word":"","text":{"x":4.37132120132446,"y":1.46667551994324,"z":0,"font":0,"fontSize":48}},"p28":{"x":3.5250678062439,"y":2.07724261283875,"z":0,"tension":0,"bias":0,"continuity":0,"index":28,"pointType":2,"word":"","text":{"x":4.0250678062439,"y":2.07724261283875,"z":0,"font":0,"fontSize":48}},"p29":{"x":3.27450799942017,"y":1.33107471466064,"z":0,"tension":-0.279999077320099,"bias":-0.839999079704285,"continuity":-0.139999091625214,"index":29,"pointType":2,"word":"","text":{"x":3.77450799942017,"y":1.33107471466064,"z":0,"font":0,"fontSize":48}},"p30":{"x":1.71686410903931,"y":0.955030202865601,"z":0,"tension":-0.699999094009399,"bias":-0.739999055862427,"continuity":-0.819999098777771,"index":30,"pointType":2,"word":"","text":{"x":2.21686410903931,"y":0.955030202865601,"z":0,"font":0,"fontSize":48}},"splineCount":1,"unlockType":0,"speed":1,"acceleration":0.5,"maxSpeed":3,"time":1,"laps":1,"startSpeed":0.949999988079071,"text":"","title":"","forceOrder":false,"camera":{"lockX":true,"lockY":true,"lockZ":true,"x":1.77157127857208,"y":1.35580277442932,"z":-2,"setPos":true,"fixCam":false,"fov":97},"spline0":{"order":0,"closed":false,"numPoints":31,"type":0,"lineTexture":0,"lineWidth":1,"bidirectional":true,"speed":0,"points":{"p0":5,"p1":0,"p2":8,"p3":7,"p4":6,"p5":13,"p6":12,"p7":11,"p8":10,"p9":9,"p10":18,"p11":17,"p12":16,"p13":15,"p14":14,"p15":21,"p16":20,"p17":19,"p18":22,"p19":30,"p20":1,"p21":2,"p22":23,"p23":3,"p24":26,"p25":25,"p26":24,"p27":29,"p28":28,"p29":27,"p30":4}}}