{"name":"line1","pointCount":15,"p0":{"x":0.0605763718485832,"y":0.732570052146912,"z":-0.0534483194351196,"tension":0,"bias":0,"continuity":0,"index":0,"pointType":5,"word":"","text":{"x":0.560576379299164,"y":0.732570052146912,"z":-0.0534483194351196,"font":0,"fontSize":48}},"p1":{"x":0.0586223714053631,"y":0.474114418029785,"z":-0.0534483194351196,"tension":0,"bias":0,"continuity":0,"index":1,"pointType":2,"word":"","text":{"x":0.558622360229492,"y":0.474114418029785,"z":-0.0534483194351196,"font":0,"fontSize":48}},"p2":{"x":0.164345502853394,"y":-0.814517259597778,"z":-0.0534483194351196,"tension":0.567973077297211,"bias":0.090762622654438,"continuity":0,"index":2,"pointType":0,"word":"","text":{"x":0.664345502853394,"y":-0.814517259597778,"z":-0.0534483194351196,"font":0,"fontSize":48}},"p3":{"x":0.30183619260788,"y":-0.328154921531677,"z":-0.0534483194351196,"tension":-0.999921679496765,"bias":-0.00605077110230923,"continuity":0,"index":3,"pointType":2,"word":"self correcting","text":{"x":0.406609803438187,"y":-0.331895351409912,"z":-0.0534483194351196,"font":3,"fontSize":48}},"p4":{"x":0.0965960919857025,"y":-0.00671717151999474,"z":-0.0534483194351196,"tension":1,"bias":0.154640823602676,"continuity":0,"index":4,"pointType":2,"word":"compulsive","text":{"x":0.269824504852295,"y":-0.0133806616067886,"z":-0.0534483194351196,"font":3,"fontSize":48}},"p5":{"x":-0.14127716422081,"y":0.234416574239731,"z":-0.0534483194351196,"tension":-0.597555577754974,"bias":-0.00387600250542164,"continuity":0,"index":5,"pointType":2,"word":"curling","text":{"x":-0.0467362031340599,"y":0.240649446845055,"z":-0.0534483194351196,"font":3,"fontSize":48}},"p6":{"x":0.0168073438107967,"y":-0.946383357048035,"z":-0.0534483194351196,"tension":0.440557658672333,"bias":-0.105565927922726,"continuity":0,"index":6,"pointType":2,"word":"","text":{"x":0.516807317733765,"y":-0.946383357048035,"z":-0.0534483194351196,"font":0,"fontSize":48}},"p7":{"x":0.0485502034425735,"y":-2.08383679389954,"z":-0.0534483194351196,"tension":0,"bias":0,"continuity":0,"index":7,"pointType":2,"word":"a","text":{"x":0.0407863222062588,"y":-1.66685736179352,"z":-0.0534483194351196,"font":3,"fontSize":48}},"p8":{"x":0.309476733207703,"y":-1.78025591373444,"z":-0.0534483194351196,"tension":-0.999921679496765,"bias":-0.00605077110230923,"continuity":0,"index":8,"pointType":2,"word":"towards","text":{"x":0.0428370237350464,"y":-1.5458676815033,"z":-0.0534483194351196,"font":3,"fontSize":48}},"p9":{"x":0.0837299525737762,"y":-1.44651401042938,"z":-0.0534483194351196,"tension":1,"bias":0.154640823602676,"continuity":0,"index":9,"pointType":2,"word":"threatening","text":{"x":0.0387356206774712,"y":-1.3018364906311,"z":-0.0534483194351196,"font":3,"fontSize":48}},"p10":{"x":-0.154143303632736,"y":-1.20538032054901,"z":-0.0534483194351196,"tension":-0.597555577754974,"bias":-0.00387600250542164,"continuity":0,"index":10,"pointType":2,"word":"tightening","text":{"x":0.0346345156431198,"y":-1.19520092010498,"z":-0.0534483194351196,"font":3,"fontSize":48}},"p11":{"x":-0.240156829357147,"y":-1.87807822227478,"z":-0.0534483194351196,"tension":-0.853924751281738,"bias":0.000110759472590871,"continuity":0,"index":11,"pointType":2,"word":"short","text":{"x":0.0448876917362213,"y":-1.77349352836609,"z":-0.0534483194351196,"font":3,"fontSize":48}},"p12":{"x":-0.0658490359783173,"y":-1.61559069156647,"z":-0.0534483194351196,"tension":-0.999965608119965,"bias":0.0268111620098352,"continuity":0,"index":12,"pointType":2,"word":"circuit","text":{"x":0.0489890649914742,"y":-1.89653420448303,"z":-0.0534483194351196,"font":3,"fontSize":48}},"p13":{"x":0.135117828845978,"y":-1.82886183261871,"z":-0.0534483194351196,"tension":0,"bias":0,"continuity":0,"index":13,"pointType":2,"word":"","text":{"x":0.635117828845978,"y":-1.82886183261871,"z":-0.0534483194351196,"font":0,"fontSize":48}},"p14":{"x":0.139218926429749,"y":-2.43996453285217,"z":-0.0534483194351196,"tension":0,"bias":0,"continuity":0,"index":14,"pointType":0,"word":"","text":{"x":0.639218926429749,"y":-2.43996453285217,"z":-0.0534483194351196,"font":0,"fontSize":48}},"fixedCamera":false,"fov":40,"splineCount":2,"spline0":{"closed":false,"numPoints":7,"lineTexture":0,"points":{"p0":0,"p1":1,"p2":5,"p3":4,"p4":3,"p5":2,"p6":6}},"spline1":{"closed":false,"numPoints":9,"lineTexture":0,"points":{"p0":6,"p1":10,"p2":9,"p3":8,"p4":7,"p5":11,"p6":12,"p7":13,"p8":14}}}