{"name":"Line3","pointCount":48,"p0":{"x":-0.530809879302979,"y":1.46549022197723,"z":0,"tension":0,"bias":0,"continuity":0,"index":0,"pointType":2,"word":"","text":{"x":-0.0308098793029785,"y":1.46549022197723,"z":0,"font":0,"fontSize":48}},"p1":{"x":2.38540029525757,"y":0.870760321617126,"z":0,"tension":0,"bias":0,"continuity":0,"index":1,"pointType":2,"word":"","text":{"x":2.88540029525757,"y":0.870760321617126,"z":0,"font":0,"fontSize":48}},"p2":{"x":2.0723557472229,"y":1.17472040653229,"z":0,"tension":-0.0999990701675415,"bias":-0.139999091625214,"continuity":-0.639999985694885,"index":2,"pointType":2,"word":"","text":{"x":2.5723557472229,"y":1.17472040653229,"z":0,"font":0,"fontSize":48}},"p3":{"x":1.96850633621216,"y":2.38257551193237,"z":0,"tension":-1,"bias":-0.779999077320099,"continuity":0.200001001358032,"index":3,"pointType":2,"word":"","text":{"x":2.46850633621216,"y":2.38257551193237,"z":0,"font":0,"fontSize":48}},"p4":{"x":4.3792781829834,"y":1.31435704231262,"z":0,"tension":0,"bias":0,"continuity":0,"index":4,"pointType":7,"word":"","text":{"x":4.8792781829834,"y":1.31435704231262,"z":0,"font":0,"fontSize":48}},"p5":{"x":-0.971183776855469,"y":1.35553014278412,"z":0,"tension":0,"bias":0,"continuity":0,"index":5,"pointType":6,"word":"","text":{"x":-0.471183776855469,"y":1.35553014278412,"z":0,"font":0,"fontSize":48}},"p6":{"x":0.154601573944092,"y":1.36911571025848,"z":0,"tension":0,"bias":0,"continuity":0,"index":6,"pointType":2,"word":"","text":{"x":0.654601573944092,"y":1.36911571025848,"z":0,"font":0,"fontSize":48}},"p7":{"x":-0.343035697937012,"y":2.00933933258057,"z":0,"tension":0,"bias":0,"continuity":0,"index":7,"pointType":2,"word":"","text":{"x":0.156964302062988,"y":2.00933933258057,"z":0,"font":0,"fontSize":48}},"p8":{"x":-0.43237566947937,"y":1.81244003772736,"z":0,"tension":0,"bias":-0.939999103546143,"continuity":-0.759999096393585,"index":8,"pointType":2,"word":"","text":{"x":0.0676243305206299,"y":1.81244003772736,"z":0,"font":0,"fontSize":48}},"p9":{"x":0.312483787536621,"y":0.321920156478882,"z":0,"tension":0,"bias":0,"continuity":0,"index":9,"pointType":2,"word":"","text":{"x":0.812483787536621,"y":0.321920156478882,"z":0,"font":0,"fontSize":48}},"p10":{"x":0.152456283569336,"y":0.39463210105896,"z":0,"tension":0,"bias":0,"continuity":0,"index":10,"pointType":2,"word":"","text":{"x":0.652456283569336,"y":0.39463210105896,"z":0,"font":0,"fontSize":48}},"p11":{"x":0.188280582427979,"y":0.642527937889099,"z":0,"tension":0,"bias":0,"continuity":0,"index":11,"pointType":2,"word":"","text":{"x":0.688280582427979,"y":0.642527937889099,"z":0,"font":0,"fontSize":48}},"p12":{"x":0.105996370315552,"y":0.900054335594177,"z":0,"tension":0,"bias":0,"continuity":0,"index":12,"pointType":2,"word":"","text":{"x":0.605996370315552,"y":0.900054335594177,"z":0,"font":0,"fontSize":48}},"p13":{"x":0.14232063293457,"y":1.22549772262573,"z":0,"tension":0,"bias":0,"continuity":0,"index":13,"pointType":2,"word":"","text":{"x":0.64232063293457,"y":1.22549772262573,"z":0,"font":0,"fontSize":48}},"p14":{"x":0.888103008270264,"y":2.13387227058411,"z":0,"tension":0,"bias":-0.89999908208847,"continuity":0.100000977516174,"index":14,"pointType":2,"word":"","text":{"x":1.38810300827026,"y":2.13387227058411,"z":0,"font":0,"fontSize":48}},"p15":{"x":0.966029644012451,"y":1.93416678905487,"z":0,"tension":-0.219999074935913,"bias":0,"continuity":-0.659999072551727,"index":15,"pointType":2,"word":"","text":{"x":1.46602964401245,"y":1.93416678905487,"z":0,"font":0,"fontSize":48}},"p16":{"x":0.970016479492188,"y":1.60428059101105,"z":0,"tension":0,"bias":0,"continuity":0,"index":16,"pointType":2,"word":"","text":{"x":1.47001647949219,"y":1.60428059101105,"z":0,"font":0,"fontSize":48}},"p17":{"x":0.519561767578125,"y":0.572571396827698,"z":0,"tension":0,"bias":0,"continuity":0,"index":17,"pointType":2,"word":"","text":{"x":1.01956176757813,"y":0.572571396827698,"z":0,"font":0,"fontSize":48}},"p18":{"x":0.492910385131836,"y":0.0874056816101074,"z":0,"tension":0,"bias":0,"continuity":0,"index":18,"pointType":2,"word":"","text":{"x":0.992910385131836,"y":0.0874056816101074,"z":0,"font":0,"fontSize":48}},"p19":{"x":1.15180253982544,"y":2.26353454589844,"z":0,"tension":-0.639999091625214,"bias":0,"continuity":0,"index":19,"pointType":2,"word":"","text":{"x":1.65180253982544,"y":2.26353454589844,"z":0,"font":0,"fontSize":48}},"p20":{"x":0.925282001495361,"y":2.81054615974426,"z":0,"tension":0,"bias":0,"continuity":0,"index":20,"pointType":2,"word":"","text":{"x":1.42528200149536,"y":2.81054615974426,"z":0,"font":0,"fontSize":48}},"p21":{"x":0.760355472564697,"y":2.41588854789734,"z":0,"tension":0,"bias":-0.740000009536743,"continuity":0.480001091957092,"index":21,"pointType":2,"word":"","text":{"x":1.2603554725647,"y":2.41588854789734,"z":0,"font":0,"fontSize":48}},"p22":{"x":1.88159608840942,"y":0.678426504135132,"z":0,"tension":-0.779999077320099,"bias":-1,"continuity":-0.019999086856842,"index":22,"pointType":2,"word":"","text":{"x":2.38159608840942,"y":0.678426504135132,"z":0,"font":0,"fontSize":48}},"p23":{"x":1.84159517288208,"y":1.8231680393219,"z":0,"tension":-0.89999908208847,"bias":0.700000166893005,"continuity":0.420000195503235,"index":23,"pointType":2,"word":"","text":{"x":2.34159517288208,"y":1.8231680393219,"z":0,"font":0,"fontSize":48}},"p24":{"x":3.38932418823242,"y":0.342691540718079,"z":0,"tension":0,"bias":0,"continuity":0,"index":24,"pointType":2,"word":"","text":{"x":3.88932418823242,"y":0.342691540718079,"z":0,"font":0,"fontSize":48}},"p25":{"x":3.1189398765564,"y":0.86981463432312,"z":0,"tension":-1,"bias":0.380001068115234,"continuity":-1,"index":25,"pointType":2,"word":"","text":{"x":3.6189398765564,"y":0.86981463432312,"z":0,"font":0,"fontSize":48}},"p26":{"x":2.29625463485718,"y":2.63450193405151,"z":0,"tension":0,"bias":-0.459999084472656,"continuity":-0.599999070167542,"index":26,"pointType":2,"word":"","text":{"x":2.79625463485718,"y":2.63450193405151,"z":0,"font":0,"fontSize":48}},"p27":{"x":3.97126626968384,"y":1.2779016494751,"z":0,"tension":0,"bias":0,"continuity":0,"index":27,"pointType":2,"word":"","text":{"x":4.47126626968384,"y":1.2779016494751,"z":0,"font":0,"fontSize":48}},"p28":{"x":3.46954202651978,"y":1.57754838466644,"z":0,"tension":0,"bias":0,"continuity":0,"index":28,"pointType":2,"word":"","text":{"x":3.96954202651978,"y":1.57754838466644,"z":0,"font":0,"fontSize":48}},"p29":{"x":3.27450799942017,"y":1.33107471466064,"z":0,"tension":-0.279999077320099,"bias":-0.839999079704285,"continuity":-0.139999091625214,"index":29,"pointType":2,"word":"","text":{"x":3.77450799942017,"y":1.33107471466064,"z":0,"font":0,"fontSize":48}},"p30":{"x":2.16846990585327,"y":0.424055337905884,"z":0,"tension":-0.699999094009399,"bias":-0.739999055862427,"continuity":-0.819999098777771,"index":30,"pointType":2,"word":"","text":{"x":2.66846990585327,"y":0.424055337905884,"z":0,"font":0,"fontSize":48}},"p31":{"x":0.0394978523254395,"y":1.45747172832489,"z":0,"tension":0,"bias":0,"continuity":0,"index":31,"pointType":2,"word":"","text":{"x":0.539497852325439,"y":1.45747172832489,"z":0,"font":0,"fontSize":48}},"p32":{"x":-0.060884952545166,"y":1.6101713180542,"z":0,"tension":-0.959999144077301,"bias":-1,"continuity":-1,"index":32,"pointType":2,"word":"","text":{"x":0.439115047454834,"y":1.6101713180542,"z":0,"font":0,"fontSize":48}},"p33":{"x":-0.141901969909668,"y":1.98348832130432,"z":0,"tension":0,"bias":0,"continuity":0,"index":33,"pointType":2,"word":"","text":{"x":0.358098030090332,"y":1.98348832130432,"z":0,"font":0,"fontSize":48}},"p34":{"x":-0.253785610198975,"y":2.15181398391724,"z":0,"tension":0,"bias":0,"continuity":0,"index":34,"pointType":2,"word":"","text":{"x":0.246214389801025,"y":2.15181398391724,"z":0,"font":0,"fontSize":48}},"p35":{"x":0.979349613189697,"y":1.20623910427094,"z":0,"tension":0,"bias":0,"continuity":0,"index":35,"pointType":2,"word":"","text":{"x":1.4793496131897,"y":1.20623910427094,"z":0,"font":0,