{"name":"Line3","pointCount":23,"p0":{"x":0,"y":0,"z":0,"tension":1,"bias":0,"continuity":0,"index":0,"pointType":6,"word":"","text":{"x":0.5,"y":0,"z":0,"font":0,"fontSize":48}},"p1":{"x":0.699999809265137,"y":-0.000522375106811523,"z":0,"tension":-0.679999709129334,"bias":0,"continuity":0,"index":1,"pointType":2,"word":"","text":{"x":1.19999980926514,"y":-0.000522375106811523,"z":0,"font":0,"fontSize":48}},"p2":{"x":0.863826751708984,"y":-0.499212265014648,"z":0,"tension":-0.679999709129334,"bias":0,"continuity":0,"index":2,"pointType":2,"word":"","text":{"x":1.36382675170898,"y":-0.499212265014648,"z":0,"font":0,"fontSize":48}},"p3":{"x":0.564149856567383,"y":-0.517185211181641,"z":0,"tension":-0.679999709129334,"bias":0,"continuity":0,"index":3,"pointType":2,"word":"","text":{"x":1.06414985656738,"y":-0.517185211181641,"z":0,"font":0,"fontSize":48}},"p4":{"x":0.7184739112854,"y":-1.01509475708008,"z":0,"tension":-0.679999709129334,"bias":0,"continuity":0,"index":4,"pointType":2,"word":"","text":{"x":1.2184739112854,"y":-1.01509475708008,"z":0,"font":0,"fontSize":48}},"p5":{"x":0.427296161651611,"y":-0.921582221984863,"z":0,"tension":-0.679999709129334,"bias":0,"continuity":0,"index":5,"pointType":2,"word":"","text":{"x":0.927296161651611,"y":-0.921582221984863,"z":0,"font":0,"fontSize":48}},"p6":{"x":0.836972713470459,"y":-0.467670440673828,"z":0,"tension":-0.679999709129334,"bias":0,"continuity":0,"index":6,"pointType":2,"word":"","text":{"x":1.33697271347046,"y":-0.467670440673828,"z":0,"font":0,"fontSize":48}},"p7":{"x":1.47551584243774,"y":-0.707836389541626,"z":0,"tension":-0.679999709129334,"bias":0,"continuity":0,"index":7,"pointType":2,"word":"","text":{"x":1.97551584243774,"y":-0.707836389541626,"z":0,"font":0,"fontSize":48}},"p8":{"x":1.43680429458618,"y":-1.14717292785645,"z":0,"tension":-0.679999709129334,"bias":0,"continuity":0,"index":8,"pointType":2,"word":"","text":{"x":1.93680429458618,"y":-1.14717292785645,"z":0,"font":0,"fontSize":48}},"p9":{"x":1.16791915893555,"y":-0.973545074462891,"z":0,"tension":-0.679999709129334,"bias":0,"continuity":0,"index":9,"pointType":2,"word":"","text":{"x":1.66791915893555,"y":-0.973545074462891,"z":0,"font":0,"fontSize":48}},"p10":{"x":1.58792638778687,"y":-0.524549722671509,"z":0,"tension":-0.679999709129334,"bias":0,"continuity":0,"index":10,"pointType":2,"word":"","text":{"x":2.08792638778687,"y":-0.524549722671509,"z":0,"font":0,"fontSize":48}},"p11":{"x":1.39226722717285,"y":-0.218847751617432,"z":0,"tension":-0.679999709129334,"bias":0,"continuity":0,"index":11,"pointType":2,"word":"","text":{"x":1.89226722717285,"y":-0.218847751617432,"z":0,"font":0,"fontSize":48}},"p12":{"x":1.40721130371094,"y":-0.683341503143311,"z":0,"tension":-0.679999709129334,"bias":0,"continuity":0,"index":12,"pointType":2,"word":"","text":{"x":1.90721130371094,"y":-0.683341503143311,"z":0,"font":0,"fontSize":48}},"p13":{"x":1.16209268569946,"y":-0.455593109130859,"z":0,"tension":-0.679999709129334,"bias":0,"continuity":0,"index":13,"pointType":2,"word":"","text":{"x":1.66209268569946,"y":-0.455593109130859,"z":0,"font":0,"fontSize":48}},"p14":{"x":1.53893899917603,"y":0.0120875835418701,"z":0,"tension":-0.679999709129334,"bias":0,"continuity":0,"index":14,"pointType":2,"word":"","text":{"x":2.03893899917603,"y":0.0120875835418701,"z":0,"font":0,"fontSize":48}},"p15":{"x":1.25980281829834,"y":0.155014753341675,"z":0,"tension":-0.679999709129334,"bias":0,"continuity":0,"index":15,"pointType":2,"word":"","text":{"x":1.75980281829834,"y":0.155014753341675,"z":0,"font":0,"fontSize":48}},"p16":{"x":1.3226056098938,"y":-0.325793981552124,"z":0,"tension":-0.679999709129334,"bias":0,"continuity":0,"index":16,"pointType":2,"word":"","text":{"x":1.8226056098938,"y":-0.325793981552124,"z":0,"font":0,"fontSize":48}},"p17":{"x":1.02304458618164,"y":-0.304842472076416,"z":0,"tension":-0.679999709129334,"bias":0,"continuity":0,"index":17,"pointType":2,"word":"","text":{"x":1.52304458618164,"y":-0.304842472076416,"z":0,"font":0,"fontSize":48}},"p18":{"x":1.0794358253479,"y":-0.783775329589844,"z":0,"tension":-0.89999908208847,"bias":0,"continuity":0,"index":18,"pointType":2,"word":"","text":{"x":1.5794358253479,"y":-0.783775329589844,"z":0,"font":0,"fontSize":48}},"p19":{"x":0.817859172821045,"y":-0.591559171676636,"z":0,"tension":0,"bias":0,"continuity":0,"index":19,"pointType":2,"word":"","text":{"x":1.31785917282104,"y":-0.591559171676636,"z":0,"font":0,"fontSize":48}},"p20":{"x":1.56417989730835,"y":-0.302843570709229,"z":0,"tension":0,"bias":0,"continuity":0,"index":20,"pointType":2,"word":"","text":{"x":2.06417989730835,"y":-0.302843570709229,"z":0,"font":0,"fontSize":48}},"p21":{"x":0.733861923217773,"y":-0.876594305038452,"z":0,"tension":0,"bias":0,"continuity":0,"index":21,"pointType":2,"word":"","text":{"x":1.23386192321777,"y":-0.876594305038452,"z":0,"font":0,"fontSize":48}},"p22":{"x":2.50196027755737,"y":-0.170409679412842,"z":0,"tension":0,"bias":0,"continuity":0,"index":22,"pointType":6,"word":"","text":{"x":3.00196027755737,"y":-0.170409679412842,"z":0,"font":0,"fontSize":48}},"splineCount":1,"unlockType":0,"speed":1,"acceleration":1,"maxSpeed":10,"time":1,"laps":1,"startSpeed":1,"text":"","title":"","forceOrder":false,"camera":{"lockX":true,"lockY":true,"lockZ":true,"x":1.25093638896942,"y":-0.496079087257385,"z":-2,"setPos":true,"fixCam":false,"fov":63},"spline0":{"order":0,"closed":false,"numPoints":23,"type":0,"lineTexture":0,"lineWidth":1,"bidirectional":true,"speed":0,"points":{"p0":0,"p1":1,"p2":2,"p3":3,"p4":4,"p5":5,"p6":6,"p7":7,"p8":8,"p9":9,"p10":10,"p11":11,"p12":12,"p13":13,"p14":14,"p15":15,"p16":16,"p17":17,"p18":18,"p19":21,"p20":19,"p21":20,"p22":22}}}