{"name":"Line3","pointCount":58,"p0":{"x":-0.641159534454346,"y":1.38548827171326,"z":0,"tension":-1,"bias":-0.859999060630798,"continuity":-0.559999108314514,"index":0,"pointType":2,"word":"","text":{"x":-0.141159534454346,"y":1.38548827171326,"z":0,"font":0,"fontSize":48}},"p1":{"x":2.38540029525757,"y":0.870760321617126,"z":0,"tension":-1,"bias":-0.859999060630798,"continuity":-0.559999108314514,"index":1,"pointType":2,"word":"","text":{"x":2.88540029525757,"y":0.870760321617126,"z":0,"font":0,"fontSize":48}},"p2":{"x":2.0723557472229,"y":1.17472040653229,"z":0,"tension":-1,"bias":-0.859999060630798,"continuity":-0.559999108314514,"index":2,"pointType":2,"word":"","text":{"x":2.5723557472229,"y":1.17472040653229,"z":0,"font":0,"fontSize":48}},"p3":{"x":2.63079118728638,"y":3.28680348396301,"z":0,"tension":-0.279999077320099,"bias":0.740001082420349,"continuity":-0.699999094009399,"index":3,"pointType":2,"word":"","text":{"x":3.13079118728638,"y":3.28680348396301,"z":0,"font":0,"fontSize":48}},"p4":{"x":4.97053956985474,"y":1.28508365154266,"z":0,"tension":1,"bias":-0.159999072551727,"continuity":1,"index":4,"pointType":7,"word":"","text":{"x":5.47053956985474,"y":1.28508365154266,"z":0,"font":0,"fontSize":48}},"p5":{"x":-0.971183776855469,"y":1.35553014278412,"z":0,"tension":-1,"bias":-0.859999060630798,"continuity":-0.559999108314514,"index":5,"pointType":6,"word":"","text":{"x":-0.471183776855469,"y":1.35553014278412,"z":0,"font":0,"fontSize":48}},"p6":{"x":0.154601573944092,"y":1.36911571025848,"z":0,"tension":1,"bias":-0.859999060630798,"continuity":0.260000944137573,"index":6,"pointType":2,"word":"","text":{"x":0.654601573944092,"y":1.36911571025848,"z":0,"font":0,"fontSize":48}},"p7":{"x":-0.343035697937012,"y":2.00933933258057,"z":0,"tension":-1,"bias":-0.859999060630798,"continuity":-0.559999108314514,"index":7,"pointType":2,"word":"","text":{"x":0.156964302062988,"y":2.00933933258057,"z":0,"font":0,"fontSize":48}},"p8":{"x":-0.43237566947937,"y":1.81244003772736,"z":0,"tension":-1,"bias":-0.859999060630798,"continuity":-0.559999108314514,"index":8,"pointType":2,"word":"","text":{"x":0.0676243305206299,"y":1.81244003772736,"z":0,"font":0,"fontSize":48}},"p9":{"x":0.312483787536621,"y":0.321920156478882,"z":0,"tension":-1,"bias":-0.859999060630798,"continuity":-0.559999108314514,"index":9,"pointType":2,"word":"","text":{"x":0.812483787536621,"y":0.321920156478882,"z":0,"font":0,"fontSize":48}},"p10":{"x":0.152456283569336,"y":0.39463210105896,"z":0,"tension":-1,"bias":-0.859999060630798,"continuity":-0.559999108314514,"index":10,"pointType":2,"word":"","text":{"x":0.652456283569336,"y":0.39463210105896,"z":0,"font":0,"fontSize":48}},"p11":{"x":0.188280582427979,"y":0.642527937889099,"z":0,"tension":-1,"bias":-0.859999060630798,"continuity":-0.559999108314514,"index":11,"pointType":2,"word":"","text":{"x":0.688280582427979,"y":0.642527937889099,"z":0,"font":0,"fontSize":48}},"p12":{"x":0.105996370315552,"y":0.900054335594177,"z":0,"tension":-1,"bias":-0.859999060630798,"continuity":-0.559999108314514,"index":12,"pointType":2,"word":"","text":{"x":0.605996370315552,"y":0.900054335594177,"z":0,"font":0,"fontSize":48}},"p13":{"x":0.14232063293457,"y":1.22549772262573,"z":0,"tension":0.140000939369202,"bias":-0.859999060630798,"continuity":-0.559999108314514,"index":13,"pointType":2,"word":"","text":{"x":0.64232063293457,"y":1.22549772262573,"z":0,"font":0,"fontSize":48}},"p14":{"x":0.888103008270264,"y":2.13387227058411,"z":0,"tension":-1,"bias":-0.859999060630798,"continuity":-0.559999108314514,"index":14,"pointType":2,"word":"","text":{"x":1.38810300827026,"y":2.13387227058411,"z":0,"font":0,"fontSize":48}},"p15":{"x":0.975994110107422,"y":1.80954825878143,"z":0,"tension":1,"bias":0.260000944137573,"continuity":0.600001096725464,"index":15,"pointType":2,"word":"","text":{"x":1.47599411010742,"y":1.80954825878143,"z":0,"font":0,"fontSize":48}},"p16":{"x":0.970016479492188,"y":1.60428059101105,"z":0,"tension":-1,"bias":-0.859999060630798,"continuity":-0.559999108314514,"index":16,"pointType":2,"word":"","text":{"x":1.47001647949219,"y":1.60428059101105,"z":0,"font":0,"fontSize":48}},"p17":{"x":0.519561767578125,"y":0.572571396827698,"z":0,"tension":-1,"bias":-0.859999060630798,"continuity":-0.559999108314514,"index":17,"pointType":2,"word":"","text":{"x":1.01956176757813,"y":0.572571396827698,"z":0,"font":0,"fontSize":48}},"p18":{"x":0.492910385131836,"y":0.0874056816101074,"z":0,"tension":-1,"bias":-0.859999060630798,"continuity":-0.559999108314514,"index":18,"pointType":2,"word":"","text":{"x":0.992910385131836,"y":0.0874056816101074,"z":0,"font":0,"fontSize":48}},"p19":{"x":1.15180253982544,"y":2.26353454589844,"z":0,"tension":-1,"bias":-0.859999060630798,"continuity":-0.559999108314514,"index":19,"pointType":2,"word":"","text":{"x":1.65180253982544,"y":2.26353454589844,"z":0,"font":0,"fontSize":48}},"p20":{"x":0.925282001495361,"y":2.81054615974426,"z":0,"tension":-1,"bias":-0.859999060630798,"continuity":-0.559999108314514,"index":20,"pointType":2,"word":"","text":{"x":1.42528200149536,"y":2.81054615974426,"z":0,"font":0,"fontSize":48}},"p21":{"x":0.760355472564697,"y":2.41588854789734,"z":0,"tension":-1,"bias":-0.859999060630798,"continuity":-0.559999108314514,"index":21,"pointType":2,"word":"","text":{"x":1.2603554725647,"y":2.41588854789734,"z":0,"font":0,"fontSize":48}},"p22":{"x":1.88159608840942,"y":0.678426504135132,"z":0,"tension":-1,"bias":-0.859999060630798,"continuity":-0.559999108314514,"index":22,"pointType":2,"word":"","text":{"x":2.38159608840942,"y":0.678426504135132,"z":0,"font":0,"fontSize":48}},"p23":{"x":2.15385961532593,"y":1.58823621273041,"z":0,"tension":1,"bias":1,"continuity":0.820001125335693,"index":23,"pointType":2,"word":"","text":{"x":2.65385961532593,"y":1.58823621273041,"z":0,"font":0,"fontSize":48}},"p24":{"x":3.44908761978149,"y":0.273433685302734,"z":0,"tension":-1,"bias":-0.859999060630798,"continuity":-0.559999108314514,"index":24,"pointType":2,"word":"","text":{"x":3.94908761978149,"y":0.273433685302734,"z":0,"font":0,"fontSize":48}},"p25":{"x":3.21364545822144,"y":0.783993721008301,"z":0,"tension":-1,"bias":-0.859999060630798,"continuity":-0.559999108314514,"index":25,"pointType":2,"word":"","text":{"x":3.71364545822144,"y":0.783993721008301,"z":0,"font":0,"fontSize":48}},"p26":{"x":3.16698884963989,"y":2.36631488800049,"z":0,"tension":-1,"bias":-0.859999060630798,"continuity":-0.559999108314514,"index":26,"pointType":2,"word":"","text":{"x":3.66698884963989,"y":2.36631488800049,"z":0,"font":0,"fontSize":48}},"p27":{"x":4.49399614334106,"y":1.28740012645721,"z":0,"tension":-1,"bias":-0.859999060630798,"continuity":-0.559999108314514,"index":27,"pointType":2,"word":"","text":{"x":4.99399614334106,"y":1.28740012645721,"z":0,"font":0,"fontSize":48}},"p28":{"x":3.7483925819397,"y":1.9493510723114,"z":0,"tension":-1,"bias":-0.859999060630798,"continuity":-0.559999108314514,"index":28,"pointType":2,"word":"","text":{"x":4.2483925819397,"y":1.9493510723114,"z":0,"font":0,"fontSize":48}},"p29":{"x":3.64447498321533,"y":1.07423102855682,"z":0,"tension":-1,"bias":-0.859999060630798,"continuity":-0.559999108314514,"index":29,"pointType":2,"word":"","text":{"x":4.14447498321533,"y":1.07423102855682,"z":0,"font":0,"fontSize":48}},"p30":{"x":2.16846990585327,"y":0.424055337905884,"z":0,"tension":-1,"bias":-0.859999060630798,"continuity":-0.559999108314514,"index":30,"pointType":2,"word":"","text":{"x":2.66846990585327,"y":0.424055337905884,"z":0,"font":0,"fontSize":48}},"p31":{"x":0.0394978523254395,"y":1.45747172832489,"z":0,"tension":-1,"bias":-0.859999060630798,"continuity":-0.559999108314514,"index":31,"pointType":2,"word":"","text":{"x":0.539497852325439,"y":1.45747172832489,"z":0,"font":0,"fontSize":48}},"p32":{"x":-0.060884952545166,"y":1.6101713180542,"z":0,"tension":-1,"bias":-0.859999060630798,"continuity":-0.559999108314514,"index":32,"pointType":2,"word":"","text":{"x":0.439115047454834,