{"name":"line2","pointCount":15,"p0":{"x":-0.211102813482285,"y":0.649468123912811,"z":-0.0534483194351196,"tension":0,"bias":0,"continuity":0,"index":0,"pointType":5,"word":"","text":{"x":0.0699995756149292,"y":0.582259118556976,"z":-1.19209289550781E-07,"font":3,"fontSize":48}},"p1":{"x":0.0618186108767986,"y":0.466123908758163,"z":-0.0534483194351196,"tension":0,"bias":0,"continuity":0,"index":1,"pointType":2,"word":"shape","text":{"x":0.127531751990318,"y":0.526325166225433,"z":-1.19209289550781E-07,"font":3,"fontSize":48}},"p2":{"x":0.0490781739354134,"y":-0.0759834200143814,"z":-1.19209289550781E-07,"tension":-0.783058822154999,"bias":-0.00799530278891325,"continuity":0,"index":2,"pointType":2,"word":"need","text":{"x":0.133924245834351,"y":0.363317430019379,"z":-1.19209289550781E-07,"font":3,"fontSize":48}},"p3":{"x":-0.201836794614792,"y":0.0142743438482285,"z":-1.19209289550781E-07,"tension":0,"bias":0,"continuity":0,"index":3,"pointType":2,"word":"","text":{"x":0.298163205385208,"y":0.0142743438482285,"z":-1.19209289550781E-07,"font":0,"fontSize":48}},"p4":{"x":-0.0875797867774963,"y":0.194680139422417,"z":-1.19209289550781E-07,"tension":0,"bias":0,"continuity":0,"index":4,"pointType":2,"word":"","text":{"x":-0.0699271261692047,"y":0.172811806201935,"z":-1.19209289550781E-07,"font":3,"fontSize":48}},"p5":{"x":0.0302796997129917,"y":0.114906162023544,"z":-1.19209289550781E-07,"tension":0,"bias":0,"continuity":0,"index":5,"pointType":2,"word":"","text":{"x":0.0051843523979187,"y":0.115279629826546,"z":-1.19209289550781E-07,"font":3,"fontSize":48}},"p6":{"x":-0.0454851686954498,"y":0.0222923904657364,"z":-1.19209289550781E-07,"tension":0,"bias":0,"continuity":0,"index":6,"pointType":2,"word":"","text":{"x":0.0051843523979187,"y":0.115279629826546,"z":-1.19209289550781E-07,"font":3,"fontSize":48}},"p7":{"x":-0.123661071062088,"y":0.0643871128559113,"z":-1.19209289550781E-07,"tension":0,"bias":0,"continuity":0,"index":7,"pointType":2,"word":"","text":{"x":0.376338928937912,"y":0.0643871128559113,"z":-1.19209289550781E-07,"font":0,"fontSize":48}},"p8":{"x":-0.0575122386217117,"y":0.120513275265694,"z":-1.19209289550781E-07,"tension":0,"bias":0,"continuity":0,"index":8,"pointType":2,"word":"","text":{"x":0.442487776279449,"y":0.120513275265694,"z":-1.19209289550781E-07,"font":0,"fontSize":48}},"p9":{"x":0.0567447170615196,"y":0.00826084613800049,"z":-1.19209289550781E-07,"tension":0,"bias":0,"continuity":0,"index":9,"pointType":2,"word":"","text":{"x":0.15310150384903,"y":-0.00105279684066772,"z":-1.19209289550781E-07,"font":3,"fontSize":48}},"p10":{"x":-0.0695392340421677,"y":-0.230275630950928,"z":-1.19209289550781E-07,"tension":-0.973324358463287,"bias":0.59354567527771,"continuity":0,"index":10,"pointType":2,"word":"","text":{"x":-0.0859081447124481,"y":-0.215530067682266,"z":-1.19209289550781E-07,"font":3,"fontSize":48}},"p11":{"x":-0.28426319360733,"y":-0.124470539391041,"z":-1.19209289550781E-07,"tension":-0.0752560198307037,"bias":0.00605116644874215,"continuity":0,"index":11,"pointType":2,"word":"","text":{"x":0.21573680639267,"y":-0.124470539391041,"z":-1.19209289550781E-07,"font":0,"fontSize":48}},"p12":{"x":-0.32010281085968,"y":0.0751400142908096,"z":-1.19209289550781E-07,"tension":0,"bias":0,"continuity":0,"index":12,"pointType":2,"word":"","text":{"x":0.17989718914032,"y":0.0751400142908096,"z":-1.19209289550781E-07,"font":0,"fontSize":48}},"p13":{"x":-0.23591348528862,"y":0.219953298568726,"z":-1.19209289550781E-07,"tension":0,"bias":0,"continuity":0,"index":13,"pointType":6,"word":"","text":{"x":0.26408651471138,"y":0.219953298568726,"z":-1.19209289550781E-07,"font":0,"fontSize":48}},"p14":{"x":0.0881881639361382,"y":0.177970111370087,"z":-0.0267242193222046,"tension":0.105516701936722,"bias":0.0557547770440578,"continuity":0,"index":14,"pointType":2,"word":"of","text":{"x":0.129129886627197,"y":0.43842875957489,"z":-1.19209289550781E-07,"font":3,"fontSize":32}},"fixedCamera":false,"fov":40,"splineCount":2,"unlockType":0,"score":1,"spline0":{"closed":false,"numPoints":13,"lineTexture":0,"points":{"p0":0,"p1":1,"p2":14,"p3":2,"p4":3,"p5":4,"p6":5,"p7":6,"p8":7,"p9":8,"p10":9,"p11":10,"p12":11}},"spline1":{"closed":false,"numPoints":4,"lineTexture":0,"points":{"p0":11,"p1":12,"p2":13,"p3":4}}}