{"name":"line4","pointCount":28,"p0":{"x":0.212639212608337,"y":0.795264959335327,"z":-0.0534472465515137,"tension":0,"bias":0,"continuity":0,"index":0,"pointType":5,"word":"","text":{"x":0.712639212608337,"y":0.795264959335327,"z":-0.0534472465515137,"font":0,"fontSize":48}},"p1":{"x":0.369882643222809,"y":-0.0695730000734329,"z":-0.0534472465515137,"tension":1,"bias":0,"continuity":0,"index":1,"pointType":0,"word":"habit","text":{"x":0.332755625247955,"y":0.244913890957832,"z":-0.0534472465515137,"font":3,"fontSize":48}},"p2":{"x":0.671793580055237,"y":-0.165004283189774,"z":-0.0534472465515137,"tension":1,"bias":0,"continuity":0,"index":2,"pointType":2,"word":"","text":{"x":1.17179358005524,"y":-0.165004283189774,"z":-0.0534472465515137,"font":0,"fontSize":48}},"p3":{"x":0.382985889911652,"y":-0.316357880830765,"z":-0.0534472465515137,"tension":1,"bias":0,"continuity":0,"index":3,"pointType":2,"word":"","text":{"x":0.882985889911652,"y":-0.316357880830765,"z":-0.0534472465515137,"font":0,"fontSize":48}},"p4":{"x":0.704552888870239,"y":-0.427076667547226,"z":-0.0534472465515137,"tension":1,"bias":0,"continuity":0,"index":4,"pointType":2,"word":"","text":{"x":1.20455288887024,"y":-0.427076667547226,"z":-0.0534472465515137,"font":0,"fontSize":48}},"p5":{"x":0.367698490619659,"y":-0.53693550825119,"z":-0.0534472465515137,"tension":1,"bias":0,"continuity":0,"index":5,"pointType":2,"word":"","text":{"x":0.867698490619659,"y":-0.53693550825119,"z":-0.0534472465515137,"font":0,"fontSize":48}},"p6":{"x":0.715472340583801,"y":-0.743747591972351,"z":-0.0534472465515137,"tension":1,"bias":0,"continuity":0,"index":6,"pointType":2,"word":"","text":{"x":1.2154723405838,"y":-0.743747591972351,"z":-0.0534472465515137,"font":0,"fontSize":48}},"p7":{"x":0.356778621673584,"y":-0.783720374107361,"z":-0.0534472465515137,"tension":1,"bias":0,"continuity":0,"index":7,"pointType":2,"word":"","text":{"x":0.856778621673584,"y":-0.783720374107361,"z":-0.0534472465515137,"font":0,"fontSize":48}},"p8":{"x":-0.147354423999786,"y":0.396839916706085,"z":0.0339426286518574,"tension":1,"bias":0,"continuity":0,"index":8,"pointType":0,"word":"shape","text":{"x":0.135108381509781,"y":0.357002884149551,"z":-0.0534461699426174,"font":3,"fontSize":48}},"p9":{"x":0.210862100124359,"y":0.225882172584534,"z":-0.00975230894982815,"tension":0,"bias":0,"continuity":0,"index":9,"pointType":2,"word":"of","text":{"x":0.332111209630966,"y":0.349912524223328,"z":-0.0534461736679077,"font":3,"fontSize":48}},"p10":{"x":0.711310625076294,"y":-0.986742496490479,"z":-0.0534459352493286,"tension":1,"bias":0,"continuity":0,"index":10,"pointType":2,"word":"","text":{"x":1.21131062507629,"y":-0.986742496490479,"z":-0.0534459352493286,"font":0,"fontSize":48}},"p11":{"x":0.347674608230591,"y":-1.0986305475235,"z":-0.0534459352493286,"tension":1,"bias":0,"continuity":0,"index":11,"pointType":2,"word":"","text":{"x":0.847674608230591,"y":-1.0986305475235,"z":-0.0534459352493286,"font":0,"fontSize":48}},"p12":{"x":0.723947882652283,"y":-1.26016104221344,"z":-0.0534459352493286,"tension":1,"bias":0,"continuity":0,"index":12,"pointType":2,"word":"","text":{"x":1.22394788265228,"y":-1.26016104221344,"z":-0.0534459352493286,"font":0,"fontSize":48}},"p13":{"x":0.378651976585388,"y":-1.36591863632202,"z":-0.0534459352493286,"tension":1,"bias":0,"continuity":0,"index":13,"pointType":2,"word":"","text":{"x":0.878651976585388,"y":-1.36591863632202,"z":-0.0534459352493286,"font":0,"fontSize":48}},"p14":{"x":0.733186006546021,"y":-1.5336651802063,"z":-0.0534459352493286,"tension":1,"bias":0,"continuity":0,"index":14,"pointType":2,"word":"","text":{"x":1.23318600654602,"y":-1.5336651802063,"z":-0.0534459352493286,"font":0,"fontSize":48}},"p15":{"x":0.377265810966492,"y":-1.54506981372833,"z":-0.0534459352493286,"tension":0,"bias":0,"continuity":0,"index":15,"pointType":2,"word":"","text":{"x":0.877265810966492,"y":-1.54506981372833,"z":-0.0534459352493286,"font":0,"fontSize":48}},"p16":{"x":0.741992235183716,"y":-1.38743424415588,"z":-0.0534459352493286,"tension":1,"bias":0,"continuity":0,"index":16,"pointType":2,"word":"","text":{"x":1.24199223518372,"y":-1.38743424415588,"z":-0.0534459352493286,"font":0,"fontSize":48}},"p17":{"x":0.367993265390396,"y":-1.22670710086823,"z":-0.0534459352493286,"tension":1,"bias":0,"continuity":0,"index":17,"pointType":2,"word":"","text":{"x":0.867993235588074,"y":-1.22670710086823,"z":-0.0534459352493286,"font":0,"fontSize":48}},"p18":{"x":0.726537704467773,"y":-1.11543488502502,"z":-0.0534459352493286,"tension":1,"bias":0,"continuity":0,"index":18,"pointType":2,"word":"","text":{"x":1.22653770446777,"y":-1.11543488502502,"z":-0.0534459352493286,"font":0,"fontSize":48}},"p19":{"x":0.333993226289749,"y":-0.93616259098053,"z":-0.0534459352493286,"tension":1,"bias":0,"continuity":0,"index":19,"pointType":2,"word":"","text":{"x":0.833993196487427,"y":-0.93616259098053,"z":-0.0534459352493286,"font":0,"fontSize":48}},"p20":{"x":0.701810479164124,"y":-0.852708220481873,"z":-0.0534459352493286,"tension":1,"bias":0,"continuity":0,"index":20,"pointType":2,"word":"","text":{"x":1.20181047916412,"y":-0.852708220481873,"z":-0.0534459352493286,"font":0,"fontSize":48}},"p21":{"x":0.358720362186432,"y":-0.65179967880249,"z":-0.0534459352493286,"tension":1,"bias":0,"continuity":0,"index":21,"pointType":2,"word":"","text":{"x":0.858720362186432,"y":-0.65179967880249,"z":-0.0534459352493286,"font":0,"fontSize":48}},"p22":{"x":0.707992315292358,"y":-0.552890837192535,"z":-0.0534459352493286,"tension":1,"bias":0,"continuity":0,"index":22,"pointType":2,"word":"","text":{"x":1.20799231529236,"y":-0.552890837192535,"z":-0.0534459352493286,"font":0,"fontSize":48}},"p23":{"x":0.34944760799408,"y":-0.410709410905838,"z":-0.0534459352493286,"tension":1,"bias":0,"continuity":0,"index":23,"pointType":2,"word":"","text":{"x":0.84944760799408,"y":-0.410709410905838,"z":-0.0534459352493286,"font":0,"fontSize":48}},"p24":{"x":0.689446806907654,"y":-0.268527984619141,"z":-0.0534459352493286,"tension":1,"bias":0,"continuity":0,"index":24,"pointType":2,"word":"","text":{"x":1.18944680690765,"y":-0.268527984619141,"z":-0.0534459352493286,"font":0,"fontSize":48}},"p25":{"x":0.355629444122314,"y":-0.175800919532776,"z":-0.0534459352493286,"tension":1,"bias":0,"continuity":0,"index":25,"pointType":2,"word":"","text":{"x":0.855629444122314,"y":-0.175800919532776,"z":-0.0534459352493286,"font":0,"fontSize":48}},"p26":{"x":0.664719462394714,"y":-0.0119831562042236,"z":-0.0534459352493286,"tension":1,"bias":0,"continuity":0,"index":26,"pointType":2,"word":"","text":{"x":1.16471946239471,"y":-0.0119831562042236,"z":-0.0534459352493286,"font":0,"fontSize":48}},"p27":{"x":0.661628544330597,"y":0.318743199110031,"z":-0.0534459352493286,"tension":0,"bias":0,"continuity":0,"index":27,"pointType":6,"word":"","text":{"x":1.16162848472595,"y":0.318743199110031,"z":-0.0534459352493286,"font":0,"fontSize":48}},"fixedCamera":true,"fov":66,"splineCount":3,"unlockType":0,"score":1,"spline0":{"closed":false,"numPoints":4,"lineTexture":0,"points":{"p0":0,"p1":8,"p2":9,"p3":1}},"spline1":{"closed":false,"numPoints":12,"lineTexture":1,"points":{"p0":1,"p1":2,"p2":3,"p3":4,"p4":5,"p5":6,"p6":7,"p7":10,"p8":11,"p9":12,"p10":13,"p11":14}},"spline2":{"closed":false,"numPoints":14,"lineTexture":0,"points":{"p0":14,"p1":15,"p2":16,"p3":17,"p4":18,"p5":19,"p6":20,"p7":21,"p8":22,"p9":23,"p10":24,"p11":25,"p12":26,"p13":27}}}