{"name":"line1","pointCount":15,"p0":{"x":0.0605763718485832,"y":0.732570052146912,"z":-0.0534483194351196,"tension":0,"bias":0,"continuity":0,"index":0,"pointType":5,"word":"","text":{"x":0.560576379299164,"y":0.732570052146912,"z":-0.0534483194351196,"font":0,"fontSize":48}},"p1":{"x":0.0586223714053631,"y":0.474114418029785,"z":-0.0534483194351196,"tension":0,"bias":0,"continuity":0,"index":1,"pointType":2,"word":"","text":{"x":0.558622360229492,"y":0.474114418029785,"z":-0.0534483194351196,"font":0,"fontSize":48}},"p2":{"x":0.164345502853394,"y":-0.763377606868744,"z":-0.0534483194351196,"tension":0.567973077297211,"bias":0.090762622654438,"continuity":0,"index":2,"pointType":0,"word":"","text":{"x":0.664345502853394,"y":-0.763377606868744,"z":-0.0534483194351196,"font":0,"fontSize":48}},"p3":{"x":0.30183619260788,"y":-0.328154921531677,"z":-0.0534483194351196,"tension":-0.999921679496765,"bias":-0.00605077110230923,"continuity":0,"index":3,"pointType":2,"word":"self correcting","text":{"x":-0.0494701564311981,"y":-0.49116775393486,"z":-1.19209289550781E-07,"font":2,"fontSize":162}},"p4":{"x":0.0965960919857025,"y":-0.00671717151999474,"z":-0.0534483194351196,"tension":1,"bias":0.154640823602676,"continuity":0,"index":4,"pointType":2,"word":"compulsive","text":{"x":-0.0447587072849274,"y":-0.149588406085968,"z":-1.19209289550781E-07,"font":2,"fontSize":162}},"p5":{"x":-0.14127716422081,"y":0.234416574239731,"z":-0.0534483194351196,"tension":-0.597555577754974,"bias":-0.00387600250542164,"continuity":0,"index":5,"pointType":2,"word":"curling","text":{"x":-0.0282686054706573,"y":0.121319331228733,"z":-1.19209289550781E-07,"font":2,"fontSize":162}},"p6":{"x":0.0168073438107967,"y":-0.946383357048035,"z":-0.0534483194351196,"tension":0.440557658672333,"bias":-0.105565927922726,"continuity":0,"index":6,"pointType":2,"word":"","text":{"x":0.516807317733765,"y":-0.946383357048035,"z":-0.0534483194351196,"font":0,"fontSize":48}},"p7":{"x":0.0400751978158951,"y":-2.07536196708679,"z":-0.0534483194351196,"tension":0,"bias":0,"continuity":0,"index":7,"pointType":2,"word":"a","text":{"x":0.354183852672577,"y":-1.93466901779175,"z":-0.0148602724075317,"font":0,"fontSize":108}},"p8":{"x":0.309476733207703,"y":-1.78025591373444,"z":-0.0534483194351196,"tension":-0.999921679496765,"bias":-0.00605077110230923,"continuity":0,"index":8,"pointType":2,"word":"towards--","text":{"x":-0.254400074481964,"y":-1.92565298080444,"z":-0.0190763473510742,"font":2,"fontSize":108}},"p9":{"x":0.0837299525737762,"y":-1.44651401042938,"z":-0.0534483194351196,"tension":1,"bias":0.154640823602676,"continuity":0,"index":9,"pointType":2,"word":"threatening","text":{"x":-0.512108325958252,"y":-1.25392174720764,"z":-0.0190763473510742,"font":0,"fontSize":108}},"p10":{"x":-0.154143303632736,"y":-1.20538032054901,"z":-0.0534483194351196,"tension":-0.597555577754974,"bias":-0.00387600250542164,"continuity":0,"index":10,"pointType":2,"word":"tightening","text":{"x":-0.512108325958252,"y":-1.38911294937134,"z":-0.0190763473510742,"font":0,"fontSize":108}},"p11":{"x":-0.184498637914658,"y":-1.48846614360809,"z":-0.0534483194351196,"tension":-0.999965608119965,"bias":0.0268111620098352,"continuity":0,"index":11,"pointType":2,"word":"circuit","text":{"x":0.349946290254593,"y":-2.18044328689575,"z":-0.0148602724075317,"font":0,"fontSize":108}},"p12":{"x":-0.408563882112503,"y":-1.97704386711121,"z":-0.0148602724075317,"tension":-0.999995887279511,"bias":0.007413683924824,"continuity":0,"index":12,"pointType":0,"word":"short","text":{"x":0.362410038709641,"y":-2.04817008972168,"z":-0.0190763473510742,"font":0,"fontSize":108}},"p13":{"x":0.231296688318253,"y":-1.72279465198517,"z":-0.0148602724075317,"tension":0.588114142417908,"bias":-0.0279219467192888,"continuity":0,"index":13,"pointType":0,"word":"","text":{"x":0.73129665851593,"y":-1.72279465198517,"z":-0.0148602724075317,"font":0,"fontSize":48}},"p14":{"x":0.239771440625191,"y":-2.83725380897522,"z":-0.0148602724075317,"tension":0,"bias":0,"continuity":0,"index":14,"pointType":0,"word":"","text":{"x":0.73977142572403,"y":-2.83725380897522,"z":-0.0148602724075317,"font":0,"fontSize":48}},"fixedCamera":false,"fov":50,"splineCount":2,"unlockType":0,"score":1,"spline0":{"closed":false,"numPoints":7,"lineTexture":0,"points":{"p0":0,"p1":1,"p2":5,"p3":4,"p4":3,"p5":2,"p6":6}},"spline1":{"closed":false,"numPoints":9,"lineTexture":0,"points":{"p0":6,"p1":10,"p2":9,"p3":8,"p4":7,"p5":12,"p6":11,"p7":13,"p8":14}}}