{"name":"Line3","pointCount":58,"p0":{"x":-1.32652854919434,"y":1.26709198951721,"z":0,"tension":-1,"bias":-0.859999060630798,"continuity":-0.559999108314514,"index":0,"pointType":2,"word":"","text":{"x":-0.826528549194336,"y":1.26709198951721,"z":0,"font":0,"fontSize":48}},"p1":{"x":2.4855055809021,"y":0.618778109550476,"z":0,"tension":-1,"bias":-0.859999060630798,"continuity":-0.559999108314514,"index":1,"pointType":2,"word":"","text":{"x":2.9855055809021,"y":0.618778109550476,"z":0,"font":0,"fontSize":48}},"p2":{"x":2.09121751785278,"y":1.00162410736084,"z":0,"tension":-1,"bias":-0.859999060630798,"continuity":-0.559999108314514,"index":2,"pointType":2,"word":"","text":{"x":2.59121751785278,"y":1.00162410736084,"z":0,"font":0,"fontSize":48}},"p3":{"x":2.7945818901062,"y":3.66184997558594,"z":0,"tension":-0.279999077320099,"bias":0.740001082420349,"continuity":-0.699999094009399,"index":3,"pointType":2,"word":"","text":{"x":3.2945818901062,"y":3.66184997558594,"z":0,"font":0,"fontSize":48}},"p4":{"x":5.74155855178833,"y":1.140629529953,"z":0,"tension":1,"bias":-0.159999072551727,"continuity":1,"index":4,"pointType":7,"word":"","text":{"x":6.24155855178833,"y":1.140629529953,"z":0,"font":0,"fontSize":48}},"p5":{"x":-1.74220299720764,"y":1.22935891151428,"z":0,"tension":-1,"bias":-0.859999060630798,"continuity":-0.559999108314514,"index":5,"pointType":6,"word":"","text":{"x":-1.24220299720764,"y":1.22935891151428,"z":0,"font":0,"fontSize":48}},"p6":{"x":-0.324245691299438,"y":1.2464702129364,"z":0,"tension":1,"bias":-0.859999060630798,"continuity":0.260000944137573,"index":6,"pointType":2,"word":"","text":{"x":0.175754308700562,"y":1.2464702129364,"z":0,"font":0,"fontSize":48}},"p7":{"x":-0.951033353805542,"y":2.05284929275513,"z":0,"tension":-1,"bias":-0.859999060630798,"continuity":-0.559999108314514,"index":7,"pointType":2,"word":"","text":{"x":-0.451033353805542,"y":2.05284929275513,"z":0,"font":0,"fontSize":48}},"p8":{"x":-1.06355953216553,"y":1.80484926700592,"z":0,"tension":-1,"bias":-0.859999060630798,"continuity":-0.559999108314514,"index":8,"pointType":2,"word":"","text":{"x":-0.563559532165527,"y":1.80484926700592,"z":0,"font":0,"fontSize":48}},"p9":{"x":-0.125388860702515,"y":-0.0725009441375732,"z":0,"tension":-1,"bias":-0.859999060630798,"continuity":-0.559999108314514,"index":9,"pointType":2,"word":"","text":{"x":0.374611139297485,"y":-0.0725009441375732,"z":0,"font":0,"fontSize":48}},"p10":{"x":-0.326947689056396,"y":0.019081711769104,"z":0,"tension":-1,"bias":-0.859999060630798,"continuity":-0.559999108314514,"index":10,"pointType":2,"word":"","text":{"x":0.173052310943604,"y":0.019081711769104,"z":0,"font":0,"fontSize":48}},"p11":{"x":-0.281826019287109,"y":0.331313252449036,"z":0,"tension":-1,"bias":-0.859999060630798,"continuity":-0.559999108314514,"index":11,"pointType":2,"word":"","text":{"x":0.218173980712891,"y":0.331313252449036,"z":0,"font":0,"fontSize":48}},"p12":{"x":-0.385465383529663,"y":0.655674695968628,"z":0,"tension":-1,"bias":-0.859999060630798,"continuity":-0.559999108314514,"index":12,"pointType":2,"word":"","text":{"x":0.114534616470337,"y":0.655674695968628,"z":0,"font":0,"fontSize":48}},"p13":{"x":-0.339714050292969,"y":1.06557953357697,"z":0,"tension":0.140000939369202,"bias":-0.859999060630798,"continuity":-0.559999108314514,"index":13,"pointType":2,"word":"","text":{"x":0.160285949707031,"y":1.06557953357697,"z":0,"font":0,"fontSize":48}},"p14":{"x":0.599619388580322,"y":2.20970177650452,"z":0,"tension":-1,"bias":-0.859999060630798,"continuity":-0.559999108314514,"index":14,"pointType":2,"word":"","text":{"x":1.09961938858032,"y":2.20970177650452,"z":0,"font":0,"fontSize":48}},"p15":{"x":0.710320472717285,"y":1.80120694637299,"z":0,"tension":1,"bias":0.260000944137573,"continuity":0.600001096725464,"index":15,"pointType":2,"word":"","text":{"x":1.21032047271729,"y":1.80120694637299,"z":0,"font":0,"fontSize":48}},"p16":{"x":0.702791690826416,"y":1.54266679286957,"z":0,"tension":-1,"bias":-0.859999060630798,"continuity":-0.559999108314514,"index":16,"pointType":2,"word":"","text":{"x":1.20279169082642,"y":1.54266679286957,"z":0,"font":0,"fontSize":48}},"p17":{"x":0.135431528091431,"y":0.243201017379761,"z":0,"tension":-1,"bias":-0.859999060630798,"continuity":-0.559999108314514,"index":17,"pointType":2,"word":"","text":{"x":0.635431528091431,"y":0.243201017379761,"z":0,"font":0,"fontSize":48}},"p18":{"x":0.101863384246826,"y":-0.367878198623657,"z":0,"tension":-1,"bias":-0.859999060630798,"continuity":-0.559999108314514,"index":18,"pointType":2,"word":"","text":{"x":0.601863384246826,"y":-0.367878198623657,"z":0,"font":0,"fontSize":48}},"p19":{"x":0.931756019592285,"y":2.3730149269104,"z":0,"tension":-1,"bias":-0.859999060630798,"continuity":-0.559999108314514,"index":19,"pointType":2,"word":"","text":{"x":1.43175601959229,"y":2.3730149269104,"z":0,"font":0,"fontSize":48}},"p20":{"x":0.64644718170166,"y":3.06199097633362,"z":0,"tension":-1,"bias":-0.859999060630798,"continuity":-0.559999108314514,"index":20,"pointType":2,"word":"","text":{"x":1.14644718170166,"y":3.06199097633362,"z":0,"font":0,"fontSize":48}},"p21":{"x":0.438717603683472,"y":2.56490898132324,"z":0,"tension":-1,"bias":-0.859999060630798,"continuity":-0.559999108314514,"index":21,"pointType":2,"word":"","text":{"x":0.938717603683472,"y":2.56490898132324,"z":0,"font":0,"fontSize":48}},"p22":{"x":1.85095071792603,"y":0.37652850151062,"z":0,"tension":-1,"bias":-0.859999060630798,"continuity":-0.559999108314514,"index":22,"pointType":2,"word":"","text":{"x":2.35095071792603,"y":0.37652850151062,"z":0,"font":0,"fontSize":48}},"p23":{"x":2.1938738822937,"y":1.52245843410492,"z":0,"tension":1,"bias":1,"continuity":0.820001125335693,"index":23,"pointType":2,"word":"","text":{"x":2.6938738822937,"y":1.52245843410492,"z":0,"font":0,"fontSize":48}},"p24":{"x":3.82524871826172,"y":-0.133570909500122,"z":0,"tension":-1,"bias":-0.859999060630798,"continuity":-0.559999108314514,"index":24,"pointType":2,"word":"","text":{"x":4.32524871826172,"y":-0.133570909500122,"z":0,"font":0,"fontSize":48}},"p25":{"x":3.52870321273804,"y":0.509493231773376,"z":0,"tension":-1,"bias":-0.859999060630798,"continuity":-0.559999108314514,"index":25,"pointType":2,"word":"","text":{"x":4.02870321273804,"y":0.509493231773376,"z":0,"font":0,"fontSize":48}},"p26":{"x":3.46993780136108,"y":2.50246953964233,"z":0,"tension":-1,"bias":-0.859999060630798,"continuity":-0.559999108314514,"index":26,"pointType":2,"word":"","text":{"x":3.96993780136108,"y":2.50246953964233,"z":0,"font":0,"fontSize":48}},"p27":{"x":5.14133882522583,"y":1.14354729652405,"z":0,"tension":-1,"bias":-0.859999060630798,"continuity":-0.559999108314514,"index":27,"pointType":2,"word":"","text":{"x":5.64133882522583,"y":1.14354729652405,"z":0,"font":0,"fontSize":48}},"p28":{"x":4.20223140716553,"y":1.97729241847992,"z":0,"tension":-1,"bias":-0.859999060630798,"continuity":-0.559999108314514,"index":28,"pointType":2,"word":"","text":{"x":4.70223140716553,"y":1.97729241847992,"z":0,"font":0,"fontSize":48}},"p29":{"x":4.07134437561035,"y":0.875055074691772,"z":0,"tension":-1,"bias":-0.859999060630798,"continuity":-0.559999108314514,"index":29,"pointType":2,"word":"","text":{"x":4.57134437561035,"y":0.875055074691772,"z":0,"font":0,"fontSize":48}},"p30":{"x":2.21227598190308,"y":0.0561411380767822,"z":0,"tension":-1,"bias":-0.859999060630798,"continuity":-0.559999108314514,"index":30,"pointType":2,"word":"","text":{"x":2.71227598190308,"y":0.0561411380767822,"z":0,"font":0,"fontSize":48}},"p31":{"x":-0.469222068786621,"y":1.35775709152222,"z":0,"tension":-1,"bias":-0.859999060630798,"continuity":-0.559999108314514,"index":31,"pointType":2,"word":"","text":{"x":0.0307779312133789,"y":1.35775709152222,"z":0,"font":0,"fontSize":48}},"p32":{"x":-0.595656871795654,"y":1.55008637905121,"z":0,"tension":-1,"bias":-0.859999060630798,"continuity":-0.559999108314514,"index":32,"pointType":2,"word":"",