{"name":"line01","pointCount":21,"p0":{"x":-0.135997503995895,"y":1.15723502635956,"z":-1.19209289550781E-07,"tension":0,"bias":0,"continuity":0,"index":0,"pointType":0,"word":"a ","text":{"x":0.103567540645599,"y":0.94184011220932,"z":-1.19209289550781E-07,"font":3,"fontSize":72}},"p1":{"x":-0.126750886440277,"y":0.832752764225006,"z":-1.19209289550781E-07,"tension":0,"bias":0,"continuity":0,"index":1,"pointType":2,"word":"dream","text":{"x":0.19714143872261,"y":0.933631777763367,"z":-1.19209289550781E-07,"font":1,"fontSize":72}},"p2":{"x":0.208700999617577,"y":0.616181612014771,"z":-1.19209289550781E-07,"tension":0,"bias":0,"continuity":0,"index":2,"pointType":2,"word":"play","text":{"x":0.42533004283905,"y":0.938556730747223,"z":-1.19209289550781E-07,"font":1,"fontSize":72}},"p3":{"x":1.61862981319427,"y":1.46470379829407,"z":-0.317567110061646,"tension":-0.117556408047676,"bias":-0.0132188154384494,"continuity":0,"index":3,"pointType":2,"word":"","text":{"x":2.11862993240356,"y":1.46470379829407,"z":-0.317567110061646,"font":0,"fontSize":48}},"p4":{"x":1.25273311138153,"y":1.25682592391968,"z":-0.126578122377396,"tension":0,"bias":0,"continuity":0,"index":4,"pointType":2,"word":"","text":{"x":1.75273311138153,"y":1.25682592391968,"z":-0.126578122377396,"font":0,"fontSize":48}},"p5":{"x":0.253755033016205,"y":0.287013053894043,"z":-0.0177454948425293,"tension":0,"bias":0,"continuity":0,"index":5,"pointType":2,"word":"unconscious","text":{"x":-0.187880754470825,"y":0.00570154190063477,"z":-0.170387268066406,"font":2,"fontSize":108}},"p6":{"x":-0.966152966022491,"y":-0.091981828212738,"z":-0.0177454948425293,"tension":0,"bias":0,"continuity":0,"index":6,"pointType":2,"word":"","text":{"x":-0.466152966022491,"y":-0.091981828212738,"z":-0.0177454948425293,"font":0,"fontSize":48}},"p7":{"x":0.94905298948288,"y":0.883167386054993,"z":-0.0177454948425293,"tension":0,"bias":0,"continuity":0,"index":7,"pointType":2,"word":"","text":{"x":1.44905304908752,"y":0.883167386054993,"z":-0.0177454948425293,"font":0,"fontSize":48}},"p8":{"x":0.648774266242981,"y":0.547860503196716,"z":-0.0177454948425293,"tension":0,"bias":0,"continuity":0,"index":8,"pointType":2,"word":"","text":{"x":1.14877426624298,"y":0.547860503196716,"z":-0.0177454948425293,"font":0,"fontSize":48}},"p9":{"x":0.499552369117737,"y":0.409274131059647,"z":-0.0177454948425293,"tension":0,"bias":0,"continuity":0,"index":9,"pointType":2,"word":"as","text":{"x":0.974547326564789,"y":0.199827641248703,"z":-0.0177454948425293,"font":3,"fontSize":48}},"p10":{"x":0.739698648452759,"y":-0.313979268074036,"z":0.259129524230957,"tension":0,"bias":0,"continuity":0,"index":10,"pointType":2,"word":"insistent","text":{"x":1.02782726287842,"y":0.0850465595722198,"z":-1.19209289550781E-07,"font":3,"fontSize":48}},"p11":{"x":0.495741188526154,"y":-0.125427544116974,"z":-0.0421794950962067,"tension":0,"bias":0,"continuity":0,"index":11,"pointType":2,"word":"as","text":{"x":0.996917307376862,"y":-0.0207039713859558,"z":-0.0421794950962067,"font":3,"fontSize":48}},"p12":{"x":1.16152489185333,"y":-0.196431159973145,"z":0.14351150393486,"tension":0,"bias":0,"continuity":0,"index":12,"pointType":2,"word":"automatic","text":{"x":1.00818026065826,"y":-0.0991880893707275,"z":0.14351150393486,"font":3,"fontSize":48}},"p13":{"x":0.598331093788147,"y":-0.42659866809845,"z":-0.301056504249573,"tension":0,"bias":0,"continuity":0,"index":13,"pointType":2,"word":"","text":{"x":1.09833109378815,"y":-0.42659866809845,"z":-0.301056504249573,"font":0,"fontSize":48}},"p14":{"x":1.41177010536194,"y":1.46163129806519,"z":-0.0177454948425293,"tension":0,"bias":0,"continuity":0,"index":14,"pointType":0,"word":"impulsive","text":{"x":1.80010962486267,"y":1.52653217315674,"z":-0.000249147415161133,"font":3,"fontSize":72}},"p15":{"x":0.00762805342674255,"y":1.79140162467957,"z":-0.0177454948425293,"tension":0,"bias":0,"continuity":0,"index":15,"pointType":5,"word":"","text":{"x":0.507628083229065,"y":1.79140162467957,"z":-0.0177454948425293,"font":0,"fontSize":48}},"p16":{"x":-1.65449929237366,"y":0.970643401145935,"z":-0.298041820526123,"tension":-0.412338405847549,"bias":-0.0117065934464335,"continuity":0,"index":16,"pointType":2,"word":"accelerating","text":{"x":-1.50083684921265,"y":1.28396141529083,"z":-0.162148475646973,"font":2,"fontSize":108}},"p17":{"x":1.75962400436401,"y":2.22368311882019,"z":-0.162149667739868,"tension":0,"bias":0,"continuity":0,"index":17,"pointType":6,"word":"","text":{"x":2.25962400436401,"y":2.22368311882019,"z":-0.162149667739868,"font":0,"fontSize":48}},"p18":{"x":-1.40244436264038,"y":1.78664791584015,"z":-0.162149667739868,"tension":0.84866201877594,"bias":-0.211470931768417,"continuity":0,"index":18,"pointType":2,"word":"towards","text":{"x":-0.627671778202057,"y":2.37904620170593,"z":-0.162150740623474,"font":4,"fontSize":108}},"p19":{"x":0.0833024680614471,"y":2.2427282333374,"z":-0.162149667739868,"tension":0,"bias":0,"continuity":0,"index":19,"pointType":1,"word":"an escape","text":{"x":0.266723364591599,"y":2.37417221069336,"z":-0.162148475646973,"font":3,"fontSize":108}},"p20":{"x":-0.738406896591187,"y":2.16048574447632,"z":-0.158200114965439,"tension":0,"bias":0,"continuity":0,"index":20,"pointType":2,"word":"","text":{"x":-0.238406896591187,"y":2.16048574447632,"z":-0.158200114965439,"font":0,"fontSize":48}},"fixedCamera":false,"fov":44,"splineCount":6,"unlockType":0,"score":1,"spline0":{"closed":false,"numPoints":4,"lineTexture":0,"points":{"p0":0,"p1":1,"p2":2,"p3":9}},"spline1":{"closed":false,"numPoints":3,"lineTexture":0,"points":{"p0":3,"p1":4,"p2":7}},"spline2":{"closed":false,"numPoints":6,"lineTexture":0,"points":{"p0":5,"p1":6,"p2":16,"p3":18,"p4":20,"p5":19}},"spline3":{"closed":false,"numPoints":3,"lineTexture":0,"points":{"p0":7,"p1":8,"p2":5}},"spline4":{"closed":false,"numPoints":7,"lineTexture":0,"points":{"p0":9,"p1":10,"p2":13,"p3":11,"p4":12,"p5":14,"p6":3}},"spline5":{"closed":false,"numPoints":2,"lineTexture":0,"points":{"p0":15,"p1":0}}}