{"name":"line","pointCount":19,"p0":{"x":0.0579312741756439,"y":1.10553169250488,"z":-0.0534483194351196,"tension":0.0981659069657326,"bias":0.076328381896019,"continuity":0,"index":0,"pointType":5,"word":"t","text":{"x":0.0492461323738098,"y":1.07964837551117,"z":-0.0534483194351196,"font":3,"fontSize":48}},"p1":{"x":0.0641685575246811,"y":0.456651985645294,"z":-0.0534483194351196,"tension":0.0429668501019478,"bias":-0.029297711327672,"continuity":0,"index":1,"pointType":2,"word":"when","text":{"x":-0.422744810581207,"y":0.471575915813446,"z":-0.0534483194351196,"font":0,"fontSize":108}},"p2":{"x":0.0643765851855278,"y":0.048882320523262,"z":-0.0534483194351196,"tension":1,"bias":0.0915462672710419,"continuity":0,"index":2,"pointType":0,"word":"becomes","text":{"x":-0.43758225440979,"y":0.342655003070831,"z":-1.19209289550781E-07,"font":0,"fontSize":108}},"p3":{"x":0.0621989816427231,"y":0.313228368759155,"z":-0.0534483194351196,"tension":0.0850677043199539,"bias":-0.0449372678995132,"continuity":0,"index":3,"pointType":2,"word":"a line","text":{"x":0.230033218860626,"y":0.476498633623123,"z":-1.19209289550781E-07,"font":0,"fontSize":108}},"p4":{"x":0.0598018541932106,"y":0.602178335189819,"z":-0.0534483194351196,"tension":0,"bias":0,"continuity":0,"index":4,"pointType":2,"word":"______________","text":{"x":-0.431115508079529,"y":0.685640633106232,"z":-0.017704963684082,"font":0,"fontSize":162}},"p5":{"x":0.711534976959229,"y":0.049358457326889,"z":-0.0534483194351196,"tension":1,"bias":0,"continuity":0,"index":5,"pointType":2,"word":"a labyrinth","text":{"x":0.246193081140518,"y":0.348201900720596,"z":-0.0534483194351196,"font":0,"fontSize":108}},"p6":{"x":0.711534976959229,"y":-0.334868907928467,"z":-0.0534483194351196,"tension":1,"bias":0,"continuity":0,"index":6,"pointType":2,"word":"","text":{"x":1.21153497695923,"y":-0.334868907928467,"z":-0.0534483194351196,"font":0,"fontSize":48}},"p7":{"x":0.978359520435333,"y":-0.337003588676453,"z":-0.0534483194351196,"tension":1,"bias":0,"continuity":0,"index":7,"pointType":2,"word":"","text":{"x":1.47835946083069,"y":-0.337003588676453,"z":-0.0534483194351196,"font":0,"fontSize":48}},"p8":{"x":0.982628703117371,"y":-0.161966562271118,"z":-0.0534483194351196,"tension":1,"bias":0,"continuity":0,"index":8,"pointType":2,"word":"","text":{"x":1.48262870311737,"y":-0.161966562271118,"z":-0.0534483194351196,"font":0,"fontSize":48}},"p9":{"x":0.391345530748367,"y":-0.161966562271118,"z":-0.0534483194351196,"tension":1,"bias":0,"continuity":0,"index":9,"pointType":2,"word":"","text":{"x":0.891345500946045,"y":-0.161966562271118,"z":-0.0534483194351196,"font":0,"fontSize":48}},"p10":{"x":0.380672663450241,"y":-0.553772211074829,"z":-0.0534483194351196,"tension":1,"bias":0,"continuity":0,"index":10,"pointType":2,"word":"","text":{"x":0.880672693252563,"y":-0.553772211074829,"z":-0.0534483194351196,"font":0,"fontSize":48}},"p11":{"x":0.542901992797852,"y":-0.553428292274475,"z":-0.0534483194351196,"tension":1,"bias":0,"continuity":0,"index":11,"pointType":2,"word":"","text":{"x":1.04290199279785,"y":-0.553428292274475,"z":-0.0534483194351196,"font":0,"fontSize":48}},"p12":{"x":0.545036613941193,"y":-0.414679497480392,"z":-0.0534483194351196,"tension":1,"bias":0,"continuity":0,"index":12,"pointType":2,"word":"","text":{"x":1.04503655433655,"y":-0.414679497480392,"z":-0.0534483194351196,"font":0,"fontSize":48}},"p13":{"x":1.20676136016846,"y":-0.414679497480392,"z":-0.0534483194351196,"tension":1,"bias":0,"continuity":0,"index":13,"pointType":2,"word":"","text":{"x":1.70676136016846,"y":-0.414679497480392,"z":-0.0534483194351196,"font":0,"fontSize":48}},"p14":{"x":1.20889580249786,"y":0.227833896875381,"z":-0.0534483194351196,"tension":1,"bias":0,"continuity":0,"index":14,"pointType":2,"word":"","text":{"x":1.70889580249786,"y":0.227833896875381,"z":-0.0534483194351196,"font":0,"fontSize":48}},"p15":{"x":1.02745509147644,"y":0.225699335336685,"z":-0.0534483194351196,"tension":1,"bias":0,"continuity":0,"index":15,"pointType":2,"word":"","text":{"x":1.52745509147644,"y":0.225699335336685,"z":-0.0534483194351196,"font":0,"fontSize":48}},"p16":{"x":1.02958977222443,"y":-0.0176445841789246,"z":-0.0534483194351196,"tension":1,"bias":0,"continuity":0,"index":16,"pointType":2,"word":"","text":{"x":1.52958977222443,"y":-0.0176445841789246,"z":-0.0534483194351196,"font":0,"fontSize":48}},"p17":{"x":0.796918869018555,"y":-0.0197792947292328,"z":-0.0534483194351196,"tension":1,"bias":0,"continuity":0,"index":17,"pointType":2,"word":"","text":{"x":1.29691886901855,"y":-0.0197792947292328,"z":-0.0534483194351196,"font":0,"fontSize":48}},"p18":{"x":0.796112477779388,"y":-0.26203641295433,"z":-0.0534483194351196,"tension":1,"bias":0,"continuity":0,"index":18,"pointType":6,"word":"","text":{"x":1.29611253738403,"y":-0.26203641295433,"z":-0.0534483194351196,"font":0,"fontSize":48}},"fixedCamera":true,"fov":43,"splineCount":2,"unlockType":0,"score":1,"spline0":{"closed":false,"numPoints":5,"lineTexture":0,"points":{"p0":0,"p1":4,"p2":1,"p3":3,"p4":2}},"spline1":{"closed":false,"numPoints":15,"lineTexture":0,"points":{"p0":2,"p1":5,"p2":6,"p3":7,"p4":8,"p5":9,"p6":10,"p7":11,"p8":12,"p9":13,"p10":14,"p11":15,"p12":16,"p13":17,"p14":18}}}