{"name":"Line2","pointCount":19,"p0":{"x":-0.439271926879883,"y":1.4147242307663,"z":0,"tension":0,"bias":0,"continuity":0,"index":0,"pointType":2,"word":"","text":{"x":0.0607280731201172,"y":1.4147242307663,"z":0,"font":0,"fontSize":48}},"p1":{"x":0.299079656600952,"y":1.10646224021912,"z":0,"tension":0,"bias":0,"continuity":0,"index":1,"pointType":2,"word":"","text":{"x":0.799079656600952,"y":1.10646224021912,"z":0,"font":0,"fontSize":48}},"p2":{"x":1.01940679550171,"y":1.63539695739746,"z":0,"tension":0,"bias":0,"continuity":0,"index":2,"pointType":2,"word":"","text":{"x":1.51940679550171,"y":1.63539695739746,"z":0,"font":0,"fontSize":48}},"p3":{"x":0.648192882537842,"y":2.04047393798828,"z":0,"tension":-0.619999051094055,"bias":0,"continuity":0,"index":3,"pointType":2,"word":"","text":{"x":1.14819288253784,"y":2.04047393798828,"z":0,"font":0,"fontSize":48}},"p4":{"x":0.382193565368652,"y":1.5242885351181,"z":0,"tension":0,"bias":0,"continuity":0,"index":4,"pointType":2,"word":"","text":{"x":0.882193565368652,"y":1.5242885351181,"z":0,"font":0,"fontSize":48}},"p5":{"x":1.35742330551147,"y":0.806313991546631,"z":0,"tension":0,"bias":0,"continuity":0,"index":5,"pointType":2,"word":"","text":{"x":1.85742330551147,"y":0.806313991546631,"z":0,"font":0,"fontSize":48}},"p6":{"x":2.09123086929321,"y":1.52146470546722,"z":0,"tension":0,"bias":0,"continuity":0,"index":6,"pointType":2,"word":"","text":{"x":2.59123086929321,"y":1.52146470546722,"z":0,"font":0,"fontSize":48}},"p7":{"x":-0.965633392333984,"y":1.16120195388794,"z":0,"tension":0,"bias":0,"continuity":0,"index":7,"pointType":6,"word":"","text":{"x":-0.465633392333984,"y":1.16120195388794,"z":0,"font":0,"fontSize":48}},"p8":{"x":2.8133807182312,"y":1.26360809803009,"z":0,"tension":0,"bias":0,"continuity":0,"index":8,"pointType":2,"word":"","text":{"x":3.3133807182312,"y":1.26360809803009,"z":0,"font":0,"fontSize":48}},"p9":{"x":2.52925491333008,"y":0.725255250930786,"z":0,"tension":-0.539999127388,"bias":0,"continuity":0,"index":9,"pointType":2,"word":"","text":{"x":3.02925491333008,"y":0.725255250930786,"z":0,"font":0,"fontSize":48}},"p10":{"x":1.94606161117554,"y":0.969511270523071,"z":0,"tension":0,"bias":0,"continuity":0,"index":10,"pointType":2,"word":"","text":{"x":2.44606161117554,"y":0.969511270523071,"z":0,"font":0,"fontSize":48}},"p11":{"x":1.84631299972534,"y":1.73716509342194,"z":0,"tension":0,"bias":0,"continuity":0,"index":11,"pointType":2,"word":"","text":{"x":2.34631299972534,"y":1.73716509342194,"z":0,"font":0,"fontSize":48}},"p12":{"x":2.49934053421021,"y":2.36025738716125,"z":0,"tension":-1,"bias":0,"continuity":0,"index":12,"pointType":2,"word":"","text":{"x":2.99934053421021,"y":2.36025738716125,"z":0,"font":0,"fontSize":48}},"p13":{"x":3.15233182907104,"y":1.44305920600891,"z":0,"tension":0,"bias":0,"continuity":0,"index":13,"pointType":2,"word":"","text":{"x":3.65233182907104,"y":1.44305920600891,"z":0,"font":0,"fontSize":48}},"p14":{"x":3.68574953079224,"y":0.934621572494507,"z":0,"tension":0,"bias":0.80000102519989,"continuity":-0.019999086856842,"index":14,"pointType":2,"word":"","text":{"x":4.18574953079224,"y":0.934621572494507,"z":0,"font":0,"fontSize":48}},"p15":{"x":4.18418455123901,"y":0.884778738021851,"z":0,"tension":0,"bias":0,"continuity":0,"index":15,"pointType":2,"word":"","text":{"x":4.68418455123901,"y":0.884778738021851,"z":0,"font":0,"fontSize":48}},"p16":{"x":4.88707590103149,"y":0.451093792915344,"z":0,"tension":0,"bias":0,"continuity":0,"index":16,"pointType":2,"word":"","text":{"x":5.38707590103149,"y":0.451093792915344,"z":0,"font":0,"fontSize":48}},"p17":{"x":5.5351300239563,"y":1.06916069984436,"z":0,"tension":0,"bias":0,"continuity":0,"index":17,"pointType":2,"word":"","text":{"x":6.0351300239563,"y":1.06916069984436,"z":0,"font":0,"fontSize":48}},"p18":{"x":6.16318941116333,"y":1.08910322189331,"z":0,"tension":0,"bias":0,"continuity":0,"index":18,"pointType":7,"word":"","text":{"x":6.66318941116333,"y":1.08910322189331,"z":0,"font":0,"fontSize":48}},"splineCount":1,"unlockType":0,"speed":1,"acceleration":0.5,"maxSpeed":3,"time":1,"laps":1,"startSpeed":0.949999988079071,"text":"","title":"","forceOrder":false,"camera":{"lockX":true,"lockY":true,"lockZ":true,"x":2.60385537147522,"y":1.40567564964294,"z":-2,"setPos":true,"fixCam":false,"fov":97},"spline0":{"order":0,"closed":false,"numPoints":19,"type":0,"lineTexture":0,"lineWidth":1,"bidirectional":true,"speed":0,"points":{"p0":7,"p1":0,"p2":1,"p3":2,"p4":3,"p5":4,"p6":5,"p7":6,"p8":8,"p9":9,"p10":10,"p11":11,"p12":12,"p13":13,"p14":14,"p15":15,"p16":16,"p17":17,"p18":18}}}