{"name":"Line3","pointCount":15,"p0":{"x":0.768244743347168,"y":0.659056186676025,"z":0,"tension":-0.719999074935913,"bias":0,"continuity":0,"index":0,"pointType":2,"word":"","text":{"x":1.26824474334717,"y":0.659056186676025,"z":0,"font":0,"fontSize":48}},"p1":{"x":1.0817232131958,"y":0.793123006820679,"z":0,"tension":-1,"bias":0,"continuity":0,"index":1,"pointType":2,"word":"","text":{"x":1.5817232131958,"y":0.793123006820679,"z":0,"font":0,"fontSize":48}},"p2":{"x":1.02647495269775,"y":0.238935708999634,"z":0,"tension":0,"bias":0,"continuity":0,"index":2,"pointType":2,"word":"","text":{"x":1.52647495269775,"y":0.238935708999634,"z":0,"font":0,"fontSize":48}},"p3":{"x":1.26061153411865,"y":0.418794631958008,"z":0,"tension":0,"bias":0,"continuity":0,"index":3,"pointType":2,"word":"","text":{"x":1.76061153411865,"y":0.418794631958008,"z":0,"font":0,"fontSize":48}},"p4":{"x":0.954526901245117,"y":0.681100130081177,"z":0,"tension":-1,"bias":0,"continuity":0,"index":4,"pointType":2,"word":"","text":{"x":1.45452690124512,"y":0.681100130081177,"z":0,"font":0,"fontSize":48}},"p5":{"x":1.41273021697998,"y":0.583218812942505,"z":0,"tension":0,"bias":0,"continuity":0,"index":5,"pointType":2,"word":"","text":{"x":1.91273021697998,"y":0.583218812942505,"z":0,"font":0,"fontSize":48}},"p6":{"x":1.26247453689575,"y":0.268248319625854,"z":0,"tension":0,"bias":0,"continuity":0,"index":6,"pointType":2,"word":"","text":{"x":1.76247453689575,"y":0.268248319625854,"z":0,"font":0,"fontSize":48}},"p7":{"x":1.12468242645264,"y":0.488679766654968,"z":0,"tension":0,"bias":0,"continuity":0,"index":7,"pointType":2,"word":"","text":{"x":1.62468242645264,"y":0.488679766654968,"z":0,"font":0,"fontSize":48}},"p8":{"x":1.84208345413208,"y":1.10302710533142,"z":0,"tension":1,"bias":0,"continuity":0,"index":8,"pointType":6,"word":"","text":{"x":2.34208345413208,"y":1.10302710533142,"z":0,"font":0,"fontSize":48}},"p9":{"x":1.0077338218689,"y":0.400477886199951,"z":-0.672980189323425,"tension":0,"bias":0,"continuity":0,"index":9,"pointType":2,"word":"","text":{"x":1.5077338218689,"y":0.400477886199951,"z":-0.672980189323425,"font":0,"fontSize":48}},"p10":{"x":1.56445455551147,"y":0.37234091758728,"z":-0.672980189323425,"tension":-1,"bias":0,"continuity":0,"index":10,"pointType":2,"word":"","text":{"x":2.06445455551147,"y":0.37234091758728,"z":-0.672980189323425,"font":0,"fontSize":48}},"p11":{"x":1.31925535202026,"y":0.127145528793335,"z":-0.672980189323425,"tension":0,"bias":0,"continuity":0,"index":11,"pointType":2,"word":"","text":{"x":1.81925535202026,"y":0.127145528793335,"z":-0.672980189323425,"font":0,"fontSize":48}},"p12":{"x":0.979597091674805,"y":0.515036463737488,"z":-0.672980189323425,"tension":-1,"bias":0,"continuity":0,"index":12,"pointType":2,"word":"","text":{"x":1.4795970916748,"y":0.515036463737488,"z":-0.672980189323425,"font":0,"fontSize":48}},"p13":{"x":0.969549179077148,"y":0.239693522453308,"z":-0.672980189323425,"tension":0,"bias":0,"continuity":0,"index":13,"pointType":2,"word":"","text":{"x":1.46954917907715,"y":0.239693522453308,"z":-0.672980189323425,"font":0,"fontSize":48}},"p14":{"x":0.627899646759033,"y":-0.0436868667602539,"z":-0.672980189323425,"tension":0,"bias":0,"continuity":0,"index":14,"pointType":7,"word":"","text":{"x":1.12789964675903,"y":-0.0436868667602539,"z":-0.672980189323425,"font":0,"fontSize":48}},"splineCount":1,"unlockType":2,"speed":4.5,"acceleration":1.94999992847443,"time":4,"laps":4,"startSpeed":1,"text":"","title":"","forceOrder":false,"camera":{"lockX":true,"lockY":true,"lockZ":true,"x":1.05599629878998,"y":0.395450830459595,"z":-2.67298007011414,"setPos":true,"fixCam":false,"fov":49},"spline0":{"order":0,"closed":false,"numPoints":15,"type":0,"lineTexture":0,"lineWidth":1,"bidirectional":false,"speed":0,"points":{"p0":8,"p1":7,"p2":6,"p3":5,"p4":4,"p5":3,"p6":2,"p7":1,"p8":0,"p9":9,"p10":10,"p11":11,"p12":12,"p13":13,"p14":14}}}