{"name":"Line4","pointCount":23,"p0":{"x":0.202605009078979,"y":0.123655200004578,"z":0,"tension":-0.819999754428864,"bias":0,"continuity":0,"index":0,"pointType":6,"word":"","text":{"x":0.702605009078979,"y":0.123655200004578,"z":0,"font":0,"fontSize":48}},"p1":{"x":-0.729954719543457,"y":0.0197763442993164,"z":0,"tension":-0.819999754428864,"bias":0,"continuity":0,"index":1,"pointType":2,"word":"","text":{"x":-0.229954719543457,"y":0.0197763442993164,"z":0,"font":0,"fontSize":48}},"p2":{"x":-0.452885150909424,"y":-0.642589569091797,"z":0,"tension":-0.819999754428864,"bias":0,"continuity":0,"index":2,"pointType":2,"word":"","text":{"x":0.0471148490905762,"y":-0.642589569091797,"z":0,"font":0,"fontSize":48}},"p3":{"x":0.0863230228424072,"y":-0.111516714096069,"z":0,"tension":-0.819999754428864,"bias":0,"continuity":0,"index":3,"pointType":2,"word":"","text":{"x":0.586323022842407,"y":-0.111516714096069,"z":0,"font":0,"fontSize":48}},"p4":{"x":-0.494562149047852,"y":0.6469966173172,"z":0,"tension":-0.819999754428864,"bias":0,"continuity":0,"index":4,"pointType":2,"word":"","text":{"x":0.00543785095214844,"y":0.6469966173172,"z":0,"font":0,"fontSize":48}},"p5":{"x":-1.00863885879517,"y":0.0242757797241211,"z":0,"tension":-0.819999754428864,"bias":0,"continuity":0,"index":5,"pointType":2,"word":"","text":{"x":-0.508638858795166,"y":0.0242757797241211,"z":0,"font":0,"fontSize":48}},"p6":{"x":-0.46694803237915,"y":-0.593420028686523,"z":0,"tension":-0.819999754428864,"bias":0,"continuity":0,"index":6,"pointType":2,"word":"","text":{"x":0.0330519676208496,"y":-0.593420028686523,"z":0,"font":0,"fontSize":48}},"p7":{"x":0.203752517700195,"y":-0.0191650390625,"z":0,"tension":-0.819999754428864,"bias":0,"continuity":0,"index":7,"pointType":2,"word":"","text":{"x":0.703752517700195,"y":-0.0191650390625,"z":0,"font":0,"fontSize":48}},"p8":{"x":-0.151926279067993,"y":0.465607523918152,"z":0,"tension":-0.819999754428864,"bias":0,"continuity":0,"index":8,"pointType":2,"word":"","text":{"x":0.348073720932007,"y":0.465607523918152,"z":0,"font":0,"fontSize":48}},"p9":{"x":-0.48124623298645,"y":0.110006332397461,"z":0,"tension":-0.819999754428864,"bias":0,"continuity":0,"index":9,"pointType":2,"word":"","text":{"x":0.0187537670135498,"y":0.110006332397461,"z":0,"font":0,"fontSize":48}},"p10":{"x":-0.0961155891418457,"y":-0.175942659378052,"z":0,"tension":-0.819999754428864,"bias":0,"continuity":0,"index":10,"pointType":2,"word":"","text":{"x":0.403884410858154,"y":-0.175942659378052,"z":0,"font":0,"fontSize":48}},"p11":{"x":0.291754722595215,"y":0.706105947494507,"z":0,"tension":-0.819999754428864,"bias":0,"continuity":0,"index":11,"pointType":2,"word":"","text":{"x":0.791754722595215,"y":0.706105947494507,"z":0,"font":0,"fontSize":48}},"p12":{"x":-0.146716833114624,"y":1.09678685665131,"z":0,"tension":-0.819999754428864,"bias":0,"continuity":0,"index":12,"pointType":2,"word":"","text":{"x":0.353283166885376,"y":1.09678685665131,"z":0,"font":0,"fontSize":48}},"p13":{"x":-0.66387677192688,"y":0.366456270217896,"z":0,"tension":-0.819999754428864,"bias":0,"continuity":0,"index":13,"pointType":2,"word":"","text":{"x":-0.16387677192688,"y":0.366456270217896,"z":0,"font":0,"fontSize":48}},"p14":{"x":-0.157407760620117,"y":0.1898193359375,"z":0,"tension":-0.819999754428864,"bias":0,"continuity":0,"index":14,"pointType":2,"word":"","text":{"x":0.342592239379883,"y":0.1898193359375,"z":0,"font":0,"fontSize":48}},"p15":{"x":0.259910106658936,"y":0.861167550086975,"z":0,"tension":-0.819999754428864,"bias":0,"continuity":0,"index":15,"pointType":2,"word":"","text":{"x":0.759910106658936,"y":0.861167550086975,"z":0,"font":0,"fontSize":48}},"p16":{"x":-0.284449577331543,"y":1.46155250072479,"z":0,"tension":-0.819999754428864,"bias":0,"continuity":0,"index":16,"pointType":2,"word":"","text":{"x":0.215550422668457,"y":1.46155250072479,"z":0,"font":0,"fontSize":48}},"p17":{"x":-0.500574588775635,"y":0.973025679588318,"z":0,"tension":-0.819999754428864,"bias":0,"continuity":0,"index":17,"pointType":2,"word":"","text":{"x":-0.000574588775634766,"y":0.973025679588318,"z":0,"font":0,"fontSize":48}},"p18":{"x":0.118452072143555,"y":0.478637218475342,"z":0,"tension":-0.819999754428864,"bias":0,"continuity":0,"index":18,"pointType":2,"word":"","text":{"x":0.618452072143555,"y":0.478637218475342,"z":0,"font":0,"fontSize":48}},"p19":{"x":0.445477247238159,"y":1.35640931129456,"z":0,"tension":0,"bias":0,"continuity":0,"index":19,"pointType":2,"word":"","text":{"x":0.945477247238159,"y":1.35640931129456,"z":0,"font":0,"fontSize":48}},"p20":{"x":-0.586748123168945,"y":1.85917520523071,"z":0,"tension":-0.819999098777771,"bias":0,"continuity":0,"index":20,"pointType":2,"word":"","text":{"x":-0.0867481231689453,"y":1.85917520523071,"z":0,"font":0,"fontSize":48}},"p21":{"x":-0.835275888442993,"y":0.94700288772583,"z":0,"tension":0,"bias":0,"continuity":0,"index":21,"pointType":2,"word":"","text":{"x":-0.335275888442993,"y":0.94700288772583,"z":0,"font":0,"fontSize":48}},"p22":{"x":0.131674528121948,"y":0.665084362030029,"z":0,"tension":0,"bias":0,"continuity":0,"index":22,"pointType":2,"word":"","text":{"x":0.631674528121948,"y":0.665084362030029,"z":0,"font":0,"fontSize":48}},"splineCount":1,"unlockType":0,"speed":1,"acceleration":1,"maxSpeed":10,"time":1,"laps":1,"startSpeed":1,"text":"","title":"","forceOrder":false,"camera":{"lockX":true,"lockY":true,"lockZ":true,"x":-0.201624616980553,"y":0.451425492763519,"z":-2,"setPos":true,"fixCam":false,"fov":81},"spline0":{"order":0,"closed":true,"numPoints":23,"type":0,"lineTexture":0,"lineWidth":1,"bidirectional":true,"speed":0,"points":{"p0":0,"p1":1,"p2":2,"p3":3,"p4":4,"p5":5,"p6":6,"p7":7,"p8":8,"p9":9,"p10":10,"p11":11,"p12":12,"p13":13,"p14":14,"p15":15,"p16":16,"p17":17,"p18":18,"p19":19,"p20":20,"p21":21,"p22":22}}}