{"name":"line3","pointCount":10,"p0":{"x":0.0605763718485832,"y":0.732570052146912,"z":-0.0534483194351196,"tension":0,"bias":0,"continuity":0,"index":0,"pointType":5,"word":"","text":{"x":0.560576379299164,"y":0.732570052146912,"z":-0.0534483194351196,"font":0,"fontSize":48}},"p1":{"x":0.0586223714053631,"y":0.474114418029785,"z":-0.0534483194351196,"tension":0,"bias":0,"continuity":0,"index":1,"pointType":2,"word":"","text":{"x":0.174874693155289,"y":0.48292139172554,"z":-0.0534483194351196,"font":3,"fontSize":48}},"p2":{"x":0.0614163391292095,"y":-0.644040465354919,"z":-0.0534483194351196,"tension":0,"bias":0,"continuity":0,"index":2,"pointType":2,"word":"a","text":{"x":0.0536524578928947,"y":-0.227061063051224,"z":-0.0534483194351196,"font":3,"fontSize":48}},"p3":{"x":0.322342872619629,"y":-0.340459018945694,"z":-0.0534483194351196,"tension":-0.999921679496765,"bias":-0.00605077110230923,"continuity":0,"index":3,"pointType":2,"word":"towards","text":{"x":0.0557031631469727,"y":-0.106070786714554,"z":-0.0534483194351196,"font":3,"fontSize":48}},"p4":{"x":0.0965960919857025,"y":-0.00671717151999474,"z":-0.0534483194351196,"tension":1,"bias":0.154640823602676,"continuity":0,"index":4,"pointType":2,"word":"threatening","text":{"x":0.0516017600893974,"y":0.137960344552994,"z":-0.0534483194351196,"font":3,"fontSize":48}},"p5":{"x":-0.14127716422081,"y":0.234416574239731,"z":-0.0534483194351196,"tension":-0.597555577754974,"bias":-0.00387600250542164,"continuity":0,"index":5,"pointType":2,"word":"tightening","text":{"x":0.0475006550550461,"y":0.244595915079117,"z":-0.0534483194351196,"font":3,"fontSize":48}},"p6":{"x":-0.227290689945221,"y":-0.438281238079071,"z":-0.0534483194351196,"tension":-0.853924751281738,"bias":0.000110759472590871,"continuity":0,"index":6,"pointType":2,"word":"short","text":{"x":0.0577538311481476,"y":-0.333696484565735,"z":-0.0534483194351196,"font":3,"fontSize":48}},"p7":{"x":-0.052982896566391,"y":-0.175793901085854,"z":-0.0534483194351196,"tension":-0.999965608119965,"bias":0.0268111620098352,"continuity":0,"index":7,"pointType":2,"word":"circuit","text":{"x":0.0618552044034004,"y":-0.456737399101257,"z":-0.0534483194351196,"font":3,"fontSize":48}},"p8":{"x":0.147983968257904,"y":-0.389064908027649,"z":-0.0534483194351196,"tension":0,"bias":0,"continuity":0,"index":8,"pointType":2,"word":"","text":{"x":0.647983968257904,"y":-0.389064908027649,"z":-0.0534483194351196,"font":0,"fontSize":48}},"p9":{"x":0.152085065841675,"y":-1.00016820430756,"z":-0.0534483194351196,"tension":0,"bias":0,"continuity":0,"index":9,"pointType":0,"word":"","text":{"x":0.652085065841675,"y":-1.00016820430756,"z":-0.0534483194351196,"font":0,"fontSize":48}},"splineCount":1,"spline0":{"closed":false,"numPoints":10,"lineTexture":0,"points":{"p0":0,"p1":1,"p2":5,"p3":4,"p4":3,"p5":2,"p6":6,"p7":7,"p8":8,"p9":9}}}