{"name":"Line1","pointCount":31,"p0":{"x":0.474178552627563,"y":1.47385442256927,"z":0,"tension":0,"bias":0,"continuity":0,"index":0,"pointType":2,"word":"","text":{"x":0.974178552627563,"y":1.47385442256927,"z":0,"font":0,"fontSize":48}},"p1":{"x":1.8333625793457,"y":0.956262826919556,"z":0,"tension":0,"bias":0,"continuity":0,"index":1,"pointType":2,"word":"","text":{"x":2.3333625793457,"y":0.956262826919556,"z":0,"font":0,"fontSize":48}},"p2":{"x":1.90818357467651,"y":1.31367826461792,"z":0,"tension":-0.0999990701675415,"bias":-0.139999091625214,"continuity":-0.639999985694885,"index":2,"pointType":2,"word":"","text":{"x":2.40818357467651,"y":1.31367826461792,"z":0,"font":0,"fontSize":48}},"p3":{"x":1.9726095199585,"y":1.99699902534485,"z":0,"tension":-1,"bias":0.420001029968262,"continuity":-0.679999113082886,"index":3,"pointType":2,"word":"","text":{"x":2.4726095199585,"y":1.99699902534485,"z":0,"font":0,"fontSize":48}},"p4":{"x":3.17899656295776,"y":1.3905998468399,"z":0,"tension":0,"bias":0,"continuity":0,"index":4,"pointType":7,"word":"","text":{"x":3.67899656295776,"y":1.3905998468399,"z":0,"font":0,"fontSize":48}},"p5":{"x":0.234647274017334,"y":1.30623126029968,"z":0,"tension":0,"bias":0,"continuity":0,"index":5,"pointType":6,"word":"","text":{"x":0.734647274017334,"y":1.30623126029968,"z":0,"font":0,"fontSize":48}},"p6":{"x":0.659878253936768,"y":1.52045118808746,"z":0,"tension":0,"bias":0,"continuity":0,"index":6,"pointType":2,"word":"","text":{"x":1.15987825393677,"y":1.52045118808746,"z":0,"font":0,"fontSize":48}},"p7":{"x":0.593605041503906,"y":1.61073732376099,"z":0,"tension":0,"bias":0,"continuity":0,"index":7,"pointType":2,"word":"","text":{"x":1.09360504150391,"y":1.61073732376099,"z":0,"font":0,"fontSize":48}},"p8":{"x":0.521818161010742,"y":1.55305778980255,"z":0,"tension":0,"bias":0,"continuity":0,"index":8,"pointType":2,"word":"","text":{"x":1.02181816101074,"y":1.55305778980255,"z":0,"font":0,"fontSize":48}},"p9":{"x":0.81817102432251,"y":0.997933268547058,"z":0,"tension":0,"bias":0,"continuity":0,"index":9,"pointType":2,"word":"","text":{"x":1.31817102432251,"y":0.997933268547058,"z":0,"font":0,"fontSize":48}},"p10":{"x":0.794757843017578,"y":1.07147610187531,"z":0,"tension":0,"bias":0,"continuity":0,"index":10,"pointType":2,"word":"","text":{"x":1.29475784301758,"y":1.07147610187531,"z":0,"font":0,"fontSize":48}},"p11":{"x":0.757565021514893,"y":1.15334320068359,"z":0,"tension":0,"bias":0,"continuity":0,"index":11,"pointType":2,"word":"","text":{"x":1.25756502151489,"y":1.15334320068359,"z":0,"font":0,"fontSize":48}},"p12":{"x":0.754601001739502,"y":1.27294421195984,"z":0,"tension":0,"bias":0,"continuity":0,"index":12,"pointType":2,"word":"","text":{"x":1.2546010017395,"y":1.27294421195984,"z":0,"font":0,"fontSize":48}},"p13":{"x":0.740551948547363,"y":1.42073833942413,"z":0,"tension":0,"bias":0,"continuity":0,"index":13,"pointType":2,"word":"","text":{"x":1.24055194854736,"y":1.42073833942413,"z":0,"font":0,"fontSize":48}},"p14":{"x":1.37094402313232,"y":1.77273738384247,"z":0,"tension":0,"bias":-0.89999908208847,"continuity":0.100000977516174,"index":14,"pointType":2,"word":"","text":{"x":1.87094402313232,"y":1.77273738384247,"z":0,"font":0,"fontSize":48}},"p15":{"x":1.29004287719727,"y":1.57881271839142,"z":0,"tension":-0.219999074935913,"bias":0,"continuity":0.139999985694885,"index":15,"pointType":2,"word":"","text":{"x":1.79004287719727,"y":1.57881271839142,"z":0,"font":0,"fontSize":48}},"p16":{"x":1.16373491287231,"y":1.39802980422974,"z":0,"tension":0,"bias":0,"continuity":0,"index":16,"pointType":2,"word":"","text":{"x":1.66373491287231,"y":1.39802980422974,"z":0,"font":0,"fontSize":48}},"p17":{"x":1.04944753646851,"y":1.29786384105682,"z":0,"tension":0,"bias":0,"continuity":0,"index":17,"pointType":2,"word":"","text":{"x":1.54944753646851,"y":1.29786384105682,"z":0,"font":0,"fontSize":48}},"p18":{"x":0.909748554229736,"y":0.925679922103882,"z":0,"tension":0,"bias":0,"continuity":0,"index":18,"pointType":2,"word":"","text":{"x":1.40974855422974,"y":0.925679922103882,"z":0,"font":0,"fontSize":48}},"p19":{"x":1.53501796722412,"y":1.62574446201324,"z":0,"tension":0,"bias":0,"continuity":0,"index":19,"pointType":2,"word":"","text":{"x":2.03501796722412,"y":1.62574446201324,"z":0,"font":0,"fontSize":48}},"p20":{"x":1.50989866256714,"y":1.78838884830475,"z":0,"tension":0,"bias":0,"continuity":0,"index":20,"pointType":2,"word":"","text":{"x":2.00989866256714,"y":1.78838884830475,"z":0,"font":0,"fontSize":48}},"p21":{"x":1.36175966262817,"y":2.11288833618164,"z":0,"tension":0,"bias":-0.740000009536743,"continuity":0.480001091957092,"index":21,"pointType":2,"word":"","text":{"x":1.86175966262817,"y":2.11288833618164,"z":0,"font":0,"fontSize":48}},"p22":{"x":1.57995986938477,"y":1.40062642097473,"z":0,"tension":-0.779999077320099,"bias":-1,"continuity":-0.019999086856842,"index":22,"pointType":2,"word":"","text":{"x":2.07995986938477,"y":1.40062642097473,"z":0,"font":0,"fontSize":48}},"p23":{"x":2.00128221511841,"y":1.45372951030731,"z":0,"tension":-0.89999908208847,"bias":0.700000166893005,"continuity":0.420000195503235,"index":23,"pointType":2,"word":"","text":{"x":2.50128221511841,"y":1.45372951030731,"z":0,"font":0,"fontSize":48}},"p24":{"x":2.6336612701416,"y":0.8553386926651,"z":0,"tension":0,"bias":0,"continuity":0,"index":24,"pointType":2,"word":"","text":{"x":3.1336612701416,"y":0.8553386926651,"z":0,"font":0,"fontSize":48}},"p25":{"x":2.49295282363892,"y":0.906810998916626,"z":0,"tension":-1,"bias":0.380001068115234,"continuity":-1,"index":25,"pointType":2,"word":"","text":{"x":2.99295282363892,"y":0.906810998916626,"z":0,"font":0,"fontSize":48}},"p26":{"x":2.22421026229858,"y":1.40213227272034,"z":0,"tension":0,"bias":-0.459999084472656,"continuity":-0.599999070167542,"index":26,"pointType":2,"word":"","text":{"x":2.72421026229858,"y":1.40213227272034,"z":0,"font":0,"fontSize":48}},"p27":{"x":2.89917898178101,"y":1.47450745105743,"z":0,"tension":0,"bias":0,"continuity":0,"index":27,"pointType":2,"word":"","text":{"x":3.39917898178101,"y":1.47450745105743,"z":0,"font":0,"fontSize":48}},"p28":{"x":2.70843839645386,"y":1.8108503818512,"z":0,"tension":0,"bias":0,"continuity":0,"index":28,"pointType":2,"word":"","text":{"x":3.20843839645386,"y":1.8108503818512,"z":0,"font":0,"fontSize":48}},"p29":{"x":2.57041263580322,"y":1.39980912208557,"z":0,"tension":-0.279999077320099,"bias":-0.839999079704285,"continuity":-0.139999091625214,"index":29,"pointType":2,"word":"","text":{"x":3.07041263580322,"y":1.39980912208557,"z":0,"font":0,"fontSize":48}},"p30":{"x":1.71235370635986,"y":1.19265747070313,"z":0,"tension":-0.699999094009399,"bias":-0.739999055862427,"continuity":-0.819999098777771,"index":30,"pointType":2,"word":"","text":{"x":2.21235370635986,"y":1.19265747070313,"z":0,"font":0,"fontSize":48}},"splineCount":1,"unlockType":0,"speed":1,"acceleration":0.5,"maxSpeed":3,"time":1,"laps":1,"startSpeed":0.949999988079071,"text":"","title":"","forceOrder":false,"camera":{"lockX":false,"lockY":false,"lockZ":true,"x":1.77157127857208,"y":1.35580277442932,"z":-2,"setPos":true,"fixCam":false,"fov":49},"spline0":{"order":0,"closed":false,"numPoints":31,"type":0,"lineTexture":0,"lineWidth":1,"bidirectional":true,"speed":0,"points":{"p0":5,"p1":0,"p2":8,"p3":7,"p4":6,"p5":13,"p6":12,"p7":11,"p8":10,"p9":9,"p10":18,"p11":17,"p12":16,"p13":15,"p14":14,"p15":21,"p16":20,"p17":19,"p18":22,"p19":30,"p20":1,"p21":2,"p22":23,"p23":3,"p24":26,"p25":25,"p26":24,"p27":29,"p28":28,"p29":27,"p30":4}}}