{"name":"Line1","pointCount":13,"p0":{"x":-1.38964939117432,"y":0.966152787208557,"z":0,"tension":0,"bias":0,"continuity":0,"index":0,"pointType":2,"word":"","text":{"x":-0.889649391174316,"y":0.966152787208557,"z":0,"font":0,"fontSize":48}},"p1":{"x":1.06737470626831,"y":0.529719591140747,"z":0,"tension":-0.619999051094055,"bias":0,"continuity":0,"index":1,"pointType":2,"word":"","text":{"x":1.56737470626831,"y":0.529719591140747,"z":0,"font":0,"fontSize":48}},"p2":{"x":0.806304454803467,"y":1.57806241512299,"z":0,"tension":-0.359999060630798,"bias":0.480001091957092,"continuity":0,"index":2,"pointType":2,"word":"","text":{"x":1.30630445480347,"y":1.57806241512299,"z":0,"font":0,"fontSize":48}},"p3":{"x":-1.11517238616943,"y":-0.0895557403564453,"z":0,"tension":-0.619999051094055,"bias":0,"continuity":0,"index":3,"pointType":2,"word":"","text":{"x":-0.615172386169434,"y":-0.0895557403564453,"z":0,"font":0,"fontSize":48}},"p4":{"x":0.842047214508057,"y":0.449249029159546,"z":0,"tension":-0.759999096393585,"bias":0,"continuity":0,"index":4,"pointType":2,"word":"","text":{"x":1.34204721450806,"y":0.449249029159546,"z":0,"font":0,"fontSize":48}},"p5":{"x":0.968218326568604,"y":-0.518980026245117,"z":0,"tension":-0.759999096393585,"bias":0,"continuity":0,"index":5,"pointType":2,"word":"","text":{"x":1.4682183265686,"y":-0.518980026245117,"z":0,"font":0,"fontSize":48}},"p6":{"x":-1.11944723129272,"y":-0.331275939941406,"z":0,"tension":0,"bias":0,"continuity":0,"index":6,"pointType":2,"word":"","text":{"x":-0.619447231292725,"y":-0.331275939941406,"z":0,"font":0,"fontSize":48}},"p7":{"x":-1.6772323846817,"y":-0.877295732498169,"z":0,"tension":0,"bias":0,"continuity":0,"index":7,"pointType":2,"word":"","text":{"x":-1.1772323846817,"y":-0.877295732498169,"z":0,"font":0,"fontSize":48}},"p8":{"x":-1.05534029006958,"y":-1.30994749069214,"z":0,"tension":0,"bias":0,"continuity":0,"index":8,"pointType":2,"word":"","text":{"x":-0.55534029006958,"y":-1.30994749069214,"z":0,"font":0,"fontSize":48}},"p9":{"x":0.955404758453369,"y":-0.615671157836914,"z":0,"tension":-0.619999051094055,"bias":0,"continuity":0,"index":9,"pointType":2,"word":"","text":{"x":1.45540475845337,"y":-0.615671157836914,"z":0,"font":0,"fontSize":48}},"p10":{"x":1.91119050979614,"y":-1.18932914733887,"z":0,"tension":0,"bias":0,"continuity":0,"index":10,"pointType":7,"word":"","text":{"x":2.41119050979614,"y":-1.18932914733887,"z":0,"font":0,"fontSize":48}},"p11":{"x":-1.39340329170227,"y":1.59757554531097,"z":0,"tension":0,"bias":0,"continuity":0,"index":11,"pointType":6,"word":"","text":{"x":-0.893403291702271,"y":1.59757554531097,"z":0,"font":0,"fontSize":48}},"p12":{"x":-0.473045349121094,"y":0.975719213485718,"z":0,"tension":0,"bias":0,"continuity":0,"index":12,"pointType":2,"word":"","text":{"x":0.0269546508789063,"y":0.975719213485718,"z":0,"font":0,"fontSize":48}},"splineCount":1,"unlockType":0,"speed":1,"acceleration":0.5,"time":1,"laps":10,"startSpeed":0.5,"text":"","title":"","forceOrder":false,"camera":{"lockX":true,"lockY":true,"lockZ":true,"x":-0.391467124223709,"y":-0.0947510600090027,"z":-2,"setPos":true,"fixCam":false,"fov":97},"spline0":{"order":0,"closed":false,"numPoints":13,"type":0,"lineTexture":0,"lineWidth":1,"bidirectional":true,"speed":0,"points":{"p0":11,"p1":12,"p2":2,"p3":1,"p4":0,"p5":3,"p6":4,"p7":5,"p8":6,"p9":7,"p10":8,"p11":9,"p12":10}}}