{"name":"Line2","pointCount":10,"p0":{"x":0.552106380462646,"y":-0.0985071659088135,"z":0,"tension":0,"bias":0,"continuity":0,"index":0,"pointType":6,"word":"","text":{"x":1.05210638046265,"y":-0.0985071659088135,"z":0,"font":0,"fontSize":48}},"p1":{"x":0.504962682723999,"y":0.216901779174805,"z":0,"tension":1,"bias":0,"continuity":0,"index":1,"pointType":0,"word":"","text":{"x":1.004962682724,"y":0.216901779174805,"z":0,"font":0,"fontSize":48}},"p2":{"x":0.8144211769104,"y":0.133904933929443,"z":0,"tension":1,"bias":0,"continuity":0,"index":2,"pointType":0,"word":"","text":{"x":1.3144211769104,"y":0.133904933929443,"z":0,"font":0,"fontSize":48}},"p3":{"x":0.757158279418945,"y":0.470066785812378,"z":0,"tension":1,"bias":0,"continuity":0,"index":3,"pointType":0,"word":"","text":{"x":1.25715827941895,"y":0.470066785812378,"z":0,"font":0,"fontSize":48}},"p4":{"x":1.06364440917969,"y":0.382620453834534,"z":0,"tension":1,"bias":0,"continuity":0,"index":4,"pointType":0,"word":"","text":{"x":1.56364440917969,"y":0.382620453834534,"z":0,"font":0,"fontSize":48}},"p5":{"x":0.994718074798584,"y":0.733349800109863,"z":0,"tension":1,"bias":0,"continuity":0,"index":5,"pointType":0,"word":"","text":{"x":1.49471807479858,"y":0.733349800109863,"z":0,"font":0,"fontSize":48}},"p6":{"x":1.30620908737183,"y":0.637482881546021,"z":0,"tension":1,"bias":0,"continuity":0,"index":6,"pointType":0,"word":"","text":{"x":1.80620908737183,"y":0.637482881546021,"z":0,"font":0,"fontSize":48}},"p7":{"x":1.21222686767578,"y":0.967660784721375,"z":0,"tension":1,"bias":0,"continuity":0,"index":7,"pointType":0,"word":"","text":{"x":1.71222686767578,"y":0.967660784721375,"z":0,"font":0,"fontSize":48}},"p8":{"x":1.56282186508179,"y":0.848435163497925,"z":0,"tension":1,"bias":0,"continuity":0,"index":8,"pointType":0,"word":"","text":{"x":2.06282186508179,"y":0.848435163497925,"z":0,"font":0,"fontSize":48}},"p9":{"x":1.48433542251587,"y":1.24773287773132,"z":0,"tension":1,"bias":0,"continuity":0,"index":9,"pointType":7,"word":"","text":{"x":1.98433542251587,"y":1.24773287773132,"z":0,"font":0,"fontSize":48}},"splineCount":1,"unlockType":2,"speed":4.5,"acceleration":1,"time":2,"laps":4,"startSpeed":1,"text":"","title":"","forceOrder":false,"camera":{"lockX":true,"lockY":true,"lockZ":true,"x":1.06400406360626,"y":0.510016798973084,"z":-2.67298007011414,"setPos":true,"fixCam":false,"fov":49},"spline0":{"order":0,"closed":false,"numPoints":10,"type":0,"lineTexture":0,"lineWidth":1,"bidirectional":true,"speed":0,"points":{"p0":0,"p1":1,"p2":2,"p3":3,"p4":4,"p5":5,"p6":6,"p7":7,"p8":8,"p9":9}}}