{"name":"line3","pointCount":19,"p0":{"x":0.549741685390472,"y":0.494367897510529,"z":-0.0534483194351196,"tension":0,"bias":0,"continuity":0,"index":0,"pointType":5,"word":"","text":{"x":1.04974174499512,"y":0.494367897510529,"z":-0.0534483194351196,"font":0,"fontSize":48}},"p1":{"x":0.0513918250799179,"y":0.445056676864624,"z":-1.19209289550781E-07,"tension":0,"bias":0,"continuity":0,"index":1,"pointType":2,"word":"shape","text":{"x":0.241719245910645,"y":0.399636477231979,"z":-9.5367431640625E-07,"font":1,"fontSize":72}},"p2":{"x":-0.236926823854446,"y":0.0717395544052124,"z":-1.19209289550781E-07,"tension":0,"bias":0,"continuity":0,"index":2,"pointType":2,"word":"of","text":{"x":0.243846297264099,"y":0.297549813985825,"z":-9.5367431640625E-07,"font":1,"fontSize":48}},"p3":{"x":0.659741163253784,"y":-0.15434318780899,"z":-1.19209289550781E-07,"tension":1,"bias":-0.167969226837158,"continuity":0,"index":3,"pointType":3,"word":"desire","text":{"x":0.254775375127792,"y":0.209931015968323,"z":-9.5367431640625E-07,"font":1,"fontSize":72}},"p4":{"x":0.584389448165894,"y":0.266545534133911,"z":-1.19209289550781E-07,"tension":1,"bias":0.0333756245672703,"continuity":0,"index":4,"pointType":2,"word":"","text":{"x":1.08438944816589,"y":0.266545534133911,"z":-1.19209289550781E-07,"font":0,"fontSize":48}},"p5":{"x":1.02824807167053,"y":-0.54385381937027,"z":-1.19209289550781E-07,"tension":-0.999970614910126,"bias":0.0312993004918098,"continuity":0,"index":5,"pointType":2,"word":"","text":{"x":1.52824807167053,"y":-0.54385381937027,"z":-1.19209289550781E-07,"font":0,"fontSize":48}},"p6":{"x":1.40172469615936,"y":-0.39406806230545,"z":-1.19209289550781E-07,"tension":-0.90509831905365,"bias":0.205290094017982,"continuity":0,"index":6,"pointType":2,"word":"","text":{"x":1.90172469615936,"y":-0.39406806230545,"z":-1.19209289550781E-07,"font":0,"fontSize":48}},"p7":{"x":1.6789219379425,"y":0.127654761075974,"z":-1.43051147460938E-06,"tension":0,"bias":0,"continuity":0,"index":7,"pointType":2,"word":"","text":{"x":2.1789219379425,"y":0.127654761075974,"z":-1.43051147460938E-06,"font":0,"fontSize":48}},"p8":{"x":1.0399181842804,"y":0.303303003311157,"z":-1.43051147460938E-06,"tension":1,"bias":-0.0126576367765665,"continuity":0,"index":8,"pointType":2,"word":"","text":{"x":1.5399181842804,"y":0.303303003311157,"z":-1.43051147460938E-06,"font":0,"fontSize":48}},"p9":{"x":1.5331209897995,"y":0.47696191072464,"z":-1.43051147460938E-06,"tension":-1,"bias":-0.142015635967255,"continuity":0,"index":9,"pointType":2,"word":"","text":{"x":2.03312110900879,"y":0.47696191072464,"z":-1.43051147460938E-06,"font":0,"fontSize":48}},"p10":{"x":1.07256066799164,"y":-0.283768981695175,"z":-1.19209289550781E-07,"tension":1,"bias":-0.0721232667565346,"continuity":0,"index":10,"pointType":2,"word":"","text":{"x":1.57256066799164,"y":-0.283768981695175,"z":-1.19209289550781E-07,"font":0,"fontSize":48}},"p11":{"x":0.905914664268494,"y":0.417085886001587,"z":-1.19209289550781E-07,"tension":1,"bias":0.00972323678433895,"continuity":0,"index":11,"pointType":2,"word":"","text":{"x":1.40591466426849,"y":0.417085886001587,"z":-1.19209289550781E-07,"font":0,"fontSize":48}},"p12":{"x":0.596928954124451,"y":0.514109253883362,"z":-7.74860382080078E-07,"tension":0,"bias":0,"continuity":0,"index":12,"pointType":2,"word":"","text":{"x":1.09692895412445,"y":0.514109253883362,"z":-7.74860382080078E-07,"font":0,"fontSize":48}},"p13":{"x":0.878450632095337,"y":0.686432600021362,"z":-1.18464231491089E-06,"tension":0,"bias":0,"continuity":0,"index":13,"pointType":2,"word":"","text":{"x":1.37845063209534,"y":0.686432600021362,"z":-1.18464231491089E-06,"font":0,"fontSize":48}},"p14":{"x":1.17346513271332,"y":-0.162331432104111,"z":-1.19209289550781E-07,"tension":0,"bias":0,"continuity":0,"index":14,"pointType":2,"word":"","text":{"x":1.67346513271332,"y":-0.162331432104111,"z":-1.19209289550781E-07,"font":0,"fontSize":48}},"p15":{"x":0.440228044986725,"y":-0.103529274463654,"z":-1.19209289550781E-07,"tension":0,"bias":0,"continuity":0,"index":15,"pointType":2,"word":"","text":{"x":0.940228044986725,"y":-0.103529274463654,"z":-1.19209289550781E-07,"font":0,"fontSize":48}},"p16":{"x":-0.262490510940552,"y":-0.328788280487061,"z":-1.19209289550781E-07,"tension":0,"bias":0,"continuity":0,"index":16,"pointType":6,"word":"","text":{"x":0.237509489059448,"y":-0.328788280487061,"z":-1.19209289550781E-07,"font":0,"fontSize":48}},"p17":{"x":2.42974710464478,"y":0.0385067500174046,"z":-1.19209289550781E-07,"tension":0.620136678218842,"bias":0.0957420468330383,"continuity":0,"index":17,"pointType":2,"word":"","text":{"x":2.92974710464478,"y":0.0385067500174046,"z":-1.19209289550781E-07,"font":0,"fontSize":48}},"p18":{"x":2.21940183639526,"y":-0.3019680082798,"z":-1.19209289550781E-07,"tension":0,"bias":0,"continuity":0,"index":18,"pointType":2,"word":"","text":{"x":2.71940183639526,"y":-0.3019680082798,"z":-1.19209289550781E-07,"font":0,"fontSize":48}},"fixedCamera":true,"fov":40,"splineCount":7,"unlockType":0,"score":1,"spline0":{"closed":false,"numPoints":5,"lineTexture":0,"points":{"p0":0,"p1":1,"p2":2,"p3":15,"p4":3}},"spline1":{"closed":true,"numPoints":5,"lineTexture":4,"points":{"p0":3,"p1":4,"p2":12,"p3":13,"p4":8}},"spline2":{"closed":true,"numPoints":3,"lineTexture":5,"points":{"p0":3,"p1":5,"p2":9}},"spline3":{"closed":true,"numPoints":3,"lineTexture":3,"points":{"p0":3,"p1":6,"p2":7}},"spline4":{"closed":true,"numPoints":4,"lineTexture":2,"points":{"p0":11,"p1":14,"p2":10,"p3":3}},"spline5":{"closed":false,"numPoints":2,"lineTexture":0,"points":{"p0":3,"p1":16}},"spline6":{"closed":true,"numPoints":3,"lineTexture":0,"points":{"p0":18,"p1":17,"p2":3}}}