{"name":"Loop3","pointCount":22,"p0":{"x":-0.269856929779053,"y":-0.696737766265869,"z":0.032456636428833,"tension":-0.759999752044678,"bias":0,"continuity":0,"index":0,"pointType":2,"word":"","text":{"x":0.230143070220947,"y":-0.696737766265869,"z":0.032456636428833,"font":0,"fontSize":48}},"p1":{"x":-0.229666709899902,"y":0.9167640209198,"z":0.0108289830386639,"tension":-0.759999752044678,"bias":0,"continuity":0,"index":1,"pointType":6,"word":"","text":{"x":0.270333290100098,"y":0.9167640209198,"z":0.0108289830386639,"font":0,"fontSize":48}},"p2":{"x":-0.508014678955078,"y":0.27278208732605,"z":0.104884512722492,"tension":-0.139999091625214,"bias":0,"continuity":0,"index":2,"pointType":2,"word":"","text":{"x":-0.00801467895507813,"y":0.27278208732605,"z":0.104884512722492,"font":0,"fontSize":48}},"p3":{"x":-0.631827831268311,"y":-0.275494337081909,"z":0.126513868570328,"tension":-0.759999752044678,"bias":0,"continuity":0,"index":3,"pointType":2,"word":"","text":{"x":-0.131827831268311,"y":-0.275494337081909,"z":0.126513868570328,"font":0,"fontSize":48}},"p4":{"x":-0.876941204071045,"y":0.170405626296997,"z":0.0530984774231911,"tension":-1,"bias":0,"continuity":0,"index":4,"pointType":0,"word":"","text":{"x":-0.376941204071045,"y":0.170405626296997,"z":0.0530984774231911,"font":0,"fontSize":48}},"p5":{"x":0.444103717803955,"y":-0.144251585006714,"z":0.0709158033132553,"tension":0,"bias":0,"continuity":0,"index":5,"pointType":0,"word":"","text":{"x":0.944103717803955,"y":-0.144251585006714,"z":0.0709158033132553,"font":0,"fontSize":48}},"p6":{"x":-0.348847150802612,"y":-0.471734285354614,"z":0.0850209966301918,"tension":-0.959999084472656,"bias":0,"continuity":0,"index":6,"pointType":0,"word":"","text":{"x":0.151152849197388,"y":-0.471734285354614,"z":0.0850209966301918,"font":0,"fontSize":48}},"p7":{"x":0.178875684738159,"y":0.0955010652542114,"z":0.00664687156677246,"tension":0,"bias":0,"continuity":0,"index":7,"pointType":0,"word":"","text":{"x":0.678875684738159,"y":0.0955010652542114,"z":0.00664687156677246,"font":0,"fontSize":48}},"p8":{"x":-0.00705313682556152,"y":0.784473657608032,"z":-0.297242552042007,"tension":0,"bias":0,"continuity":0,"index":8,"pointType":2,"word":"","text":{"x":0.492946863174438,"y":0.784473657608032,"z":-0.297242552042007,"font":0,"fontSize":48}},"p9":{"x":-0.607833623886108,"y":0.54157829284668,"z":-0.297242552042007,"tension":0,"bias":0,"continuity":0,"index":9,"pointType":2,"word":"","text":{"x":-0.107833623886108,"y":0.54157829284668,"z":-0.297242552042007,"font":0,"fontSize":48}},"p10":{"x":-0.882707357406616,"y":0.236738443374634,"z":-0.297242552042007,"tension":0,"bias":0,"continuity":0,"index":10,"pointType":2,"word":"","text":{"x":-0.382707357406616,"y":0.236738443374634,"z":-0.297242552042007,"font":0,"fontSize":48}},"p11":{"x":-0.786482095718384,"y":-0.246998071670532,"z":-0.399855494499207,"tension":0,"bias":0,"continuity":0,"index":11,"pointType":2,"word":"","text":{"x":-0.286482095718384,"y":-0.246998071670532,"z":-0.399855494499207,"font":0,"fontSize":48}},"p12":{"x":-0.189296960830688,"y":-0.196453809738159,"z":-0.461862444877625,"tension":0,"bias":0,"continuity":0,"index":12,"pointType":2,"word":"","text":{"x":0.310703039169312,"y":-0.196453809738159,"z":-0.461862444877625,"font":0,"fontSize":48}},"p13":{"x":0.06705641746521,"y":0.370209693908691,"z":-0.188633665442467,"tension":0,"bias":0,"continuity":0,"index":13,"pointType":2,"word":"","text":{"x":0.56705641746521,"y":0.370209693908691,"z":-0.188633665442467,"font":0,"fontSize":48}},"p14":{"x":-0.0765416622161865,"y":0.694696426391602,"z":-0.188633665442467,"tension":0,"bias":0,"continuity":0,"index":14,"pointType":2,"word":"","text":{"x":0.423458337783813,"y":0.694696426391602,"z":-0.188633665442467,"font":0,"fontSize":48}},"p15":{"x":-0.399030447006226,"y":0.817685127258301,"z":-0.188633665442467,"tension":0,"bias":0,"continuity":0,"index":15,"pointType":2,"word":"","text":{"x":0.100969552993774,"y":0.817685127258301,"z":-0.188633665442467,"font":0,"fontSize":48}},"p16":{"x":-0.503315687179565,"y":0.60874080657959,"z":-0.188633665442467,"tension":0,"bias":0,"continuity":0,"index":16,"pointType":2,"word":"","text":{"x":-0.00331568717956543,"y":0.60874080657959,"z":-0.188633665442467,"font":0,"fontSize":48}},"p17":{"x":-0.127333402633667,"y":-0.0502312183380127,"z":-0.188633665442467,"tension":0,"bias":0,"continuity":0,"index":17,"pointType":2,"word":"","text":{"x":0.372666597366333,"y":-0.0502312183380127,"z":-0.188633665442467,"font":0,"fontSize":48}},"p18":{"x":-0.700914144515991,"y":-0.269096612930298,"z":-0.188633665442467,"tension":0,"bias":0,"continuity":0,"index":18,"pointType":2,"word":"","text":{"x":-0.200914144515991,"y":-0.269096612930298,"z":-0.188633665442467,"font":0,"fontSize":48}},"p19":{"x":-0.768837690353394,"y":0.342217683792114,"z":-0.188633665442467,"tension":0,"bias":0,"continuity":0,"index":19,"pointType":2,"word":"","text":{"x":-0.268837690353394,"y":0.342217683792114,"z":-0.188633665442467,"font":0,"fontSize":48}},"p20":{"x":-0.391482591629028,"y":0.337186098098755,"z":-0.188633665442467,"tension":0,"bias":0,"continuity":0,"index":20,"pointType":2,"word":"","text":{"x":0.108517408370972,"y":0.337186098098755,"z":-0.188633665442467,"font":0,"fontSize":48}},"p21":{"x":0.0135452747344971,"y":-0.568464756011963,"z":-0.188633665442467,"tension":0,"bias":0,"continuity":0,"index":21,"pointType":7,"word":"","text":{"x":0.513545274734497,"y":-0.568464756011963,"z":-0.188633665442467,"font":0,"fontSize":48}},"splineCount":2,"unlockType":1,"speed":3,"acceleration":1,"time":2,"laps":1,"startSpeed":1.04999995231628,"text":"","title":"","forceOrder":true,"camera":{"lockX":true,"lockY":true,"lockZ":false,"x":-0.539333999156952,"y":0.253824532032013,"z":-3.12346267700195,"setPos":true,"fixCam":false,"fov":78},"spline0":{"order":0,"closed":true,"numPoints":8,"type":0,"lineTexture":3,"lineWidth":1,"bidirectional":false,"speed":1,"points":{"p0":0,"p1":7,"p2":1,"p3":4,"p4":5,"p5":6,"p6":2,"p7":3}},"spline1":{"order":1,"closed":false,"numPoints":15,"type":2,"lineTexture":0,"lineWidth":1,"bidirectional":false,"speed":0,"points":{"p0":7,"p1":8,"p2":9,"p3":10,"p4":11,"p5":12,"p6":13,"p7":14,"p8":15,"p9":16,"p10":17,"p11":18,"p12":19,"p13":20,"p14":21}}}