{"name":"Loop5","pointCount":14,"p0":{"x":-2.70918965339661,"y":-0.750909328460693,"z":0,"tension":-1,"bias":0,"continuity":0,"index":0,"pointType":2,"word":"","text":{"x":-2.20918965339661,"y":-0.750909328460693,"z":0,"font":0,"fontSize":48}},"p1":{"x":0.147104740142822,"y":1.23706865310669,"z":0,"tension":-1,"bias":0,"continuity":0,"index":1,"pointType":0,"word":"","text":{"x":0.647104740142822,"y":1.23706865310669,"z":0,"font":0,"fontSize":48}},"p2":{"x":0.183315753936768,"y":-0.225739479064941,"z":0,"tension":-0.659999072551727,"bias":0,"continuity":0,"index":2,"pointType":2,"word":"","text":{"x":0.683315753936768,"y":-0.225739479064941,"z":0,"font":0,"fontSize":48}},"p3":{"x":-1.13489055633545,"y":-0.690124988555908,"z":0,"tension":-0.959999084472656,"bias":0,"continuity":0,"index":3,"pointType":0,"word":"","text":{"x":-0.634890556335449,"y":-0.690124988555908,"z":0,"font":0,"fontSize":48}},"p4":{"x":-0.849750518798828,"y":0.336554646492004,"z":0,"tension":-1,"bias":0,"continuity":0,"index":4,"pointType":0,"word":"","text":{"x":-0.349750518798828,"y":0.336554646492004,"z":0,"font":0,"fontSize":48}},"p5":{"x":0.848093509674072,"y":0.185263514518738,"z":0,"tension":0,"bias":0,"continuity":0,"index":5,"pointType":0,"word":"","text":{"x":1.34809350967407,"y":0.185263514518738,"z":0,"font":0,"fontSize":48}},"p6":{"x":0.987528324127197,"y":-1.58828449249268,"z":0,"tension":0,"bias":0,"continuity":0,"index":6,"pointType":6,"word":"","text":{"x":1.4875283241272,"y":-1.58828449249268,"z":0,"font":0,"fontSize":48}},"p7":{"x":-0.849368810653687,"y":-1.96961331367493,"z":0,"tension":-0.639999091625214,"bias":0,"continuity":0,"index":7,"pointType":0,"word":"","text":{"x":-0.349368810653687,"y":-1.96961331367493,"z":0,"font":0,"fontSize":48}},"p8":{"x":-2.19433069229126,"y":0.688274383544922,"z":0,"tension":-1,"bias":0,"continuity":0,"index":8,"pointType":0,"word":"","text":{"x":-1.69433069229126,"y":0.688274383544922,"z":0,"font":0,"fontSize":48}},"p9":{"x":0.86140775680542,"y":1.28818416595459,"z":0,"tension":0,"bias":0,"continuity":0,"index":9,"pointType":0,"word":"","text":{"x":1.36140775680542,"y":1.28818416595459,"z":0,"font":0,"fontSize":48}},"p10":{"x":-0.692845344543457,"y":-1.35033082962036,"z":0,"tension":-0.359999060630798,"bias":0,"continuity":0,"index":10,"pointType":0,"word":"","text":{"x":-0.192845344543457,"y":-1.35033082962036,"z":0,"font":0,"fontSize":48}},"p11":{"x":-1.26332187652588,"y":0.878312826156616,"z":0,"tension":-1,"bias":0,"continuity":0,"index":11,"pointType":2,"word":"","text":{"x":-0.763321876525879,"y":0.878312826156616,"z":0,"font":0,"fontSize":48}},"p12":{"x":-0.86586594581604,"y":-0.526126861572266,"z":0,"tension":0,"bias":0,"continuity":0,"index":12,"pointType":2,"word":"","text":{"x":-0.36586594581604,"y":-0.526126861572266,"z":0,"font":0,"fontSize":48}},"p13":{"x":-1.54450535774231,"y":-1.51096343994141,"z":0,"tension":0,"bias":0,"continuity":0,"index":13,"pointType":2,"word":"","text":{"x":-1.04450535774231,"y":-1.51096343994141,"z":0,"font":0,"fontSize":48}},"splineCount":1,"unlockType":1,"speed":8,"acceleration":2,"time":0.699999988079071,"laps":1,"startSpeed":2,"text":"","title":"","forceOrder":true,"camera":{"lockX":true,"lockY":true,"lockZ":true,"x":-0.69937264919281,"y":-0.647459089756012,"z":-2,"setPos":true,"fixCam":false,"fov":112},"spline0":{"order":0,"closed":true,"numPoints":14,"type":0,"lineTexture":0,"lineWidth":1,"bidirectional":false,"speed":0,"points":{"p0":11,"p1":10,"p2":9,"p3":8,"p4":7,"p5":6,"p6":5,"p7":4,"p8":3,"p9":2,"p10":1,"p11":12,"p12":13,"p13":0}}}