{"name":"Loop2","pointCount":11,"p0":{"x":0.0309081077575684,"y":0.364291191101074,"z":0.0235836282372475,"tension":-0.759999752044678,"bias":0,"continuity":0,"index":0,"pointType":0,"word":"","text":{"x":0.530908107757568,"y":0.364291191101074,"z":0.0235836282372475,"font":0,"fontSize":48}},"p1":{"x":-0.229666709899902,"y":0.9167640209198,"z":0.0108289830386639,"tension":-0.759999752044678,"bias":0,"continuity":0,"index":1,"pointType":6,"word":"","text":{"x":0.270333290100098,"y":0.9167640209198,"z":0.0108289830386639,"font":0,"fontSize":48}},"p2":{"x":-0.388961791992188,"y":-0.497923851013184,"z":0.000367511063814163,"tension":-0.759999752044678,"bias":0,"continuity":0,"index":2,"pointType":0,"word":"","text":{"x":0.111038208007813,"y":-0.497923851013184,"z":0.000367511063814163,"font":0,"fontSize":48}},"p3":{"x":-0.461032867431641,"y":-0.0143375396728516,"z":0.0188068598508835,"tension":-0.759999752044678,"bias":0,"continuity":0,"index":3,"pointType":0,"word":"","text":{"x":0.0389671325683594,"y":-0.0143375396728516,"z":0.0188068598508835,"font":0,"fontSize":48}},"p4":{"x":-0.874930858612061,"y":0.170405626296997,"z":-0.000298518687486649,"tension":-1,"bias":0,"continuity":0,"index":4,"pointType":0,"word":"","text":{"x":-0.374930858612061,"y":0.170405626296997,"z":-0.000298518687486649,"font":0,"fontSize":48}},"p5":{"x":0.0243501663208008,"y":-0.0962095260620117,"z":0.0104278065264225,"tension":0,"bias":0,"continuity":0,"index":5,"pointType":0,"word":"","text":{"x":0.524350166320801,"y":-0.0962095260620117,"z":0.0104278065264225,"font":0,"fontSize":48}},"p6":{"x":-0.721044063568115,"y":0.581641435623169,"z":-0.431094616651535,"tension":0,"bias":0,"continuity":0,"index":6,"pointType":2,"word":"","text":{"x":-0.221044063568115,"y":0.581641435623169,"z":-0.431094616651535,"font":0,"fontSize":48}},"p7":{"x":-0.855703353881836,"y":-0.0856170654296875,"z":-0.658189654350281,"tension":0,"bias":0,"continuity":0,"index":7,"pointType":2,"word":"","text":{"x":-0.355703353881836,"y":-0.0856170654296875,"z":-0.658189654350281,"font":0,"fontSize":48}},"p8":{"x":-0.512025356292725,"y":-0.415226936340332,"z":-0.827967643737793,"tension":-0.679999113082886,"bias":-0.0599991083145142,"continuity":0,"index":8,"pointType":2,"word":"","text":{"x":-0.0120253562927246,"y":-0.415226936340332,"z":-0.827967643737793,"font":0,"fontSize":48}},"p9":{"x":-0.526098251342773,"y":0.115365266799927,"z":-1.04872071743011,"tension":0,"bias":0,"continuity":0,"index":9,"pointType":2,"word":"","text":{"x":-0.0260982513427734,"y":0.115365266799927,"z":-1.04872071743011,"font":0,"fontSize":48}},"p10":{"x":0.000477790832519531,"y":0.246001958847046,"z":-1.26663458347321,"tension":0,"bias":0,"continuity":0,"index":10,"pointType":7,"word":"","text":{"x":0.50047779083252,"y":0.246001958847046,"z":-1.26663458347321,"font":0,"fontSize":48}},"splineCount":2,"unlockType":1,"speed":3,"acceleration":0.5,"maxSpeed":5,"time":1,"laps":1,"startSpeed":0,"text":"","title":"","forceOrder":true,"camera":{"lockX":true,"lockY":true,"lockZ":false,"x":-0.298985481262207,"y":0.172645881772041,"z":-3.12346267700195,"setPos":true,"fixCam":false,"fov":49},"spline0":{"order":0,"closed":true,"numPoints":6,"type":0,"lineTexture":1,"lineWidth":1,"bidirectional":false,"speed":0.5,"points":{"p0":0,"p1":1,"p2":4,"p3":5,"p4":2,"p5":3}},"spline1":{"order":1,"closed":false,"numPoints":6,"type":2,"lineTexture":3,"lineWidth":1,"bidirectional":true,"speed":0,"points":{"p0":1,"p1":6,"p2":7,"p3":8,"p4":9,"p5":10}}}