{"name":"Loop2","pointCount":11,"p0":{"x":0.0309081077575684,"y":0.364291191101074,"z":0.032456636428833,"tension":-0.759999752044678,"bias":0,"continuity":0,"index":0,"pointType":2,"word":"","text":{"x":0.530908107757568,"y":0.364291191101074,"z":0.032456636428833,"font":0,"fontSize":48}},"p1":{"x":-0.229666709899902,"y":0.9167640209198,"z":0.0108289830386639,"tension":-0.759999752044678,"bias":0,"continuity":0,"index":1,"pointType":6,"word":"","text":{"x":0.270333290100098,"y":0.9167640209198,"z":0.0108289830386639,"font":0,"fontSize":48}},"p2":{"x":-0.388961791992188,"y":-0.497923851013184,"z":0.104884512722492,"tension":-0.759999752044678,"bias":0,"continuity":0,"index":2,"pointType":2,"word":"","text":{"x":0.111038208007813,"y":-0.497923851013184,"z":0.104884512722492,"font":0,"fontSize":48}},"p3":{"x":-0.461032867431641,"y":-0.0143375396728516,"z":0.126513868570328,"tension":-0.759999752044678,"bias":0,"continuity":0,"index":3,"pointType":2,"word":"","text":{"x":0.0389671325683594,"y":-0.0143375396728516,"z":0.126513868570328,"font":0,"fontSize":48}},"p4":{"x":-0.874930858612061,"y":0.170405626296997,"z":0.0530984774231911,"tension":-1,"bias":0,"continuity":0,"index":4,"pointType":0,"word":"","text":{"x":-0.374930858612061,"y":0.170405626296997,"z":0.0530984774231911,"font":0,"fontSize":48}},"p5":{"x":0.0243501663208008,"y":-0.0962095260620117,"z":0.0709158033132553,"tension":0,"bias":0,"continuity":0,"index":5,"pointType":0,"word":"","text":{"x":0.524350166320801,"y":-0.0962095260620117,"z":0.0709158033132553,"font":0,"fontSize":48}},"p6":{"x":-0.719033718109131,"y":0.581641435623169,"z":-0.427200555801392,"tension":0,"bias":0,"continuity":0,"index":6,"pointType":0,"word":"","text":{"x":-0.219033718109131,"y":0.581641435623169,"z":-0.427200555801392,"font":0,"fontSize":48}},"p7":{"x":-0.853693008422852,"y":-0.0856170654296875,"z":-0.427200555801392,"tension":0,"bias":0,"continuity":0,"index":7,"pointType":0,"word":"","text":{"x":-0.353693008422852,"y":-0.0856170654296875,"z":-0.427200555801392,"font":0,"fontSize":48}},"p8":{"x":-0.51001501083374,"y":-0.415226936340332,"z":-0.427200555801392,"tension":-0.679999113082886,"bias":-0.0599991083145142,"continuity":0,"index":8,"pointType":0,"word":"","text":{"x":-0.0100150108337402,"y":-0.415226936340332,"z":-0.427200555801392,"font":0,"fontSize":48}},"p9":{"x":-0.524087905883789,"y":0.115365266799927,"z":-0.427200555801392,"tension":0,"bias":0,"continuity":0,"index":9,"pointType":0,"word":"","text":{"x":-0.0240879058837891,"y":0.115365266799927,"z":-0.427200555801392,"font":0,"fontSize":48}},"p10":{"x":-0.0115804672241211,"y":0.250022649765015,"z":-0.427200555801392,"tension":0,"bias":0,"continuity":0,"index":10,"pointType":7,"word":"","text":{"x":0.488419532775879,"y":0.250022649765015,"z":-0.427200555801392,"font":0,"fontSize":48}},"splineCount":2,"unlockType":1,"speed":3,"acceleration":0.5,"maxSpeed":5,"time":1,"laps":1,"startSpeed":0,"text":"","title":"","forceOrder":true,"camera":{"lockX":true,"lockY":true,"lockZ":true,"x":-0.298985481262207,"y":0.172645881772041,"z":-3.12346267700195,"setPos":true,"fixCam":false,"fov":49},"spline0":{"order":0,"closed":true,"numPoints":6,"type":0,"lineTexture":1,"lineWidth":1,"bidirectional":false,"speed":1,"points":{"p0":0,"p1":1,"p2":4,"p3":5,"p4":2,"p5":3}},"spline1":{"order":1,"closed":false,"numPoints":6,"type":2,"lineTexture":3,"lineWidth":1,"bidirectional":true,"speed":0,"points":{"p0":1,"p1":6,"p2":7,"p3":8,"p4":9,"p5":10}}}