{"name":"Loop0","pointCount":41,"p0":{"x":1.42752027511597,"y":-0.921142578125,"z":-1.54379987716675,"tension":-0.47999906539917,"bias":0,"continuity":0,"index":0,"pointType":0,"word":"","text":{"x":1.92752027511597,"y":-0.921142578125,"z":-1.54379987716675,"font":0,"fontSize":48}},"p1":{"x":1.51440477371216,"y":-0.46405029296875,"z":-1.54379987716675,"tension":-0.47999906539917,"bias":0,"continuity":0,"index":1,"pointType":2,"word":"","text":{"x":2.01440477371216,"y":-0.46405029296875,"z":-1.54379987716675,"font":0,"fontSize":48}},"p2":{"x":1.22352743148804,"y":-0.3053879737854,"z":-1.54379987716675,"tension":-0.47999906539917,"bias":0,"continuity":0,"index":2,"pointType":2,"word":"","text":{"x":1.72352743148804,"y":-0.3053879737854,"z":-1.54379987716675,"font":0,"fontSize":48}},"p3":{"x":1.12530946731567,"y":0.0119287967681885,"z":-1.54379987716675,"tension":-0.47999906539917,"bias":0,"continuity":0,"index":3,"pointType":2,"word":"","text":{"x":1.62530946731567,"y":0.0119287967681885,"z":-1.54379987716675,"font":0,"fontSize":48}},"p4":{"x":1.60884809494019,"y":0.336809515953064,"z":-1.54379987716675,"tension":-0.47999906539917,"bias":0,"continuity":0,"index":4,"pointType":2,"word":"","text":{"x":2.10884809494019,"y":0.336809515953064,"z":-1.54379987716675,"font":0,"fontSize":48}},"p5":{"x":1.66173505783081,"y":0.627687454223633,"z":-1.54379987716675,"tension":-0.47999906539917,"bias":0,"continuity":0,"index":5,"pointType":2,"word":"","text":{"x":2.16173505783081,"y":0.627687454223633,"z":-1.54379987716675,"font":0,"fontSize":48}},"p6":{"x":1.31041383743286,"y":0.797681093215942,"z":-1.54379987716675,"tension":-0.47999906539917,"bias":0,"continuity":0,"index":6,"pointType":2,"word":"","text":{"x":1.81041383743286,"y":0.797681093215942,"z":-1.54379987716675,"font":0,"fontSize":48}},"p7":{"x":0.970427989959717,"y":0.518135905265808,"z":-1.54379987716675,"tension":-0.47999906539917,"bias":0,"continuity":0,"index":7,"pointType":2,"word":"","text":{"x":1.47042798995972,"y":0.518135905265808,"z":-1.54379987716675,"font":0,"fontSize":48}},"p8":{"x":0.49822211265564,"y":0.688129663467407,"z":-1.54379987716675,"tension":-0.47999906539917,"bias":0,"continuity":0,"index":8,"pointType":2,"word":"","text":{"x":0.99822211265564,"y":0.688129663467407,"z":-1.54379987716675,"font":0,"fontSize":48}},"p9":{"x":0.335778951644897,"y":1.1187869310379,"z":-1.54379987716675,"tension":-0.47999906539917,"bias":0,"continuity":0,"index":9,"pointType":2,"word":"","text":{"x":0.835778951644897,"y":1.1187869310379,"z":-1.54379987716675,"font":0,"fontSize":48}},"p10":{"x":0.713544368743896,"y":1.22078323364258,"z":-1.54379987716675,"tension":-0.47999906539917,"bias":0,"continuity":0,"index":10,"pointType":2,"word":"","text":{"x":1.2135443687439,"y":1.22078323364258,"z":-1.54379987716675,"font":0,"fontSize":48}},"p11":{"x":0.694653987884521,"y":0.854352712631226,"z":-1.54379987716675,"tension":-0.47999906539917,"bias":0,"continuity":0,"index":11,"pointType":2,"word":"","text":{"x":1.19465398788452,"y":0.854352712631226,"z":-1.54379987716675,"font":0,"fontSize":48}},"p12":{"x":0.158230543136597,"y":0.903459668159485,"z":-1.54379987716675,"tension":-0.47999906539917,"bias":0,"continuity":0,"index":12,"pointType":2,"word":"","text":{"x":0.658230543136597,"y":0.903459668159485,"z":-1.54379987716675,"font":0,"fontSize":48}},"p13":{"x":-0.00798583030700684,"y":1.22833478450775,"z":-1.54379987716675,"tension":-0.47999906539917,"bias":0,"continuity":0,"index":13,"pointType":2,"word":"","text":{"x":0.492014169692993,"y":1.22833478450775,"z":-1.54379987716675,"font":0,"fontSize":48}},"p14":{"x":-0.291307210922241,"y":0.997903943061829,"z":-1.54379987716675,"tension":-0.47999906539917,"bias":0,"continuity":0,"index":14,"pointType":2,"word":"","text":{"x":0.208692789077759,"y":0.997903943061829,"z":-1.54379987716675,"font":0,"fontSize":48}},"p15":{"x":-0.100561857223511,"y":0.920967936515808,"z":-1.54379987716675,"tension":-0.47999906539917,"bias":0,"continuity":0,"index":15,"pointType":2,"word":"","text":{"x":0.399438142776489,"y":0.920967936515808,"z":-1.54379987716675,"font":0,"fontSize":48}},"p16":{"x":-0.16286826133728,"y":1.24722754955292,"z":-1.54379987716675,"tension":-0.47999906539917,"bias":0,"continuity":0,"index":16,"pointType":2,"word":"","text":{"x":0.33713173866272,"y":1.24722754955292,"z":-1.54379987716675,"font":0,"fontSize":48}},"p17":{"x":-0.585967302322388,"y":1.06589770317078,"z":-1.54379987716675,"tension":-0.47999906539917,"bias":0,"continuity":0,"index":17,"pointType":2,"word":"","text":{"x":-0.0859673023223877,"y":1.06589770317078,"z":-1.54379987716675,"font":0,"fontSize":48}},"p18":{"x":-0.835288763046265,"y":0.673014402389526,"z":-1.54379987716675,"tension":-0.47999906539917,"bias":0,"continuity":0,"index":18,"pointType":2,"word":"","text":{"x":-0.335288763046265,"y":0.673014402389526,"z":-1.54379987716675,"font":0,"fontSize":48}},"p19":{"x":-1.37549138069153,"y":0.623907446861267,"z":-1.54379987716675,"tension":-0.47999906539917,"bias":0,"continuity":0,"index":19,"pointType":2,"word":"","text":{"x":-0.875491380691528,"y":0.623907446861267,"z":-1.54379987716675,"font":0,"fontSize":48}},"p20":{"x":-1.15261006355286,"y":0.907230019569397,"z":-1.54379987716675,"tension":-0.47999906539917,"bias":0,"continuity":0,"index":20,"pointType":2,"word":"","text":{"x":-0.652610063552856,"y":0.907230019569397,"z":-1.54379987716675,"font":0,"fontSize":48}},"p21":{"x":-0.944843530654907,"y":0.431249260902405,"z":-1.54379987716675,"tension":-0.47999906539917,"bias":0,"continuity":0,"index":21,"pointType":2,"word":"","text":{"x":-0.444843530654907,"y":0.431249260902405,"z":-1.54379987716675,"font":0,"fontSize":48}},"p22":{"x":-1.25083231925964,"y":0.238584399223328,"z":-1.54379987716675,"tension":-0.47999906539917,"bias":0,"continuity":0,"index":22,"pointType":2,"word":"","text":{"x":-0.750832319259644,"y":0.238584399223328,"z":-1.54379987716675,"font":0,"fontSize":48}},"p23":{"x":-1.14127802848816,"y":-0.399832248687744,"z":-1.54379987716675,"tension":-0.47999906539917,"bias":0,"continuity":0,"index":23,"pointType":2,"word":"","text":{"x":-0.641278028488159,"y":-0.399832248687744,"z":-1.54379987716675,"font":0,"fontSize":48}},"p24":{"x":-1.49259114265442,"y":-0.966474533081055,"z":-1.54379987716675,"tension":-0.47999906539917,"bias":0,"continuity":0,"index":24,"pointType":2,"word":"","text":{"x":-0.992591142654419,"y":-0.966474533081055,"z":-1.54379987716675,"font":0,"fontSize":48}},"p25":{"x":-1.19302010536194,"y":-1.46026468276978,"z":-1.54379987716675,"tension":-0.47999906539917,"bias":0,"continuity":0,"index":25,"pointType":2,"word":"","text":{"x":-0.693020105361938,"y":-1.46026468276978,"z":-1.54379987716675,"font":0,"fontSize":48}},"p26":{"x":-1.11050724983215,"y":-1.14899921417236,"z":-1.54379987716675,"tension":-0.47999906539917,"bias":0,"continuity":0,"index":26,"pointType":2,"word":"","text":{"x":-0.610507249832153,"y":-1.14899921417236,"z":-1.54379987716675,"font":0,"fontSize":48}},"p27":{"x":-1.51148009300232,"y":-1.34801578521729,"z":-1.54379987716675,"tension":-0.47999906539917,"bias":0,"continuity":0,"index":27,"pointType":2,"word":"","text":{"x":-1.01148009300232,"y":-1.34801578521729,"z":-1.54379987716675,"font":0,"fontSize":48}},"p28":{"x":-1.45025873184204,"y":-1.75096559524536,"z":-1.54379987716675,"tension":-0.47999906539917,"bias":0,"continuity":0,"index":28,"pointType":1,"word":"","text":{"x":-0.950258731842041,"y":-1.75096559524536,"z":-1.54379987716675,"font":0,"fontSize":48}},"p29":{"x":1.2648811340332,"y":-1.79470229148865,"z":-1.83722460269928,"tension":1,"bias":0,"continuity":0,"index":29,"pointType":1,"word":"","text":{"x":1.7648811340332,"y":-1.79470229148865,"z":-1.83722460269928,"font":0,"fontSize":48}},"p30":{"x":0.668043613433838,"y":-2.36228561401367,"z":-1.83722460269928,"tension":1,"bias":0,"continuity":0,"index":30,"pointType":0,"word":"","text":{"x":1.16804361343384,"y":-2.36228561401367,"z":-1.83722460269928,"font":0,"fontSize":48}},