{"name":"Loop4","pointCount":20,"p0":{"x":-2.05462741851807,"y":-1.78603672981262,"z":0,"tension":-1,"bias":0,"continuity":0,"index":0,"pointType":2,"word":"","text":{"x":-1.55462741851807,"y":-1.78603672981262,"z":0,"font":0,"fontSize":48}},"p1":{"x":0.186327457427979,"y":0.968998432159424,"z":0,"tension":-1,"bias":-0.1199991106987,"continuity":0,"index":1,"pointType":6,"word":"","text":{"x":0.686327457427979,"y":0.968998432159424,"z":0,"font":0,"fontSize":48}},"p2":{"x":0.183315753936768,"y":-0.225739479064941,"z":0,"tension":-0.659999072551727,"bias":0,"continuity":0,"index":2,"pointType":2,"word":"","text":{"x":0.683315753936768,"y":-0.225739479064941,"z":0,"font":0,"fontSize":48}},"p3":{"x":-0.967441082000732,"y":-0.271506309509277,"z":0,"tension":-0.959999084472656,"bias":0,"continuity":0,"index":3,"pointType":0,"word":"","text":{"x":-0.467441082000732,"y":-0.271506309509277,"z":0,"font":0,"fontSize":48}},"p4":{"x":-0.849750518798828,"y":0.336554646492004,"z":0,"tension":-1,"bias":0,"continuity":0,"index":4,"pointType":0,"word":"","text":{"x":-0.349750518798828,"y":0.336554646492004,"z":0,"font":0,"fontSize":48}},"p5":{"x":-0.110920190811157,"y":-0.225741386413574,"z":0,"tension":0,"bias":0,"continuity":0,"index":5,"pointType":0,"word":"","text":{"x":0.389079809188843,"y":-0.225741386413574,"z":0,"font":0,"fontSize":48}},"p6":{"x":-0.496648073196411,"y":-0.781495094299316,"z":0,"tension":0,"bias":0,"continuity":0,"index":6,"pointType":0,"word":"","text":{"x":0.00335192680358887,"y":-0.781495094299316,"z":0,"font":0,"fontSize":48}},"p7":{"x":-1.17665529251099,"y":-0.637652397155762,"z":0,"tension":-0.639999091625214,"bias":0,"continuity":0,"index":7,"pointType":0,"word":"","text":{"x":-0.676655292510986,"y":-0.637652397155762,"z":0,"font":0,"fontSize":48}},"p8":{"x":-1.2027792930603,"y":-0.00997447967529297,"z":0,"tension":-1,"bias":0,"continuity":0,"index":8,"pointType":0,"word":"","text":{"x":-0.702779293060303,"y":-0.00997447967529297,"z":0,"font":0,"fontSize":48}},"p9":{"x":-0.352818012237549,"y":-0.533040046691895,"z":0,"tension":0,"bias":0,"continuity":0,"index":9,"pointType":0,"word":"","text":{"x":0.147181987762451,"y":-0.533040046691895,"z":0,"font":0,"fontSize":48}},"p10":{"x":-0.46394681930542,"y":-1.0234112739563,"z":0,"tension":0,"bias":0,"continuity":0,"index":10,"pointType":0,"word":"","text":{"x":0.0360531806945801,"y":-1.0234112739563,"z":0,"font":0,"fontSize":48}},"p11":{"x":-1.28126859664917,"y":-1.08226299285889,"z":0,"tension":-0.819999098777771,"bias":0,"continuity":0,"index":11,"pointType":0,"word":"","text":{"x":-0.78126859664917,"y":-1.08226299285889,"z":0,"font":0,"fontSize":48}},"p12":{"x":-1.65393328666687,"y":-0.415350914001465,"z":0,"tension":-1,"bias":0,"continuity":0,"index":12,"pointType":0,"word":"","text":{"x":-1.15393328666687,"y":-0.415350914001465,"z":0,"font":0,"fontSize":48}},"p13":{"x":-0.980502605438232,"y":-0.546116828918457,"z":0,"tension":0,"bias":0,"continuity":0,"index":13,"pointType":0,"word":"","text":{"x":-0.480502605438232,"y":-0.546116828918457,"z":0,"font":0,"fontSize":48}},"p14":{"x":-0.692845344543457,"y":-1.35033082962036,"z":0,"tension":-0.359999060630798,"bias":0,"continuity":0,"index":14,"pointType":0,"word":"","text":{"x":-0.192845344543457,"y":-1.35033082962036,"z":0,"font":0,"fontSize":48}},"p15":{"x":-2.03966665267944,"y":-1.0168776512146,"z":0,"tension":-1,"bias":0,"continuity":0,"index":15,"pointType":2,"word":"","text":{"x":-1.53966665267944,"y":-1.0168776512146,"z":0,"font":0,"fontSize":48}},"p16":{"x":-0.86586594581604,"y":-0.526126861572266,"z":0,"tension":0,"bias":0,"continuity":0,"index":16,"pointType":2,"word":"","text":{"x":-0.36586594581604,"y":-0.526126861572266,"z":0,"font":0,"fontSize":48}},"p17":{"x":-1.54450535774231,"y":-1.51096343994141,"z":0,"tension":0,"bias":0,"continuity":0,"index":17,"pointType":2,"word":"","text":{"x":-1.04450535774231,"y":-1.51096343994141,"z":0,"font":0,"fontSize":48}},"p18":{"x":-2.21626234054565,"y":0.415021657943726,"z":0,"tension":0,"bias":0,"continuity":0,"index":18,"pointType":7,"word":"","text":{"x":-1.71626234054565,"y":0.415021657943726,"z":0,"font":0,"fontSize":48}},"p19":{"x":-0.622029781341553,"y":0.445296287536621,"z":0,"tension":-0.219999074935913,"bias":0.0200009346008301,"continuity":0,"index":19,"pointType":2,"word":"","text":{"x":-0.122029781341553,"y":0.445296287536621,"z":0,"font":0,"fontSize":48}},"splineCount":2,"unlockType":1,"speed":8,"acceleration":4.90000009536743,"time":0.699999988079071,"laps":1,"startSpeed":2,"text":"","title":"","forceOrder":true,"camera":{"lockX":true,"lockY":true,"lockZ":true,"x":-0.69937264919281,"y":-0.647459089756012,"z":-2,"setPos":true,"fixCam":false,"fov":112},"spline0":{"order":0,"closed":true,"numPoints":18,"type":0,"lineTexture":0,"lineWidth":1,"bidirectional":false,"speed":0,"points":{"p0":15,"p1":14,"p2":13,"p3":12,"p4":11,"p5":10,"p6":9,"p7":8,"p8":7,"p9":6,"p10":5,"p11":4,"p12":3,"p13":2,"p14":1,"p15":16,"p16":17,"p17":0}},"spline1":{"order":1,"closed":false,"numPoints":3,"type":2,"lineTexture":1,"lineWidth":1,"bidirectional":true,"speed":0,"points":{"p0":1,"p1":19,"p2":18}}}