{"name":"Loop2","pointCount":26,"p0":{"x":0.702115535736084,"y":0.186809539794922,"z":0,"tension":0,"bias":0,"continuity":0,"index":0,"pointType":6,"word":"","text":{"x":1.20211553573608,"y":0.186809539794922,"z":0,"font":0,"fontSize":48}},"p1":{"x":0.351049423217773,"y":0.705292463302612,"z":0,"tension":0,"bias":0,"continuity":0,"index":1,"pointType":2,"word":"","text":{"x":0.851049423217773,"y":0.705292463302612,"z":0,"font":0,"fontSize":48}},"p2":{"x":0.708202362060547,"y":1.24298810958862,"z":0,"tension":0,"bias":0,"continuity":0,"index":2,"pointType":2,"word":"","text":{"x":1.20820236206055,"y":1.24298810958862,"z":0,"font":0,"fontSize":48}},"p3":{"x":1.05662965774536,"y":1.32390010356903,"z":0,"tension":0,"bias":0,"continuity":0,"index":3,"pointType":2,"word":"","text":{"x":1.55662965774536,"y":1.32390010356903,"z":0,"font":0,"fontSize":48}},"p4":{"x":0.874653816223145,"y":0.419518709182739,"z":0,"tension":0,"bias":0,"continuity":0,"index":4,"pointType":2,"word":"","text":{"x":1.37465381622314,"y":0.419518709182739,"z":0,"font":0,"fontSize":48}},"p5":{"x":0.281966209411621,"y":0.217301607131958,"z":0,"tension":0,"bias":0,"continuity":0,"index":5,"pointType":2,"word":"","text":{"x":0.781966209411621,"y":0.217301607131958,"z":0,"font":0,"fontSize":48}},"p6":{"x":0.359838008880615,"y":0.0109322071075439,"z":0,"tension":0,"bias":0,"continuity":0,"index":6,"pointType":2,"word":"","text":{"x":0.859838008880615,"y":0.0109322071075439,"z":0,"font":0,"fontSize":48}},"p7":{"x":0.588283538818359,"y":0.123350024223328,"z":0,"tension":0,"bias":0,"continuity":0,"index":7,"pointType":2,"word":"","text":{"x":1.08828353881836,"y":0.123350024223328,"z":0,"font":0,"fontSize":48}},"p8":{"x":0.71019983291626,"y":0.469452261924744,"z":0,"tension":0,"bias":0,"continuity":0,"index":8,"pointType":2,"word":"","text":{"x":1.21019983291626,"y":0.469452261924744,"z":0,"font":0,"fontSize":48}},"p9":{"x":0.495758771896362,"y":0.837615966796875,"z":0,"tension":0,"bias":0,"continuity":0,"index":9,"pointType":2,"word":"","text":{"x":0.995758771896362,"y":0.837615966796875,"z":0,"font":0,"fontSize":48}},"p10":{"x":0.166127920150757,"y":0.638510704040527,"z":0,"tension":0,"bias":0,"continuity":0,"index":10,"pointType":2,"word":"","text":{"x":0.666127920150757,"y":0.638510704040527,"z":0,"font":0,"fontSize":48}},"p11":{"x":0.283378124237061,"y":0.302243113517761,"z":0,"tension":0,"bias":0,"continuity":0,"index":11,"pointType":2,"word":"","text":{"x":0.783378124237061,"y":0.302243113517761,"z":0,"font":0,"fontSize":48}},"p12":{"x":0.907242774963379,"y":0.481438398361206,"z":0,"tension":0,"bias":0,"continuity":0,"index":12,"pointType":2,"word":"","text":{"x":1.40724277496338,"y":0.481438398361206,"z":0,"font":0,"fontSize":48}},"p13":{"x":1.36781167984009,"y":0.638350367546082,"z":0,"tension":0,"bias":0,"continuity":0,"index":13,"pointType":2,"word":"","text":{"x":1.86781167984009,"y":0.638350367546082,"z":0,"font":0,"fontSize":48}},"p14":{"x":1.30530405044556,"y":0.130172729492188,"z":0,"tension":0,"bias":0,"continuity":0,"index":14,"pointType":2,"word":"","text":{"x":1.80530405044556,"y":0.130172729492188,"z":0,"font":0,"fontSize":48}},"p15":{"x":0.581869602203369,"y":-0.0375475883483887,"z":0,"tension":0,"bias":0,"continuity":0,"index":15,"pointType":2,"word":"","text":{"x":1.08186960220337,"y":-0.0375475883483887,"z":0,"font":0,"fontSize":48}},"p16":{"x":0.0297908782958984,"y":-0.0322868824005127,"z":0,"tension":0,"bias":0,"continuity":0,"index":16,"pointType":2,"word":"","text":{"x":0.529790878295898,"y":-0.0322868824005127,"z":0,"font":0,"fontSize":48}},"p17":{"x":0.0544238090515137,"y":-0.249288082122803,"z":0,"tension":0,"bias":0,"continuity":0,"index":17,"pointType":2,"word":"","text":{"x":0.554423809051514,"y":-0.249288082122803,"z":0,"font":0,"fontSize":48}},"p18":{"x":0.543241024017334,"y":-0.147578477859497,"z":0,"tension":0,"bias":0,"continuity":0,"index":18,"pointType":2,"word":"","text":{"x":1.04324102401733,"y":-0.147578477859497,"z":0,"font":0,"fontSize":48}},"p19":{"x":0.733440399169922,"y":0.0593523979187012,"z":0,"tension":0,"bias":0,"continuity":0,"index":19,"pointType":2,"word":"","text":{"x":1.23344039916992,"y":0.0593523979187012,"z":0,"font":0,"fontSize":48}},"p20":{"x":0.773945331573486,"y":0.760308504104614,"z":0,"tension":0,"bias":0,"continuity":0,"index":20,"pointType":2,"word":"","text":{"x":1.27394533157349,"y":0.760308504104614,"z":0,"font":0,"fontSize":48}},"p21":{"x":0.561997413635254,"y":0.971231818199158,"z":0,"tension":0,"bias":0,"continuity":0,"index":21,"pointType":2,"word":"","text":{"x":1.06199741363525,"y":0.971231818199158,"z":0,"font":0,"fontSize":48}},"p22":{"x":0.447701930999756,"y":0.658162117004395,"z":0,"tension":0,"bias":0,"continuity":0,"index":22,"pointType":2,"word":"","text":{"x":0.947701930999756,"y":0.658162117004395,"z":0,"font":0,"fontSize":48}},"p23":{"x":0.574418544769287,"y":0.0295361280441284,"z":0,"tension":0,"bias":0,"continuity":0,"index":23,"pointType":2,"word":"","text":{"x":1.07441854476929,"y":0.0295361280441284,"z":0,"font":0,"fontSize":48}},"p24":{"x":0.849983215332031,"y":-0.328506946563721,"z":0,"tension":0,"bias":0,"continuity":0,"index":24,"pointType":2,"word":"","text":{"x":1.34998321533203,"y":-0.328506946563721,"z":0,"font":0,"fontSize":48}},"p25":{"x":1.03905487060547,"y":-0.146874904632568,"z":0,"tension":0,"bias":0,"continuity":0,"index":25,"pointType":2,"word":"","text":{"x":1.53905487060547,"y":-0.146874904632568,"z":0,"font":0,"fontSize":48}},"splineCount":1,"unlockType":0,"speed":1,"acceleration":0.399999976158142,"maxSpeed":1.89999997615814,"time":1,"laps":1,"startSpeed":0.349999994039536,"text":"","title":"","forceOrder":false,"camera":{"lockX":true,"lockY":true,"lockZ":false,"x":0,"y":0,"z":0,"setPos":false,"fov":50},"spline0":{"order":0,"closed":true,"numPoints":26,"type":0,"lineTexture":0,"lineWidth":1,"bidirectional":true,"speed":0,"points":{"p0":0,"p1":1,"p2":2,"p3":3,"p4":4,"p5":5,"p6":6,"p7":7,"p8":8,"p9":9,"p10":10,"p11":11,"p12":12,"p13":13,"p14":14,"p15":15,"p16":16,"p17":17,"p18":18,"p19":19,"p20":20,"p21":21,"p22":22,"p23":23,"p24":24,"p25":25}}}