{"name":"Loop0","pointCount":10,"p0":{"x":0.0749635696411133,"y":-0.279242992401123,"z":0.0353566408157349,"tension":-0.759999752044678,"bias":0,"continuity":0,"index":0,"pointType":2,"word":"","text":{"x":0.574963569641113,"y":-0.279242992401123,"z":0.0353566408157349,"font":0,"fontSize":48}},"p1":{"x":-0.177368879318237,"y":0.151876211166382,"z":0.0108289830386639,"tension":-0.759999752044678,"bias":0,"continuity":0,"index":1,"pointType":6,"word":"","text":{"x":0.322631120681763,"y":0.151876211166382,"z":0.0108289830386639,"font":0,"fontSize":48}},"p2":{"x":-0.606348276138306,"y":-0.094221830368042,"z":-0.00352748855948448,"tension":-0.759999752044678,"bias":0,"continuity":0,"index":2,"pointType":2,"word":"","text":{"x":-0.106348276138306,"y":-0.094221830368042,"z":-0.00352748855948448,"font":0,"fontSize":48}},"p3":{"x":-0.350897312164307,"y":-0.523776531219482,"z":-0.0316011346876621,"tension":-0.759999752044678,"bias":0,"continuity":0,"index":3,"pointType":2,"word":"","text":{"x":0.149102687835693,"y":-0.523776531219482,"z":-0.0316011346876621,"font":0,"fontSize":48}},"p4":{"x":0.0102956295013428,"y":0.304220199584961,"z":-0.127173081040382,"tension":-0.599999070167542,"bias":0.0800009965896606,"continuity":0,"index":4,"pointType":2,"word":"","text":{"x":0.510295629501343,"y":0.304220199584961,"z":-0.127173081040382,"font":0,"fontSize":48}},"p5":{"x":-0.413935661315918,"y":0.230015754699707,"z":-1.12346267700195,"tension":9.5367431640625E-07,"bias":0,"continuity":0,"index":5,"pointType":2,"word":"","text":{"x":0.086064338684082,"y":0.230015754699707,"z":-1.12346267700195,"font":0,"fontSize":48}},"p6":{"x":-0.700732707977295,"y":-0.129671335220337,"z":-1.12346267700195,"tension":-0.199999094009399,"bias":0,"continuity":0,"index":6,"pointType":2,"word":"","text":{"x":-0.200732707977295,"y":-0.129671335220337,"z":-1.12346267700195,"font":0,"fontSize":48}},"p7":{"x":-0.458305597305298,"y":-0.599439859390259,"z":-1.12346267700195,"tension":-0.459999084472656,"bias":0,"continuity":0,"index":7,"pointType":2,"word":"","text":{"x":0.0416944026947021,"y":-0.599439859390259,"z":-1.12346267700195,"font":0,"fontSize":48}},"p8":{"x":-0.00992894172668457,"y":-0.597709655761719,"z":-1.12346267700195,"tension":0.260000109672546,"bias":0.059999942779541,"continuity":0,"index":8,"pointType":2,"word":"","text":{"x":0.490071058273315,"y":-0.597709655761719,"z":-1.12346267700195,"font":0,"fontSize":48}},"p9":{"x":0.195192337036133,"y":-0.359243631362915,"z":-1.12346267700195,"tension":0,"bias":0,"continuity":0,"index":9,"pointType":7,"word":"","text":{"x":0.695192337036133,"y":-0.359243631362915,"z":-1.12346267700195,"font":0,"fontSize":48}},"splineCount":2,"unlockType":1,"speed":4,"acceleration":0.949999988079071,"maxSpeed":5,"time":1,"laps":1,"startSpeed":0,"text":"","title":"","forceOrder":true,"camera":{"lockX":true,"lockY":true,"lockZ":false,"x":-0.24743227660656,"y":-0.211536973714828,"z":-3.12346267700195,"setPos":true,"fixCam":false,"fov":39},"spline0":{"order":0,"closed":true,"numPoints":4,"type":0,"lineTexture":1,"lineWidth":1,"bidirectional":false,"speed":0.949999988079071,"points":{"p0":0,"p1":1,"p2":2,"p3":3}},"spline1":{"order":1,"closed":false,"numPoints":7,"type":2,"lineTexture":3,"lineWidth":1,"bidirectional":true,"speed":0,"points":{"p0":0,"p1":4,"p2":5,"p3":6,"p4":7,"p5":8,"p6":9}}}