{"name":"Loopy","pointCount":29,"p0":{"x":-2.03048157691956,"y":0.585250079631805,"z":-1.19209289550781E-07,"tension":0,"bias":0,"continuity":0,"index":0,"pointType":2},"p1":{"x":-1.12745404243469,"y":0.420276463031769,"z":-1.19209289550781E-07,"tension":0,"bias":0,"continuity":0,"index":1,"pointType":2},"p2":{"x":-0.648626804351807,"y":-0.139969348907471,"z":-1.19209289550781E-07,"tension":0,"bias":0,"continuity":0,"index":2,"pointType":2},"p3":{"x":-0.169784665107727,"y":-0.16053318977356,"z":-1.19209289550781E-07,"tension":0,"bias":0,"continuity":0,"index":3,"pointType":2},"p4":{"x":0.127328634262085,"y":0.597764670848846,"z":-1.19209289550781E-07,"tension":0,"bias":0,"continuity":0,"index":4,"pointType":2},"p5":{"x":0.389767289161682,"y":1.48900103569031,"z":-1.19209289550781E-07,"tension":0,"bias":0,"continuity":0,"index":5,"pointType":2},"p6":{"x":1.20303225517273,"y":1.32946085929871,"z":-1.19209289550781E-07,"tension":0,"bias":0,"continuity":0,"index":6,"pointType":2},"p7":{"x":1.96331262588501,"y":1.71862888336182,"z":-1.19209289550781E-07,"tension":0,"bias":0,"continuity":0,"index":7,"pointType":2},"p8":{"x":1.40872478485107,"y":2.70132660865784,"z":-1.19209289550781E-07,"tension":0,"bias":0,"continuity":0,"index":8,"pointType":2},"p9":{"x":0.878648042678833,"y":2.7747220993042,"z":-1.19209289550781E-07,"tension":0,"bias":0,"continuity":0,"index":9,"pointType":2},"p10":{"x":0.878648042678833,"y":2.12231969833374,"z":-1.19209289550781E-07,"tension":0,"bias":0,"continuity":0,"index":10,"pointType":2},"p11":{"x":0.209935545921326,"y":2.13862991333008,"z":-1.19209289550781E-07,"tension":0,"bias":0,"continuity":0,"index":11,"pointType":2},"p12":{"x":-0.442466497421265,"y":3.0193727016449,"z":-1.19209289550781E-07,"tension":0,"bias":0,"continuity":0,"index":12,"pointType":2},"p13":{"x":-1.51892936229706,"y":2.92151236534119,"z":-1.19209289550781E-07,"tension":0,"bias":0,"continuity":0,"index":13,"pointType":2},"p14":{"x":-1.49446475505829,"y":1.73903369903564,"z":-1.19209289550781E-07,"tension":0,"bias":0,"continuity":0,"index":14,"pointType":2},"p15":{"x":-2.24472713470459,"y":1.1763368844986,"z":-1.19209289550781E-07,"tension":0,"bias":0,"continuity":0,"index":15,"pointType":2},"p16":{"x":0.521604061126709,"y":0.294060409069061,"z":-1.19209289550781E-07,"tension":0,"bias":0,"continuity":0,"index":16,"pointType":0},"p17":{"x":0.648001909255981,"y":0.952382922172546,"z":-1.19209289550781E-07,"tension":0,"bias":0,"continuity":0,"index":17,"pointType":0},"p18":{"x":2.27537536621094,"y":2.71045207977295,"z":-1.19209289550781E-07,"tension":0,"bias":0,"continuity":0,"index":18,"pointType":0},"p19":{"x":1.61351180076599,"y":3.28326559066772,"z":-1.19209289550781E-07,"tension":-0.916623830795288,"bias":0.246796175837517,"continuity":0,"index":19,"pointType":0},"p20":{"x":-0.931305527687073,"y":2.37504482269287,"z":-1.19209289550781E-07,"tension":0,"bias":0,"continuity":0,"index":20,"pointType":0},"p21":{"x":-2.69379329681396,"y":1.76356935501099,"z":-1.19209289550781E-07,"tension":-0.776804268360138,"bias":-0.246954530477524,"continuity":0,"index":21,"pointType":0},"p22":{"x":1.195836186409,"y":2.14964818954468,"z":-1.19209289550781E-07,"tension":-0.567153930664063,"bias":0.999977111816406,"continuity":0,"index":22,"pointType":0},"p23":{"x":2.34676480293274,"y":2.95689606666565,"z":-1.19209289550781E-07,"tension":0,"bias":0,"continuity":0,"index":23,"pointType":0},"p24":{"x":3.13802766799927,"y":2.76507496833801,"z":-1.19209289550781E-07,"tension":0,"bias":0,"continuity":0,"index":24,"pointType":0},"p25":{"x":3.31386375427246,"y":1.55020618438721,"z":-1.19209289550781E-07,"tension":0,"bias":0,"continuity":0,"index":25,"pointType":0},"p26":{"x":2.51460862159729,"y":0.958756923675537,"z":-1.19209289550781E-07,"tension":0,"bias":0,"continuity":0,"index":26,"pointType":0},"p27":{"x":-1.86531329154968,"y":3.13273191452026,"z":-1.19209289550781E-07,"tension":0,"bias":0,"continuity":0,"index":27,"pointType":0},"p28":{"x":-2.50471806526184,"y":2.66916418075562,"z":-1.19209289550781E-07,"tension":0,"bias":0,"continuity":0,"index":28,"pointType":0},"splineCount":6,"spline0":{"closed":true,"numPoints":16,"points":{"p0":0,"p1":1,"p2":2,"p3":3,"p4":4,"p5":5,"p6":6,"p7":7,"p8":8,"p9":9,"p10":10,"p11":11,"p12":12,"p13":13,"p14":14,"p15":15}},"spline1":{"closed":false,"numPoints":4,"points":{"p0":3,"p1":16,"p2":17,"p3":6}},"spline2":{"closed":false,"numPoints":4,"points":{"p0":7,"p1":18,"p2":19,"p3":10}},"spline3":{"closed":false,"numPoints":4,"points":{"p0":11,"p1":20,"p2":21,"p3":0}},"spline4":{"closed":false,"numPoints":7,"points":{"p0":5,"p1":22,"p2":23,"p3":24,"p4":25,"p5":26,"p6":7}},"spline5":{"closed":false,"numPoints":4,"points":{"p0":12,"p1":27,"p2":28,"p3":21}}}