{"name":"Loop1","pointCount":44,"p0":{"x":-0.678970813751221,"y":-1.30280637741089,"z":-1.7514271736145,"tension":0,"bias":0,"continuity":0,"index":0,"pointType":2,"word":"","text":{"x":-0.178970813751221,"y":-1.30280637741089,"z":-1.7514271736145,"font":0,"fontSize":48}},"p1":{"x":0.0866775512695313,"y":-0.970269680023193,"z":-1.7514271736145,"tension":0,"bias":0,"continuity":0,"index":1,"pointType":2,"word":"","text":{"x":0.586677551269531,"y":-0.970269680023193,"z":-1.7514271736145,"font":0,"fontSize":48}},"p2":{"x":0.829755306243896,"y":-0.267289161682129,"z":-1.7514271736145,"tension":0,"bias":0,"continuity":0,"index":2,"pointType":2,"word":"","text":{"x":1.3297553062439,"y":-0.267289161682129,"z":-1.7514271736145,"font":0,"fontSize":48}},"p3":{"x":-0.837437868118286,"y":-1.60081386566162,"z":-1.7514271736145,"tension":-0.000427348859375343,"bias":-8.54697718750685E-05,"continuity":0,"index":3,"pointType":3,"word":"","text":{"x":-0.337437868118286,"y":-1.60081386566162,"z":-1.7514271736145,"font":0,"fontSize":48}},"p4":{"x":0.272457599639893,"y":-1.17314767837524,"z":-1.7514271736145,"tension":0,"bias":0,"continuity":0,"index":4,"pointType":2,"word":"","text":{"x":0.772457599639893,"y":-1.17314767837524,"z":-1.7514271736145,"font":0,"fontSize":48}},"p5":{"x":1.08408689498901,"y":-0.322780132293701,"z":-1.7514271736145,"tension":0,"bias":0,"continuity":0,"index":5,"pointType":1,"word":"","text":{"x":1.58408689498901,"y":-0.322780132293701,"z":-1.7514271736145,"font":0,"fontSize":48}},"p6":{"x":-1.66582989692688,"y":-1.39416790008545,"z":-1.7514271736145,"tension":0,"bias":0,"continuity":0,"index":6,"pointType":2,"word":"","text":{"x":-1.16582989692688,"y":-1.39416790008545,"z":-1.7514271736145,"font":0,"fontSize":48}},"p7":{"x":-2.32597994804382,"y":-1.5592098236084,"z":-1.7514271736145,"tension":-0.919999063014984,"bias":0,"continuity":0,"index":7,"pointType":2,"word":"","text":{"x":-1.82597994804382,"y":-1.5592098236084,"z":-1.7514271736145,"font":0,"fontSize":48}},"p8":{"x":-1.82727980613709,"y":-1.6955418586731,"z":-1.7514271736145,"tension":0,"bias":0,"continuity":0,"index":8,"pointType":2,"word":"","text":{"x":-1.32727980613709,"y":-1.6955418586731,"z":-1.7514271736145,"font":0,"fontSize":48}},"p9":{"x":-1.45056366920471,"y":-1.5879123210907,"z":-1.7514271736145,"tension":0.000507039134390652,"bias":-4.671905116993E-05,"continuity":0,"index":9,"pointType":6,"word":"","text":{"x":-0.950563669204712,"y":-1.5879123210907,"z":-1.7514271736145,"font":0,"fontSize":48}},"p10":{"x":-0.130839109420776,"y":-0.214788913726807,"z":-1.7514271736145,"tension":0,"bias":0,"continuity":0,"index":10,"pointType":2,"word":"","text":{"x":0.369160890579224,"y":-0.214788913726807,"z":-1.7514271736145,"font":0,"fontSize":48}},"p11":{"x":-0.678307294845581,"y":-0.523910522460938,"z":-1.7514271736145,"tension":-0.000427348859375343,"bias":-8.54697718750685E-05,"continuity":0,"index":11,"pointType":0,"word":"","text":{"x":-0.178307294845581,"y":-0.523910522460938,"z":-1.7514271736145,"font":0,"fontSize":48}},"p12":{"x":0.558702945709229,"y":0.404561161994934,"z":-1.7514271736145,"tension":-0.000427348859375343,"bias":-8.54697718750685E-05,"continuity":0,"index":12,"pointType":1,"word":"","text":{"x":1.05870294570923,"y":0.404561161994934,"z":-1.7514271736145,"font":0,"fontSize":48}},"p13":{"x":0.169417858123779,"y":-0.478896379470825,"z":-1.7514271736145,"tension":-0.000427348859375343,"bias":-8.54697718750685E-05,"continuity":0,"index":13,"pointType":2,"word":"","text":{"x":0.669417858123779,"y":-0.478896379470825,"z":-1.7514271736145,"font":0,"fontSize":48}},"p14":{"x":-0.400409460067749,"y":-0.834566831588745,"z":-1.7514271736145,"tension":-0.000427348859375343,"bias":-8.54697718750685E-05,"continuity":0,"index":14,"pointType":2,"word":"","text":{"x":0.099590539932251,"y":-0.834566831588745,"z":-1.7514271736145,"font":0,"fontSize":48}},"p15":{"x":-0.754000186920166,"y":-0.753793001174927,"z":-1.7514271736145,"tension":-0.000427348859375343,"bias":-8.54697718750685E-05,"continuity":0,"index":15,"pointType":2,"word":"","text":{"x":-0.254000186920166,"y":-0.753793001174927,"z":-1.7514271736145,"font":0,"fontSize":48}},"p16":{"x":-0.862080097198486,"y":-0.788774013519287,"z":-1.7514271736145,"tension":-0.000427348859375343,"bias":-8.54697718750685E-05,"continuity":0,"index":16,"pointType":2,"word":"","text":{"x":-0.362080097198486,"y":-0.788774013519287,"z":-1.7514271736145,"font":0,"fontSize":48}},"p17":{"x":-0.898770332336426,"y":-1.20550298690796,"z":-1.7514271736145,"tension":-0.000427348859375343,"bias":-8.54697718750685E-05,"continuity":0,"index":17,"pointType":2,"word":"","text":{"x":-0.398770332336426,"y":-1.20550298690796,"z":-1.7514271736145,"font":0,"fontSize":48}},"p18":{"x":-0.584251403808594,"y":-1.80960416793823,"z":-1.7514271736145,"tension":-0.000427348859375343,"bias":-8.54697718750685E-05,"continuity":0,"index":18,"pointType":2,"word":"","text":{"x":-0.0842514038085938,"y":-1.80960416793823,"z":-1.7514271736145,"font":0,"fontSize":48}},"p19":{"x":-0.726282596588135,"y":-1.77580595016479,"z":-1.7514271736145,"tension":-0.000427348859375343,"bias":-8.54697718750685E-05,"continuity":0,"index":19,"pointType":2,"word":"","text":{"x":-0.226282596588135,"y":-1.77580595016479,"z":-1.7514271736145,"font":0,"fontSize":48}},"p20":{"x":-0.75279974937439,"y":-1.94554805755615,"z":-1.7514271736145,"tension":-0.000427348859375343,"bias":-8.54697718750685E-05,"continuity":0,"index":20,"pointType":2,"word":"","text":{"x":-0.25279974937439,"y":-1.94554805755615,"z":-1.7514271736145,"font":0,"fontSize":48}},"p21":{"x":-1.05077838897705,"y":-1.74145770072937,"z":-1.7514271736145,"tension":-0.000427348859375343,"bias":-8.54697718750685E-05,"continuity":0,"index":21,"pointType":2,"word":"","text":{"x":-0.550778388977051,"y":-1.74145770072937,"z":-1.7514271736145,"font":0,"fontSize":48}},"p22":{"x":-1.37839841842651,"y":-0.603977918624878,"z":-1.7514271736145,"tension":-0.000427348859375343,"bias":-8.54697718750685E-05,"continuity":0,"index":22,"pointType":2,"word":"","text":{"x":-0.878398418426514,"y":-0.603977918624878,"z":-1.7514271736145,"font":0,"fontSize":48}},"p23":{"x":-1.48585534095764,"y":0.363159656524658,"z":-1.7514271736145,"tension":-0.000427348859375343,"bias":-8.54697718750685E-05,"continuity":0,"index":23,"pointType":2,"word":"","text":{"x":-0.985855340957642,"y":0.363159656524658,"z":-1.7514271736145,"font":0,"fontSize":48}},"p24":{"x":-1.28404331207275,"y":0.245214462280273,"z":-1.7514271736145,"tension":-0.000427348859375343,"bias":-8.54697718750685E-05,"continuity":0,"index":24,"pointType":2,"word":"","text":{"x":-0.784043312072754,"y":0.245214462280273,"z":-1.7514271736145,"font":0,"fontSize":48}},"p25":{"x":-1.29980421066284,"y":0.0144665241241455,"z":-1.7514271736145,"tension":-0.000427348859375343,"bias":-8.54697718750685E-05,"continuity":0,"index":25,"pointType":2,"word":"","text":{"x":-0.799804210662842,"y":0.0144665241241455,"z":-1.7514271736145,"font":0,"fontSize":48}},"p26":{"x":-1.84209620952606,"y":-0.143361806869507,"z":-1.7514271736145,"tension":-0.000427348859375343,"bias":-8.54697718750685E-05,"continuity":0,"index":26,"pointType":2,"word":"","text":{"x":-1.34209620952606,"y":-0.143361806869507,"z":-1.7514271736145,"font":0,"fontSize":48}},"p27":{"x":-2.26702237129211,"y":-0.013862133026123,"z":-1.7514271736145,"tension":-0.000427348859375343,"bias":-8.54697718750685E-05,"continuity":0,"index":27,"pointType":2,"word":"","text":{"x":-1.76702237129211,"y":-0.013862133026123,"z":-1.7514271736145,"font":0,"fontSize":48}},"p28":{"x":-1.62681353092194,"y":0.129058241844177,"z":-1.7514271736145,"tension":-0.000427348859375343,"bias":-8.54697718750685E-05,"continuity":0,"index":28,"pointType":2,"word":"","text":{"x":-1.12681353092194,"y":0.129058241844177,"z":-1.7514271736145,"font":0,"fontSize":48}},"p29":{"x":-1.02865839004517,"y":0.0630362033843994,"z":-1.7514271736145,"tension":-0.000427348859375343,"bias":-8.54697718750685E-05,