{"name":"Loop4","pointCount":10,"p0":{"x":0.0437579154968262,"y":2.22655701637268,"z":0,"tension":-0.219999074935913,"bias":0,"continuity":0,"index":0,"pointType":2,"word":"","text":{"x":0.543757915496826,"y":2.22655701637268,"z":0,"font":0,"fontSize":48}},"p1":{"x":0.153264999389648,"y":2.4556896686554,"z":0,"tension":-0.439999103546143,"bias":0,"continuity":0,"index":1,"pointType":2,"word":"","text":{"x":0.653264999389648,"y":2.4556896686554,"z":0,"font":0,"fontSize":48}},"p2":{"x":-0.06404709815979,"y":2.13096976280212,"z":0,"tension":-0.619999051094055,"bias":0,"continuity":0,"index":2,"pointType":2,"word":"","text":{"x":0.43595290184021,"y":2.13096976280212,"z":0,"font":0,"fontSize":48}},"p3":{"x":-0.15980863571167,"y":1.82283878326416,"z":0,"tension":-0.559999108314514,"bias":0,"continuity":0,"index":3,"pointType":2,"word":"","text":{"x":0.34019136428833,"y":1.82283878326416,"z":0,"font":0,"fontSize":48}},"p4":{"x":0.416491746902466,"y":2.27500557899475,"z":0,"tension":0,"bias":0,"continuity":0,"index":4,"pointType":2,"word":"","text":{"x":0.916491746902466,"y":2.27500557899475,"z":0,"font":0,"fontSize":48}},"p5":{"x":0.429105758666992,"y":2.02823376655579,"z":0,"tension":0,"bias":0,"continuity":0,"index":5,"pointType":2,"word":"","text":{"x":0.929105758666992,"y":2.02823376655579,"z":0,"font":0,"fontSize":48}},"p6":{"x":-0.0392765998840332,"y":2.33297443389893,"z":0,"tension":0,"bias":0,"continuity":0,"index":6,"pointType":2,"word":"","text":{"x":0.460723400115967,"y":2.33297443389893,"z":0,"font":0,"fontSize":48}},"p7":{"x":-0.198446750640869,"y":2.0006422996521,"z":0,"tension":0,"bias":0,"continuity":0,"index":7,"pointType":2,"word":"","text":{"x":0.301553249359131,"y":2.0006422996521,"z":0,"font":0,"fontSize":48}},"p8":{"x":0.125581026077271,"y":1.88553547859192,"z":0,"tension":0,"bias":0,"continuity":0,"index":8,"pointType":2,"word":"","text":{"x":0.625581026077271,"y":1.88553547859192,"z":0,"font":0,"fontSize":48}},"p9":{"x":0.122636318206787,"y":1.83999466896057,"z":0,"tension":-0.799999117851257,"bias":0,"continuity":0,"index":9,"pointType":2,"word":"","text":{"x":0.622636318206787,"y":1.83999466896057,"z":0,"font":0,"fontSize":48}},"splineCount":1,"unlockType":1,"speed":2,"acceleration":1,"maxSpeed":10,"time":2,"laps":1,"startSpeed":0,"text":"","title":"","forceOrder":true,"camera":{"lockX":true,"lockY":true,"lockZ":true,"x":0.139569208025932,"y":2.07180070877075,"z":-2,"setPos":true,"fixCam":false,"fov":41},"spline0":{"order":0,"closed":true,"numPoints":10,"type":0,"lineTexture":0,"lineWidth":1,"bidirectional":false,"speed":0,"points":{"p0":5,"p1":4,"p2":1,"p3":2,"p4":9,"p5":3,"p6":0,"p7":6,"p8":7,"p9":8}}}