{"name":"Loop6","pointCount":15,"p0":{"x":0.243551015853882,"y":0.0711483955383301,"z":0,"tension":-0.879999756813049,"bias":0,"continuity":0,"index":0,"pointType":0,"word":"","text":{"x":0.743551015853882,"y":0.0711483955383301,"z":0,"font":0,"fontSize":48}},"p1":{"x":-0.65840482711792,"y":-0.329910039901733,"z":0,"tension":-0.879999756813049,"bias":0,"continuity":0,"index":1,"pointType":0,"word":"","text":{"x":-0.15840482711792,"y":-0.329910039901733,"z":0,"font":0,"fontSize":48}},"p2":{"x":0.11917781829834,"y":-0.689130067825317,"z":0,"tension":-0.879999756813049,"bias":0,"continuity":0,"index":2,"pointType":6,"word":"","text":{"x":0.61917781829834,"y":-0.689130067825317,"z":0,"font":0,"fontSize":48}},"p3":{"x":0.643629550933838,"y":-0.0822243690490723,"z":0,"tension":-0.879999756813049,"bias":0,"continuity":0,"index":3,"pointType":0,"word":"","text":{"x":1.14362955093384,"y":-0.0822243690490723,"z":0,"font":0,"fontSize":48}},"p4":{"x":0.156510829925537,"y":0.21238911151886,"z":0,"tension":-0.879999756813049,"bias":0,"continuity":0,"index":4,"pointType":0,"word":"","text":{"x":0.656510829925537,"y":0.21238911151886,"z":0,"font":0,"fontSize":48}},"p5":{"x":0.299737691879272,"y":-0.181960105895996,"z":0,"tension":-0.879999756813049,"bias":0,"continuity":0,"index":5,"pointType":0,"word":"","text":{"x":0.799737691879272,"y":-0.181960105895996,"z":0,"font":0,"fontSize":48}},"p6":{"x":0.734134197235107,"y":0.356422185897827,"z":0,"tension":-0.879999756813049,"bias":0,"continuity":0,"index":6,"pointType":0,"word":"","text":{"x":1.23413419723511,"y":0.356422185897827,"z":0,"font":0,"fontSize":48}},"p7":{"x":0.00251865386962891,"y":0.692177295684814,"z":0,"tension":-0.879999756813049,"bias":0.600001096725464,"continuity":0,"index":7,"pointType":0,"word":"","text":{"x":0.502518653869629,"y":0.692177295684814,"z":0,"font":0,"fontSize":48}},"p8":{"x":0.302632331848145,"y":0.347676515579224,"z":0,"tension":-0.739999055862427,"bias":-0.0999990701675415,"continuity":0,"index":8,"pointType":0,"word":"","text":{"x":0.802632331848145,"y":0.347676515579224,"z":0,"font":0,"fontSize":48}},"p9":{"x":-0.396149396896362,"y":0.597088098526001,"z":0,"tension":-0.879999756813049,"bias":-0.199999094009399,"continuity":0,"index":9,"pointType":0,"word":"","text":{"x":0.103850603103638,"y":0.597088098526001,"z":0,"font":0,"fontSize":48}},"p10":{"x":-0.763034582138062,"y":0.0192816257476807,"z":0,"tension":-0.879999756813049,"bias":0,"continuity":0,"index":10,"pointType":0,"word":"","text":{"x":-0.263034582138062,"y":0.0192816257476807,"z":0,"font":0,"fontSize":48}},"p11":{"x":-0.073793888092041,"y":-0.507322549819946,"z":0,"tension":-0.879999756813049,"bias":0,"continuity":0,"index":11,"pointType":0,"word":"","text":{"x":0.426206111907959,"y":-0.507322549819946,"z":0,"font":0,"fontSize":48}},"p12":{"x":-0.20490550994873,"y":0.386131763458252,"z":0,"tension":0,"bias":0,"continuity":0,"index":12,"pointType":0,"word":"","text":{"x":0.29509449005127,"y":0.386131763458252,"z":0,"font":0,"fontSize":48}},"p13":{"x":1.04617118835449,"y":0.353192090988159,"z":0,"tension":0,"bias":0,"continuity":0,"index":13,"pointType":2,"word":"","text":{"x":1.54617118835449,"y":0.353192090988159,"z":0,"font":0,"fontSize":48}},"p14":{"x":1.10233974456787,"y":0.777889609336853,"z":0,"tension":0,"bias":0,"continuity":0,"index":14,"pointType":7,"word":"","text":{"x":1.60233974456787,"y":0.777889609336853,"z":0,"font":0,"fontSize":48}},"splineCount":2,"unlockType":1,"speed":4,"acceleration":0.399999976158142,"maxSpeed":10,"time":1,"laps":1,"startSpeed":0,"text":"","title":"","forceOrder":true,"camera":{"lockX":true,"lockY":true,"lockZ":true,"x":-0.0166958682239056,"y":0.0666890144348145,"z":-2,"setPos":true,"fixCam":false,"fov":54},"spline0":{"order":0,"closed":true,"numPoints":13,"type":0,"lineTexture":0,"lineWidth":1,"bidirectional":false,"speed":0.5,"points":{"p0":12,"p1":11,"p2":10,"p3":9,"p4":8,"p5":7,"p6":6,"p7":5,"p8":4,"p9":3,"p10":2,"p11":1,"p12":0}},"spline1":{"order":1,"closed":false,"numPoints":3,"type":2,"lineTexture":0,"lineWidth":1,"bidirectional":true,"speed":0,"points":{"p0":8,"p1":13,"p2":14}}}