{"name":"Loop5","pointCount":24,"p0":{"x":-1.32771825790405,"y":-0.074028491973877,"z":0,"tension":0,"bias":0,"continuity":0,"index":0,"pointType":2,"word":"","text":{"x":-0.827718257904053,"y":-0.074028491973877,"z":0,"font":0,"fontSize":48}},"p1":{"x":-0.631677627563477,"y":-0.346090316772461,"z":-1.01909518241882,"tension":-0.279999077320099,"bias":0,"continuity":0,"index":1,"pointType":2,"word":"","text":{"x":-0.131677627563477,"y":-0.346090316772461,"z":-1.01909518241882,"font":0,"fontSize":48}},"p2":{"x":-0.274167060852051,"y":0.0547788143157959,"z":-0.973676025867462,"tension":0,"bias":0,"continuity":0,"index":2,"pointType":2,"word":"","text":{"x":0.225832939147949,"y":0.0547788143157959,"z":-0.973676025867462,"font":0,"fontSize":48}},"p3":{"x":-1.24811029434204,"y":-0.0736465454101563,"z":-0.54377019405365,"tension":0,"bias":0,"continuity":0,"index":3,"pointType":2,"word":"","text":{"x":-0.748110294342041,"y":-0.0736465454101563,"z":-0.54377019405365,"font":0,"fontSize":48}},"p4":{"x":-0.0708818435668945,"y":0.776842594146729,"z":-0.949303507804871,"tension":-1,"bias":0.920001029968262,"continuity":0,"index":4,"pointType":2,"word":"","text":{"x":0.429118156433105,"y":0.776842594146729,"z":-0.949303507804871,"font":0,"fontSize":48}},"p5":{"x":-0.648077487945557,"y":0.507482767105103,"z":0.646952271461487,"tension":0,"bias":0,"continuity":0,"index":5,"pointType":7,"word":"","text":{"x":-0.148077487945557,"y":0.507482767105103,"z":0.646952271461487,"font":0,"fontSize":48}},"p6":{"x":-0.729168891906738,"y":-0.593924522399902,"z":0,"tension":0.200001001358032,"bias":-0.659999132156372,"continuity":0,"index":6,"pointType":2,"word":"","text":{"x":-0.229168891906738,"y":-0.593924522399902,"z":0,"font":0,"fontSize":48}},"p7":{"x":-0.352194309234619,"y":-0.657036781311035,"z":0,"tension":0,"bias":0,"continuity":0,"index":7,"pointType":2,"word":"","text":{"x":0.147805690765381,"y":-0.657036781311035,"z":0,"font":0,"fontSize":48}},"p8":{"x":0.242448329925537,"y":-0.497776508331299,"z":0,"tension":-1,"bias":0,"continuity":0,"index":8,"pointType":2,"word":"","text":{"x":0.742448329925537,"y":-0.497776508331299,"z":0,"font":0,"fontSize":48}},"p9":{"x":-0.416296243667603,"y":-0.127897262573242,"z":0,"tension":-0.759999096393585,"bias":0,"continuity":0,"index":9,"pointType":2,"word":"","text":{"x":0.0837037563323975,"y":-0.127897262573242,"z":0,"font":0,"fontSize":48}},"p10":{"x":-0.338719606399536,"y":-0.590792655944824,"z":0,"tension":0,"bias":0,"continuity":0,"index":10,"pointType":2,"word":"","text":{"x":0.161280393600464,"y":-0.590792655944824,"z":0,"font":0,"fontSize":48}},"p11":{"x":0.211036443710327,"y":-0.326928615570068,"z":0,"tension":-0.699999094009399,"bias":0,"continuity":0,"index":11,"pointType":2,"word":"","text":{"x":0.711036443710327,"y":-0.326928615570068,"z":0,"font":0,"fontSize":48}},"p12":{"x":-0.157085657119751,"y":0.309574246406555,"z":0,"tension":-1,"bias":0,"continuity":0,"index":12,"pointType":2,"word":"","text":{"x":0.342914342880249,"y":0.309574246406555,"z":0,"font":0,"fontSize":48}},"p13":{"x":0.140381574630737,"y":0.160845637321472,"z":0,"tension":0,"bias":0,"continuity":0,"index":13,"pointType":2,"word":"","text":{"x":0.640381574630737,"y":0.160845637321472,"z":0,"font":0,"fontSize":48}},"p14":{"x":-0.377905368804932,"y":1.309326171875,"z":0,"tension":-0.919999063014984,"bias":0,"continuity":0,"index":14,"pointType":2,"word":"","text":{"x":0.122094631195068,"y":1.309326171875,"z":0,"font":0,"fontSize":48}},"p15":{"x":-0.207709550857544,"y":-1.06427764892578,"z":0,"tension":-1,"bias":0,"continuity":0,"index":15,"pointType":2,"word":"","text":{"x":0.292290449142456,"y":-1.06427764892578,"z":0,"font":0,"fontSize":48}},"p16":{"x":0.508074522018433,"y":-0.450240135192871,"z":0,"tension":-0.319999098777771,"bias":0.660001039505005,"continuity":0,"index":16,"pointType":6,"word":"","text":{"x":1.00807452201843,"y":-0.450240135192871,"z":0,"font":0,"fontSize":48}},"p17":{"x":-1.20906972885132,"y":1.61018645763397,"z":0,"tension":0.220000982284546,"bias":0,"continuity":0,"index":17,"pointType":2,"word":"","text":{"x":-0.709069728851318,"y":1.61018645763397,"z":0,"font":0,"fontSize":48}},"p18":{"x":-1.59928894042969,"y":1.05125677585602,"z":0,"tension":0,"bias":0,"continuity":0,"index":18,"pointType":0,"word":"","text":{"x":-1.09928894042969,"y":1.05125677585602,"z":0,"font":0,"fontSize":48}},"p19":{"x":-0.684179306030273,"y":0.409321069717407,"z":0,"tension":0.260000944137573,"bias":0,"continuity":0,"index":19,"pointType":2,"word":"","text":{"x":-0.184179306030273,"y":0.409321069717407,"z":0,"font":0,"fontSize":48}},"p20":{"x":-0.174391508102417,"y":-0.392881393432617,"z":0,"tension":-0.97999906539917,"bias":0,"continuity":0,"index":20,"pointType":2,"word":"","text":{"x":0.325608491897583,"y":-0.392881393432617,"z":0,"font":0,"fontSize":48}},"p21":{"x":0.362268447875977,"y":0.838482856750488,"z":0,"tension":0,"bias":0,"continuity":0,"index":21,"pointType":2,"word":"","text":{"x":0.862268447875977,"y":0.838482856750488,"z":0,"font":0,"fontSize":48}},"p22":{"x":-0.238906860351563,"y":1.10112285614014,"z":0,"tension":0,"bias":0,"continuity":0,"index":22,"pointType":2,"word":"","text":{"x":0.261093139648438,"y":1.10112285614014,"z":0,"font":0,"fontSize":48}},"p23":{"x":-0.0320487022399902,"y":-0.0613291263580322,"z":0,"tension":0,"bias":0,"continuity":0,"index":23,"pointType":2,"word":"","text":{"x":0.46795129776001,"y":-0.0613291263580322,"z":0,"font":0,"fontSize":48}},"splineCount":3,"unlockType":1,"speed":5.89999961853027,"acceleration":1,"maxSpeed":10,"time":1,"laps":1,"startSpeed":0.5,"text":"","title":"","forceOrder":false,"camera":{"lockX":true,"lockY":true,"lockZ":false,"x":-0.458197146654129,"y":0.1536615639925,"z":-2,"setPos":true,"fixCam":false,"fov":83},"spline0":{"order":0,"closed":false,"numPoints":13,"type":0,"lineTexture":0,"lineWidth":1,"bidirectional":false,"speed":0.0499999970197678,"points":{"p0":13,"p1":16,"p2":15,"p3":19,"p4":22,"p5":21,"p6":20,"p7":14,"p8":17,"p9":18,"p10":0,"p11":6,"p12":7}},"spline1":{"order":1,"closed":false,"numPoints":6,"type":2,"lineTexture":0,"lineWidth":1,"bidirectional":false,"speed":0,"points":{"p0":18,"p1":3,"p2":1,"p3":2,"p4":4,"p5":5}},"spline2":{"order":2,"closed":false,"numPoints":8,"type":0,"lineTexture":3,"lineWidth":1,"bidirectional":false,"speed":1.94999992847443,"points":{"p0":7,"p1":8,"p2":23,"p3":9,"p4":10,"p5":11,"p6":12,"p7":13}}}