{"name":"Loop3","pointCount":22,"p0":{"x":-0.269856929779053,"y":-0.696737766265869,"z":0.032456636428833,"tension":-0.759999752044678,"bias":0,"continuity":0,"index":0,"pointType":2,"word":"","text":{"x":0.230143070220947,"y":-0.696737766265869,"z":0.032456636428833,"font":0,"fontSize":48}},"p1":{"x":-0.229666709899902,"y":0.9167640209198,"z":0.0108289830386639,"tension":-0.759999752044678,"bias":0,"continuity":0,"index":1,"pointType":6,"word":"","text":{"x":0.270333290100098,"y":0.9167640209198,"z":0.0108289830386639,"font":0,"fontSize":48}},"p2":{"x":-0.508014678955078,"y":0.27278208732605,"z":0.104884512722492,"tension":-0.139999091625214,"bias":0,"continuity":0,"index":2,"pointType":2,"word":"","text":{"x":-0.00801467895507813,"y":0.27278208732605,"z":0.104884512722492,"font":0,"fontSize":48}},"p3":{"x":-0.631827831268311,"y":-0.275494337081909,"z":0.126513868570328,"tension":-0.759999752044678,"bias":0,"continuity":0,"index":3,"pointType":2,"word":"","text":{"x":-0.131827831268311,"y":-0.275494337081909,"z":0.126513868570328,"font":0,"fontSize":48}},"p4":{"x":-0.876941204071045,"y":0.170405626296997,"z":0.0530984774231911,"tension":-1,"bias":0,"continuity":0,"index":4,"pointType":0,"word":"","text":{"x":-0.376941204071045,"y":0.170405626296997,"z":0.0530984774231911,"font":0,"fontSize":48}},"p5":{"x":0.444103717803955,"y":-0.144251585006714,"z":0.0709158033132553,"tension":0,"bias":0,"continuity":0,"index":5,"pointType":0,"word":"","text":{"x":0.944103717803955,"y":-0.144251585006714,"z":0.0709158033132553,"font":0,"fontSize":48}},"p6":{"x":-0.348847150802612,"y":-0.471734285354614,"z":0.0850209966301918,"tension":-0.959999084472656,"bias":0,"continuity":0,"index":6,"pointType":0,"word":"","text":{"x":0.151152849197388,"y":-0.471734285354614,"z":0.0850209966301918,"font":0,"fontSize":48}},"p7":{"x":0.178875684738159,"y":0.0955010652542114,"z":0.00664687156677246,"tension":0,"bias":0,"continuity":0,"index":7,"pointType":0,"word":"","text":{"x":0.678875684738159,"y":0.0955010652542114,"z":0.00664687156677246,"font":0,"fontSize":48}},"p8":{"x":-0.0856242179870605,"y":0.898755311965942,"z":-1.12346267700195,"tension":0,"bias":0,"continuity":0,"index":8,"pointType":2,"word":"","text":{"x":0.414375782012939,"y":0.898755311965942,"z":-1.12346267700195,"font":0,"fontSize":48}},"p9":{"x":-0.686404943466187,"y":0.65585994720459,"z":-1.12346267700195,"tension":0,"bias":0,"continuity":0,"index":9,"pointType":2,"word":"","text":{"x":-0.186404943466187,"y":0.65585994720459,"z":-1.12346267700195,"font":0,"fontSize":48}},"p10":{"x":-0.961278438568115,"y":0.351020097732544,"z":-1.12346267700195,"tension":0,"bias":0,"continuity":0,"index":10,"pointType":2,"word":"","text":{"x":-0.461278438568115,"y":0.351020097732544,"z":-1.12346267700195,"font":0,"fontSize":48}},"p11":{"x":-0.865053415298462,"y":-0.132716655731201,"z":-1.22607564926147,"tension":0,"bias":0,"continuity":0,"index":11,"pointType":2,"word":"","text":{"x":-0.365053415298462,"y":-0.132716655731201,"z":-1.22607564926147,"font":0,"fontSize":48}},"p12":{"x":-0.267868041992188,"y":-0.0821723937988281,"z":-1.28808259963989,"tension":0,"bias":0,"continuity":0,"index":12,"pointType":2,"word":"","text":{"x":0.232131958007813,"y":-0.0821723937988281,"z":-1.28808259963989,"font":0,"fontSize":48}},"p13":{"x":-0.0115146636962891,"y":0.484491348266602,"z":-1.0148538351059,"tension":0,"bias":0,"continuity":0,"index":13,"pointType":2,"word":"","text":{"x":0.488485336303711,"y":0.484491348266602,"z":-1.0148538351059,"font":0,"fontSize":48}},"p14":{"x":-0.155112743377686,"y":0.808978080749512,"z":-1.0148538351059,"tension":0,"bias":0,"continuity":0,"index":14,"pointType":2,"word":"","text":{"x":0.344887256622314,"y":0.808978080749512,"z":-1.0148538351059,"font":0,"fontSize":48}},"p15":{"x":-0.477601528167725,"y":0.931966781616211,"z":-1.0148538351059,"tension":0,"bias":0,"continuity":0,"index":15,"pointType":2,"word":"","text":{"x":0.0223984718322754,"y":0.931966781616211,"z":-1.0148538351059,"font":0,"fontSize":48}},"p16":{"x":-0.581886768341064,"y":0.7230224609375,"z":-1.0148538351059,"tension":0,"bias":0,"continuity":0,"index":16,"pointType":2,"word":"","text":{"x":-0.0818867683410645,"y":0.7230224609375,"z":-1.0148538351059,"font":0,"fontSize":48}},"p17":{"x":-0.205904722213745,"y":0.0640500783920288,"z":-1.0148538351059,"tension":0,"bias":0,"continuity":0,"index":17,"pointType":2,"word":"","text":{"x":0.294095277786255,"y":0.0640500783920288,"z":-1.0148538351059,"font":0,"fontSize":48}},"p18":{"x":-0.77948522567749,"y":-0.154815435409546,"z":-1.0148538351059,"tension":0,"bias":0,"continuity":0,"index":18,"pointType":2,"word":"","text":{"x":-0.27948522567749,"y":-0.154815435409546,"z":-1.0148538351059,"font":0,"fontSize":48}},"p19":{"x":-0.847408771514893,"y":0.456499338150024,"z":-1.0148538351059,"tension":0,"bias":0,"continuity":0,"index":19,"pointType":2,"word":"","text":{"x":-0.347408771514893,"y":0.456499338150024,"z":-1.0148538351059,"font":0,"fontSize":48}},"p20":{"x":-0.470053911209106,"y":0.451467752456665,"z":-1.0148538351059,"tension":0,"bias":0,"continuity":0,"index":20,"pointType":2,"word":"","text":{"x":0.0299460887908936,"y":0.451467752456665,"z":-1.0148538351059,"font":0,"fontSize":48}},"p21":{"x":-0.0650260448455811,"y":-0.454183578491211,"z":-1.0148538351059,"tension":0,"bias":0,"continuity":0,"index":21,"pointType":7,"word":"","text":{"x":0.434973955154419,"y":-0.454183578491211,"z":-1.0148538351059,"font":0,"fontSize":48}},"splineCount":2,"unlockType":1,"speed":3,"acceleration":1,"time":2,"laps":1,"startSpeed":1.04999995231628,"text":"","title":"","forceOrder":true,"camera":{"lockX":true,"lockY":true,"lockZ":false,"x":-0.539333999156952,"y":0.253824532032013,"z":-3.12346267700195,"setPos":true,"fixCam":false,"fov":78},"spline0":{"order":0,"closed":true,"numPoints":8,"type":0,"lineTexture":3,"lineWidth":1,"bidirectional":false,"speed":1,"points":{"p0":0,"p1":7,"p2":1,"p3":4,"p4":5,"p5":6,"p6":2,"p7":3}},"spline1":{"order":1,"closed":false,"numPoints":15,"type":2,"lineTexture":0,"lineWidth":1,"bidirectional":false,"speed":0,"points":{"p0":7,"p1":8,"p2":9,"p3":10,"p4":11,"p5":12,"p6":13,"p7":14,"p8":15,"p9":16,"p10":17,"p11":18,"p12":19,"p13":20,"p14":21}}}