{"name":"Loop2","pointCount":26,"p0":{"x":0.500734090805054,"y":0.175216555595398,"z":0,"tension":0,"bias":0,"continuity":0,"index":0,"pointType":6,"word":"","text":{"x":1.00073409080505,"y":0.175216555595398,"z":0,"font":0,"fontSize":48}},"p1":{"x":0.159523963928223,"y":0.789700865745544,"z":0,"tension":0,"bias":0,"continuity":0,"index":1,"pointType":2,"word":"","text":{"x":0.659523963928223,"y":0.789700865745544,"z":0,"font":0,"fontSize":48}},"p2":{"x":0.683058738708496,"y":1.577885389328,"z":0,"tension":0,"bias":0,"continuity":0,"index":2,"pointType":2,"word":"","text":{"x":1.1830587387085,"y":1.577885389328,"z":0,"font":0,"fontSize":48}},"p3":{"x":1.28359651565552,"y":1.7553277015686,"z":0,"tension":0,"bias":0,"continuity":0,"index":3,"pointType":2,"word":"","text":{"x":1.78359651565552,"y":1.7553277015686,"z":0,"font":0,"fontSize":48}},"p4":{"x":0.92705249786377,"y":0.370797514915466,"z":0,"tension":0,"bias":0,"continuity":0,"index":4,"pointType":2,"word":"","text":{"x":1.42705249786377,"y":0.370797514915466,"z":0,"font":0,"fontSize":48}},"p5":{"x":0.0582578182220459,"y":0.0743763446807861,"z":0,"tension":0,"bias":0,"continuity":0,"index":5,"pointType":2,"word":"","text":{"x":0.558257818222046,"y":0.0743763446807861,"z":0,"font":0,"fontSize":48}},"p6":{"x":0.172406673431396,"y":-0.228131532669067,"z":0,"tension":0,"bias":0,"continuity":0,"index":6,"pointType":2,"word":"","text":{"x":0.672406673431396,"y":-0.228131532669067,"z":0,"font":0,"fontSize":48}},"p7":{"x":0.507275104522705,"y":-0.0633432865142822,"z":0,"tension":0,"bias":0,"continuity":0,"index":7,"pointType":2,"word":"","text":{"x":1.00727510452271,"y":-0.0633432865142822,"z":0,"font":0,"fontSize":48}},"p8":{"x":0.682888984680176,"y":0.465669393539429,"z":0,"tension":0,"bias":0,"continuity":0,"index":8,"pointType":2,"word":"","text":{"x":1.18288898468018,"y":0.465669393539429,"z":0,"font":0,"fontSize":48}},"p9":{"x":0.371646881103516,"y":0.983668088912964,"z":0,"tension":0,"bias":0,"continuity":0,"index":9,"pointType":2,"word":"","text":{"x":0.871646881103516,"y":0.983668088912964,"z":0,"font":0,"fontSize":48}},"p10":{"x":-0.111544609069824,"y":0.691808462142944,"z":0,"tension":0,"bias":0,"continuity":0,"index":10,"pointType":2,"word":"","text":{"x":0.388455390930176,"y":0.691808462142944,"z":0,"font":0,"fontSize":48}},"p11":{"x":0.0603275299072266,"y":0.198888301849365,"z":0,"tension":0,"bias":0,"continuity":0,"index":11,"pointType":2,"word":"","text":{"x":0.560327529907227,"y":0.198888301849365,"z":0,"font":0,"fontSize":48}},"p12":{"x":0.974823474884033,"y":0.461562991142273,"z":0,"tension":0,"bias":0,"continuity":0,"index":12,"pointType":2,"word":"","text":{"x":1.47482347488403,"y":0.461562991142273,"z":0,"font":0,"fontSize":48}},"p13":{"x":1.83574533462524,"y":0.490301847457886,"z":0,"tension":0,"bias":0,"continuity":0,"index":13,"pointType":2,"word":"","text":{"x":2.33574533462524,"y":0.490301847457886,"z":0,"font":0,"fontSize":48}},"p14":{"x":1.43756437301636,"y":-0.0843095779418945,"z":0,"tension":0,"bias":0,"continuity":0,"index":14,"pointType":2,"word":"","text":{"x":1.93756437301636,"y":-0.0843095779418945,"z":0,"font":0,"fontSize":48}},"p15":{"x":0.497872829437256,"y":-0.299196243286133,"z":0,"tension":0,"bias":0,"continuity":0,"index":15,"pointType":2,"word":"","text":{"x":0.997872829437256,"y":-0.299196243286133,"z":0,"font":0,"fontSize":48}},"p16":{"x":-0.311395168304443,"y":-0.291484594345093,"z":0,"tension":-0.739999055862427,"bias":0,"continuity":0,"index":16,"pointType":2,"word":"","text":{"x":0.188604831695557,"y":-0.291484594345093,"z":0,"font":0,"fontSize":48}},"p17":{"x":-0.067819356918335,"y":-0.553841114044189,"z":0,"tension":0,"bias":0,"continuity":0,"index":17,"pointType":2,"word":"","text":{"x":0.432180643081665,"y":-0.553841114044189,"z":0,"font":0,"fontSize":48}},"p18":{"x":0.441249132156372,"y":-0.460485458374023,"z":0,"tension":0,"bias":0,"continuity":0,"index":18,"pointType":2,"word":"","text":{"x":0.941249132156372,"y":-0.460485458374023,"z":0,"font":0,"fontSize":48}},"p19":{"x":0.720054149627686,"y":-0.157154560089111,"z":0,"tension":0,"bias":0,"continuity":0,"index":19,"pointType":2,"word":"","text":{"x":1.22005414962769,"y":-0.157154560089111,"z":0,"font":0,"fontSize":48}},"p20":{"x":0.723690509796143,"y":0.665983080863953,"z":0,"tension":0,"bias":0,"continuity":0,"index":20,"pointType":2,"word":"","text":{"x":1.22369050979614,"y":0.665983080863953,"z":0,"font":0,"fontSize":48}},"p21":{"x":0.468743324279785,"y":1.17952978610992,"z":0,"tension":0,"bias":0,"continuity":0,"index":21,"pointType":2,"word":"","text":{"x":0.968743324279785,"y":1.17952978610992,"z":0,"font":0,"fontSize":48}},"p22":{"x":0.301202774047852,"y":0.720614552497864,"z":0,"tension":0,"bias":0,"continuity":0,"index":22,"pointType":2,"word":"","text":{"x":0.801202774047852,"y":0.720614552497864,"z":0,"font":0,"fontSize":48}},"p23":{"x":0.486950874328613,"y":-0.200860977172852,"z":0,"tension":0,"bias":0,"continuity":0,"index":23,"pointType":2,"word":"","text":{"x":0.986950874328613,"y":-0.200860977172852,"z":0,"font":0,"fontSize":48}},"p24":{"x":0.847530841827393,"y":-0.707122087478638,"z":0,"tension":0,"bias":0,"continuity":0,"index":24,"pointType":2,"word":"","text":{"x":1.34753084182739,"y":-0.707122087478638,"z":0,"font":0,"fontSize":48}},"p25":{"x":1.16804122924805,"y":-0.45945405960083,"z":0,"tension":0,"bias":0,"continuity":0,"index":25,"pointType":2,"word":"","text":{"x":1.66804122924805,"y":-0.45945405960083,"z":0,"font":0,"fontSize":48}},"splineCount":1,"unlockType":0,"speed":1,"acceleration":0.199999988079071,"maxSpeed":10,"time":1,"laps":1,"startSpeed":0.299999982118607,"text":"","title":"","forceOrder":false,"camera":{"lockX":true,"lockY":true,"lockZ":false,"x":0,"y":0,"z":0,"setPos":false,"fov":88},"spline0":{"order":0,"closed":true,"numPoints":26,"type":0,"lineTexture":0,"lineWidth":1,"bidirectional":true,"speed":0,"points":{"p0":0,"p1":1,"p2":2,"p3":3,"p4":4,"p5":5,"p6":6,"p7":7,"p8":8,"p9":9,"p10":10,"p11":11,"p12":12,"p13":13,"p14":14,"p15":15,"p16":16,"p17":17,"p18":18,"p19":19,"p20":20,"p21":21,"p22":22,"p23":23,"p24":24,"p25":25}}}