{"name":"Loop5","pointCount":26,"p0":{"x":0.165672779083252,"y":0.00131845474243164,"z":0,"tension":-0.819999754428864,"bias":0,"continuity":0,"index":0,"pointType":2,"word":"","text":{"x":0.665672779083252,"y":0.00131845474243164,"z":0,"font":0,"fontSize":48}},"p1":{"x":-0.771137237548828,"y":0.054643988609314,"z":0,"tension":-0.819999754428864,"bias":0,"continuity":0,"index":1,"pointType":2,"word":"","text":{"x":-0.271137237548828,"y":0.054643988609314,"z":0,"font":0,"fontSize":48}},"p2":{"x":-0.608581066131592,"y":-0.644692420959473,"z":0,"tension":-0.819999754428864,"bias":0,"continuity":0,"index":2,"pointType":6,"word":"","text":{"x":-0.108581066131592,"y":-0.644692420959473,"z":0,"font":0,"fontSize":48}},"p3":{"x":0.0117480754852295,"y":-0.211130619049072,"z":0,"tension":-0.819999754428864,"bias":0,"continuity":0,"index":3,"pointType":2,"word":"","text":{"x":0.511748075485229,"y":-0.211130619049072,"z":0,"font":0,"fontSize":48}},"p4":{"x":-0.434300422668457,"y":0.669482707977295,"z":0.0132140293717384,"tension":-0.819999754428864,"bias":0,"continuity":0,"index":4,"pointType":2,"word":"","text":{"x":0.065699577331543,"y":0.669482707977295,"z":0.0132140293717384,"font":0,"fontSize":48}},"p5":{"x":-1.04515695571899,"y":0.141363739967346,"z":0.0132140293717384,"tension":-0.819999754428864,"bias":0,"continuity":0,"index":5,"pointType":2,"word":"","text":{"x":-0.545156955718994,"y":0.141363739967346,"z":0.0132140293717384,"font":0,"fontSize":48}},"p6":{"x":-0.614233493804932,"y":-0.558125019073486,"z":0.0132140293717384,"tension":-0.819999754428864,"bias":0,"continuity":0,"index":6,"pointType":2,"word":"","text":{"x":-0.114233493804932,"y":-0.558125019073486,"z":0.0132140293717384,"font":0,"fontSize":48}},"p7":{"x":0.142951965332031,"y":-0.139687776565552,"z":0,"tension":-0.819999754428864,"bias":0,"continuity":0,"index":7,"pointType":2,"word":"","text":{"x":0.642951965332031,"y":-0.139687776565552,"z":0,"font":0,"fontSize":48}},"p8":{"x":-0.126770734786987,"y":0.397678852081299,"z":0,"tension":-0.819999754428864,"bias":0,"continuity":0,"index":8,"pointType":2,"word":"","text":{"x":0.373229265213013,"y":0.397678852081299,"z":0,"font":0,"fontSize":48}},"p9":{"x":-0.510852813720703,"y":0.102070093154907,"z":0,"tension":-0.819999754428864,"bias":0,"continuity":0,"index":9,"pointType":2,"word":"","text":{"x":-0.0108528137207031,"y":0.102070093154907,"z":0,"font":0,"fontSize":48}},"p10":{"x":-0.178888320922852,"y":-0.244182586669922,"z":0,"tension":-0.819999754428864,"bias":0,"continuity":0,"index":10,"pointType":2,"word":"","text":{"x":0.321111679077148,"y":-0.244182586669922,"z":0,"font":0,"fontSize":48}},"p11":{"x":0.350846290588379,"y":0.560699462890625,"z":0,"tension":-0.819999754428864,"bias":0,"continuity":0,"index":11,"pointType":2,"word":"","text":{"x":0.850846290588379,"y":0.560699462890625,"z":0,"font":0,"fontSize":48}},"p12":{"x":-0.0162205696105957,"y":1.01912260055542,"z":0,"tension":-0.819999754428864,"bias":0,"continuity":0,"index":12,"pointType":2,"word":"","text":{"x":0.483779430389404,"y":1.01912260055542,"z":0,"font":0,"fontSize":48}},"p13":{"x":-0.648089408874512,"y":0.385419487953186,"z":0,"tension":-0.819999754428864,"bias":0,"continuity":0,"index":13,"pointType":2,"word":"","text":{"x":-0.148089408874512,"y":0.385419487953186,"z":0,"font":0,"fontSize":48}},"p14":{"x":-0.232111930847168,"y":0.124342083930969,"z":0,"tension":-0.0399990677833557,"bias":0,"continuity":0,"index":14,"pointType":2,"word":"","text":{"x":0.267888069152832,"y":0.124342083930969,"z":0,"font":0,"fontSize":48}},"p15":{"x":0.190831422805786,"y":0.33799409866333,"z":0,"tension":-0.0799990892410278,"bias":0,"continuity":0,"index":15,"pointType":2,"word":"","text":{"x":0.690831422805786,"y":0.33799409866333,"z":0,"font":0,"fontSize":48}},"p16":{"x":0.0706984996795654,"y":1.27918100357056,"z":0,"tension":0,"bias":0,"continuity":0,"index":16,"pointType":2,"word":"","text":{"x":0.570698499679565,"y":1.27918100357056,"z":0,"font":0,"fontSize":48}},"p17":{"x":-1.02554798126221,"y":1.61951518058777,"z":0,"tension":-0.819999098777771,"bias":0,"continuity":0,"index":17,"pointType":2,"word":"","text":{"x":-0.525547981262207,"y":1.61951518058777,"z":0,"font":0,"fontSize":48}},"p18":{"x":-1.19842767715454,"y":-0.281095266342163,"z":0,"tension":0,"bias":0,"continuity":0,"index":18,"pointType":2,"word":"","text":{"x":-0.698427677154541,"y":-0.281095266342163,"z":0,"font":0,"fontSize":48}},"p19":{"x":0.18616247177124,"y":0.546988964080811,"z":0,"tension":0,"bias":0,"continuity":0,"index":19,"pointType":2,"word":"","text":{"x":0.68616247177124,"y":0.546988964080811,"z":0,"font":0,"fontSize":48}},"p20":{"x":-1.35215592384338,"y":1.03875613212585,"z":-0.148475989699364,"tension":0,"bias":0.440001010894775,"continuity":0,"index":20,"pointType":2,"word":"","text":{"x":-0.852155923843384,"y":1.03875613212585,"z":-0.148475989699364,"font":0,"fontSize":48}},"p21":{"x":-0.652154684066772,"y":-0.413643360137939,"z":-1.11933815479279,"tension":-0.799999117851257,"bias":0,"continuity":0,"index":21,"pointType":2,"word":"","text":{"x":-0.152154684066772,"y":-0.413643360137939,"z":-1.11933815479279,"font":0,"fontSize":48}},"p22":{"x":0.00972080230712891,"y":-0.163091897964478,"z":-1.4166761636734,"tension":0,"bias":0,"continuity":0,"index":22,"pointType":2,"word":"","text":{"x":0.509720802307129,"y":-0.163091897964478,"z":-1.4166761636734,"font":0,"fontSize":48}},"p23":{"x":-1.32922267913818,"y":-0.114400863647461,"z":-0.597257971763611,"tension":0,"bias":0,"continuity":0,"index":23,"pointType":2,"word":"","text":{"x":-0.829222679138184,"y":-0.114400863647461,"z":-0.597257971763611,"font":0,"fontSize":48}},"p24":{"x":-0.399922132492065,"y":0.856114983558655,"z":-1.63061499595642,"tension":-1,"bias":0.920001029968262,"continuity":0,"index":24,"pointType":2,"word":"","text":{"x":0.100077867507935,"y":0.856114983558655,"z":-1.63061499595642,"font":0,"fontSize":48}},"p25":{"x":-0.670167922973633,"y":0.523890972137451,"z":1.3984569311142,"tension":0,"bias":0,"continuity":0,"index":25,"pointType":7,"word":"","text":{"x":-0.170167922973633,"y":0.523890972137451,"z":1.3984569311142,"font":0,"fontSize":48}},"splineCount":2,"unlockType":1,"speed":6.5,"acceleration":1,"maxSpeed":10,"time":1,"laps":1,"startSpeed":1,"text":"","title":"","forceOrder":true,"camera":{"lockX":true,"lockY":true,"lockZ":false,"x":-0.521018505096436,"y":0.501360654830933,"z":-2,"setPos":true,"fixCam":false,"fov":81},"spline0":{"order":0,"closed":true,"numPoints":20,"type":0,"lineTexture":0,"lineWidth":1,"bidirectional":false,"speed":0,"points":{"p0":0,"p1":1,"p2":2,"p3":3,"p4":4,"p5":5,"p6":6,"p7":7,"p8":8,"p9":9,"p10":10,"p11":11,"p12":12,"p13":13,"p14":14,"p15":15,"p16":16,"p17":17,"p18":18,"p19":19}},"spline1":{"order":1,"closed":false,"numPoints":7,"type":2,"lineTexture":0,"lineWidth":1,"bidirectional":false,"speed":0,"points":{"p0":17,"p1":20,"p2":23,"p3":21,"p4":22,"p5":24,"p6":25}}}