{"name":"Losing","pointCount":35,"p0":{"x":-0.737261295318604,"y":0.214499473571777,"z":0,"tension":1,"bias":0,"continuity":0,"index":0,"pointType":6,"word":"","collect":false,"text":{"x":-0.237261295318604,"y":0.214499473571777,"z":0,"font":0,"fontSize":48}},"p1":{"x":-0.234063625335693,"y":-0.367522716522217,"z":0,"tension":-0.5,"bias":0,"continuity":0,"index":1,"pointType":2,"word":"","collect":false,"text":{"x":0.265936374664307,"y":-0.367522716522217,"z":0,"font":0,"fontSize":48}},"p2":{"x":0.817174434661865,"y":-0.593376398086548,"z":0,"tension":-0.299999058246613,"bias":0,"continuity":0,"index":2,"pointType":2,"word":"","collect":false,"text":{"x":1.31717443466187,"y":-0.593376398086548,"z":0,"font":0,"fontSize":48}},"p3":{"x":2.06963300704956,"y":0.223799705505371,"z":0,"tension":-0.5,"bias":0,"continuity":0,"index":3,"pointType":2,"word":"","collect":false,"text":{"x":2.56963300704956,"y":0.223799705505371,"z":0,"font":0,"fontSize":48}},"p4":{"x":1.89709711074829,"y":0.741210222244263,"z":0,"tension":-0.5,"bias":0,"continuity":0,"index":4,"pointType":2,"word":"","collect":false,"text":{"x":2.39709711074829,"y":0.741210222244263,"z":0,"font":0,"fontSize":48}},"p5":{"x":0.948511600494385,"y":1.09025490283966,"z":0,"tension":-0.5,"bias":0,"continuity":0,"index":5,"pointType":2,"word":"","collect":false,"text":{"x":1.44851160049438,"y":1.09025490283966,"z":0,"font":0,"fontSize":48}},"p6":{"x":0.751410961151123,"y":0.27307915687561,"z":0,"tension":-0.1199991106987,"bias":0,"continuity":0,"index":6,"pointType":2,"word":"","collect":false,"text":{"x":1.25141096115112,"y":0.27307915687561,"z":0,"font":0,"fontSize":48}},"p7":{"x":-0.201282978057861,"y":-1.43108177185059,"z":0,"tension":-0.5,"bias":0,"continuity":0,"index":7,"pointType":2,"word":"","collect":false,"text":{"x":0.298717021942139,"y":-1.43108177185059,"z":0,"font":0,"fontSize":48}},"p8":{"x":-1.42108583450317,"y":-1.2858772277832,"z":0,"tension":-0.5,"bias":0,"continuity":0,"index":8,"pointType":2,"word":"","collect":false,"text":{"x":-0.921085834503174,"y":-1.2858772277832,"z":0,"font":0,"fontSize":48}},"p9":{"x":-1.42976188659668,"y":-0.678869009017944,"z":0,"tension":0,"bias":0,"continuity":0,"index":9,"pointType":2,"word":"","collect":false,"text":{"x":-0.92976188659668,"y":-0.678869009017944,"z":0,"font":0,"fontSize":48}},"p10":{"x":-1.08290481567383,"y":-1.88863205909729,"z":0,"tension":0,"bias":0,"continuity":0,"index":10,"pointType":2,"word":"","collect":false,"text":{"x":-0.582904815673828,"y":-1.88863205909729,"z":0,"font":0,"fontSize":48}},"p11":{"x":0.352457046508789,"y":-1.26259469985962,"z":0,"tension":0,"bias":0,"continuity":0,"index":11,"pointType":2,"word":"","collect":false,"text":{"x":0.852457046508789,"y":-1.26259469985962,"z":0,"font":0,"fontSize":48}},"p12":{"x":-0.235724449157715,"y":0.103604793548584,"z":0,"tension":0,"bias":0,"continuity":0,"index":12,"pointType":2,"word":"","collect":false,"text":{"x":0.264275550842285,"y":0.103604793548584,"z":0,"font":0,"fontSize":48}},"p13":{"x":-1.98247599601746,"y":-0.238950252532959,"z":0,"tension":0,"bias":0,"continuity":0,"index":13,"pointType":2,"word":"","collect":false,"text":{"x":-1.48247599601746,"y":-0.238950252532959,"z":0,"font":0,"fontSize":48}},"p14":{"x":-1.86121714115143,"y":0.141743898391724,"z":0,"tension":0,"bias":0,"continuity":0,"index":14,"pointType":2,"word":"","collect":false,"text":{"x":-1.36121714115143,"y":0.141743898391724,"z":0,"font":0,"fontSize":48}},"p15":{"x":-1.26902484893799,"y":0.071244478225708,"z":0,"tension":0,"bias":0,"continuity":0,"index":15,"pointType":2,"word":"","collect":false,"text":{"x":-0.769024848937988,"y":0.071244478225708,"z":0,"font":0,"fontSize":48}},"p16":{"x":0.231532096862793,"y":0.581807613372803,"z":0,"tension":0,"bias":0,"continuity":0,"index":16,"pointType":2,"word":"","collect":false,"text":{"x":0.731532096862793,"y":0.581807613372803,"z":0,"font":0,"fontSize":48}},"p17":{"x":1.30485773086548,"y":0.451797008514404,"z":0,"tension":0,"bias":0,"continuity":0,"index":17,"pointType":2,"word":"","collect":false,"text":{"x":1.80485773086548,"y":0.451797008514404,"z":0,"font":0,"fontSize":48}},"p18":{"x":1.89745569229126,"y":-0.461286783218384,"z":0,"tension":0,"bias":0,"continuity":0,"index":18,"pointType":2,"word":"","collect":false,"text":{"x":2.39745569229126,"y":-0.461286783218384,"z":0,"font":0,"fontSize":48}},"p19":{"x":2.13399839401245,"y":-1.95414590835571,"z":0,"tension":0,"bias":0,"continuity":0,"index":19,"pointType":2,"word":"","collect":false,"text":{"x":2.63399839401245,"y":-1.95414590835571,"z":0,"font":0,"fontSize":48}},"p20":{"x":3.22033262252808,"y":-1.9676730632782,"z":0,"tension":0,"bias":0,"continuity":0,"index":20,"pointType":2,"word":"","collect":false,"text":{"x":3.72033262252808,"y":-1.9676730632782,"z":0,"font":0,"fontSize":48}},"p21":{"x":3.77476072311401,"y":-0.971487760543823,"z":0,"tension":0,"bias":0,"continuity":0,"index":21,"pointType":2,"word":"","collect":false,"text":{"x":4.27476072311401,"y":-0.971487760543823,"z":0,"font":0,"fontSize":48}},"p22":{"x":1.3812370300293,"y":-1.39520120620728,"z":0,"tension":0,"bias":0,"continuity":0,"index":22,"pointType":2,"word":"","collect":false,"text":{"x":1.8812370300293,"y":-1.39520120620728,"z":0,"font":0,"fontSize":48}},"p23":{"x":0.308422327041626,"y":-1.89104294776917,"z":0,"tension":0,"bias":0,"continuity":0,"index":23,"pointType":2,"word":"","collect":false,"text":{"x":0.808422327041626,"y":-1.89104294776917,"z":0,"font":0,"fontSize":48}},"p24":{"x":-2.283451795578,"y":-1.02557945251465,"z":0,"tension":0,"bias":0,"continuity":0,"index":24,"pointType":2,"word":"","collect":false,"text":{"x":-1.783451795578,"y":-1.02557945251465,"z":0,"font":0,"fontSize":48}},"p25":{"x":-2.32141256332397,"y":0.718858122825623,"z":0,"tension":0,"bias":0,"continuity":0,"index":25,"pointType":2,"word":"","collect":false,"text":{"x":-1.82141256332397,"y":0.718858122825623,"z":0,"font":0,"fontSize":48}},"p26":{"x":-1.33712959289551,"y":1.07045435905457,"z":0,"tension":0,"bias":0,"continuity":0,"index":26,"pointType":2,"word":"","collect":false,"text":{"x":-0.837129592895508,"y":1.07045435905457,"z":0,"font":0,"fontSize":48}},"p27":{"x":1.09692430496216,"y":0.0491670370101929,"z":0,"tension":0,"bias":0,"continuity":0,"index":27,"pointType":2,"word":"","collect":false,"text":{"x":1.59692430496216,"y":0.0491670370101929,"z":0,"font":0,"fontSize":48}},"p28":{"x":0.135195970535278,"y":0.0491670370101929,"z":0,"tension":0,"bias":0,"continuity":0,"index":28,"pointType":2,"word":"","collect":false,"text":{"x":0.635195970535278,"y":0.0491670370101929,"z":0,"font":0,"fontSize":48}},"p29":{"x":-0.146987676620483,"y":-0.866491556167603,"z":0,"tension":0,"bias":0,"continuity":0,"index":29,"pointType":2,"word":"","collect":false,"text":{"x":0.353012323379517,"y":-0.866491556167603,"z":0,"font":0,"fontSize":48}},"p30":{"x":1.68432188034058,"y":-1.04788732528687,"z":0,"tension":0,"bias":0,"continuity":0,"index":30,"pointType":2,"word":"","collect":false,"text":{"x":2.18432188034058,"y":-1.04788732528687,"z":0,"font":0,"fontSize":48}},"p31":{"x":0.279157400131226,"y":0.993615508079529,"z":0,"tension":0,"bias":0,"continuity":0,"index":31,"pointType":2,"word":"","collect":false,"text":{"x":0.779157400131226,"y":0.993615508079529,"z":0,"font":0,"fontSize":48}},"p32":{"x":-0.362955093383789,"y":1.17213773727417,"z":0,"tension":0,"bias":0,"continuity":0,"index":32,"pointType":2,"word":"","collect":false,"text":{"x":0.137044906616211,"y":1.17213773727417,"z":0,"font":0,"fontSize":48}},"p33":{"x":2.04424142837524,"y":-0.785866975784302,"z":0,"tension":0,"bias":0,"continuity":0,"index":33,"pointType":2,"word":"","collect":false,"text":{"x":2.54424142837524,"y":-0.785866975784302,"z":0,"font":0,"fontSize":48}},"p34":{"x":1.24377107620239,"y":-1.81381630897522,"z":0,"tension":0,"bias":0,"continuity":0,"index":34,"pointType":2,"word":"","collect":false,"text":{"x":1.74377107620239,"y":-1.81381630897522,"z":0,"font":0,"fontSize":48}},