{"name":"Mobius","pointCount":13,"p0":{"x":0.0334410667419434,"y":0.128379940986633,"z":-0.0370908863842487,"tension":0,"bias":0,"continuity":0,"index":0,"pointType":6,"word":"","text":{"x":0.533441066741943,"y":0.128379940986633,"z":-0.0370908863842487,"font":0,"fontSize":48}},"p1":{"x":-0.17297887802124,"y":0.128799557685852,"z":-0.337044715881348,"tension":0,"bias":0,"continuity":0,"index":1,"pointType":2,"word":"","text":{"x":0.32702112197876,"y":0.128799557685852,"z":-0.337044715881348,"font":0,"fontSize":48}},"p2":{"x":0.0205397605895996,"y":0.129056215286255,"z":-0.520887851715088,"tension":0,"bias":0,"continuity":0,"index":2,"pointType":2,"word":"","text":{"x":0.5205397605896,"y":0.129056215286255,"z":-0.520887851715088,"font":0,"fontSize":48}},"p3":{"x":0.268889665603638,"y":0.128831148147583,"z":-0.359622269868851,"tension":0,"bias":0,"continuity":0,"index":3,"pointType":2,"word":"","text":{"x":0.768889665603638,"y":0.128831148147583,"z":-0.359622269868851,"font":0,"fontSize":48}},"p4":{"x":-0.176204204559326,"y":0.127882957458496,"z":0.317693680524826,"tension":0,"bias":0,"continuity":0,"index":4,"pointType":2,"word":"","text":{"x":0.323795795440674,"y":0.127882957458496,"z":0.317693680524826,"font":0,"fontSize":48}},"p5":{"x":0.0495674610137939,"y":0.127598643302917,"z":0.520888209342957,"tension":0,"bias":0,"continuity":0,"index":5,"pointType":2,"word":"","text":{"x":0.549567461013794,"y":0.127598643302917,"z":0.520888209342957,"font":0,"fontSize":48}},"p6":{"x":0.239861726760864,"y":0.127923369407654,"z":0.2886663377285,"tension":0,"bias":0,"continuity":0,"index":6,"pointType":2,"word":"","text":{"x":0.739861726760864,"y":0.127923369407654,"z":0.2886663377285,"font":0,"fontSize":48}},"p7":{"x":0.0507867336273193,"y":0.602766036987305,"z":-0.219276681542397,"tension":0,"bias":0,"continuity":0,"index":7,"pointType":2,"word":"","text":{"x":0.550786733627319,"y":0.602766036987305,"z":-0.219276681542397,"font":0,"fontSize":48}},"p8":{"x":0.0466821193695068,"y":0.786609292030334,"z":-0.0258018672466278,"tension":0,"bias":0,"continuity":0,"index":8,"pointType":2,"word":"","text":{"x":0.546682119369507,"y":0.786609292030334,"z":-0.0258018672466278,"font":0,"fontSize":48}},"p9":{"x":0.0415492057800293,"y":0.625343680381775,"z":0.222495257854462,"tension":0,"bias":0,"continuity":0,"index":9,"pointType":2,"word":"","text":{"x":0.541549205780029,"y":0.625343680381775,"z":0.222495257854462,"font":0,"fontSize":48}},"p10":{"x":0.0423765182495117,"y":-0.0229454040527344,"z":0.190836891531944,"tension":0,"bias":0,"continuity":0,"index":10,"pointType":2,"word":"","text":{"x":0.542376518249512,"y":-0.0229454040527344,"z":0.190836891531944,"font":0,"fontSize":48}},"p11":{"x":0.0464301109313965,"y":-0.255167961120605,"z":0.00322680408135057,"tension":0,"bias":0,"continuity":0,"index":11,"pointType":2,"word":"","text":{"x":0.546430110931396,"y":-0.255167961120605,"z":0.00322680408135057,"font":0,"fontSize":48}},"p12":{"x":0.0510768890380859,"y":-0.0519735813140869,"z":-0.222496792674065,"tension":0,"bias":0,"continuity":0,"index":12,"pointType":2,"word":"","text":{"x":0.551076889038086,"y":-0.0519735813140869,"z":-0.222496792674065,"font":0,"fontSize":48}},"splineCount":4,"unlockType":0,"speed":1,"acceleration":1,"maxSpeed":10,"time":1,"laps":1,"startSpeed":1,"text":"","title":"","forceOrder":false,"camera":{"lockX":false,"lockY":false,"lockZ":false,"x":-2.17620396614075,"y":0.265725821256638,"z":2.00000095367432,"setPos":true,"fov":30},"spline0":{"order":0,"closed":true,"numPoints":4,"type":0,"lineTexture":0,"lineWidth":1,"bidirectional":true,"speed":0,"points":{"p0":0,"p1":1,"p2":2,"p3":3}},"spline1":{"order":1,"closed":true,"numPoints":4,"type":0,"lineTexture":0,"lineWidth":1,"bidirectional":true,"speed":0,"points":{"p0":6,"p1":5,"p2":4,"p3":0}},"spline2":{"order":2,"closed":true,"numPoints":4,"type":0,"lineTexture":0,"lineWidth":1,"bidirectional":true,"speed":0,"points":{"p0":0,"p1":7,"p2":8,"p3":9}},"spline3":{"order":3,"closed":true,"numPoints":4,"type":0,"lineTexture":0,"lineWidth":1,"bidirectional":true,"speed":0,"points":{"p0":10,"p1":11,"p2":12,"p3":0}}}