{"name":"Mobius","pointCount":13,"p0":{"x":0.153046131134033,"y":0.156003475189209,"z":-0.020079119130969,"tension":0,"bias":0,"continuity":0,"index":0,"pointType":6,"word":"","text":{"x":0.653046131134033,"y":0.156003475189209,"z":-0.020079119130969,"font":0,"fontSize":48}},"p1":{"x":0.0374188423156738,"y":0.0621947050094604,"z":-0.352362394332886,"tension":0,"bias":0,"continuity":0,"index":1,"pointType":2,"word":"","text":{"x":0.537418842315674,"y":0.0621947050094604,"z":-0.352362394332886,"font":0,"fontSize":48}},"p2":{"x":0.187453746795654,"y":0.228703618049622,"z":-0.497319728136063,"tension":0,"bias":0,"continuity":0,"index":2,"pointType":2,"word":"","text":{"x":0.687453746795654,"y":0.228703618049622,"z":-0.497319728136063,"font":0,"fontSize":48}},"p3":{"x":0.344438791275024,"y":0.375289440155029,"z":-0.293475151062012,"tension":0,"bias":0,"continuity":0,"index":3,"pointType":2,"word":"","text":{"x":0.844438791275024,"y":0.375289440155029,"z":-0.293475151062012,"font":0,"fontSize":48}},"p4":{"x":-0.0234208106994629,"y":-0.0506703853607178,"z":0.289707005023956,"tension":0,"bias":0,"continuity":0,"index":4,"pointType":2,"word":"","text":{"x":0.476579189300537,"y":-0.0506703853607178,"z":0.289707005023956,"font":0,"fontSize":48}},"p5":{"x":0.114226102828979,"y":0.0730295181274414,"z":0.530564665794373,"tension":0,"bias":0,"continuity":0,"index":5,"pointType":2,"word":"","text":{"x":0.614226102828979,"y":0.0730295181274414,"z":0.530564665794373,"font":0,"fontSize":48}},"p6":{"x":0.266367435455322,"y":0.245452642440796,"z":0.337530165910721,"tension":0,"bias":0,"continuity":0,"index":6,"pointType":2,"word":"","text":{"x":0.766367435455322,"y":0.245452642440796,"z":0.337530165910721,"font":0,"fontSize":48}},"p7":{"x":-0.159042835235596,"y":0.528051614761353,"z":-0.170796319842339,"tension":0,"bias":0,"continuity":0,"index":7,"pointType":2,"word":"","text":{"x":0.340957164764404,"y":0.528051614761353,"z":-0.170796319842339,"font":0,"fontSize":48}},"p8":{"x":-0.3113694190979,"y":0.620301008224487,"z":0.0280361156910658,"tension":0,"bias":0,"continuity":0,"index":8,"pointType":2,"word":"","text":{"x":0.1886305809021,"y":0.620301008224487,"z":0.0280361156910658,"font":0,"fontSize":48}},"p9":{"x":-0.221620082855225,"y":0.463056802749634,"z":0.262351900339127,"tension":0,"bias":0,"continuity":0,"index":9,"pointType":2,"word":"","text":{"x":0.278379917144775,"y":0.463056802749634,"z":0.262351900339127,"font":0,"fontSize":48}},"p10":{"x":0.247214794158936,"y":0.0189276933670044,"z":0.197343587875366,"tension":0,"bias":0,"continuity":0,"index":10,"pointType":2,"word":"","text":{"x":0.747214794158936,"y":0.0189276933670044,"z":0.197343587875366,"font":0,"fontSize":48}},"p11":{"x":0.433707237243652,"y":-0.107924699783325,"z":0.00171507266350091,"tension":0,"bias":0,"continuity":0,"index":11,"pointType":2,"word":"","text":{"x":0.933707237243652,"y":-0.107924699783325,"z":0.00171507266350091,"font":0,"fontSize":48}},"p12":{"x":0.311477899551392,"y":0.0742923021316528,"z":-0.208326607942581,"tension":0,"bias":0,"continuity":0,"index":12,"pointType":2,"word":"","text":{"x":0.811477899551392,"y":0.0742923021316528,"z":-0.208326607942581,"font":0,"fontSize":48}},"splineCount":4,"unlockType":0,"speed":1,"acceleration":1,"maxSpeed":10,"time":1,"laps":1,"startSpeed":1,"text":"","title":"","forceOrder":false,"camera":{"lockX":false,"lockY":false,"lockZ":false,"x":-2.17620396614075,"y":0.265725821256638,"z":2.00000095367432,"setPos":true,"fov":30},"spline0":{"order":0,"closed":true,"numPoints":4,"type":0,"lineTexture":0,"lineWidth":1,"bidirectional":true,"speed":0,"points":{"p0":0,"p1":1,"p2":2,"p3":3}},"spline1":{"order":1,"closed":true,"numPoints":4,"type":0,"lineTexture":0,"lineWidth":1,"bidirectional":true,"speed":0,"points":{"p0":6,"p1":5,"p2":4,"p3":0}},"spline2":{"order":2,"closed":true,"numPoints":4,"type":0,"lineTexture":0,"lineWidth":1,"bidirectional":true,"speed":0,"points":{"p0":0,"p1":7,"p2":8,"p3":9}},"spline3":{"order":3,"closed":true,"numPoints":4,"type":0,"lineTexture":0,"lineWidth":1,"bidirectional":true,"speed":0,"points":{"p0":10,"p1":11,"p2":12,"p3":0}}}