{"name":"Nautilus","pointCount":21,"p0":{"x":-0.104331493377686,"y":0.07452392578125,"z":0,"tension":1,"bias":-0.019999086856842,"continuity":0,"index":0,"pointType":3,"word":"","text":{"x":0.395668506622314,"y":0.07452392578125,"z":0,"font":0,"fontSize":48}},"p1":{"x":-0.5,"y":0,"z":0,"tension":-0.599999785423279,"bias":0,"continuity":0,"index":1,"pointType":2,"word":"","text":{"x":0,"y":0,"z":0,"font":0,"fontSize":48}},"p2":{"x":-0.5,"y":-0.475000143051147,"z":0,"tension":-0.599999785423279,"bias":0,"continuity":0,"index":2,"pointType":2,"word":"","text":{"x":0,"y":-0.475000143051147,"z":0,"font":0,"fontSize":48}},"p3":{"x":-0.0487499237060547,"y":-0.475000143051147,"z":0,"tension":-0.599999785423279,"bias":0,"continuity":0,"index":3,"pointType":2,"word":"","text":{"x":0.451250076293945,"y":-0.475000143051147,"z":0,"font":0,"fontSize":48}},"p4":{"x":-0.0487499237060547,"y":-0.0463128089904785,"z":0,"tension":-0.599999785423279,"bias":0,"continuity":0,"index":4,"pointType":2,"word":"","text":{"x":0.451250076293945,"y":-0.0463128089904785,"z":0,"font":0,"fontSize":48}},"p5":{"x":-0.456003189086914,"y":-0.0463128089904785,"z":0,"tension":-0.599999785423279,"bias":0,"continuity":0,"index":5,"pointType":2,"word":"","text":{"x":0.0439968109130859,"y":-0.0463128089904785,"z":0,"font":0,"fontSize":48}},"p6":{"x":-0.456003189086914,"y":-0.433203220367432,"z":0,"tension":-0.599999785423279,"bias":0,"continuity":0,"index":6,"pointType":2,"word":"","text":{"x":0.0439968109130859,"y":-0.433203220367432,"z":0,"font":0,"fontSize":48}},"p7":{"x":-0.0884573459625244,"y":-0.433203220367432,"z":0,"tension":-0.599999785423279,"bias":0,"continuity":0,"index":7,"pointType":2,"word":"","text":{"x":0.411542654037476,"y":-0.433203220367432,"z":0,"font":0,"fontSize":48}},"p8":{"x":-0.0884573459625244,"y":-0.0840346813201904,"z":0,"tension":-0.599999785423279,"bias":0,"continuity":0,"index":8,"pointType":2,"word":"","text":{"x":0.411542654037476,"y":-0.0840346813201904,"z":0,"font":0,"fontSize":48}},"p9":{"x":-0.420167446136475,"y":-0.0840346813201904,"z":0,"tension":-0.599999785423279,"bias":0,"continuity":0,"index":9,"pointType":2,"word":"","text":{"x":0.0798325538635254,"y":-0.0840346813201904,"z":0,"font":0,"fontSize":48}},"p10":{"x":-0.420167446136475,"y":-0.39915943145752,"z":0,"tension":-0.599999785423279,"bias":0,"continuity":0,"index":10,"pointType":2,"word":"","text":{"x":0.0798325538635254,"y":-0.39915943145752,"z":0,"font":0,"fontSize":48}},"p11":{"x":-0.12079906463623,"y":-0.39915943145752,"z":0,"tension":-0.599999785423279,"bias":0,"continuity":0,"index":11,"pointType":2,"word":"","text":{"x":0.37920093536377,"y":-0.39915943145752,"z":0,"font":0,"fontSize":48}},"p12":{"x":-0.12079906463623,"y":-0.11475944519043,"z":0,"tension":-0.599999785423279,"bias":0,"continuity":0,"index":12,"pointType":2,"word":"","text":{"x":0.37920093536377,"y":-0.11475944519043,"z":0,"font":0,"fontSize":48}},"p13":{"x":-0.390979051589966,"y":-0.11475944519043,"z":0,"tension":-0.599999785423279,"bias":0,"continuity":0,"index":13,"pointType":2,"word":"","text":{"x":0.109020948410034,"y":-0.11475944519043,"z":0,"font":0,"fontSize":48}},"p14":{"x":-0.390979051589966,"y":-0.371430397033691,"z":0,"tension":-0.599999785423279,"bias":0,"continuity":0,"index":14,"pointType":2,"word":"","text":{"x":0.109020948410034,"y":-0.371430397033691,"z":0,"font":0,"fontSize":48}},"p15":{"x":-0.147141456604004,"y":-0.371430397033691,"z":0,"tension":-0.599999785423279,"bias":0,"continuity":0,"index":15,"pointType":2,"word":"","text":{"x":0.352858543395996,"y":-0.371430397033691,"z":0,"font":0,"fontSize":48}},"p16":{"x":-0.147141456604004,"y":-0.139784812927246,"z":0,"tension":-0.599999785423279,"bias":0,"continuity":0,"index":16,"pointType":2,"word":"","text":{"x":0.352858543395996,"y":-0.139784812927246,"z":0,"font":0,"fontSize":48}},"p17":{"x":-0.367204904556274,"y":-0.139784812927246,"z":0,"tension":-0.599999785423279,"bias":0,"continuity":0,"index":17,"pointType":2,"word":"","text":{"x":0.132795095443726,"y":-0.139784812927246,"z":0,"font":0,"fontSize":48}},"p18":{"x":-0.367204904556274,"y":-0.3488450050354,"z":0,"tension":-0.599999785423279,"bias":0,"continuity":0,"index":18,"pointType":2,"word":"","text":{"x":0.132795095443726,"y":-0.3488450050354,"z":0,"font":0,"fontSize":48}},"p19":{"x":-0.16859769821167,"y":-0.3488450050354,"z":0,"tension":-0.599999785423279,"bias":0,"continuity":0,"index":19,"pointType":2,"word":"","text":{"x":0.33140230178833,"y":-0.3488450050354,"z":0,"font":0,"fontSize":48}},"p20":{"x":-0.215689659118652,"y":-0.213649272918701,"z":0,"tension":0,"bias":0,"continuity":0,"index":20,"pointType":0,"word":"","text":{"x":0.284310340881348,"y":-0.213649272918701,"z":0,"font":0,"fontSize":48}},"splineCount":1,"unlockType":0,"speed":1,"acceleration":1,"maxSpeed":10,"time":1,"laps":1,"startSpeed":1,"text":"","title":"","forceOrder":false,"camera":{"lockX":true,"lockY":true,"lockZ":false,"x":-0.274376541376114,"y":-0.200238108634949,"z":-2,"setPos":true,"fov":83},"spline0":{"order":0,"closed":false,"numPoints":21,"type":0,"lineTexture":0,"lineWidth":1,"bidirectional":true,"speed":0,"points":{"p0":20,"p1":19,"p2":18,"p3":17,"p4":16,"p5":15,"p6":14,"p7":13,"p8":12,"p9":11,"p10":10,"p11":9,"p12":8,"p13":7,"p14":6,"p15":5,"p16":4,"p17":3,"p18":2,"p19":1,"p20":0}}}