{"name":"NumberForm","pointCount":23,"p0":{"x":-1.03270292282104,"y":2.14365792274475,"z":0.10082896053791,"tension":0,"bias":0,"continuity":0,"index":0,"pointType":6,"word":"","text":{"x":-0.532702922821045,"y":2.14365792274475,"z":0.10082896053791,"font":0,"fontSize":48}},"p1":{"x":-0.77936863899231,"y":2.39671683311462,"z":0.103621527552605,"tension":0,"bias":0,"continuity":0,"index":1,"pointType":2,"word":"","text":{"x":-0.27936863899231,"y":2.39671683311462,"z":0.103621527552605,"font":0,"fontSize":48}},"p2":{"x":-0.734166622161865,"y":2.72069668769836,"z":0.1041209846735,"tension":1,"bias":0,"continuity":0,"index":2,"pointType":3,"word":"1","text":{"x":-0.657939434051514,"y":2.72589802742004,"z":0.104960985481739,"font":0,"fontSize":48}},"p3":{"x":-0.664914608001709,"y":2.3399395942688,"z":0.104884460568428,"tension":0.24000096321106,"bias":0,"continuity":0,"index":3,"pointType":2,"word":"2","text":{"x":-0.582680463790894,"y":2.40321326255798,"z":0.105790719389915,"font":0,"fontSize":48}},"p4":{"x":-0.391826152801514,"y":2.18358325958252,"z":0.107892408967018,"tension":-0.679999113082886,"bias":0,"continuity":0,"index":4,"pointType":2,"word":"3","text":{"x":-0.33036470413208,"y":2.26007080078125,"z":0.10856968164444,"font":0,"fontSize":48}},"p5":{"x":-0.235237598419189,"y":1.98746120929718,"z":0.109620481729507,"tension":1,"bias":0,"continuity":0,"index":5,"pointType":3,"word":"4","text":{"x":-0.247743129730225,"y":1.85283863544464,"z":0.109482668340206,"font":0,"fontSize":48}},"p6":{"x":0.0910046100616455,"y":2.25085783004761,"z":0.113213494420052,"tension":-0.599999070167542,"bias":0,"continuity":0,"index":6,"pointType":2,"word":"5","text":{"x":0.127046823501587,"y":2.16711449623108,"z":0.113610647618771,"font":0,"fontSize":48}},"p7":{"x":0.334417343139648,"y":2.40325808525085,"z":0.115896180272102,"tension":0,"bias":0,"continuity":0,"index":7,"pointType":2,"word":"6","text":{"x":0.34246826171875,"y":2.26747536659241,"z":0.115984857082367,"font":0,"fontSize":48}},"p8":{"x":0.482307434082031,"y":2.77302289009094,"z":0.117525152862072,"tension":0.860000133514404,"bias":0,"continuity":0,"index":8,"pointType":2,"word":"9","text":{"x":0.536398887634277,"y":2.72131943702698,"z":-0.31544241309166,"font":0,"fontSize":48}},"p9":{"x":0.506689310073853,"y":3.10979127883911,"z":0.117794662714005,"tension":1,"bias":0,"continuity":0,"index":9,"pointType":3,"word":"10","text":{"x":0.570649147033691,"y":3.0574061870575,"z":-0.315064191818237,"font":0,"fontSize":48}},"p10":{"x":0.644274711608887,"y":2.77399468421936,"z":0.119311943650246,"tension":0,"bias":0,"continuity":0,"index":10,"pointType":2,"word":"","text":{"x":1.14427471160889,"y":2.77399468421936,"z":0.119311943650246,"font":0,"fontSize":48}},"p11":{"x":0.395753622055054,"y":2.54618692398071,"z":0.116573296487331,"tension":0,"bias":0,"continuity":0,"index":11,"pointType":2,"word":"7","text":{"x":0.47860312461853,"y":2.50506854057312,"z":-0.316077321767807,"font":4,"fontSize":48}},"p12":{"x":0.413887500762939,"y":2.67785716056824,"z":0.116770371794701,"tension":1,"bias":0,"continuity":0,"index":12,"pointType":2,"word":"8","text":{"x":0.493591070175171,"y":2.61636471748352,"z":-0.315914809703827,"font":3,"fontSize":48}},"p13":{"x":0.799704551696777,"y":2.72333979606628,"z":-0.312541395425797,"tension":0,"bias":0,"continuity":0,"index":13,"pointType":2,"word":"20","text":{"x":0.82111120223999,"y":2.78117060661316,"z":-0.312305480241776,"font":4,"fontSize":48}},"p14":{"x":1.17431735992432,"y":2.81541085243225,"z":-0.30841064453125,"tension":0,"bias":0,"continuity":0,"index":14,"pointType":2,"word":"30","text":{"x":1.14220094680786,"y":2.90750646591187,"z":-0.308764517307281,"font":4,"fontSize":48}},"p15":{"x":1.28776597976685,"y":2.9716911315918,"z":-0.307165145874023,"tension":0,"bias":0,"continuity":0,"index":15,"pointType":2,"word":"40","text":{"x":1.21070528030396,"y":3.07449674606323,"z":-0.308014243841171,"font":3,"fontSize":48}},"p16":{"x":1.53209972381592,"y":3.19110369682312,"z":-0.304282754659653,"tension":0,"bias":0,"continuity":0,"index":16,"pointType":2,"word":"50","text":{"x":1.46572589874268,"y":3.29173517227173,"z":-0.305014312267303,"font":3,"fontSize":48}},"p17":{"x":1.46758413314819,"y":3.63966488838196,"z":-0.302135825157166,"tension":0,"bias":0,"continuity":0,"index":17,"pointType":2,"word":"60","text":{"x":1.30060052871704,"y":3.68463325500488,"z":-0.303975731134415,"font":3,"fontSize":48}},"p18":{"x":1.00120973587036,"y":3.66612148284912,"z":-0.301004499197006,"tension":-0.679999113082886,"bias":0,"continuity":0,"index":18,"pointType":2,"word":"70","text":{"x":0.945631504058838,"y":3.75733113288879,"z":-0.177509069442749,"font":3,"fontSize":48}},"p19":{"x":0.959103107452393,"y":3.37339901924133,"z":-0.177509069442749,"tension":-0.759999096393585,"bias":0,"continuity":0,"index":19,"pointType":2,"word":"80","text":{"x":0.777248859405518,"y":3.42056965827942,"z":-0.177509069442749,"font":3,"fontSize":48}},"p20":{"x":1.30260419845581,"y":3.22859215736389,"z":-0.177509069442749,"tension":-0.659999072551727,"bias":0,"continuity":0,"index":20,"pointType":2,"word":"90","text":{"x":1.3329119682312,"y":3.3801646232605,"z":-0.177509069442749,"font":3,"fontSize":48}},"p21":{"x":1.40700197219849,"y":3.54515171051025,"z":-0.177509069442749,"tension":-0.739999055862427,"bias":0,"continuity":0,"index":21,"pointType":2,"word":"","text":{"x":1.90700197219849,"y":3.54515171051025,"z":-0.177509069442749,"font":0,"fontSize":48}},"p22":{"x":1.1443247795105,"y":3.58557224273682,"z":-0.177509069442749,"tension":0,"bias":0,"continuity":0,"index":22,"pointType":0,"word":"100","text":{"x":1.09380769729614,"y":3.45761775970459,"z":-0.177509069442749,"font":0,"fontSize":48}},"splineCount":1,"unlockType":0,"speed":1,"time":1,"laps":1,"startSpeed":1,"text":"","title":"","forceOrder":false,"camera":{"lockX":true,"lockY":true,"lockZ":true,"x":0.625816226005554,"y":2.76991772651672,"z":-2.17750906944275,"setPos":true,"fixCam":false,"fov":59},"spline0":{"order":0,"closed":false,"numPoints":23,"type":0,"lineTexture":0,"lineWidth":1,"bidirectional":false,"speed":0,"points":{"p0":0,"p1":1,"p2":2,"p3":3,"p4":4,"p5":5,"p6":6,"p7":7,"p8":11,"p9":12,"p10":8,"p11":9,"p12":10,"p13":13,"p14":14,"p15":15,"p16":16,"p17":17,"p18":18,"p19":19,"p20":20,"p21":21,"p22":22}}}