{"name":"Organism","pointCount":15,"p0":{"x":-0.529587030410767,"y":-0.102460145950317,"z":0,"tension":-0.5,"bias":0,"continuity":0,"index":0,"pointType":6,"word":"","collect":false,"text":{"x":-0.0295870304107666,"y":-0.102460145950317,"z":0,"font":0,"fontSize":48}},"p1":{"x":0.157234191894531,"y":-0.0942602157592773,"z":0,"tension":1,"bias":0,"continuity":0,"index":1,"pointType":0,"word":"","collect":false,"text":{"x":0.657234191894531,"y":-0.0942602157592773,"z":0,"font":0,"fontSize":48}},"p2":{"x":0.331915855407715,"y":0.319323539733887,"z":0,"tension":1,"bias":0,"continuity":0,"index":2,"pointType":3,"word":"","collect":false,"text":{"x":0.831915855407715,"y":0.319323539733887,"z":0,"font":0,"fontSize":48}},"p3":{"x":0.565681934356689,"y":-0.419222831726074,"z":0,"tension":1,"bias":0,"continuity":0,"index":3,"pointType":0,"word":"","collect":false,"text":{"x":1.06568193435669,"y":-0.419222831726074,"z":0,"font":0,"fontSize":48}},"p4":{"x":0.827704906463623,"y":-0.958684682846069,"z":0,"tension":1,"bias":0,"continuity":0,"index":4,"pointType":0,"word":"","collect":false,"text":{"x":1.32770490646362,"y":-0.958684682846069,"z":0,"font":0,"fontSize":48}},"p5":{"x":1.31578731536865,"y":-1.05373406410217,"z":0,"tension":1,"bias":0,"continuity":0,"index":5,"pointType":3,"word":"","collect":false,"text":{"x":1.81578731536865,"y":-1.05373406410217,"z":0,"font":0,"fontSize":48}},"p6":{"x":0.496328830718994,"y":-1.37482643127441,"z":0,"tension":1,"bias":0,"continuity":0,"index":6,"pointType":3,"word":"","collect":false,"text":{"x":0.996328830718994,"y":-1.37482643127441,"z":0,"font":0,"fontSize":48}},"p7":{"x":1.78605222702026,"y":-0.7943115234375,"z":0,"tension":1,"bias":0,"continuity":0,"index":7,"pointType":0,"word":"","collect":false,"text":{"x":2.28605222702026,"y":-0.7943115234375,"z":0,"font":0,"fontSize":48}},"p8":{"x":2.10811138153076,"y":-0.366047143936157,"z":0,"tension":1,"bias":0,"continuity":0,"index":8,"pointType":0,"word":"","collect":false,"text":{"x":2.60811138153076,"y":-0.366047143936157,"z":0,"font":0,"fontSize":48}},"p9":{"x":2.23487329483032,"y":-0.876537322998047,"z":0,"tension":1,"bias":0,"continuity":0,"index":9,"pointType":0,"word":"","collect":false,"text":{"x":2.73487329483032,"y":-0.876537322998047,"z":0,"font":0,"fontSize":48}},"p10":{"x":2.50897550582886,"y":-0.636709690093994,"z":0,"tension":1,"bias":0,"continuity":0,"index":10,"pointType":3,"word":"","collect":false,"text":{"x":3.00897550582886,"y":-0.636709690093994,"z":0,"font":0,"fontSize":48}},"p11":{"x":2.64601516723633,"y":-0.938208103179932,"z":0,"tension":1,"bias":0,"continuity":0,"index":11,"pointType":3,"word":"","collect":false,"text":{"x":3.14601516723633,"y":-0.938208103179932,"z":0,"font":0,"fontSize":48}},"p12":{"x":2.34451675415039,"y":-0.157053709030151,"z":0,"tension":1,"bias":0,"continuity":0,"index":12,"pointType":0,"word":"","collect":false,"text":{"x":2.84451675415039,"y":-0.157053709030151,"z":0,"font":0,"fontSize":48}},"p13":{"x":2.4781379699707,"y":0.171853065490723,"z":0,"tension":1,"bias":0,"continuity":0,"index":13,"pointType":3,"word":"","collect":false,"text":{"x":2.9781379699707,"y":0.171853065490723,"z":0,"font":0,"fontSize":48}},"p14":{"x":2.77708578109741,"y":-0.0883965492248535,"z":0,"tension":1,"bias":0,"continuity":0,"index":14,"pointType":3,"word":"","collect":false,"text":{"x":3.27708578109741,"y":-0.0883965492248535,"z":0,"font":0,"fontSize":48}},"splineCount":9,"unlockType":2,"speed":1,"acceleration":0.200000002980232,"maxSpeed":3,"time":1,"laps":1,"startSpeed":0,"text":"","title":"Organism","forceOrder":false,"camera":{"lockX":true,"lockY":true,"lockZ":false,"x":0,"y":0,"z":0,"setPos":false,"fov":73},"spline0":{"order":0,"closed":false,"numPoints":5,"type":0,"lineTexture":0,"lineWidth":1,"bidirectional":true,"speed":0,"points":{"p0":0,"p1":1,"p2":3,"p3":4,"p4":6}},"spline1":{"order":1,"closed":false,"numPoints":2,"type":0,"lineTexture":0,"lineWidth":1,"bidirectional":true,"speed":0,"points":{"p0":2,"p1":1}},"spline2":{"order":2,"closed":false,"numPoints":3,"type":0,"lineTexture":0,"lineWidth":1,"bidirectional":true,"speed":0,"points":{"p0":7,"p1":5,"p2":4}},"spline3":{"order":4,"closed":false,"numPoints":2,"type":0,"lineTexture":0,"lineWidth":1,"bidirectional":true,"speed":0,"points":{"p0":8,"p1":7}},"spline4":{"order":5,"closed":false,"numPoints":2,"type":0,"lineTexture":0,"lineWidth":1,"bidirectional":true,"speed":0,"points":{"p0":9,"p1":7}},"spline5":{"order":6,"closed":false,"numPoints":2,"type":0,"lineTexture":0,"lineWidth":1,"bidirectional":true,"speed":0,"points":{"p0":10,"p1":9}},"spline6":{"order":7,"closed":false,"numPoints":2,"type":0,"lineTexture":0,"lineWidth":1,"bidirectional":true,"speed":0,"points":{"p0":11,"p1":9}},"spline7":{"order":8,"closed":false,"numPoints":3,"type":0,"lineTexture":0,"lineWidth":1,"bidirectional":true,"speed":0,"points":{"p0":13,"p1":12,"p2":8}},"spline8":{"order":9,"closed":false,"numPoints":2,"type":0,"lineTexture":0,"lineWidth":1,"bidirectional":true,"speed":0,"points":{"p0":12,"p1":14}}}