{"name":"Organism","pointCount":12,"p0":{"x":-0.619417190551758,"y":-0.340246677398682,"z":0,"tension":-0.0799990892410278,"bias":0,"continuity":0,"index":0,"pointType":6,"word":"","collect":false,"text":{"x":-0.119417190551758,"y":-0.340246677398682,"z":0,"font":0,"fontSize":48}},"p1":{"x":-0.174339771270752,"y":0.0401827096939087,"z":0,"tension":-0.379999101161957,"bias":0,"continuity":0,"index":1,"pointType":0,"word":"","collect":false,"text":{"x":0.325660228729248,"y":0.0401827096939087,"z":0,"font":0,"fontSize":48}},"p2":{"x":0.244623899459839,"y":-0.188313961029053,"z":0,"tension":-0.0799990892410278,"bias":0,"continuity":0,"index":2,"pointType":0,"word":"","collect":false,"text":{"x":0.744623899459839,"y":-0.188313961029053,"z":0,"font":0,"fontSize":48}},"p3":{"x":0.421785116195679,"y":-0.755377769470215,"z":0,"tension":-0.0799990892410278,"bias":0,"continuity":0,"index":3,"pointType":3,"word":"","collect":false,"text":{"x":0.921785116195679,"y":-0.755377769470215,"z":0,"font":0,"fontSize":48}},"p4":{"x":0.844136714935303,"y":-1.02784872055054,"z":0,"tension":-0.239999055862427,"bias":0,"continuity":0,"index":4,"pointType":0,"word":"","collect":false,"text":{"x":1.3441367149353,"y":-1.02784872055054,"z":0,"font":0,"fontSize":48}},"p5":{"x":0.0394794940948486,"y":-1.12527894973755,"z":0,"tension":-0.0799990892410278,"bias":0,"continuity":0,"index":5,"pointType":0,"word":"","collect":false,"text":{"x":0.539479494094849,"y":-1.12527894973755,"z":0,"font":0,"fontSize":48}},"p6":{"x":1.4328408241272,"y":-0.775309085845947,"z":0,"tension":1,"bias":0,"continuity":0,"index":6,"pointType":1,"word":"","collect":false,"text":{"x":1.9328408241272,"y":-0.775309085845947,"z":0,"font":0,"fontSize":48}},"p7":{"x":1.73525285720825,"y":-0.330123424530029,"z":0,"tension":1,"bias":0,"continuity":0,"index":7,"pointType":0,"word":"","collect":false,"text":{"x":2.23525285720825,"y":-0.330123424530029,"z":0,"font":0,"fontSize":48}},"p8":{"x":1.34565782546997,"y":0.779787659645081,"z":0,"tension":-0.5,"bias":0,"continuity":0,"index":8,"pointType":3,"word":"","collect":false,"text":{"x":1.84565782546997,"y":0.779787659645081,"z":0,"font":0,"fontSize":48}},"p9":{"x":1.71453619003296,"y":0.331978797912598,"z":0,"tension":-0.5,"bias":0,"continuity":0,"index":9,"pointType":3,"word":"","collect":false,"text":{"x":2.21453619003296,"y":0.331978797912598,"z":0,"font":0,"fontSize":48}},"p10":{"x":0.632323265075684,"y":0.842208027839661,"z":0,"tension":-0.5,"bias":0,"continuity":0,"index":10,"pointType":3,"word":"","collect":false,"text":{"x":1.13232326507568,"y":0.842208027839661,"z":0,"font":0,"fontSize":48}},"p11":{"x":-0.0176033973693848,"y":0.637019872665405,"z":0,"tension":-0.5,"bias":0,"continuity":0,"index":11,"pointType":3,"word":"","collect":false,"text":{"x":0.482396602630615,"y":0.637019872665405,"z":0,"font":0,"fontSize":48}},"splineCount":2,"unlockType":2,"speed":1,"acceleration":0.200000002980232,"maxSpeed":3,"time":1,"laps":1,"startSpeed":0,"text":"","title":"Organism","forceOrder":false,"camera":{"lockX":true,"lockY":true,"lockZ":false,"x":0,"y":0,"z":0,"setPos":false,"fov":73},"spline0":{"order":0,"closed":false,"numPoints":5,"type":0,"lineTexture":0,"lineWidth":1,"bidirectional":true,"speed":0,"points":{"p0":0,"p1":1,"p2":2,"p3":3,"p4":5}},"spline1":{"order":1,"closed":false,"numPoints":3,"type":0,"lineTexture":0,"lineWidth":1,"bidirectional":true,"speed":0,"points":{"p0":6,"p1":4,"p2":3}}}