{"name":"Outlines","pointCount":29,"p0":{"x":-1.00083684921265,"y":-3.25477170944214,"z":0,"tension":-0.279999077320099,"bias":0,"continuity":0,"index":0,"pointType":2,"word":"","text":{"x":-0.500836849212646,"y":-3.25477170944214,"z":0,"font":0,"fontSize":48}},"p1":{"x":-0.930144786834717,"y":-3.3035831451416,"z":0,"tension":-0.419999063014984,"bias":0,"continuity":0,"index":1,"pointType":2,"word":"","text":{"x":-0.430144786834717,"y":-3.3035831451416,"z":0,"font":0,"fontSize":48}},"p2":{"x":-0.930981397628784,"y":-3.40288972854614,"z":0,"tension":-0.459999084472656,"bias":0,"continuity":0,"index":2,"pointType":2,"word":"","text":{"x":-0.430981397628784,"y":-3.40288972854614,"z":0,"font":0,"fontSize":48}},"p3":{"x":-0.954717636108398,"y":-3.45465564727783,"z":0,"tension":0,"bias":0,"continuity":0,"index":3,"pointType":2,"word":"","text":{"x":-0.454717636108398,"y":-3.45465564727783,"z":0,"font":0,"fontSize":48}},"p4":{"x":-1.07993125915527,"y":-3.29853343963623,"z":0,"tension":-0.679999113082886,"bias":0,"continuity":0,"index":4,"pointType":2,"word":"","text":{"x":-0.579931259155273,"y":-3.29853343963623,"z":0,"font":0,"fontSize":48}},"p5":{"x":-1.08666229248047,"y":-3.39531469345093,"z":0,"tension":-0.179999113082886,"bias":0,"continuity":0,"index":5,"pointType":2,"word":"","text":{"x":-0.586662292480469,"y":-3.39531469345093,"z":0,"font":0,"fontSize":48}},"p6":{"x":-1.04869031906128,"y":-3.46560859680176,"z":0,"tension":0,"bias":0,"continuity":0,"index":6,"pointType":2,"word":"","text":{"x":-0.548690319061279,"y":-3.46560859680176,"z":0,"font":0,"fontSize":48}},"p7":{"x":-0.947202920913696,"y":-3.511887550354,"z":0,"tension":0,"bias":0,"continuity":0,"index":7,"pointType":2,"word":"","text":{"x":-0.447202920913696,"y":-3.511887550354,"z":0,"font":0,"fontSize":48}},"p8":{"x":-1.06837463378906,"y":-3.51234817504883,"z":0,"tension":0,"bias":0,"continuity":0,"index":8,"pointType":2,"word":"","text":{"x":-0.568374633789063,"y":-3.51234817504883,"z":0,"font":0,"fontSize":48}},"p9":{"x":-0.71595025062561,"y":-3.58430576324463,"z":0,"tension":0,"bias":0,"continuity":0,"index":9,"pointType":2,"word":"","text":{"x":-0.21595025062561,"y":-3.58430576324463,"z":0,"font":0,"fontSize":48}},"p10":{"x":-0.685053825378418,"y":-3.93696451187134,"z":0,"tension":0,"bias":0,"continuity":0,"index":10,"pointType":2,"word":"","text":{"x":-0.185053825378418,"y":-3.93696451187134,"z":0,"font":0,"fontSize":48}},"p11":{"x":-1.28730201721191,"y":-3.57987546920776,"z":0,"tension":0,"bias":0,"continuity":0,"index":11,"pointType":2,"word":"","text":{"x":-0.787302017211914,"y":-3.57987546920776,"z":0,"font":0,"fontSize":48}},"p12":{"x":-1.31060600280762,"y":-3.95474052429199,"z":0,"tension":0,"bias":0,"continuity":0,"index":12,"pointType":2,"word":"","text":{"x":-0.810606002807617,"y":-3.95474052429199,"z":0,"font":0,"fontSize":48}},"p13":{"x":-0.630411148071289,"y":-4.93730878829956,"z":0,"tension":1,"bias":0,"continuity":0,"index":13,"pointType":2,"word":"","text":{"x":-0.130411148071289,"y":-4.93730878829956,"z":0,"font":0,"fontSize":48}},"p14":{"x":0.17656683921814,"y":-5.15190696716309,"z":0,"tension":0,"bias":0,"continuity":0,"index":14,"pointType":2,"word":"","text":{"x":0.67656683921814,"y":-5.15190696716309,"z":0,"font":0,"fontSize":48}},"p15":{"x":0.290612697601318,"y":-4.9556360244751,"z":0,"tension":0,"bias":0,"continuity":0,"index":15,"pointType":2,"word":"","text":{"x":0.790612697601318,"y":-4.9556360244751,"z":0,"font":0,"fontSize":48}},"p16":{"x":0.446754455566406,"y":-5.0008020401001,"z":0,"tension":0,"bias":0,"continuity":0,"index":16,"pointType":2,"word":"","text":{"x":0.946754455566406,"y":-5.0008020401001,"z":0,"font":0,"fontSize":48}},"p17":{"x":0.433990478515625,"y":-5.37747430801392,"z":0,"tension":0,"bias":0,"continuity":0,"index":17,"pointType":2,"word":"","text":{"x":0.933990478515625,"y":-5.37747430801392,"z":0,"font":0,"fontSize":48}},"p18":{"x":0.169532060623169,"y":-5.35993957519531,"z":0,"tension":0,"bias":0,"continuity":0,"index":18,"pointType":2,"word":"","text":{"x":0.669532060623169,"y":-5.35993957519531,"z":0,"font":0,"fontSize":48}},"p19":{"x":-0.521598100662231,"y":-5.16536569595337,"z":0,"tension":0,"bias":0,"continuity":0,"index":19,"pointType":2,"word":"","text":{"x":-0.0215981006622314,"y":-5.16536569595337,"z":0,"font":0,"fontSize":48}},"p20":{"x":-0.946961402893066,"y":-5.04562616348267,"z":0,"tension":0.300000190734863,"bias":-0.720000028610229,"continuity":0,"index":20,"pointType":2,"word":"","text":{"x":-0.446961402893066,"y":-5.04562616348267,"z":0,"font":0,"fontSize":48}},"p21":{"x":-2.36691427230835,"y":-5.29663753509521,"z":0,"tension":1,"bias":0,"continuity":0,"index":21,"pointType":2,"word":"","text":{"x":-1.86691427230835,"y":-5.29663753509521,"z":0,"font":0,"fontSize":48}},"p22":{"x":-2.36567497253418,"y":-4.95142221450806,"z":0,"tension":0,"bias":0,"continuity":0,"index":22,"pointType":2,"word":"","text":{"x":-1.86567497253418,"y":-4.95142221450806,"z":0,"font":0,"fontSize":48}},"p23":{"x":-2.2250292301178,"y":-4.90179443359375,"z":0,"tension":0,"bias":0,"continuity":0,"index":23,"pointType":2,"word":"","text":{"x":-1.7250292301178,"y":-4.90179443359375,"z":0,"font":0,"fontSize":48}},"p24":{"x":-2.21613359451294,"y":-5.01724052429199,"z":0,"tension":0,"bias":0,"continuity":0,"index":24,"pointType":2,"word":"","text":{"x":-1.71613359451294,"y":-5.01724052429199,"z":0,"font":0,"fontSize":48}},"p25":{"x":-1.30939507484436,"y":-4.88306427001953,"z":0,"tension":0.980001091957092,"bias":0,"continuity":0,"index":25,"pointType":2,"word":"","text":{"x":-0.80939507484436,"y":-4.88306427001953,"z":0,"font":0,"fontSize":48}},"p26":{"x":-2.12476658821106,"y":-5.14993476867676,"z":0,"tension":0.440001010894775,"bias":0,"continuity":0,"index":26,"pointType":2,"word":"","text":{"x":-1.62476658821106,"y":-5.14993476867676,"z":0,"font":0,"fontSize":48}},"p27":{"x":-2.19865226745605,"y":-5.35332536697388,"z":0,"tension":0,"bias":0,"continuity":0,"index":27,"pointType":2,"word":"","text":{"x":-1.69865226745605,"y":-5.35332536697388,"z":0,"font":0,"fontSize":48}},"p28":{"x":-1.35183620452881,"y":-5.12499856948853,"z":0,"tension":0,"bias":0,"continuity":0,"index":28,"pointType":2,"word":"","text":{"x":-0.851836204528809,"y":-5.12499856948853,"z":0,"font":0,"fontSize":48}},"splineCount":3,"unlockType":0,"speed":1,"acceleration":0,"maxSpeed":3,"time":1,"laps":1,"startSpeed":1.54999995231628,"text":"","title":"","forceOrder":false,"camera":{"lockX":true,"lockY":true,"lockZ":true,"x":-0.860548198223114,"y":-4.42370414733887,"z":-2,"setPos":true,"fixCam":false,"fov":78},"spline0":{"order":0,"closed":false,"numPoints":7,"type":0,"lineTexture":0,"lineWidth":1,"bidirectional":true,"speed":0,"points":{"p0":6,"p1":5,"p2":4,"p3":0,"p4":1,"p5":2,"p6":3}},"spline1":{"order":1,"closed":false,"numPoints":18,"type":0,"lineTexture":0,"lineWidth":1,"bidirectional":true,"speed":0,"points":{"p0":24,"p1":23,"p2":22,"p3":21,"p4":27,"p5":28,"p6":20,"p7":19,"p8":18,"p9":17,"p10":16,"p11":15,"p12":14,"p13":13,"p14":10,"p15":9,"p16":7,"p17":3}},"spline2":{"order":2,"closed":false,"numPoints":7,"type":0,"lineTexture":0,"lineWidth":1,"bidirectional":true,"speed":0,"points":{"p0":24,"p1":26,"p2":25,"p3":12,"p4":11,"p5":8,"p6":6}}}