{"name":"Palace1","pointCount":41,"p0":{"x":0.389898777008057,"y":3.36078810691834,"z":0,"tension":0,"bias":0,"continuity":0,"index":0,"pointType":0,"word":"","text":{"x":0.889898777008057,"y":3.36078810691834,"z":0,"font":0,"fontSize":48}},"p1":{"x":0.923204898834229,"y":4.00632619857788,"z":0,"tension":1,"bias":0,"continuity":0,"index":1,"pointType":2,"word":"","text":{"x":1.42320489883423,"y":4.00632619857788,"z":0,"font":0,"fontSize":48}},"p2":{"x":0.305467128753662,"y":4.47002744674683,"z":0,"tension":1,"bias":0,"continuity":0,"index":2,"pointType":2,"word":"","text":{"x":0.805467128753662,"y":4.47002744674683,"z":0,"font":0,"fontSize":48}},"p3":{"x":0.125076055526733,"y":4.25509214401245,"z":0,"tension":1,"bias":0,"continuity":0,"index":3,"pointType":2,"word":"","text":{"x":0.625076055526733,"y":4.25509214401245,"z":0,"font":0,"fontSize":48}},"p4":{"x":-0.465580463409424,"y":4.70605182647705,"z":0,"tension":1,"bias":0,"continuity":0,"index":4,"pointType":2,"word":"","text":{"x":0.0344195365905762,"y":4.70605182647705,"z":0,"font":0,"fontSize":48}},"p5":{"x":0.053095817565918,"y":5.29706859588623,"z":0,"tension":1,"bias":0,"continuity":0,"index":5,"pointType":2,"word":"","text":{"x":0.553095817565918,"y":5.29706859588623,"z":0,"font":0,"fontSize":48}},"p6":{"x":0.432130336761475,"y":5.02510166168213,"z":0,"tension":1,"bias":0,"continuity":0,"index":6,"pointType":2,"word":"","text":{"x":0.932130336761475,"y":5.02510166168213,"z":0,"font":0,"fontSize":48}},"p7":{"x":1.01168298721313,"y":5.69289493560791,"z":0,"tension":1,"bias":0,"continuity":0,"index":7,"pointType":2,"word":"","text":{"x":1.51168298721313,"y":5.69289493560791,"z":0,"font":0,"fontSize":48}},"p8":{"x":1.7639479637146,"y":5.09414100646973,"z":0,"tension":1,"bias":0,"continuity":0,"index":8,"pointType":2,"word":"","text":{"x":2.2639479637146,"y":5.09414100646973,"z":0,"font":0,"fontSize":48}},"p9":{"x":1.50679445266724,"y":4.78321743011475,"z":0,"tension":1,"bias":0,"continuity":0,"index":9,"pointType":2,"word":"","text":{"x":2.00679445266724,"y":4.78321743011475,"z":0,"font":0,"fontSize":48}},"p10":{"x":2.17078399658203,"y":4.22669887542725,"z":0,"tension":1,"bias":0,"continuity":0,"index":10,"pointType":2,"word":"","text":{"x":2.67078399658203,"y":4.22669887542725,"z":0,"font":0,"fontSize":48}},"p11":{"x":1.66031789779663,"y":3.65095162391663,"z":0,"tension":1,"bias":0,"continuity":0,"index":11,"pointType":2,"word":"","text":{"x":2.16031789779663,"y":3.65095162391663,"z":0,"font":0,"fontSize":48}},"p12":{"x":1.3609471321106,"y":3.86973571777344,"z":0,"tension":1,"bias":0,"continuity":0,"index":12,"pointType":2,"word":"","text":{"x":1.8609471321106,"y":3.86973571777344,"z":0,"font":0,"fontSize":48}},"p13":{"x":1.42619466781616,"y":4.03861856460571,"z":0,"tension":1,"bias":0,"continuity":0,"index":13,"pointType":2,"word":"","text":{"x":1.92619466781616,"y":4.03861856460571,"z":0,"font":0,"fontSize":48}},"p14":{"x":0.524243116378784,"y":4.7448263168335,"z":0,"tension":1,"bias":0,"continuity":0,"index":14,"pointType":2,"word":"","text":{"x":1.02424311637878,"y":4.7448263168335,"z":0,"font":0,"fontSize":48}},"p15":{"x":0.954109668731689,"y":5.16316270828247,"z":0,"tension":0,"bias":0,"continuity":0,"index":15,"pointType":7,"word":"","text":{"x":1.45410966873169,"y":5.16316270828247,"z":0,"font":0,"fontSize":48}},"p16":{"x":-1.48620367050171,"y":-0.0359468460083008,"z":0,"tension":0,"bias":0,"continuity":0,"index":16,"pointType":6,"word":"","text":{"x":-0.986203670501709,"y":-0.0359468460083008,"z":0,"font":0,"fontSize":48}},"p17":{"x":-1.15119695663452,"y":0.198036789894104,"z":0,"tension":0,"bias":0,"continuity":0,"index":17,"pointType":2,"word":"","text":{"x":-0.651196956634521,"y":0.198036789894104,"z":0,"font":0,"fontSize":48}},"p18":{"x":-1.15825319290161,"y":0.469208598136902,"z":0,"tension":0,"bias":0,"continuity":0,"index":18,"pointType":2,"word":"","text":{"x":-0.658253192901611,"y":0.469208598136902,"z":0,"font":0,"fontSize":48}},"p19":{"x":-0.70984411239624,"y":0.414275765419006,"z":0,"tension":0.280001044273376,"bias":0.320001125335693,"continuity":0,"index":19,"pointType":2,"word":"","text":{"x":-0.20984411239624,"y":0.414275765419006,"z":0,"font":0,"fontSize":48}},"p20":{"x":-0.534955501556396,"y":0.677795171737671,"z":0,"tension":1,"bias":0,"continuity":0,"index":20,"pointType":2,"word":"","text":{"x":-0.0349555015563965,"y":0.677795171737671,"z":0,"font":0,"fontSize":48}},"p21":{"x":-0.768387794494629,"y":1.26782834529877,"z":0,"tension":0,"bias":0,"continuity":0,"index":21,"pointType":2,"word":"","text":{"x":-0.268387794494629,"y":1.26782834529877,"z":0,"font":0,"fontSize":48}},"p22":{"x":-1.26053023338318,"y":1.4828816652298,"z":0,"tension":0,"bias":0,"continuity":0,"index":22,"pointType":2,"word":"","text":{"x":-0.760530233383179,"y":1.4828816652298,"z":0,"font":0,"fontSize":48}},"p23":{"x":-1.14678907394409,"y":1.73514938354492,"z":0,"tension":0,"bias":0.820001125335693,"continuity":0,"index":23,"pointType":2,"word":"","text":{"x":-0.646789073944092,"y":1.73514938354492,"z":0,"font":0,"fontSize":48}},"p24":{"x":-0.0775198936462402,"y":1.86258125305176,"z":0,"tension":0,"bias":0,"continuity":0,"index":24,"pointType":2,"word":"","text":{"x":0.42248010635376,"y":1.86258125305176,"z":0,"font":0,"fontSize":48}},"p25":{"x":0.274778366088867,"y":1.37988340854645,"z":0,"tension":0,"bias":0,"continuity":0,"index":25,"pointType":2,"word":"","text":{"x":0.774778366088867,"y":1.37988340854645,"z":0,"font":0,"fontSize":48}},"p26":{"x":0.821899890899658,"y":1.40504956245422,"z":0,"tension":0,"bias":0,"continuity":0,"index":26,"pointType":2,"word":"","text":{"x":1.32189989089966,"y":1.40504956245422,"z":0,"font":0,"fontSize":48}},"p27":{"x":0.583981037139893,"y":2.07304859161377,"z":0,"tension":-1,"bias":0,"continuity":0,"index":27,"pointType":2,"word":"","text":{"x":1.08398103713989,"y":2.07304859161377,"z":0,"font":0,"fontSize":48}},"p28":{"x":-0.289910316467285,"y":2.2789351940155,"z":0,"tension":0.0400010347366333,"bias":0,"continuity":0,"index":28,"pointType":2,"word":"","text":{"x":0.210089683532715,"y":2.2789351940155,"z":0,"font":0,"fontSize":48}},"p29":{"x":-1.43603539466858,"y":2.40938353538513,"z":0,"tension":0,"bias":0,"continuity":0,"index":29,"pointType":2,"word":"","text":{"x":-0.936035394668579,"y":2.40938353538513,"z":0,"font":0,"fontSize":48}},"p30":{"x":-1.43145775794983,"y":2.64958834648132,"z":0,"tension":0,"bias":0,"continuity":0,"index":30,"pointType":2,"word":"","text":{"x":-0.931457757949829,"y":2.64958834648132,"z":0,"font":0,"fontSize":48}},"p31":{"x":-0.420307636260986,"y":2.79143333435059,"z":0,"tension":0,"bias":0,"continuity":0,"index":31,"pointType":2,"word":"","text":{"x":0.0796923637390137,"y":2.79143333435059,"z":0,"font":0,"fontSize":48}},"p32":{"x":0.501624345779419,"y":2.39337825775146,"z":0,"tension":0,"bias":0,"continuity":0,"index":32,"pointType":2,"word":"","text":{"x":1.00162434577942,"y":2.39337825775146,"z":0,"font":0,"fontSize":48}},"p33":{"x":1.24511957168579,"y":2.39337730407715,"z":0,"tension":-1,"bias":0,"continuity":0,"index":33,"pointType":2,"word":"","text":{"x":1.74511957168579,"y":2.39337730407715,"z":0,"font":0,"fontSize":48}},"p34":{"x":1.07697820663452,"y":3.03321766853333,"z":0,"tension":0,"bias":0,"continuity":0,"index":34,"pointType":2,"word":"","text":{"x":1.57697820663452,"y":3.03321766853333,"z":0,"font":0,"fontSize":48}},"p35":{"x":0.245542526245117,"y":3.18579316139221,"z":0,"tension":0,"bias":0,"continuity":0,"index":35,"pointType":2,"word":"","text":{"x":0.745542526245117,"y":3.18579316139221,"z":0,"font":0,"fontSize":48}},"p36":{"x":-1.03997611999512,"y":3.08378100395203,"z":0,"tension":0,"bias":0,"continuity":0,"index":36,"pointType":2,"word":"","text":{"x":-0.539976119995117,"y":3.08378100395203,"z":0,"font":0,"fontSize":48}},"p37":{"x":-0.606943845748901,"y":3.61125421524048,"z":0,"tension":0,"bias":0,"continuity":0,"index":37,"pointType":2,"word":"","text":{"x":-0.106943845748901,"y":3.61125421524048,"z":0,