{"name":"Palace","pointCount":12,"p0":{"x":-0.16288423538208,"y":0.969826340675354,"z":0,"tension":1,"bias":0,"continuity":0,"index":0,"pointType":6,"word":"","text":{"x":0.33711576461792,"y":0.969826340675354,"z":0,"font":0,"fontSize":48}},"p1":{"x":0.193489074707031,"y":0.966552495956421,"z":0,"tension":1,"bias":0,"continuity":0,"index":1,"pointType":0,"word":"","text":{"x":0.693489074707031,"y":0.966552495956421,"z":0,"font":0,"fontSize":48}},"p2":{"x":0.187557697296143,"y":0.152793645858765,"z":0,"tension":1,"bias":0,"continuity":0,"index":2,"pointType":0,"word":"","text":{"x":0.687557697296143,"y":0.152793645858765,"z":0,"font":0,"fontSize":48}},"p3":{"x":-0.762429237365723,"y":0.150251269340515,"z":0,"tension":1,"bias":0,"continuity":0,"index":3,"pointType":0,"word":"","text":{"x":-0.262429237365723,"y":0.150251269340515,"z":0,"font":0,"fontSize":48}},"p4":{"x":-0.739976167678833,"y":0.968513131141663,"z":0,"tension":1,"bias":0,"continuity":0,"index":4,"pointType":0,"word":"","text":{"x":-0.239976167678833,"y":0.968513131141663,"z":0,"font":0,"fontSize":48}},"p5":{"x":-0.363277196884155,"y":0.968513131141663,"z":0,"tension":1,"bias":0,"continuity":0,"index":5,"pointType":0,"word":"","text":{"x":0.136722803115845,"y":0.968513131141663,"z":0,"font":0,"fontSize":48}},"p6":{"x":0.668801784515381,"y":-0.228655815124512,"z":0,"tension":0,"bias":0,"continuity":0,"index":6,"pointType":1,"word":"","text":{"x":1.16880178451538,"y":-0.228655815124512,"z":0,"font":0,"fontSize":48}},"p7":{"x":-0.362292528152466,"y":0.765557885169983,"z":0,"tension":1,"bias":0,"continuity":0,"index":7,"pointType":1,"word":"","text":{"x":0.137707471847534,"y":0.765557885169983,"z":0,"font":0,"fontSize":48}},"p8":{"x":-0.839979410171509,"y":1.41343593597412,"z":0,"tension":1,"bias":0,"continuity":0,"index":8,"pointType":0,"word":"","text":{"x":-0.339979410171509,"y":1.41343593597412,"z":0,"font":0,"fontSize":48}},"p9":{"x":-0.346168518066406,"y":0.36898398399353,"z":0,"tension":-0.459999084472656,"bias":0,"continuity":0,"index":9,"pointType":2,"word":"","text":{"x":0.153831481933594,"y":0.36898398399353,"z":0,"font":0,"fontSize":48}},"p10":{"x":-0.256938219070435,"y":0.546609282493591,"z":-0.582422256469727,"tension":0,"bias":0,"continuity":0,"index":10,"pointType":0,"word":"","text":{"x":0.243061780929565,"y":0.546609282493591,"z":-0.582422256469727,"font":0,"fontSize":48}},"p11":{"x":-1.705286860466,"y":0.54660952091217,"z":-0.582422256469727,"tension":1,"bias":0,"continuity":0,"index":11,"pointType":1,"word":"","text":{"x":-1.205286860466,"y":0.54660952091217,"z":-0.582422256469727,"font":0,"fontSize":48}},"splineCount":3,"unlockType":1,"speed":5,"time":2.09999990463257,"laps":1,"startSpeed":0,"text":"","title":"","forceOrder":true,"camera":{"lockX":true,"lockY":true,"lockZ":true,"x":-0.300929099321365,"y":0.612593412399292,"z":-2.58242225646973,"setPos":true,"fixCam":false,"fov":75},"spline0":{"order":0,"closed":false,"numPoints":7,"type":0,"lineTexture":0,"lineWidth":1,"bidirectional":true,"speed":0,"points":{"p0":0,"p1":1,"p2":2,"p3":3,"p4":4,"p5":5,"p6":7}},"spline1":{"order":1,"closed":false,"numPoints":2,"type":0,"lineTexture":3,"lineWidth":1,"bidirectional":true,"speed":0,"points":{"p0":11,"p1":10}},"spline2":{"order":2,"closed":false,"numPoints":3,"type":0,"lineTexture":3,"lineWidth":1,"bidirectional":false,"speed":0.75,"points":{"p0":8,"p1":9,"p2":6}}}