{"name":"Playground","pointCount":14,"p0":{"x":-0.531725406646729,"y":0.181812047958374,"z":0,"tension":0,"bias":0,"continuity":0,"index":0,"pointType":6,"word":"","text":{"x":-0.0317254066467285,"y":0.181812047958374,"z":0,"font":0,"fontSize":48}},"p1":{"x":-0.296860218048096,"y":-0.132931232452393,"z":0,"tension":0,"bias":0,"continuity":0,"index":1,"pointType":2,"word":"","text":{"x":0.203139781951904,"y":-0.132931232452393,"z":0,"font":0,"fontSize":48}},"p2":{"x":0.255130767822266,"y":-0.0813834667205811,"z":0,"tension":0,"bias":0,"continuity":0,"index":2,"pointType":0,"word":"","text":{"x":0.755130767822266,"y":-0.0813834667205811,"z":0,"font":0,"fontSize":48}},"p3":{"x":0.478439569473267,"y":0.442493677139282,"z":0,"tension":-0.47999906539917,"bias":0,"continuity":0,"index":3,"pointType":2,"word":"","text":{"x":0.978439569473267,"y":0.442493677139282,"z":0,"font":0,"fontSize":48}},"p4":{"x":-0.0287556648254395,"y":0.892666935920715,"z":0,"tension":0,"bias":0,"continuity":0,"index":4,"pointType":1,"word":"","text":{"x":0.471244335174561,"y":0.892666935920715,"z":0,"font":0,"fontSize":48}},"p5":{"x":-0.229832410812378,"y":-0.493863582611084,"z":0,"tension":0,"bias":0,"continuity":0,"index":5,"pointType":2,"word":"","text":{"x":0.270167589187622,"y":-0.493863582611084,"z":0,"font":0,"fontSize":48}},"p6":{"x":-0.695009469985962,"y":-0.538882732391357,"z":0,"tension":0,"bias":0,"continuity":0,"index":6,"pointType":2,"word":"","text":{"x":-0.195009469985962,"y":-0.538882732391357,"z":0,"font":0,"fontSize":48}},"p7":{"x":-1.16919231414795,"y":-0.832993507385254,"z":0,"tension":0,"bias":0,"continuity":0,"index":7,"pointType":3,"word":"","text":{"x":-0.669192314147949,"y":-0.832993507385254,"z":0,"font":0,"fontSize":48}},"p8":{"x":-0.508945226669312,"y":1.22878992557526,"z":0,"tension":0,"bias":0,"continuity":0,"index":8,"pointType":0,"word":"","text":{"x":-0.00894522666931152,"y":1.22878992557526,"z":0,"font":0,"fontSize":48}},"p9":{"x":-1.38227796554565,"y":1.05172336101532,"z":0,"tension":0,"bias":0,"continuity":0,"index":9,"pointType":2,"word":"","text":{"x":-0.882277965545654,"y":1.05172336101532,"z":0,"font":0,"fontSize":48}},"p10":{"x":-1.60436153411865,"y":0.0103192329406738,"z":0,"tension":0,"bias":0,"continuity":0,"index":10,"pointType":0,"word":"","text":{"x":-1.10436153411865,"y":0.0103192329406738,"z":0,"font":0,"fontSize":48}},"p11":{"x":-0.758037805557251,"y":-0.93502950668335,"z":0,"tension":0,"bias":0,"continuity":0,"index":11,"pointType":2,"word":"","text":{"x":-0.258037805557251,"y":-0.93502950668335,"z":0,"font":0,"fontSize":48}},"p12":{"x":0.247348308563232,"y":-0.670928478240967,"z":0,"tension":0,"bias":0,"continuity":0,"index":12,"pointType":1,"word":"","text":{"x":0.747348308563232,"y":-0.670928478240967,"z":0,"font":0,"fontSize":48}},"p13":{"x":-1.07317495346069,"y":-0.511868715286255,"z":0,"tension":0,"bias":0,"continuity":0,"index":13,"pointType":2,"word":"","text":{"x":-0.573174953460693,"y":-0.511868715286255,"z":0,"font":0,"fontSize":48}},"splineCount":4,"unlockType":0,"speed":1,"acceleration":0.25,"maxSpeed":4,"time":1,"laps":1,"startSpeed":0.199999988079071,"text":"","title":"Playground","forceOrder":false,"camera":{"lockX":true,"lockY":true,"lockZ":false,"x":0,"y":0,"z":0,"setPos":false,"fov":85},"spline0":{"order":0,"closed":false,"numPoints":5,"type":0,"lineTexture":3,"lineWidth":1,"bidirectional":true,"speed":1,"points":{"p0":0,"p1":1,"p2":2,"p3":3,"p4":4}},"spline1":{"order":1,"closed":false,"numPoints":4,"type":0,"lineTexture":1,"lineWidth":1,"bidirectional":true,"speed":0,"points":{"p0":7,"p1":6,"p2":5,"p3":2}},"spline2":{"order":2,"closed":false,"numPoints":5,"type":0,"lineTexture":0,"lineWidth":1,"bidirectional":true,"speed":0,"points":{"p0":8,"p1":9,"p2":10,"p3":11,"p4":12}},"spline3":{"order":3,"closed":false,"numPoints":3,"type":0,"lineTexture":2,"lineWidth":1,"bidirectional":true,"speed":0,"points":{"p0":10,"p1":13,"p2":2}}}