{"name":"Retracing","pointCount":36,"p0":{"x":-0.534709453582764,"y":0.981889605522156,"z":0,"tension":0,"bias":0,"continuity":0,"index":0,"pointType":2,"word":"","collect":false,"text":{"x":-0.0347094535827637,"y":0.981889605522156,"z":0,"font":0,"fontSize":48}},"p1":{"x":-0.760371208190918,"y":0.887650012969971,"z":0,"tension":1,"bias":-0.539999127388,"continuity":0,"index":1,"pointType":6,"word":"","collect":false,"text":{"x":-0.260371208190918,"y":0.887650012969971,"z":0,"font":0,"fontSize":48}},"p2":{"x":-0.86956000328064,"y":0.581356167793274,"z":0,"tension":0.24000096321106,"bias":-0.539999127388,"continuity":0,"index":2,"pointType":2,"word":"","collect":false,"text":{"x":-0.36956000328064,"y":0.581356167793274,"z":0,"font":0,"fontSize":48}},"p3":{"x":-0.760592460632324,"y":0.45317268371582,"z":0,"tension":0,"bias":0,"continuity":0,"index":3,"pointType":2,"word":"","collect":false,"text":{"x":-0.260592460632324,"y":0.45317268371582,"z":0,"font":0,"fontSize":48}},"p4":{"x":-0.374821901321411,"y":0.784653782844543,"z":0,"tension":0,"bias":0,"continuity":0,"index":4,"pointType":2,"word":"","collect":false,"text":{"x":0.125178098678589,"y":0.784653782844543,"z":0,"font":0,"fontSize":48}},"p5":{"x":-0.247987508773804,"y":1.41828727722168,"z":0,"tension":0,"bias":0,"continuity":0,"index":5,"pointType":2,"word":"","collect":false,"text":{"x":0.252012491226196,"y":1.41828727722168,"z":0,"font":0,"fontSize":48}},"p6":{"x":-0.575940847396851,"y":1.60067439079285,"z":0,"tension":0,"bias":0,"continuity":0,"index":6,"pointType":2,"word":"","collect":false,"text":{"x":-0.0759408473968506,"y":1.60067439079285,"z":0,"font":0,"fontSize":48}},"p7":{"x":-0.130127429962158,"y":0.769907236099243,"z":0,"tension":-0.319999098777771,"bias":-0.539999127388,"continuity":0,"index":7,"pointType":2,"word":"","collect":false,"text":{"x":0.369872570037842,"y":0.769907236099243,"z":0,"font":0,"fontSize":48}},"p8":{"x":-0.518132448196411,"y":0.724410891532898,"z":0,"tension":-0.319999098777771,"bias":-0.539999127388,"continuity":0,"index":8,"pointType":2,"word":"","collect":false,"text":{"x":-0.0181324481964111,"y":0.724410891532898,"z":0,"font":0,"fontSize":48}},"p9":{"x":-0.107892036437988,"y":1.10893535614014,"z":0,"tension":-0.39999908208847,"bias":0.340001106262207,"continuity":0,"index":9,"pointType":2,"word":"","collect":false,"text":{"x":0.392107963562012,"y":1.10893535614014,"z":0,"font":0,"fontSize":48}},"p10":{"x":-0.380173206329346,"y":1.14348709583282,"z":0,"tension":0.280001044273376,"bias":-0.539999127388,"continuity":0,"index":10,"pointType":2,"word":"","collect":false,"text":{"x":0.119826793670654,"y":1.14348709583282,"z":0,"font":0,"fontSize":48}},"p11":{"x":-1.05146384239197,"y":1.25068819522858,"z":0,"tension":0,"bias":0,"continuity":0,"index":11,"pointType":2,"word":"","collect":false,"text":{"x":-0.551463842391968,"y":1.25068819522858,"z":0,"font":0,"fontSize":48}},"p12":{"x":-0.910992622375488,"y":1.10094916820526,"z":0,"tension":0.180001020431519,"bias":-0.539999127388,"continuity":0,"index":12,"pointType":2,"word":"","collect":false,"text":{"x":-0.410992622375488,"y":1.10094916820526,"z":0,"font":0,"fontSize":48}},"p13":{"x":-0.871127843856812,"y":1.58194386959076,"z":0,"tension":0.140000939369202,"bias":0,"continuity":0,"index":13,"pointType":2,"word":"","collect":false,"text":{"x":-0.371127843856812,"y":1.58194386959076,"z":0,"font":0,"fontSize":48}},"p14":{"x":-1.07268404960632,"y":1.52358043193817,"z":0,"tension":-0.89999908208847,"bias":0.540001034736633,"continuity":0,"index":14,"pointType":2,"word":"","collect":false,"text":{"x":-0.572684049606323,"y":1.52358043193817,"z":0,"font":0,"fontSize":48}},"p15":{"x":-1.230881690979,"y":1.07006704807281,"z":0,"tension":-0.519999086856842,"bias":-0.699999094009399,"continuity":0,"index":15,"pointType":2,"word":"","collect":false,"text":{"x":-0.730881690979004,"y":1.07006704807281,"z":0,"font":0,"fontSize":48}},"p16":{"x":-0.508505821228027,"y":1.74175047874451,"z":0,"tension":0,"bias":0,"continuity":0,"index":16,"pointType":2,"word":"","collect":false,"text":{"x":-0.00850582122802734,"y":1.74175047874451,"z":0,"font":0,"fontSize":48}},"p17":{"x":-0.261491537094116,"y":1.71483767032623,"z":0,"tension":0,"bias":0,"continuity":0,"index":17,"pointType":2,"word":"","collect":false,"text":{"x":0.238508462905884,"y":1.71483767032623,"z":0,"font":0,"fontSize":48}},"p18":{"x":-0.205782175064087,"y":1.44923067092896,"z":0,"tension":0,"bias":0,"continuity":0,"index":18,"pointType":2,"word":"","collect":false,"text":{"x":0.294217824935913,"y":1.44923067092896,"z":0,"font":0,"fontSize":48}},"p19":{"x":-0.774317502975464,"y":0.924713373184204,"z":0,"tension":0,"bias":0,"continuity":0,"index":19,"pointType":2,"word":"","collect":false,"text":{"x":-0.274317502975464,"y":0.924713373184204,"z":0,"font":0,"fontSize":48}},"p20":{"x":-1.03586864471436,"y":0.885424137115479,"z":0,"tension":0,"bias":0,"continuity":0,"index":20,"pointType":2,"word":"","collect":false,"text":{"x":-0.535868644714355,"y":0.885424137115479,"z":0,"font":0,"fontSize":48}},"p21":{"x":-1.26949834823608,"y":0.811635732650757,"z":0,"tension":0,"bias":0,"continuity":0,"index":21,"pointType":2,"word":"","collect":false,"text":{"x":-0.769498348236084,"y":0.811635732650757,"z":0,"font":0,"fontSize":48}},"p22":{"x":-1.35681343078613,"y":0.991637706756592,"z":0,"tension":0,"bias":0,"continuity":0,"index":22,"pointType":2,"word":"","collect":false,"text":{"x":-0.856813430786133,"y":0.991637706756592,"z":0,"font":0,"fontSize":48}},"p23":{"x":-1.17629861831665,"y":1.29928767681122,"z":0,"tension":0,"bias":0,"continuity":0,"index":23,"pointType":2,"word":"","collect":false,"text":{"x":-0.67629861831665,"y":1.29928767681122,"z":0,"font":0,"fontSize":48}},"p24":{"x":-0.836833477020264,"y":0.289500594139099,"z":0,"tension":0,"bias":0,"continuity":0,"index":24,"pointType":2,"word":"","collect":false,"text":{"x":-0.336833477020264,"y":0.289500594139099,"z":0,"font":0,"fontSize":48}},"p25":{"x":-0.674232959747314,"y":0.201148271560669,"z":0,"tension":0,"bias":0,"continuity":0,"index":25,"pointType":2,"word":"","collect":false,"text":{"x":-0.174232959747314,"y":0.201148271560669,"z":0,"font":0,"fontSize":48}},"p26":{"x":-0.492430448532104,"y":0.567803859710693,"z":0,"tension":0,"bias":0,"continuity":0,"index":26,"pointType":2,"word":"","collect":false,"text":{"x":0.00756955146789551,"y":0.567803859710693,"z":0,"font":0,"fontSize":48}},"p27":{"x":-0.93149995803833,"y":0.350556254386902,"z":0,"tension":0,"bias":0,"continuity":0,"index":27,"pointType":2,"word":"","collect":false,"text":{"x":-0.43149995803833,"y":0.350556254386902,"z":0,"font":0,"fontSize":48}},"p28":{"x":-1.47560048103333,"y":0.735874652862549,"z":0,"tension":0,"bias":0,"continuity":0,"index":28,"pointType":2,"word":"","collect":false,"text":{"x":-0.975600481033325,"y":0.735874652862549,"z":0,"font":0,"fontSize":48}},"p29":{"x":-0.426266193389893,"y":0.87897777557373,"z":0,"tension":0,"bias":0,"continuity":0,"index":29,"pointType":2,"word":"","collect":false,"text":{"x":0.0737338066101074,"y":0.87897777557373,"z":0,"font":0,"fontSize":48}},"p30":{"x":-0.224385261535645,"y":1.56160652637482,"z":0,"tension":0,"bias":0,"continuity":0,"index":30,"pointType":2,"word":"","collect":false,"text":{"x":0.275614738464355,"y":1.56160652637482,"z":0,"font":0,"fontSize":48}},"p31":{"x":0.132616758346558,"y":1.57764267921448,"z":0,"tension":0,"bias":0,"continuity":0,"index":31,"pointType":2,"word":"","collect":false,"text":{"x":0.632616758346558,"y":1.57764267921448,"z":0,"font":0,"fontSize":48}},"p32":{"x":0.0145423412322998,"y":1.26078546047211,"z":0,"tension":0,"bias":0,"continuity":0,"index":32,"pointType":2,"word":"","collect":false,"text":{"x":0.5145423412323,"y":1.26078546047211,"z":0,"font":0,"fontSize":48}},"p33":{"x":-1.39824151992798,"y":0.429395437240601,"z":0,"tension":0,"bias":0,"continuity":0,"index":33,"pointType":2,"word":"","collect":false,"text":{"x":-0.898241519927979,"y":0.429395437240601,"z":0,