{"name":"Ribs","pointCount":12,"p0":{"x":-2.05891680717468,"y":-0.00712800025939941,"z":-1.19209289550781E-07,"tension":0,"bias":0,"continuity":0,"index":0,"pointType":6,"word":"","text":{"x":-1.55891680717468,"y":-0.00712800025939941,"z":-1.19209289550781E-07,"font":0,"fontSize":48}},"p1":{"x":-1.86039209365845,"y":0.00705242156982422,"z":-1.19209289550781E-07,"tension":-0.999998211860657,"bias":0.105726189911366,"continuity":0,"index":1,"pointType":2,"word":"","text":{"x":-1.36039209365845,"y":0.00705242156982422,"z":-1.19209289550781E-07,"font":0,"fontSize":48}},"p2":{"x":-2.06246209144592,"y":-0.182018756866455,"z":-1.19209289550781E-07,"tension":0,"bias":0,"continuity":0,"index":2,"pointType":1,"word":"","text":{"x":-1.56246209144592,"y":-0.182018756866455,"z":-1.19209289550781E-07,"font":0,"fontSize":48}},"p3":{"x":-1.8759765625,"y":-0.220305442810059,"z":-1.19209289550781E-07,"tension":-0.52964323759079,"bias":-0.00456312857568264,"continuity":0,"index":3,"pointType":2,"word":"","text":{"x":-1.3759765625,"y":-0.220305442810059,"z":-1.19209289550781E-07,"font":0,"fontSize":48}},"p4":{"x":-2.22671794891357,"y":-0.140659332275391,"z":-1.19209289550781E-07,"tension":0,"bias":0,"continuity":0,"index":4,"pointType":0,"word":"","text":{"x":-1.72671794891357,"y":-0.140659332275391,"z":-1.19209289550781E-07,"font":0,"fontSize":48}},"p5":{"x":-2.43705916404724,"y":-0.144205093383789,"z":-1.19209289550781E-07,"tension":-0.999935925006866,"bias":0.0737080723047256,"continuity":0,"index":5,"pointType":2,"word":"","text":{"x":-1.93705916404724,"y":-0.144205093383789,"z":-1.19209289550781E-07,"font":0,"fontSize":48}},"p6":{"x":-2.39333701133728,"y":-0.38172435760498,"z":-1.19209289550781E-07,"tension":-0.932601928710938,"bias":-0.0315397158265114,"continuity":0,"index":6,"pointType":2,"word":"","text":{"x":-1.89333701133728,"y":-0.38172435760498,"z":-1.19209289550781E-07,"font":0,"fontSize":48}},"p7":{"x":-2.18772220611572,"y":-0.319092750549316,"z":-1.19209289550781E-07,"tension":0,"bias":0,"continuity":0,"index":7,"pointType":1,"word":"","text":{"x":-1.68772220611572,"y":-0.319092750549316,"z":-1.19209289550781E-07,"font":0,"fontSize":48}},"p8":{"x":-2.07427835464478,"y":-0.332093238830566,"z":-1.19209289550781E-07,"tension":0,"bias":0,"continuity":0,"index":8,"pointType":0,"word":"","text":{"x":-1.57427835464478,"y":-0.332093238830566,"z":-1.19209289550781E-07,"font":0,"fontSize":48}},"p9":{"x":-1.8757541179657,"y":-0.317913055419922,"z":-1.19209289550781E-07,"tension":-0.999998211860657,"bias":0.105726189911366,"continuity":0,"index":9,"pointType":2,"word":"","text":{"x":-1.3757541179657,"y":-0.317913055419922,"z":-1.19209289550781E-07,"font":0,"fontSize":48}},"p10":{"x":-1.89133858680725,"y":-0.545270442962646,"z":-1.19209289550781E-07,"tension":-0.52964323759079,"bias":-0.00456312857568264,"continuity":0,"index":10,"pointType":2,"word":"","text":{"x":-1.39133858680725,"y":-0.545270442962646,"z":-1.19209289550781E-07,"font":0,"fontSize":48}},"p11":{"x":-2.07782363891602,"y":-0.506984233856201,"z":-1.19209289550781E-07,"tension":0,"bias":0,"continuity":0,"index":11,"pointType":1,"word":"","text":{"x":-1.57782363891602,"y":-0.506984233856201,"z":-1.19209289550781E-07,"font":0,"fontSize":48}},"fixedCamera":false,"fov":30,"splineCount":3,"unlockType":0,"speed":1,"time":1,"laps":1,"startSpeed":0,"spline0":{"order":0,"closed":false,"numPoints":4,"type":0,"lineTexture":0,"lineWidth":1,"points":{"p0":0,"p1":1,"p2":3,"p3":2}},"spline1":{"order":1,"closed":false,"numPoints":4,"type":0,"lineTexture":0,"lineWidth":1,"points":{"p0":4,"p1":5,"p2":6,"p3":7}},"spline2":{"order":2,"closed":false,"numPoints":4,"type":0,"lineTexture":0,"lineWidth":1,"points":{"p0":8,"p1":9,"p2":10,"p3":11}}}