{"name":"Ribs","pointCount":48,"p0":{"x":-2.05891680717468,"y":-0.00712800025939941,"z":-1.19209289550781E-07,"tension":0,"bias":0,"continuity":0,"index":0,"pointType":6,"word":"","text":{"x":-1.55891680717468,"y":-0.00712800025939941,"z":-1.19209289550781E-07,"font":0,"fontSize":48}},"p1":{"x":-1.86039209365845,"y":0.00705242156982422,"z":-1.19209289550781E-07,"tension":-0.999998211860657,"bias":0.105726189911366,"continuity":0,"index":1,"pointType":2,"word":"","text":{"x":-1.36039209365845,"y":0.00705242156982422,"z":-1.19209289550781E-07,"font":0,"fontSize":48}},"p2":{"x":-2.06246209144592,"y":-0.202667236328125,"z":-1.19209289550781E-07,"tension":0,"bias":0,"continuity":0,"index":2,"pointType":1,"word":"","text":{"x":-1.56246209144592,"y":-0.202667236328125,"z":-1.19209289550781E-07,"font":0,"fontSize":48}},"p3":{"x":-1.8522857427597,"y":-0.216356992721558,"z":-1.19209289550781E-07,"tension":-0.52964323759079,"bias":-0.00456312857568264,"continuity":0,"index":3,"pointType":2,"word":"","text":{"x":-1.3522857427597,"y":-0.216356992721558,"z":-1.19209289550781E-07,"font":0,"fontSize":48}},"p4":{"x":-2.22671794891357,"y":-0.140659332275391,"z":-1.19209289550781E-07,"tension":0,"bias":0,"continuity":0,"index":4,"pointType":0,"word":"","text":{"x":-1.72671794891357,"y":-0.140659332275391,"z":-1.19209289550781E-07,"font":0,"fontSize":48}},"p5":{"x":-2.43705916404724,"y":-0.144205093383789,"z":-1.19209289550781E-07,"tension":-0.999935925006866,"bias":0.0737080723047256,"continuity":0,"index":5,"pointType":2,"word":"","text":{"x":-1.93705916404724,"y":-0.144205093383789,"z":-1.19209289550781E-07,"font":0,"fontSize":48}},"p6":{"x":-2.42051577568054,"y":-0.385269165039063,"z":-1.19209289550781E-07,"tension":-0.932601928710938,"bias":-0.0315397158265114,"continuity":0,"index":6,"pointType":2,"word":"","text":{"x":-1.92051577568054,"y":-0.385269165039063,"z":-1.19209289550781E-07,"font":0,"fontSize":48}},"p7":{"x":-2.20899271965027,"y":-0.369906425476074,"z":-1.19209289550781E-07,"tension":0,"bias":0,"continuity":0,"index":7,"pointType":1,"word":"","text":{"x":-1.70899271965027,"y":-0.369906425476074,"z":-1.19209289550781E-07,"font":0,"fontSize":48}},"p8":{"x":-2.03427386283875,"y":-0.31113862991333,"z":-1.19209289550781E-07,"tension":-0.0611704029142857,"bias":-0.0633956268429756,"continuity":0,"index":8,"pointType":0,"word":"","text":{"x":-1.53427386283875,"y":-0.31113862991333,"z":-1.19209289550781E-07,"font":0,"fontSize":48}},"p9":{"x":-1.83575057983398,"y":-0.296958446502686,"z":-1.19209289550781E-07,"tension":-0.999998211860657,"bias":0.105726189911366,"continuity":0,"index":9,"pointType":2,"word":"","text":{"x":-1.33575057983398,"y":-0.296958446502686,"z":-1.19209289550781E-07,"font":0,"fontSize":48}},"p10":{"x":-1.85133504867554,"y":-0.52431583404541,"z":-1.19209289550781E-07,"tension":-0.52964323759079,"bias":-0.00456312857568264,"continuity":0,"index":10,"pointType":2,"word":"","text":{"x":-1.35133504867554,"y":-0.52431583404541,"z":-1.19209289550781E-07,"font":0,"fontSize":48}},"p11":{"x":-2.03545594215393,"y":-0.526206970214844,"z":-1.19209289550781E-07,"tension":0,"bias":0,"continuity":0,"index":11,"pointType":1,"word":"","text":{"x":-1.53545594215393,"y":-0.526206970214844,"z":-1.19209289550781E-07,"font":0,"fontSize":48}},"p12":{"x":-2.25051498413086,"y":-0.466938018798828,"z":-1.19209289550781E-07,"tension":0,"bias":0,"continuity":0,"index":12,"pointType":0,"word":"","text":{"x":-1.75051498413086,"y":-0.466938018798828,"z":-1.19209289550781E-07,"font":0,"fontSize":48}},"p13":{"x":-2.46085596084595,"y":-0.470483779907227,"z":-1.19209289550781E-07,"tension":-0.999935925006866,"bias":0.0737080723047256,"continuity":0,"index":13,"pointType":2,"word":"","text":{"x":-1.96085596084595,"y":-0.470483779907227,"z":-1.19209289550781E-07,"font":0,"fontSize":48}},"p14":{"x":-2.44431257247925,"y":-0.7115478515625,"z":-1.19209289550781E-07,"tension":-0.932601928710938,"bias":-0.0315397158265114,"continuity":0,"index":14,"pointType":2,"word":"","text":{"x":-1.94431257247925,"y":-0.7115478515625,"z":-1.19209289550781E-07,"font":0,"fontSize":48}},"p15":{"x":-2.23088455200195,"y":-0.728569507598877,"z":-1.19209289550781E-07,"tension":0,"bias":0,"continuity":0,"index":15,"pointType":1,"word":"","text":{"x":-1.73088455200195,"y":-0.728569507598877,"z":-1.19209289550781E-07,"font":0,"fontSize":48}},"p16":{"x":-2.02336502075195,"y":-0.630273103713989,"z":-1.19209289550781E-07,"tension":-0.0611704029142857,"bias":-0.0633956268429756,"continuity":0,"index":16,"pointType":0,"word":"","text":{"x":-1.52336502075195,"y":-0.630273103713989,"z":-1.19209289550781E-07,"font":0,"fontSize":48}},"p17":{"x":-1.8011509180069,"y":-0.647680282592773,"z":-1.19209289550781E-07,"tension":-0.999998211860657,"bias":0.105726189911366,"continuity":0,"index":17,"pointType":2,"word":"","text":{"x":-1.3011509180069,"y":-0.647680282592773,"z":-1.19209289550781E-07,"font":0,"fontSize":48}},"p18":{"x":-1.78816139698029,"y":-0.882657051086426,"z":-1.19209289550781E-07,"tension":-0.52964323759079,"bias":-0.00456312857568264,"continuity":0,"index":18,"pointType":2,"word":"","text":{"x":-1.28816139698029,"y":-0.882657051086426,"z":-1.19209289550781E-07,"font":0,"fontSize":48}},"p19":{"x":-2.00847578048706,"y":-0.901692867279053,"z":-1.19209289550781E-07,"tension":0,"bias":0,"continuity":0,"index":19,"pointType":1,"word":"","text":{"x":-1.50847578048706,"y":-0.901692867279053,"z":-1.19209289550781E-07,"font":0,"fontSize":48}},"p20":{"x":-2.23399233818054,"y":-0.841155529022217,"z":-1.19209289550781E-07,"tension":0,"bias":0,"continuity":0,"index":20,"pointType":0,"word":"","text":{"x":-1.73399233818054,"y":-0.841155529022217,"z":-1.19209289550781E-07,"font":0,"fontSize":48}},"p21":{"x":-2.44433331489563,"y":-0.844701290130615,"z":-1.19209289550781E-07,"tension":-0.999935925006866,"bias":0.0737080723047256,"continuity":0,"index":21,"pointType":2,"word":"","text":{"x":-1.94433331489563,"y":-0.844701290130615,"z":-1.19209289550781E-07,"font":0,"fontSize":48}},"p22":{"x":-2.45636391639709,"y":-1.10100507736206,"z":-1.19209289550781E-07,"tension":-0.932601928710938,"bias":-0.0315397158265114,"continuity":0,"index":22,"pointType":2,"word":"","text":{"x":-1.95636391639709,"y":-1.10100507736206,"z":-1.19209289550781E-07,"font":0,"fontSize":48}},"p23":{"x":-2.20483732223511,"y":-1.11040687561035,"z":-1.19209289550781E-07,"tension":0,"bias":0,"continuity":0,"index":23,"pointType":1,"word":"","text":{"x":-1.70483732223511,"y":-1.11040687561035,"z":-1.19209289550781E-07,"font":0,"fontSize":48}},"p24":{"x":-2.002201795578,"y":-1.03988790512085,"z":-1.19209289550781E-07,"tension":-0.0611704029142857,"bias":-0.0633956268429756,"continuity":0,"index":24,"pointType":0,"word":"","text":{"x":-1.502201795578,"y":-1.03988790512085,"z":-1.19209289550781E-07,"font":0,"fontSize":48}},"p25":{"x":-1.76066017150879,"y":-1.04354524612427,"z":-1.19209289550781E-07,"tension":-0.999998211860657,"bias":0.105726189911366,"continuity":0,"index":25,"pointType":2,"word":"","text":{"x":-1.26066017150879,"y":-1.04354524612427,"z":-1.19209289550781E-07,"font":0,"fontSize":48}},"p26":{"x":-1.777214884758,"y":-1.30193567276001,"z":-1.19209289550781E-07,"tension":-0.52964323759079,"bias":-0.00456312857568264,"continuity":0,"index":26,"pointType":2,"word":"","text":{"x":-1.277214884758,"y":-1.30193567276001,"z":-1.19209289550781E-07,"font":0,"fontSize":48}},"p27":{"x":-2.00352191925049,"y":-1.30164432525635,"z":-1.19209289550781E-07,"tension":0,"bias":0,"continuity":0,"index":27,"pointType":1,"word":"","text":{"x":-1.50352191925049,"y":-1.30164432525635,"z":-1.19209289550781E-07,"font":0,"fontSize":48}},"p28":{"x":-2.20635318756104,"y":-1.20836210250854,"z":-1.19209289550781E-07,"tension":0,"bias":0,"continuity":0,"index":28,"pointType":0,"word":"","text":{"x":-1.70635318756104,"y":-1.20836210250854,"z":-1.19209289550781E-07,"font":0,"fontSize":48}},"p29":{"x":-2.43248796463013,"y":-1.21980476379395,"z":-1.19209289550781E-07,