{"name":"Room2","pointCount":26,"p0":{"x":0.255939722061157,"y":0.153212785720825,"z":0,"tension":1,"bias":0,"continuity":0,"index":0,"pointType":0,"word":"","text":{"x":0.755939722061157,"y":0.153212785720825,"z":0,"font":0,"fontSize":48}},"p1":{"x":0.264802217483521,"y":0.677429914474487,"z":0,"tension":1,"bias":0,"continuity":0,"index":1,"pointType":0,"word":"","text":{"x":0.764802217483521,"y":0.677429914474487,"z":0,"font":0,"fontSize":48}},"p2":{"x":0.813136577606201,"y":0.15656042098999,"z":0,"tension":1,"bias":0,"continuity":0,"index":2,"pointType":0,"word":"","text":{"x":1.3131365776062,"y":0.15656042098999,"z":0,"font":0,"fontSize":48}},"p3":{"x":0.806396007537842,"y":0.678977251052856,"z":0,"tension":1,"bias":0,"continuity":0,"index":3,"pointType":6,"word":"","text":{"x":1.30639600753784,"y":0.678977251052856,"z":0,"font":0,"fontSize":48}},"p4":{"x":-0.00571131706237793,"y":0.672390222549438,"z":0,"tension":1,"bias":0,"continuity":0,"index":4,"pointType":0,"word":"","text":{"x":0.494288682937622,"y":0.672390222549438,"z":0,"font":0,"fontSize":48}},"p5":{"x":-0.00579285621643066,"y":-0.26634407043457,"z":0,"tension":1,"bias":0,"continuity":0,"index":5,"pointType":0,"word":"","text":{"x":0.494207143783569,"y":-0.26634407043457,"z":0,"font":0,"fontSize":48}},"p6":{"x":1.06259489059448,"y":-0.247565746307373,"z":0,"tension":1,"bias":0,"continuity":0,"index":6,"pointType":0,"word":"","text":{"x":1.56259489059448,"y":-0.247565746307373,"z":0,"font":0,"fontSize":48}},"p7":{"x":1.06158781051636,"y":0.0237951278686523,"z":0,"tension":1,"bias":0,"continuity":0,"index":7,"pointType":0,"word":"","text":{"x":1.56158781051636,"y":0.0237951278686523,"z":0,"font":0,"fontSize":48}},"p8":{"x":0.572431087493896,"y":0.439526081085205,"z":0,"tension":1,"bias":0,"continuity":0,"index":8,"pointType":0,"word":"","text":{"x":1.0724310874939,"y":0.439526081085205,"z":0,"font":0,"fontSize":48}},"p9":{"x":0.354878187179565,"y":0.443132877349854,"z":0,"tension":1,"bias":0,"continuity":0,"index":9,"pointType":0,"word":"","text":{"x":0.854878187179565,"y":0.443132877349854,"z":0,"font":0,"fontSize":48}},"p10":{"x":0.349718332290649,"y":-0.0677719116210938,"z":0,"tension":1,"bias":0,"continuity":0,"index":10,"pointType":0,"word":"","text":{"x":0.849718332290649,"y":-0.0677719116210938,"z":0,"font":0,"fontSize":48}},"p11":{"x":0.811792850494385,"y":-0.0604419708251953,"z":0,"tension":1,"bias":0,"continuity":0,"index":11,"pointType":0,"word":"","text":{"x":1.31179285049438,"y":-0.0604419708251953,"z":0,"font":0,"fontSize":48}},"p12":{"x":0.800839900970459,"y":1.10080647468567,"z":0,"tension":1,"bias":0,"continuity":0,"index":12,"pointType":0,"word":"","text":{"x":1.30083990097046,"y":1.10080647468567,"z":0,"font":0,"fontSize":48}},"p13":{"x":1.03797101974487,"y":1.10199427604675,"z":0,"tension":1,"bias":0,"continuity":0,"index":13,"pointType":0,"word":"","text":{"x":1.53797101974487,"y":1.10199427604675,"z":0,"font":0,"fontSize":48}},"p14":{"x":1.03491926193237,"y":1.44426369667053,"z":0,"tension":1,"bias":0,"continuity":0,"index":14,"pointType":0,"word":"","text":{"x":1.53491926193237,"y":1.44426369667053,"z":0,"font":0,"fontSize":48}},"p15":{"x":0.252619028091431,"y":1.44107437133789,"z":0,"tension":1,"bias":0,"continuity":0,"index":15,"pointType":0,"word":"","text":{"x":0.752619028091431,"y":1.44107437133789,"z":0,"font":0,"fontSize":48}},"p16":{"x":0.254332304000854,"y":0.842133760452271,"z":0,"tension":1,"bias":0,"continuity":0,"index":16,"pointType":0,"word":"","text":{"x":0.754332304000854,"y":0.842133760452271,"z":0,"font":0,"fontSize":48}},"p17":{"x":0.689551830291748,"y":0.856938123703003,"z":0,"tension":1,"bias":0,"continuity":0,"index":17,"pointType":0,"word":"","text":{"x":1.18955183029175,"y":0.856938123703003,"z":0,"font":0,"fontSize":48}},"p18":{"x":0.690211772918701,"y":0.519577264785767,"z":0,"tension":1,"bias":0,"continuity":0,"index":18,"pointType":0,"word":"","text":{"x":1.1902117729187,"y":0.519577264785767,"z":0,"font":0,"fontSize":48}},"p19":{"x":0.941989421844482,"y":0.520685195922852,"z":0,"tension":1,"bias":0,"continuity":0,"index":19,"pointType":0,"word":"","text":{"x":1.44198942184448,"y":0.520685195922852,"z":0,"font":0,"fontSize":48}},"p20":{"x":0.936901569366455,"y":0.943629741668701,"z":0,"tension":1,"bias":0,"continuity":0,"index":20,"pointType":0,"word":"","text":{"x":1.43690156936646,"y":0.943629741668701,"z":0,"font":0,"fontSize":48}},"p21":{"x":1.34031915664673,"y":0.953712940216064,"z":0,"tension":1,"bias":0,"continuity":0,"index":21,"pointType":0,"word":"","text":{"x":1.84031915664673,"y":0.953712940216064,"z":0,"font":0,"fontSize":48}},"p22":{"x":1.34356641769409,"y":0.183643102645874,"z":0,"tension":1,"bias":0,"continuity":0,"index":22,"pointType":0,"word":"","text":{"x":1.84356641769409,"y":0.183643102645874,"z":0,"font":0,"fontSize":48}},"p23":{"x":0.941577434539795,"y":0.442457914352417,"z":0,"tension":1,"bias":0,"continuity":0,"index":23,"pointType":0,"word":"","text":{"x":1.44157743453979,"y":0.442457914352417,"z":0,"font":0,"fontSize":48}},"p24":{"x":0.947517871856689,"y":0.179630756378174,"z":0,"tension":1,"bias":0,"continuity":0,"index":24,"pointType":0,"word":"","text":{"x":1.44751787185669,"y":0.179630756378174,"z":0,"font":0,"fontSize":48}},"p25":{"x":-0.971239328384399,"y":0.662842988967896,"z":0,"tension":1,"bias":0,"continuity":0,"index":25,"pointType":7,"word":"","text":{"x":-0.471239328384399,"y":0.662842988967896,"z":0,"font":0,"fontSize":48}},"splineCount":4,"unlockType":1,"speed":3,"acceleration":3,"time":1,"laps":1,"startSpeed":1,"text":"","title":"","forceOrder":true,"camera":{"lockX":true,"lockY":true,"lockZ":true,"x":0.372794985771179,"y":0.53080552816391,"z":-2,"setPos":true,"fixCam":false,"fov":58},"spline0":{"order":0,"closed":true,"numPoints":4,"type":0,"lineTexture":0,"lineWidth":1,"bidirectional":false,"speed":0,"points":{"p0":3,"p1":1,"p2":0,"p3":2}},"spline1":{"order":1,"closed":false,"numPoints":10,"type":0,"lineTexture":1,"lineWidth":1,"bidirectional":true,"speed":0,"points":{"p0":1,"p1":4,"p2":5,"p3":6,"p4":7,"p5":8,"p6":9,"p7":10,"p8":11,"p9":2}},"spline2":{"order":2,"closed":false,"numPoints":15,"type":0,"lineTexture":3,"lineWidth":1,"bidirectional":true,"speed":0,"points":{"p0":3,"p1":12,"p2":13,"p3":14,"p4":15,"p5":16,"p6":17,"p7":18,"p8":19,"p9":20,"p10":21,"p11":22,"p12":24,"p13":23,"p14":8}},"spline3":{"order":3,"closed":false,"numPoints":2,"type":2,"lineTexture":0,"lineWidth":1,"bidirectional":true,"speed":0,"points":{"p0":4,"p1":25}}}