{"name":"Room1","pointCount":23,"p0":{"x":0.177589416503906,"y":0.173142194747925,"z":0,"tension":1,"bias":0,"continuity":0,"index":0,"pointType":0,"word":"","text":{"x":0.677589416503906,"y":0.173142194747925,"z":0,"font":0,"fontSize":48}},"p1":{"x":0.171448707580566,"y":0.697399377822876,"z":0,"tension":1,"bias":0,"continuity":0,"index":1,"pointType":0,"word":"","text":{"x":0.671448707580566,"y":0.697399377822876,"z":0,"font":0,"fontSize":48}},"p2":{"x":0.722538471221924,"y":0.177000403404236,"z":0,"tension":1,"bias":0,"continuity":0,"index":2,"pointType":0,"word":"","text":{"x":1.22253847122192,"y":0.177000403404236,"z":0,"font":0,"fontSize":48}},"p3":{"x":0.713027000427246,"y":0.699374675750732,"z":0,"tension":1,"bias":0,"continuity":0,"index":3,"pointType":6,"word":"","text":{"x":1.21302700042725,"y":0.699374675750732,"z":0,"font":0,"fontSize":48}},"p4":{"x":-0.0990335941314697,"y":0.68847918510437,"z":0,"tension":1,"bias":0,"continuity":0,"index":4,"pointType":0,"word":"","text":{"x":0.40096640586853,"y":0.68847918510437,"z":0,"font":0,"fontSize":48}},"p5":{"x":-0.0941362380981445,"y":-0.250241756439209,"z":0,"tension":1,"bias":0,"continuity":0,"index":5,"pointType":0,"word":"","text":{"x":0.405863761901855,"y":-0.250241756439209,"z":0,"font":0,"fontSize":48}},"p6":{"x":0.971697330474854,"y":-0.240464687347412,"z":0,"tension":1,"bias":0,"continuity":0,"index":6,"pointType":0,"word":"","text":{"x":1.47169733047485,"y":-0.240464687347412,"z":0,"font":0,"fontSize":48}},"p7":{"x":0.48766565322876,"y":0.0577685832977295,"z":0,"tension":1,"bias":0,"continuity":0,"index":7,"pointType":0,"word":"","text":{"x":0.98766565322876,"y":0.0577685832977295,"z":0,"font":0,"fontSize":48}},"p8":{"x":0.48033618927002,"y":0.265567064285278,"z":0,"tension":1,"bias":0,"continuity":0,"index":8,"pointType":0,"word":"","text":{"x":0.98033618927002,"y":0.265567064285278,"z":0,"font":0,"fontSize":48}},"p9":{"x":-0.213929176330566,"y":0.265562653541565,"z":0,"tension":1,"bias":0,"continuity":0,"index":9,"pointType":0,"word":"","text":{"x":0.286070823669434,"y":0.265562653541565,"z":0,"font":0,"fontSize":48}},"p10":{"x":-0.231038093566895,"y":0.688478708267212,"z":0,"tension":1,"bias":0,"continuity":0,"index":10,"pointType":0,"word":"","text":{"x":0.268961906433105,"y":0.688478708267212,"z":0,"font":0,"fontSize":48}},"p11":{"x":-0.563503980636597,"y":0.688478708267212,"z":0,"tension":1,"bias":0,"continuity":0,"index":11,"pointType":0,"word":"","text":{"x":-0.0635039806365967,"y":0.688478708267212,"z":0,"font":0,"fontSize":48}},"p12":{"x":-0.561055183410645,"y":-0.062009334564209,"z":0,"tension":1,"bias":0,"continuity":0,"index":12,"pointType":0,"word":"","text":{"x":-0.0610551834106445,"y":-0.062009334564209,"z":0,"font":0,"fontSize":48}},"p13":{"x":-0.20659351348877,"y":-0.0595641136169434,"z":0,"tension":1,"bias":0,"continuity":0,"index":13,"pointType":0,"word":"","text":{"x":0.29340648651123,"y":-0.0595641136169434,"z":0,"font":0,"fontSize":48}},"p14":{"x":-0.209035396575928,"y":0.175115942955017,"z":0,"tension":1,"bias":0,"continuity":0,"index":14,"pointType":0,"word":"","text":{"x":0.290964603424072,"y":0.175115942955017,"z":0,"font":0,"fontSize":48}},"p15":{"x":0.968029499053955,"y":0.0553274154663086,"z":0,"tension":1,"bias":0,"continuity":0,"index":15,"pointType":0,"word":"","text":{"x":1.46802949905396,"y":0.0553274154663086,"z":0,"font":0,"fontSize":48}},"p16":{"x":0.710124015808105,"y":0.869375348091125,"z":0,"tension":1,"bias":0,"continuity":0,"index":16,"pointType":0,"word":"","text":{"x":1.21012401580811,"y":0.869375348091125,"z":0,"font":0,"fontSize":48}},"p17":{"x":0.00608348846435547,"y":0.879156112670898,"z":0,"tension":1,"bias":0,"continuity":0,"index":17,"pointType":0,"word":"","text":{"x":0.506083488464355,"y":0.879156112670898,"z":0,"font":0,"fontSize":48}},"p18":{"x":0.0183060169219971,"y":-0.106011867523193,"z":0,"tension":1,"bias":0,"continuity":0,"index":18,"pointType":0,"word":"","text":{"x":0.518306016921997,"y":-0.106011867523193,"z":0,"font":0,"fontSize":48}},"p19":{"x":1.09636926651001,"y":-0.101125240325928,"z":0,"tension":1,"bias":0,"continuity":0,"index":19,"pointType":0,"word":"","text":{"x":1.59636926651001,"y":-0.101125240325928,"z":0,"font":0,"fontSize":48}},"p20":{"x":1.08902978897095,"y":0.825376629829407,"z":0,"tension":1,"bias":0,"continuity":0,"index":20,"pointType":0,"word":"","text":{"x":1.58902978897095,"y":0.825376629829407,"z":0,"font":0,"fontSize":48}},"p21":{"x":0.812792301177979,"y":0.820486068725586,"z":0,"tension":1,"bias":0,"continuity":0,"index":21,"pointType":0,"word":"","text":{"x":1.31279230117798,"y":0.820486068725586,"z":0,"font":0,"fontSize":48}},"p22":{"x":0.82502269744873,"y":0.23378586769104,"z":0,"tension":1,"bias":0,"continuity":0,"index":22,"pointType":7,"word":"","text":{"x":1.32502269744873,"y":0.23378586769104,"z":0,"font":0,"fontSize":48}},"splineCount":3,"unlockType":0,"speed":2,"acceleration":0,"time":1,"laps":1,"startSpeed":0.949999988079071,"text":"","title":"","forceOrder":true,"camera":{"lockX":true,"lockY":true,"lockZ":true,"x":0.810365676879883,"y":0.518582284450531,"z":-2,"setPos":true,"fixCam":false,"fov":58},"spline0":{"order":0,"closed":true,"numPoints":4,"type":0,"lineTexture":0,"lineWidth":1,"bidirectional":false,"speed":0,"points":{"p0":3,"p1":1,"p2":0,"p3":2}},"spline1":{"order":1,"closed":false,"numPoints":14,"type":0,"lineTexture":3,"lineWidth":1,"bidirectional":false,"speed":0,"points":{"p0":1,"p1":4,"p2":5,"p3":6,"p4":15,"p5":7,"p6":8,"p7":9,"p8":10,"p9":11,"p10":12,"p11":13,"p12":14,"p13":0}},"spline2":{"order":2,"closed":false,"numPoints":8,"type":2,"lineTexture":0,"lineWidth":1,"bidirectional":true,"speed":0,"points":{"p0":3,"p1":16,"p2":17,"p3":18,"p4":19,"p5":20,"p6":21,"p7":22}}}