{"name":"room","pointCount":24,"p0":{"x":-0.30545711517334,"y":0.318798065185547,"z":0,"tension":0,"bias":0,"continuity":0,"index":0,"pointType":6,"word":"","text":{"x":0.19454288482666,"y":0.318798065185547,"z":0,"font":0,"fontSize":48}},"p1":{"x":0.0865588188171387,"y":-0.0768058300018311,"z":0,"tension":1,"bias":0,"continuity":0,"index":1,"pointType":0,"word":"","text":{"x":0.586558818817139,"y":-0.0768058300018311,"z":0,"font":0,"fontSize":48}},"p2":{"x":0.748430252075195,"y":0.600940942764282,"z":0,"tension":0,"bias":0,"continuity":0,"index":2,"pointType":0,"word":"","text":{"x":1.2484302520752,"y":0.600940942764282,"z":0,"font":0,"fontSize":48}},"p3":{"x":0.592145442962646,"y":0.760791182518005,"z":0,"tension":1,"bias":0,"continuity":0,"index":3,"pointType":0,"word":"","text":{"x":1.09214544296265,"y":0.760791182518005,"z":0,"font":0,"fontSize":48}},"p4":{"x":0.741124629974365,"y":0.913213729858398,"z":0,"tension":1,"bias":0,"continuity":0,"index":4,"pointType":0,"word":"","text":{"x":1.24112462997437,"y":0.913213729858398,"z":0,"font":0,"fontSize":48}},"p5":{"x":0.361532926559448,"y":1.29164063930511,"z":0,"tension":1,"bias":0,"continuity":0,"index":5,"pointType":0,"word":"","text":{"x":0.861532926559448,"y":1.29164063930511,"z":0,"font":0,"fontSize":48}},"p6":{"x":-0.848910570144653,"y":0.0804885625839233,"z":0,"tension":1,"bias":0,"continuity":0,"index":6,"pointType":0,"word":"","text":{"x":-0.348910570144653,"y":0.0804885625839233,"z":0,"font":0,"fontSize":48}},"p7":{"x":0.0334067344665527,"y":-0.815285205841064,"z":0,"tension":1,"bias":0,"continuity":0,"index":7,"pointType":0,"word":"","text":{"x":0.533406734466553,"y":-0.815285205841064,"z":0,"font":0,"fontSize":48}},"p8":{"x":0.893940925598145,"y":0.595537781715393,"z":0,"tension":1,"bias":0,"continuity":0,"index":8,"pointType":0,"word":"","text":{"x":1.39394092559814,"y":0.595537781715393,"z":0,"font":0,"fontSize":48}},"p9":{"x":0.287333250045776,"y":-0.00888776779174805,"z":0,"tension":1,"bias":0,"continuity":0,"index":9,"pointType":0,"word":"","text":{"x":0.787333250045776,"y":-0.00888776779174805,"z":0,"font":0,"fontSize":48}},"p10":{"x":0.575348377227783,"y":-0.296013593673706,"z":0,"tension":1,"bias":0,"continuity":0,"index":10,"pointType":0,"word":"","text":{"x":1.07534837722778,"y":-0.296013593673706,"z":0,"font":0,"fontSize":48}},"p11":{"x":1.21242475509644,"y":0.289753437042236,"z":0,"tension":1,"bias":0,"continuity":0,"index":11,"pointType":0,"word":"","text":{"x":1.71242475509644,"y":0.289753437042236,"z":0,"font":0,"fontSize":48}},"p12":{"x":1.36205720901489,"y":0.439846038818359,"z":0,"tension":1,"bias":0,"continuity":0,"index":12,"pointType":2,"word":"","text":{"x":1.86205720901489,"y":0.439846038818359,"z":0,"font":0,"fontSize":48}},"p13":{"x":0.335763692855835,"y":1.45893335342407,"z":0,"tension":1,"bias":0,"continuity":0,"index":13,"pointType":0,"word":"","text":{"x":0.835763692855835,"y":1.45893335342407,"z":0,"font":0,"fontSize":48}},"p14":{"x":-0.466974020004272,"y":0.657760381698608,"z":0,"tension":1,"bias":0,"continuity":0,"index":14,"pointType":0,"word":"","text":{"x":0.0330259799957275,"y":0.657760381698608,"z":0,"font":0,"fontSize":48}},"p15":{"x":0.155553817749023,"y":0.130161643028259,"z":0,"tension":0,"bias":0,"continuity":0,"index":15,"pointType":2,"word":"","text":{"x":0.655553817749023,"y":0.130161643028259,"z":0,"font":0,"fontSize":48}},"p16":{"x":0.783351898193359,"y":0.127079963684082,"z":0,"tension":0,"bias":0,"continuity":0,"index":16,"pointType":2,"word":"","text":{"x":1.28335189819336,"y":0.127079963684082,"z":0,"font":0,"fontSize":48}},"p17":{"x":1.32938718795776,"y":0.613959550857544,"z":0,"tension":1,"bias":0,"continuity":0,"index":17,"pointType":0,"word":"","text":{"x":1.82938718795776,"y":0.613959550857544,"z":0,"font":0,"fontSize":48}},"p18":{"x":0.658042430877686,"y":1.27514100074768,"z":0,"tension":1,"bias":0,"continuity":0,"index":18,"pointType":0,"word":"","text":{"x":1.15804243087769,"y":1.27514100074768,"z":0,"font":0,"fontSize":48}},"p19":{"x":1.67920589447021,"y":0.96484100818634,"z":0,"tension":1,"bias":0,"continuity":0,"index":19,"pointType":0,"word":"","text":{"x":2.17920589447021,"y":0.96484100818634,"z":0,"font":0,"fontSize":48}},"p20":{"x":0.940926074981689,"y":1.6968001127243,"z":0,"tension":1,"bias":0,"continuity":0,"index":20,"pointType":0,"word":"","text":{"x":1.44092607498169,"y":1.6968001127243,"z":0,"font":0,"fontSize":48}},"p21":{"x":-0.203529357910156,"y":0.544753074645996,"z":0,"tension":1,"bias":0,"continuity":0,"index":21,"pointType":0,"word":"","text":{"x":0.296470642089844,"y":0.544753074645996,"z":0,"font":0,"fontSize":48}},"p22":{"x":0.0621738433837891,"y":0.279867887496948,"z":0,"tension":1,"bias":0,"continuity":0,"index":22,"pointType":0,"word":"","text":{"x":0.562173843383789,"y":0.279867887496948,"z":0,"font":0,"fontSize":48}},"p23":{"x":0.44433069229126,"y":0.663216710090637,"z":0,"tension":1,"bias":0,"continuity":0,"index":23,"pointType":7,"word":"","text":{"x":0.94433069229126,"y":0.663216710090637,"z":0,"font":0,"fontSize":48}},"splineCount":5,"unlockType":1,"speed":8,"acceleration":5,"time":1,"laps":1,"startSpeed":1,"text":"","title":"","forceOrder":true,"camera":{"lockX":true,"lockY":true,"lockZ":true,"x":0.510307669639587,"y":0.372949689626694,"z":-2,"setPos":true,"fixCam":false,"fov":80},"spline0":{"order":0,"closed":false,"numPoints":3,"type":0,"lineTexture":3,"lineWidth":1,"bidirectional":false,"speed":0,"points":{"p0":0,"p1":1,"p2":2}},"spline1":{"order":1,"closed":false,"numPoints":5,"type":0,"lineTexture":3,"lineWidth":1,"bidirectional":false,"speed":0,"points":{"p0":2,"p1":3,"p2":4,"p3":5,"p4":6}},"spline2":{"order":2,"closed":false,"numPoints":3,"type":0,"lineTexture":1,"lineWidth":1,"bidirectional":true,"speed":0,"points":{"p0":6,"p1":7,"p2":10}},"spline3":{"order":3,"closed":false,"numPoints":12,"type":0,"lineTexture":0,"lineWidth":1,"bidirectional":false,"speed":0,"points":{"p0":10,"p1":9,"p2":8,"p3":11,"p4":12,"p5":13,"p6":14,"p7":15,"p8":16,"p9":17,"p10":18,"p11":0}},"spline4":{"order":4,"closed":false,"numPoints":6,"type":2,"lineTexture":0,"lineWidth":1,"bidirectional":false,"speed":0,"points":{"p0":17,"p1":19,"p2":20,"p3":21,"p4":22,"p5":23}}}