{"name":"Screen","pointCount":16,"p0":{"x":-0.386063575744629,"y":0.841865301132202,"z":0,"tension":1,"bias":0,"continuity":0,"index":0,"pointType":6,"word":"","text":{"x":0.113936424255371,"y":0.841865301132202,"z":0,"font":0,"fontSize":48}},"p1":{"x":0.334100723266602,"y":0.839848637580872,"z":0,"tension":1,"bias":0,"continuity":0,"index":1,"pointType":0,"word":"","text":{"x":0.834100723266602,"y":0.839848637580872,"z":0,"font":0,"fontSize":48}},"p2":{"x":0.332664728164673,"y":0.336360454559326,"z":0,"tension":1,"bias":0,"continuity":0,"index":2,"pointType":0,"word":"","text":{"x":0.832664728164673,"y":0.336360454559326,"z":0,"font":0,"fontSize":48}},"p3":{"x":-0.386063575744629,"y":0.330367565155029,"z":0,"tension":1,"bias":0,"continuity":0,"index":3,"pointType":5,"word":"","text":{"x":0.113936424255371,"y":0.330367565155029,"z":0,"font":0,"fontSize":48}},"p4":{"x":-0.499125480651855,"y":0.931851148605347,"z":0,"tension":1,"bias":0,"continuity":0,"index":4,"pointType":0,"word":"","text":{"x":0.000874519348144531,"y":0.931851148605347,"z":0,"font":0,"fontSize":48}},"p5":{"x":0.43601393699646,"y":0.931855916976929,"z":0,"tension":1,"bias":0,"continuity":0,"index":5,"pointType":0,"word":"","text":{"x":0.93601393699646,"y":0.931855916976929,"z":0,"font":0,"fontSize":48}},"p6":{"x":0.434455394744873,"y":0.250758051872253,"z":0,"tension":1,"bias":0,"continuity":0,"index":6,"pointType":5,"word":"","text":{"x":0.934455394744873,"y":0.250758051872253,"z":0,"font":0,"fontSize":48}},"p7":{"x":-0.499125480651855,"y":0.247643709182739,"z":0,"tension":1,"bias":0,"continuity":0,"index":7,"pointType":6,"word":"","text":{"x":0.000874519348144531,"y":0.247643709182739,"z":0,"font":0,"fontSize":48}},"p8":{"x":-0.618287563323975,"y":1.01903712749481,"z":0,"tension":1,"bias":0,"continuity":0,"index":8,"pointType":0,"word":"","text":{"x":-0.118287563323975,"y":1.01903712749481,"z":0,"font":0,"fontSize":48}},"p9":{"x":0.555176258087158,"y":1.01904308795929,"z":0,"tension":1,"bias":0,"continuity":0,"index":9,"pointType":5,"word":"","text":{"x":1.05517625808716,"y":1.01904308795929,"z":0,"font":0,"fontSize":48}},"p10":{"x":0.553220272064209,"y":0.164364576339722,"z":0,"tension":1,"bias":0,"continuity":0,"index":10,"pointType":6,"word":"","text":{"x":1.05322027206421,"y":0.164364576339722,"z":0,"font":0,"fontSize":48}},"p11":{"x":-0.618287563323975,"y":0.160456538200378,"z":0,"tension":1,"bias":0,"continuity":0,"index":11,"pointType":0,"word":"","text":{"x":-0.118287563323975,"y":0.160456538200378,"z":0,"font":0,"fontSize":48}},"p12":{"x":-0.770168781280518,"y":1.130162358284,"z":0,"tension":1,"bias":0,"continuity":0,"index":12,"pointType":5,"word":"","text":{"x":-0.270168781280518,"y":1.130162358284,"z":0,"font":0,"fontSize":48}},"p13":{"x":0.707057476043701,"y":1.13016986846924,"z":0,"tension":1,"bias":0,"continuity":0,"index":13,"pointType":6,"word":"","text":{"x":1.2070574760437,"y":1.13016986846924,"z":0,"font":0,"fontSize":48}},"p14":{"x":0.70459508895874,"y":0.0542494058609009,"z":0,"tension":1,"bias":0,"continuity":0,"index":14,"pointType":0,"word":"","text":{"x":1.20459508895874,"y":0.0542494058609009,"z":0,"font":0,"fontSize":48}},"p15":{"x":-0.770168781280518,"y":0.0493297576904297,"z":0,"tension":1,"bias":0,"continuity":0,"index":15,"pointType":7,"word":"","text":{"x":-0.270168781280518,"y":0.0493297576904297,"z":0,"font":0,"fontSize":48}},"splineCount":4,"unlockType":1,"speed":3,"acceleration":0,"time":1,"laps":1,"startSpeed":1,"text":"","title":"","forceOrder":true,"camera":{"lockX":true,"lockY":true,"lockZ":true,"x":-0.0332638621330261,"y":0.563903093338013,"z":-2,"setPos":true,"fixCam":false,"fov":44},"spline0":{"order":0,"closed":true,"numPoints":4,"type":0,"lineTexture":0,"lineWidth":1,"bidirectional":false,"speed":0,"points":{"p0":0,"p1":1,"p2":2,"p3":3}},"spline1":{"order":1,"closed":true,"numPoints":4,"type":0,"lineTexture":0,"lineWidth":1,"bidirectional":false,"speed":0,"points":{"p0":4,"p1":5,"p2":6,"p3":7}},"spline2":{"order":2,"closed":true,"numPoints":4,"type":0,"lineTexture":0,"lineWidth":1,"bidirectional":false,"speed":0,"points":{"p0":8,"p1":9,"p2":10,"p3":11}},"spline3":{"order":3,"closed":true,"numPoints":4,"type":0,"lineTexture":0,"lineWidth":1,"bidirectional":false,"speed":0,"points":{"p0":12,"p1":13,"p2":14,"p3":15}}}