{"name":"secondLoop","pointCount":17,"p0":{"x":-0.835846424102783,"y":0.204488277435303,"z":-1.19209289550781E-07,"tension":0,"bias":0,"continuity":0,"index":0,"pointType":6,"word":"","text":{"x":-0.335846424102783,"y":0.204488277435303,"z":-1.19209289550781E-07,"font":0,"fontSize":48}},"p1":{"x":-0.833518505096436,"y":-0.0942656993865967,"z":-1.19209289550781E-07,"tension":0,"bias":0,"continuity":0,"index":1,"pointType":2,"word":"a","text":{"x":-0.9556884765625,"y":-0.0873968601226807,"z":-1.19209289550781E-07,"font":3,"fontSize":48}},"p2":{"x":-0.767801284790039,"y":-0.44739294052124,"z":-1.19209289550781E-07,"tension":-0.295484304428101,"bias":-0.0443091988563538,"continuity":0,"index":2,"pointType":2,"word":"not","text":{"x":-0.9556884765625,"y":-0.186498165130615,"z":-1.19209289550781E-07,"font":3,"fontSize":48}},"p3":{"x":-0.472749471664429,"y":-0.468537569046021,"z":-1.19209289550781E-07,"tension":-0.523961901664734,"bias":-0.00233426503837109,"continuity":0,"index":3,"pointType":2,"word":"admitting","text":{"x":-0.95678973197937,"y":-0.282296180725098,"z":-1.19209289550781E-07,"font":3,"fontSize":48}},"p4":{"x":-0.475146293640137,"y":-0.141121625900269,"z":-1.19209289550781E-07,"tension":-0.270074248313904,"bias":0.0189278554171324,"continuity":0,"index":4,"pointType":2,"word":"of","text":{"x":-0.977711200714111,"y":-0.480499029159546,"z":-1.19209289550781E-07,"font":3,"fontSize":48}},"p5":{"x":-0.788885593414307,"y":-0.212631464004517,"z":-1.19209289550781E-07,"tension":-0.349327176809311,"bias":0.000683612888678908,"continuity":0,"index":5,"pointType":2,"word":"the","text":{"x":-0.97440767288208,"y":-0.593820333480835,"z":-1.19209289550781E-07,"font":3,"fontSize":48}},"p6":{"x":-0.847752809524536,"y":-0.809735774993896,"z":-1.19209289550781E-07,"tension":0,"bias":0,"continuity":0,"index":6,"pointType":5,"word":"wound","text":{"x":-0.977711200714111,"y":-0.699623107910156,"z":-1.19209289550781E-07,"font":3,"fontSize":48}},"p7":{"x":-0.582999706268311,"y":-0.573140144348145,"z":-1.19209289550781E-07,"tension":0.257932364940643,"bias":0.0111820036545396,"continuity":0,"index":7,"pointType":2,"word":"","text":{"x":-0.0829997062683105,"y":-0.573140144348145,"z":-1.19209289550781E-07,"font":0,"fontSize":48}},"p8":{"x":-0.240543842315674,"y":-0.48504638671875,"z":-1.19209289550781E-07,"tension":-0.641267359256744,"bias":-0.0249181687831879,"continuity":0,"index":8,"pointType":2,"word":"","text":{"x":0.259456157684326,"y":-0.48504638671875,"z":-1.19209289550781E-07,"font":0,"fontSize":48}},"p9":{"x":-0.288994073867798,"y":-0.0754282474517822,"z":-1.19209289550781E-07,"tension":-0.401589840650558,"bias":0.0227312184870243,"continuity":0,"index":9,"pointType":2,"word":"","text":{"x":0.211005926132202,"y":-0.0754282474517822,"z":-1.19209289550781E-07,"font":0,"fontSize":48}},"p10":{"x":-0.624838352203369,"y":-0.00936174392700195,"z":-1.19209289550781E-07,"tension":-0.314320266246796,"bias":0.0136136766523123,"continuity":0,"index":10,"pointType":2,"word":"","text":{"x":-0.124838352203369,"y":-0.00936174392700195,"z":-1.19209289550781E-07,"font":0,"fontSize":48}},"p11":{"x":-0.58891749382019,"y":-0.690793752670288,"z":-1.19209289550781E-07,"tension":0,"bias":0,"continuity":0,"index":11,"pointType":2,"word":"","text":{"x":-0.0889174938201904,"y":-0.690793752670288,"z":-1.19209289550781E-07,"font":0,"fontSize":48}},"p12":{"x":-0.124242305755615,"y":-0.681984901428223,"z":-1.19209289550781E-07,"tension":0,"bias":0,"continuity":0,"index":12,"pointType":2,"word":"","text":{"x":0.375757694244385,"y":-0.681984901428223,"z":-1.19209289550781E-07,"font":0,"fontSize":48}},"p13":{"x":-0.00311827659606934,"y":-0.331826686859131,"z":-1.19209289550781E-07,"tension":0,"bias":0,"continuity":0,"index":13,"pointType":2,"word":"","text":{"x":0.496881723403931,"y":-0.331826686859131,"z":-1.19209289550781E-07,"font":0,"fontSize":48}},"p14":{"x":-0.0945117473602295,"y":0.0326462984085083,"z":-1.19209289550781E-07,"tension":0,"bias":0,"continuity":0,"index":14,"pointType":2,"word":"","text":{"x":0.405488252639771,"y":0.0326462984085083,"z":-1.19209289550781E-07,"font":0,"fontSize":48}},"p15":{"x":-0.472198009490967,"y":0.151568055152893,"z":-1.19209289550781E-07,"tension":0,"bias":0,"continuity":0,"index":15,"pointType":2,"word":"","text":{"x":0.0278019905090332,"y":0.151568055152893,"z":-1.19209289550781E-07,"font":0,"fontSize":48}},"p16":{"x":-0.725457191467285,"y":0.0172305107116699,"z":-1.19209289550781E-07,"tension":0,"bias":0,"continuity":0,"index":16,"pointType":2,"word":"","text":{"x":-0.225457191467285,"y":0.0172305107116699,"z":-1.19209289550781E-07,"font":0,"fontSize":48}},"fixedCamera":true,"fov":121,"splineCount":3,"unlockType":0,"speed":0,"time":0,"laps":4,"startSpeed":0,"spline0":{"order":0,"closed":false,"numPoints":7,"type":0,"lineTexture":0,"points":{"p0":0,"p1":1,"p2":2,"p3":3,"p4":4,"p5":5,"p6":6}},"spline1":{"order":1,"closed":false,"numPoints":6,"type":0,"lineTexture":0,"points":{"p0":2,"p1":7,"p2":8,"p3":9,"p4":10,"p5":5}},"spline2":{"order":2,"closed":false,"numPoints":8,"type":0,"lineTexture":0,"points":{"p0":2,"p1":11,"p2":12,"p3":13,"p4":14,"p5":15,"p6":16,"p7":5}}}