{"name":"shape0","pointCount":11,"p0":{"x":-0.012675141915679,"y":0.640092074871063,"z":-1.19209289550781E-07,"tension":0,"bias":0,"continuity":0,"index":0,"pointType":0,"word":"","text":{"x":0.487324863672256,"y":0.640092074871063,"z":-1.19209289550781E-07,"font":0,"fontSize":48}},"p1":{"x":-0.725015163421631,"y":0.366310060024261,"z":-1.19209289550781E-07,"tension":0,"bias":0,"continuity":0,"index":1,"pointType":0,"word":"","text":{"x":-0.225015163421631,"y":0.366310060024261,"z":-1.19209289550781E-07,"font":0,"fontSize":48}},"p2":{"x":-0.735155165195465,"y":-0.462640702724457,"z":-1.19209289550781E-07,"tension":0,"bias":0,"continuity":0,"index":2,"pointType":0,"word":"","text":{"x":-0.235155165195465,"y":-0.462640702724457,"z":-1.19209289550781E-07,"font":0,"fontSize":48}},"p3":{"x":0.220546528697014,"y":-0.680652260780334,"z":-1.19209289550781E-07,"tension":0,"bias":0,"continuity":0,"index":3,"pointType":0,"word":"","text":{"x":0.720546543598175,"y":-0.680652260780334,"z":-1.19209289550781E-07,"font":0,"fontSize":48}},"p4":{"x":0.567844092845917,"y":0.0443629063665867,"z":-1.19209289550781E-07,"tension":0,"bias":0,"continuity":0,"index":4,"pointType":0,"word":"","text":{"x":1.06784415245056,"y":0.0443629063665867,"z":-1.19209289550781E-07,"font":0,"fontSize":48}},"p5":{"x":-0.476583272218704,"y":0.873313546180725,"z":-1.19209289550781E-07,"tension":0,"bias":0,"continuity":0,"index":5,"pointType":5,"word":"","text":{"x":0.0234167277812958,"y":0.873313546180725,"z":-1.19209289550781E-07,"font":0,"fontSize":48}},"p6":{"x":-0.347297430038452,"y":0.325749933719635,"z":-1.19209289550781E-07,"tension":0,"bias":0,"continuity":0,"index":6,"pointType":2,"word":"","text":{"x":0.152702569961548,"y":0.325749933719635,"z":-1.19209289550781E-07,"font":0,"fontSize":48}},"p7":{"x":0.154636085033417,"y":1.08118462562561,"z":-1.19209289550781E-07,"tension":-0.215701594948769,"bias":0.0581695586442947,"continuity":0,"index":7,"pointType":2,"word":"","text":{"x":0.654636085033417,"y":1.08118462562561,"z":-1.19209289550781E-07,"font":0,"fontSize":48}},"p8":{"x":0.999487698078156,"y":1.01650583744049,"z":-1.19209289550781E-07,"tension":0,"bias":0,"continuity":0,"index":8,"pointType":0,"word":"","text":{"x":1.49948763847351,"y":1.01650583744049,"z":-1.19209289550781E-07,"font":0,"fontSize":48}},"p9":{"x":1.2985235452652,"y":0.311118602752686,"z":-1.19209289550781E-07,"tension":0,"bias":0,"continuity":0,"index":9,"pointType":1,"word":"","text":{"x":1.7985235452652,"y":0.311118602752686,"z":-1.19209289550781E-07,"font":0,"fontSize":48}},"p10":{"x":-0.0662962794303894,"y":-0.0431545525789261,"z":-1.19209289550781E-07,"tension":0,"bias":0,"continuity":0,"index":10,"pointType":6,"word":"","text":{"x":0.433703720569611,"y":-0.0431545525789261,"z":-1.19209289550781E-07,"font":0,"fontSize":48}},"fixedCamera":true,"fov":42,"splineCount":3,"unlockType":0,"score":1,"spline0":{"closed":true,"numPoints":5,"lineTexture":0,"points":{"p0":0,"p1":1,"p2":2,"p3":3,"p4":4}},"spline1":{"closed":false,"numPoints":2,"lineTexture":0,"points":{"p0":5,"p1":1}},"spline2":{"closed":false,"numPoints":5,"lineTexture":3,"points":{"p0":2,"p1":6,"p2":7,"p3":8,"p4":9}}}