{"name":"Shell","pointCount":39,"p0":{"x":-0.334409236907959,"y":-0.108251094818115,"z":0,"tension":0,"bias":0,"continuity":0,"index":0,"pointType":0,"word":"","collect":false,"text":{"x":0.165590763092041,"y":-0.108251094818115,"z":0,"font":0,"fontSize":48}},"p1":{"x":-0.311603307723999,"y":0.382610321044922,"z":0,"tension":0,"bias":0,"continuity":0,"index":1,"pointType":0,"word":"","collect":false,"text":{"x":0.188396692276001,"y":0.382610321044922,"z":0,"font":0,"fontSize":48}},"p2":{"x":-0.639711380004883,"y":0.658012628555298,"z":0,"tension":0,"bias":0,"continuity":0,"index":2,"pointType":0,"word":"","collect":false,"text":{"x":-0.139711380004883,"y":0.658012628555298,"z":0,"font":0,"fontSize":48}},"p3":{"x":-1.04471158981323,"y":0.658012628555298,"z":0,"tension":0,"bias":0,"continuity":0,"index":3,"pointType":0,"word":"","collect":false,"text":{"x":-0.544711589813232,"y":0.658012628555298,"z":0,"font":0,"fontSize":48}},"p4":{"x":-1.3603777885437,"y":0.475762605667114,"z":0,"tension":0,"bias":0,"continuity":0,"index":4,"pointType":0,"word":"","collect":false,"text":{"x":-0.860377788543701,"y":0.475762605667114,"z":0,"font":0,"fontSize":48}},"p5":{"x":-1.5244026184082,"y":0.191662907600403,"z":0,"tension":0,"bias":0,"continuity":0,"index":5,"pointType":0,"word":"","collect":false,"text":{"x":-1.0244026184082,"y":0.191662907600403,"z":0,"font":0,"fontSize":48}},"p6":{"x":-1.5244026184082,"y":-0.103582143783569,"z":0,"tension":0,"bias":0,"continuity":0,"index":6,"pointType":0,"word":"","collect":false,"text":{"x":-1.0244026184082,"y":-0.103582143783569,"z":0,"font":0,"fontSize":48}},"p7":{"x":-1.39154243469238,"y":-0.333702564239502,"z":0,"tension":0,"bias":0,"continuity":0,"index":7,"pointType":0,"word":"","collect":false,"text":{"x":-0.891542434692383,"y":-0.333702564239502,"z":0,"font":0,"fontSize":48}},"p8":{"x":-1.18443393707275,"y":-0.453276872634888,"z":0,"tension":0,"bias":0,"continuity":0,"index":8,"pointType":0,"word":"","collect":false,"text":{"x":-0.684433937072754,"y":-0.453276872634888,"z":0,"font":0,"fontSize":48}},"p9":{"x":-0.969200134277344,"y":-0.453276872634888,"z":0,"tension":0,"bias":0,"continuity":0,"index":9,"pointType":0,"word":"","collect":false,"text":{"x":-0.469200134277344,"y":-0.453276872634888,"z":0,"font":0,"fontSize":48}},"p10":{"x":-0.80144214630127,"y":-0.356421947479248,"z":0,"tension":0,"bias":0,"continuity":0,"index":10,"pointType":0,"word":"","collect":false,"text":{"x":-0.30144214630127,"y":-0.356421947479248,"z":0,"font":0,"fontSize":48}},"p11":{"x":-0.714272737503052,"y":-0.205439805984497,"z":0,"tension":0,"bias":0,"continuity":0,"index":11,"pointType":0,"word":"","collect":false,"text":{"x":-0.214272737503052,"y":-0.205439805984497,"z":0,"font":0,"fontSize":48}},"p12":{"x":-0.714272737503052,"y":-0.0485343933105469,"z":0,"tension":0,"bias":0,"continuity":0,"index":12,"pointType":0,"word":"","collect":false,"text":{"x":-0.214272737503052,"y":-0.0485343933105469,"z":0,"font":0,"fontSize":48}},"p13":{"x":-0.7848801612854,"y":0.0737611055374146,"z":0,"tension":0,"bias":0,"continuity":0,"index":13,"pointType":0,"word":"","collect":false,"text":{"x":-0.2848801612854,"y":0.0737611055374146,"z":0,"font":0,"fontSize":48}},"p14":{"x":-0.894946098327637,"y":0.137307643890381,"z":0,"tension":0,"bias":0,"continuity":0,"index":14,"pointType":0,"word":"","collect":false,"text":{"x":-0.394946098327637,"y":0.137307643890381,"z":0,"font":0,"fontSize":48}},"p15":{"x":-1.0093297958374,"y":0.137307643890381,"z":0,"tension":0,"bias":0,"continuity":0,"index":15,"pointType":0,"word":"","collect":false,"text":{"x":-0.509329795837402,"y":0.137307643890381,"z":0,"font":0,"fontSize":48}},"p16":{"x":-1.0984833240509,"y":0.0858348608016968,"z":0,"tension":0,"bias":0,"continuity":0,"index":16,"pointType":0,"word":"","collect":false,"text":{"x":-0.598483324050903,"y":0.0858348608016968,"z":0,"font":0,"fontSize":48}},"p17":{"x":-1.14480876922607,"y":0.00559675693511963,"z":0,"tension":0,"bias":0,"continuity":0,"index":17,"pointType":0,"word":"","collect":false,"text":{"x":-0.644808769226074,"y":0.00559675693511963,"z":0,"font":0,"fontSize":48}},"p18":{"x":-1.14480876922607,"y":-0.0777890682220459,"z":0,"tension":0,"bias":0,"continuity":0,"index":18,"pointType":0,"word":"","collect":false,"text":{"x":-0.644808769226074,"y":-0.0777890682220459,"z":0,"font":0,"fontSize":48}},"p19":{"x":-0.926188945770264,"y":-0.262233734130859,"z":0,"tension":0,"bias":0,"continuity":0,"index":19,"pointType":6,"word":"","collect":false,"text":{"x":-0.426188945770264,"y":-0.262233734130859,"z":0,"font":0,"fontSize":48}},"p20":{"x":-2.16213583946228,"y":-0.310562610626221,"z":0,"tension":1,"bias":0,"continuity":0,"index":20,"pointType":1,"word":"","collect":false,"text":{"x":-1.66213583946228,"y":-0.310562610626221,"z":0,"font":0,"fontSize":48}},"p21":{"x":-2.18525314331055,"y":0.321380376815796,"z":0,"tension":1,"bias":0,"continuity":0,"index":21,"pointType":1,"word":"","collect":false,"text":{"x":-1.68525314331055,"y":0.321380376815796,"z":0,"font":0,"fontSize":48}},"p22":{"x":-1.74597978591919,"y":0.772217988967896,"z":0,"tension":1,"bias":0,"continuity":0,"index":22,"pointType":1,"word":"","collect":false,"text":{"x":-1.24597978591919,"y":0.772217988967896,"z":0,"font":0,"fontSize":48}},"p23":{"x":-1.25660371780396,"y":1.01882994174957,"z":0,"tension":1,"bias":0,"continuity":0,"index":23,"pointType":1,"word":"","collect":false,"text":{"x":-0.756603717803955,"y":1.01882994174957,"z":0,"font":0,"fontSize":48}},"p24":{"x":-0.624667644500732,"y":1.21060967445374,"z":0,"tension":1,"bias":0,"continuity":0,"index":24,"pointType":1,"word":"","collect":false,"text":{"x":-0.124667644500732,"y":1.21060967445374,"z":0,"font":0,"fontSize":48}},"p25":{"x":0.0111360549926758,"y":0.818456768989563,"z":0,"tension":1,"bias":0,"continuity":0,"index":25,"pointType":1,"word":"","collect":false,"text":{"x":0.511136054992676,"y":0.818456768989563,"z":0,"font":0,"fontSize":48}},"p26":{"x":0.323253154754639,"y":0.171101212501526,"z":0,"tension":1,"bias":0,"continuity":0,"index":26,"pointType":1,"word":"","collect":false,"text":{"x":0.823253154754639,"y":0.171101212501526,"z":0,"font":0,"fontSize":48}},"p27":{"x":0.192240476608276,"y":-0.676627635955811,"z":0,"tension":1,"bias":0,"continuity":0,"index":27,"pointType":1,"word":"","collect":false,"text":{"x":0.692240476608276,"y":-0.676627635955811,"z":0,"font":0,"fontSize":48}},"p28":{"x":-0.0890576839447021,"y":-1.26233053207397,"z":0,"tension":1,"bias":0,"continuity":0,"index":28,"pointType":1,"word":"","collect":false,"text":{"x":0.410942316055298,"y":-1.26233053207397,"z":0,"font":0,"fontSize":48}},"p29":{"x":-0.636253595352173,"y":-1.69775819778442,"z":0,"tension":1,"bias":0,"continuity":0,"index":29,"pointType":1,"word":"","collect":false,"text":{"x":-0.136253595352173,"y":-1.69775819778442,"z":0,"font":0,"fontSize":48}},"p30":{"x":-1.51093208789825,"y":-1.67463612556458,"z":0,"tension":1,"bias":0,"continuity":0,"index":30,"pointType":1,"word":"","collect":false,"text":{"x":-1.01093208789825,"y":-1.67463612556458,"z":0,"font":0,"fontSize":48}},"p31":{"x":-2.31624674797058,"y":-1.21608948707581,"z":0,"tension":1,"bias":0,"continuity":0,"index":31,"pointType":1,"word":"","collect":false,"text":{"x":-1.81624674797058,"y":-1.21608948707581,"z":0,"font":0,"fontSize":48}},"p32":{"x":-2.6784553527832,"y":-0.191109180450439,"z":0,"tension":1,"bias":0,"continuity":0,"index":32,"pointType":1,"word":"","collect":false,"text":{"x":-2.1784553527832,"y":-0.191109180450439,"z":0,"font":0,"fontSize":48}},"p33":{"x":-2.55906414985657,"y":0.806898832321167,"z":0,"tension":1,"bias":0,"continuity":0,"index":33,"pointType":1,"word":"","collect":false,"text":{"x":-2.05906414985657,"y":0.806898832321167,"z":0,"font":0,"fontSize":48}},"p34":{"x":-1.877037525177,"y":1.35406923294067,"z":0,"tension":1,"bias":0,"continuity":0,"index":34,"pointType":1,"word":"","collect":false,"text":{"x":-1.377037525177,"y":1.35406923294067,"z":0,"font":0,