{"name":"Spike","pointCount":54,"p0":{"x":0,"y":0,"z":0,"tension":1,"bias":0,"continuity":0,"index":0,"pointType":0,"word":"","text":{"x":0.5,"y":0,"z":0,"font":0,"fontSize":48}},"p1":{"x":-0.485147953033447,"y":0.12096095085144,"z":0.100000001490116,"tension":1,"bias":0,"continuity":0,"index":1,"pointType":0,"word":"","text":{"x":0.0148520469665527,"y":0.12096095085144,"z":0.100000001490116,"font":0,"fontSize":48}},"p2":{"x":-0.715188980102539,"y":-0.311683654785156,"z":0.200000002980232,"tension":1,"bias":0,"continuity":0,"index":2,"pointType":0,"word":"","text":{"x":-0.215188980102539,"y":-0.311683654785156,"z":0.200000002980232,"font":0,"fontSize":48}},"p3":{"x":-0.358330726623535,"y":-0.633000373840332,"z":0.300000011920929,"tension":1,"bias":0,"continuity":0,"index":3,"pointType":0,"word":"","text":{"x":0.141669273376465,"y":-0.633000373840332,"z":0.300000011920929,"font":0,"fontSize":48}},"p4":{"x":0.0318112373352051,"y":-0.369846105575562,"z":0.400000005960464,"tension":1,"bias":0,"continuity":0,"index":4,"pointType":0,"word":"","text":{"x":0.531811237335205,"y":-0.369846105575562,"z":0.400000005960464,"font":0,"fontSize":48}},"p5":{"x":-0.125923156738281,"y":0.0635254383087158,"z":0.5,"tension":1,"bias":0,"continuity":0,"index":5,"pointType":0,"word":"","text":{"x":0.374076843261719,"y":0.0635254383087158,"z":0.5,"font":0,"fontSize":48}},"p6":{"x":-0.575407981872559,"y":0.0162826776504517,"z":0.600000023841858,"tension":1,"bias":0,"continuity":0,"index":6,"pointType":0,"word":"","text":{"x":-0.0754079818725586,"y":0.0162826776504517,"z":0.600000023841858,"font":0,"fontSize":48}},"p7":{"x":-0.637050867080688,"y":-0.42232871055603,"z":0.700000047683716,"tension":1,"bias":0,"continuity":0,"index":7,"pointType":0,"word":"","text":{"x":-0.137050867080688,"y":-0.42232871055603,"z":0.700000047683716,"font":0,"fontSize":48}},"p8":{"x":-0.234594345092773,"y":-0.584931612014771,"z":0.800000071525574,"tension":1,"bias":0,"continuity":0,"index":8,"pointType":0,"word":"","text":{"x":0.265405654907227,"y":-0.584931612014771,"z":0.800000071525574,"font":0,"fontSize":48}},"p9":{"x":0.0154390335083008,"y":-0.240790128707886,"z":0.900000095367432,"tension":1,"bias":0,"continuity":0,"index":9,"pointType":0,"word":"","text":{"x":0.515439033508301,"y":-0.240790128707886,"z":0.900000095367432,"font":0,"fontSize":48}},"p10":{"x":-0.252522945404053,"y":0.0785542726516724,"z":1.00000011920929,"tension":1,"bias":0,"continuity":0,"index":10,"pointType":0,"word":"","text":{"x":0.247477054595947,"y":0.0785542726516724,"z":1.00000011920929,"font":0,"fontSize":48}},"p11":{"x":-0.61971378326416,"y":-0.100536823272705,"z":1.10000014305115,"tension":1,"bias":0,"continuity":0,"index":11,"pointType":0,"word":"","text":{"x":-0.11971378326416,"y":-0.100536823272705,"z":1.10000014305115,"font":0,"fontSize":48}},"p12":{"x":-0.536472797393799,"y":-0.492154598236084,"z":1.20000016689301,"tension":1,"bias":0,"continuity":0,"index":12,"pointType":0,"word":"","text":{"x":-0.0364727973937988,"y":-0.492154598236084,"z":1.20000016689301,"font":0,"fontSize":48}},"p13":{"x":-0.144352436065674,"y":-0.505847454071045,"z":1.30000019073486,"tension":1,"bias":0,"continuity":0,"index":13,"pointType":0,"word":"","text":{"x":0.355647563934326,"y":-0.505847454071045,"z":1.30000019073486,"font":0,"fontSize":48}},"p14":{"x":-0.0383665561676025,"y":-0.136230707168579,"z":1.40000021457672,"tension":1,"bias":0,"continuity":0,"index":14,"pointType":0,"word":"","text":{"x":0.461633443832397,"y":-0.136230707168579,"z":1.40000021457672,"font":0,"fontSize":48}},"p15":{"x":-0.364704132080078,"y":0.0521801710128784,"z":1.50000023841858,"tension":1,"bias":0,"continuity":0,"index":15,"pointType":0,"word":"","text":{"x":0.135295867919922,"y":0.0521801710128784,"z":1.50000023841858,"font":0,"fontSize":48}},"p16":{"x":-0.621231317520142,"y":-0.213461875915527,"z":1.60000026226044,"tension":1,"bias":0,"continuity":0,"index":16,"pointType":0,"word":"","text":{"x":-0.121231317520142,"y":-0.213461875915527,"z":1.60000026226044,"font":0,"fontSize":48}},"p17":{"x":-0.429453372955322,"y":-0.520370483398438,"z":1.70000028610229,"tension":1,"bias":0,"continuity":0,"index":17,"pointType":0,"word":"","text":{"x":0.0705466270446777,"y":-0.520370483398438,"z":1.70000028610229,"font":0,"fontSize":48}},"p18":{"x":-0.0921497344970703,"y":-0.410773754119873,"z":1.80000030994415,"tension":1,"bias":0,"continuity":0,"index":18,"pointType":0,"word":"","text":{"x":0.40785026550293,"y":-0.410773754119873,"z":1.80000030994415,"font":0,"fontSize":48}},"p19":{"x":-0.116394996643066,"y":-0.064051628112793,"z":1.90000033378601,"tension":1,"bias":0,"continuity":0,"index":19,"pointType":0,"word":"","text":{"x":0.383605003356934,"y":-0.064051628112793,"z":1.90000033378601,"font":0,"fontSize":48}},"p20":{"x":-0.45183801651001,"y":-0.00490403175354004,"z":2.00000023841858,"tension":1,"bias":0,"continuity":0,"index":20,"pointType":0,"word":"","text":{"x":0.0481619834899902,"y":-0.00490403175354004,"z":2.00000023841858,"font":0,"fontSize":48}},"p21":{"x":-0.587608814239502,"y":-0.309850454330444,"z":2.10000014305115,"tension":1,"bias":0,"continuity":0,"index":21,"pointType":0,"word":"","text":{"x":-0.087608814239502,"y":-0.309850454330444,"z":2.10000014305115,"font":0,"fontSize":48}},"p22":{"x":-0.329827308654785,"y":-0.511251449584961,"z":2.20000004768372,"tension":1,"bias":0,"continuity":0,"index":22,"pointType":0,"word":"","text":{"x":0.170172691345215,"y":-0.511251449584961,"z":2.20000004768372,"font":0,"fontSize":48}},"p23":{"x":-0.0772013664245605,"y":-0.313878297805786,"z":2.29999995231628,"tension":1,"bias":0,"continuity":0,"index":23,"pointType":0,"word":"","text":{"x":0.422798633575439,"y":-0.313878297805786,"z":2.29999995231628,"font":0,"fontSize":48}},"p24":{"x":-0.2049880027771,"y":-0.0268650054931641,"z":2.39999985694885,"tension":1,"bias":0,"continuity":0,"index":24,"pointType":0,"word":"","text":{"x":0.2950119972229,"y":-0.0268650054931641,"z":2.39999985694885,"font":0,"fontSize":48}},"p25":{"x":-0.508202075958252,"y":-0.0803301334381104,"z":2.49999976158142,"tension":1,"bias":0,"continuity":0,"index":25,"pointType":0,"word":"","text":{"x":-0.00820207595825195,"y":-0.0803301334381104,"z":2.49999976158142,"font":0,"fontSize":48}},"p26":{"x":-0.529249906539917,"y":-0.38132905960083,"z":2.59999966621399,"tension":1,"bias":0,"continuity":0,"index":26,"pointType":0,"word":"","text":{"x":-0.029249906539917,"y":-0.38132905960083,"z":2.59999966621399,"font":0,"fontSize":48}},"p27":{"x":-0.248023271560669,"y":-0.472704887390137,"z":2.69999957084656,"tension":1,"bias":0,"continuity":0,"index":27,"pointType":0,"word":"","text":{"x":0.251976728439331,"y":-0.472704887390137,"z":2.69999957084656,"font":0,"fontSize":48}},"p28":{"x":-0.0944604873657227,"y":-0.226953029632568,"z":2.79999947547913,"tension":1,"bias":0,"continuity":0,"index":28,"pointType":0,"word":"","text":{"x":0.405539512634277,"y":-0.226953029632568,"z":2.79999947547913,"font":0,"fontSize":48}},"p29":{"x":-0.291736364364624,"y":-0.0226678848266602,"z":2.89999938011169,"tension":1,"bias":0,"continuity":0,"index":29,"pointType":0,"word":"","text":{"x":0.208263635635376,"y":-0.0226678848266602,"z":2.89999938011169,"font":0,"fontSize":48}},"p30":{"x":-0.53275990486145,"y":-0.161823272705078,"z":2.99999928474426,"tension":1,"bias":0,"continuity":0,"index":30,"pointType":0,"word":"","text":{"x":-0.0327599048614502,"y":-0.161823272705078,"z":2.99999928474426,"font":0,"fontSize":48}},"p31":{"x":-0.457581281661987,"y":-0.424001455307007,"z":3.09999918937683,"tension":1,"bias":0,"continuity":0,"index":31,"pointType":0,"word":"","text":{"x":0.0424187183380127,"y":-0.424001455307007,"z":3.09999918937683,"font":0,"fontSize":48}},"p32":{"x":-0.190455198287964,"y":-0.414673089981079,"z":3.1999990940094,"tension":1,"bias":0,"continuity":0,"index":32,"pointType":0,"word":"","text":{"x":0.309544801712036,"y":-0.414673089981079,"z":3.1999990940094,"font":0,"fontSize":48}},