{"name":"spine","pointCount":18,"p0":{"x":0,"y":0,"z":0,"tension":5,"bias":0,"continuity":0,"index":0,"pointType":0,"word":"","text":{"x":0.5,"y":0,"z":0,"font":0,"fontSize":48}},"p1":{"x":-0.492403984069824,"y":-0.113175868988037,"z":0,"tension":5,"bias":0,"continuity":0,"index":1,"pointType":2,"word":"","text":{"x":0.00759601593017578,"y":-0.113175868988037,"z":0,"font":0,"fontSize":48}},"p2":{"x":-0.663414001464844,"y":-0.783022403717041,"z":0,"tension":5,"bias":0,"continuity":0,"index":2,"pointType":2,"word":"","text":{"x":-0.163414001464844,"y":-0.783022403717041,"z":0,"font":0,"fontSize":48}},"p3":{"x":-0.230401277542114,"y":-1.23302221298218,"z":0,"tension":5,"bias":0,"continuity":0,"index":3,"pointType":2,"word":"","text":{"x":0.269598722457886,"y":-1.23302221298218,"z":0,"font":0,"fontSize":48}},"p4":{"x":0.0909924507141113,"y":-1.05000019073486,"z":0,"tension":5,"bias":0,"continuity":0,"index":4,"pointType":2,"word":"","text":{"x":0.590992450714111,"y":-1.05000019073486,"z":0,"font":0,"fontSize":48}},"p5":{"x":-0.230401277542114,"y":-0.86697793006897,"z":0,"tension":5,"bias":0,"continuity":0,"index":5,"pointType":2,"word":"","text":{"x":0.269598722457886,"y":-0.86697793006897,"z":0,"font":0,"fontSize":48}},"p6":{"x":-0.663414001464844,"y":-1.31697797775269,"z":0,"tension":5,"bias":0,"continuity":0,"index":6,"pointType":2,"word":"","text":{"x":-0.163414001464844,"y":-1.31697797775269,"z":0,"font":0,"fontSize":48}},"p7":{"x":-0.492403984069824,"y":-1.98682427406311,"z":0,"tension":5,"bias":0,"continuity":0,"index":7,"pointType":2,"word":"","text":{"x":0.00759601593017578,"y":-1.98682427406311,"z":0,"font":0,"fontSize":48}},"p8":{"x":0,"y":-2.10000038146973,"z":0,"tension":5,"bias":0,"continuity":0,"index":8,"pointType":2,"word":"","text":{"x":0.5,"y":-2.10000038146973,"z":0,"font":0,"fontSize":48}},"p9":{"x":0,"y":-1.80000019073486,"z":0,"tension":5,"bias":0,"continuity":0,"index":9,"pointType":2,"word":"","text":{"x":0.5,"y":-1.80000019073486,"z":0,"font":0,"fontSize":48}},"p10":{"x":-0.492403745651245,"y":-1.9131760597229,"z":0,"tension":5,"bias":0,"continuity":0,"index":10,"pointType":2,"word":"","text":{"x":0.00759625434875488,"y":-1.9131760597229,"z":0,"font":0,"fontSize":48}},"p11":{"x":-0.663414001464844,"y":-2.58302211761475,"z":0,"tension":5,"bias":0,"continuity":0,"index":11,"pointType":2,"word":"","text":{"x":-0.163414001464844,"y":-2.58302211761475,"z":0,"font":0,"fontSize":48}},"p12":{"x":-0.230401515960693,"y":-3.03302240371704,"z":0,"tension":5,"bias":0,"continuity":0,"index":12,"pointType":2,"word":"","text":{"x":0.269598484039307,"y":-3.03302240371704,"z":0,"font":0,"fontSize":48}},"p13":{"x":0.0909924507141113,"y":-2.85000038146973,"z":0,"tension":5,"bias":0,"continuity":0,"index":13,"pointType":2,"word":"","text":{"x":0.590992450714111,"y":-2.85000038146973,"z":0,"font":0,"fontSize":48}},"p14":{"x":-0.230401039123535,"y":-2.66697788238525,"z":0,"tension":5,"bias":0,"continuity":0,"index":14,"pointType":2,"word":"","text":{"x":0.269598960876465,"y":-2.66697788238525,"z":0,"font":0,"fontSize":48}},"p15":{"x":-0.663414001464844,"y":-3.11697769165039,"z":0,"tension":5,"bias":0,"continuity":0,"index":15,"pointType":2,"word":"","text":{"x":-0.163414001464844,"y":-3.11697769165039,"z":0,"font":0,"fontSize":48}},"p16":{"x":-0.492403984069824,"y":-3.78682422637939,"z":0,"tension":5,"bias":0,"continuity":0,"index":16,"pointType":2,"word":"","text":{"x":0.00759601593017578,"y":-3.78682422637939,"z":0,"font":0,"fontSize":48}},"p17":{"x":0,"y":-3.90000057220459,"z":0,"tension":0,"bias":0,"continuity":0,"index":17,"pointType":2,"word":"","text":{"x":0.5,"y":-3.90000057220459,"z":0,"font":0,"fontSize":48}},"fixedCamera":false,"fov":30,"splineCount":1,"unlockType":0,"speed":0,"time":0,"laps":0,"startSpeed":0,"spline0":{"order":0,"closed":false,"numPoints":18,"type":0,"lineTexture":0,"points":{"p0":0,"p1":1,"p2":2,"p3":3,"p4":4,"p5":5,"p6":6,"p7":7,"p8":8,"p9":9,"p10":10,"p11":11,"p12":12,"p13":13,"p14":14,"p15":15,"p16":16,"p17":17}}}