{"name":"Spiraling","pointCount":22,"p0":{"x":0.331347942352295,"y":0.633151412010193,"z":0,"tension":1,"bias":-0.019999086856842,"continuity":0,"index":0,"pointType":6,"word":"","collect":false,"text":{"x":0.831347942352295,"y":0.633151412010193,"z":0,"font":0,"fontSize":48}},"p1":{"x":-0.929504871368408,"y":0.51138973236084,"z":0,"tension":-0.839999079704285,"bias":0.280001044273376,"continuity":0,"index":1,"pointType":2,"word":"","collect":false,"text":{"x":-0.429504871368408,"y":0.51138973236084,"z":0,"font":0,"fontSize":48}},"p2":{"x":-1.03630495071411,"y":-1.12810230255127,"z":0,"tension":-0.599999785423279,"bias":0,"continuity":0,"index":2,"pointType":2,"word":"","collect":false,"text":{"x":-0.536304950714111,"y":-1.12810230255127,"z":0,"font":0,"fontSize":48}},"p3":{"x":0.487555027008057,"y":-1.12810230255127,"z":0,"tension":-0.599999785423279,"bias":0,"continuity":0,"index":3,"pointType":2,"word":"","collect":false,"text":{"x":0.987555027008057,"y":-1.12810230255127,"z":0,"font":0,"fontSize":48}},"p4":{"x":0.487555027008057,"y":0.319563627243042,"z":0,"tension":-0.599999785423279,"bias":0,"continuity":0,"index":4,"pointType":2,"word":"","collect":false,"text":{"x":0.987555027008057,"y":0.319563627243042,"z":0,"font":0,"fontSize":48}},"p5":{"x":-0.887728929519653,"y":0.319563627243042,"z":0,"tension":-0.599999785423279,"bias":0,"continuity":0,"index":5,"pointType":2,"word":"","collect":false,"text":{"x":-0.387728929519653,"y":0.319563627243042,"z":0,"font":0,"fontSize":48}},"p6":{"x":-0.887728929519653,"y":-0.986955165863037,"z":0,"tension":-0.599999785423279,"bias":0,"continuity":0,"index":6,"pointType":2,"word":"","collect":false,"text":{"x":-0.387728929519653,"y":-0.986955165863037,"z":0,"font":0,"fontSize":48}},"p7":{"x":0.353464126586914,"y":-0.986955165863037,"z":0,"tension":-0.599999785423279,"bias":0,"continuity":0,"index":7,"pointType":2,"word":"","collect":false,"text":{"x":0.853464126586914,"y":-0.986955165863037,"z":0,"font":0,"fontSize":48}},"p8":{"x":0.353464126586914,"y":0.192177891731262,"z":0,"tension":-0.599999785423279,"bias":0,"continuity":0,"index":8,"pointType":2,"word":"","collect":false,"text":{"x":0.853464126586914,"y":0.192177891731262,"z":0,"font":0,"fontSize":48}},"p9":{"x":-0.766712427139282,"y":0.192177891731262,"z":0,"tension":-0.599999785423279,"bias":0,"continuity":0,"index":9,"pointType":2,"word":"","collect":false,"text":{"x":-0.266712427139282,"y":0.192177891731262,"z":0,"font":0,"fontSize":48}},"p10":{"x":-0.766712427139282,"y":-0.871990203857422,"z":0,"tension":-0.599999785423279,"bias":0,"continuity":0,"index":10,"pointType":2,"word":"","collect":false,"text":{"x":-0.266712427139282,"y":-0.871990203857422,"z":0,"font":0,"fontSize":48}},"p11":{"x":0.2442467212677,"y":-0.871990203857422,"z":0,"tension":-0.599999785423279,"bias":0,"continuity":0,"index":11,"pointType":2,"word":"","collect":false,"text":{"x":0.7442467212677,"y":-0.871990203857422,"z":0,"font":0,"fontSize":48}},"p12":{"x":0.2442467212677,"y":0.0884209871292114,"z":0,"tension":-0.599999785423279,"bias":0,"continuity":0,"index":12,"pointType":2,"word":"","collect":false,"text":{"x":0.7442467212677,"y":0.0884209871292114,"z":0,"font":0,"fontSize":48}},"p13":{"x":-0.668144226074219,"y":0.0884209871292114,"z":0,"tension":-0.599999785423279,"bias":0,"continuity":0,"index":13,"pointType":2,"word":"","collect":false,"text":{"x":-0.168144226074219,"y":0.0884209871292114,"z":0,"font":0,"fontSize":48}},"p14":{"x":-0.668144226074219,"y":-0.778349876403809,"z":0,"tension":-0.599999785423279,"bias":0,"continuity":0,"index":14,"pointType":2,"word":"","collect":false,"text":{"x":-0.168144226074219,"y":-0.778349876403809,"z":0,"font":0,"fontSize":48}},"p15":{"x":0.155289173126221,"y":-0.778349876403809,"z":0,"tension":-0.599999785423279,"bias":0,"continuity":0,"index":15,"pointType":2,"word":"","collect":false,"text":{"x":0.655289173126221,"y":-0.778349876403809,"z":0,"font":0,"fontSize":48}},"p16":{"x":0.155289173126221,"y":0.00391101837158203,"z":0,"tension":-0.599999785423279,"bias":0,"continuity":0,"index":16,"pointType":2,"word":"","collect":false,"text":{"x":0.655289173126221,"y":0.00391101837158203,"z":0,"font":0,"fontSize":48}},"p17":{"x":-0.587859153747559,"y":0.00391101837158203,"z":0,"tension":-0.599999785423279,"bias":0,"continuity":0,"index":17,"pointType":2,"word":"","collect":false,"text":{"x":-0.0878591537475586,"y":0.00391101837158203,"z":0,"font":0,"fontSize":48}},"p18":{"x":-0.587859153747559,"y":-0.702079772949219,"z":0,"tension":-0.599999785423279,"bias":0,"continuity":0,"index":18,"pointType":2,"word":"","collect":false,"text":{"x":-0.0878591537475586,"y":-0.702079772949219,"z":0,"font":0,"fontSize":48}},"p19":{"x":0.0474085807800293,"y":-0.745382308959961,"z":0,"tension":-0.579999089241028,"bias":0,"continuity":0,"index":19,"pointType":2,"word":"","collect":false,"text":{"x":0.547408580780029,"y":-0.745382308959961,"z":0,"font":0,"fontSize":48}},"p20":{"x":0.194090366363525,"y":-0.214625358581543,"z":0,"tension":-0.0399990677833557,"bias":-0.0799990892410278,"continuity":0,"index":20,"pointType":2,"word":"","collect":false,"text":{"x":0.694090366363525,"y":-0.214625358581543,"z":0,"font":0,"fontSize":48}},"p21":{"x":-0.0547585487365723,"y":0.0192246437072754,"z":0,"tension":1,"bias":0,"continuity":0,"index":21,"pointType":1,"word":"","collect":false,"text":{"x":0.445241451263428,"y":0.0192246437072754,"z":0,"font":0,"fontSize":48}},"splineCount":1,"unlockType":2,"speed":2,"acceleration":0.349999994039536,"maxSpeed":2.39999985694885,"time":1,"laps":1,"startSpeed":0,"text":"","title":"Spiraling","forceOrder":false,"camera":{"lockX":true,"lockY":true,"lockZ":false,"x":-0.274374961853027,"y":-0.247475445270538,"z":0,"setPos":false,"fov":86},"spline0":{"order":0,"closed":false,"numPoints":22,"type":0,"lineTexture":5,"lineWidth":2,"bidirectional":true,"speed":0,"points":{"p0":0,"p1":1,"p2":2,"p3":3,"p4":4,"p5":5,"p6":6,"p7":7,"p8":8,"p9":9,"p10":10,"p11":11,"p12":12,"p13":13,"p14":14,"p15":15,"p16":16,"p17":17,"p18":18,"p19":19,"p20":20,"p21":21}}}