{"name":"spiral","pointCount":28,"p0":{"x":0,"y":0,"z":0,"tension":0,"bias":0,"continuity":0,"index":0,"pointType":0,"word":"","text":{"x":0.5,"y":0,"z":0,"font":0,"fontSize":48}},"p1":{"x":-1.73205077648163,"y":1,"z":0,"tension":0,"bias":0,"continuity":0,"index":1,"pointType":0,"word":"","text":{"x":-1.23205077648163,"y":1,"z":0,"font":0,"fontSize":48}},"p2":{"x":-3.41213989257813,"y":0.0299999713897705,"z":0,"tension":0,"bias":0,"continuity":0,"index":2,"pointType":0,"word":"","text":{"x":-2.91213989257813,"y":0.0299999713897705,"z":0,"font":0,"fontSize":48}},"p3":{"x":-3.41213989257813,"y":-1.85180020332336,"z":0,"tension":0,"bias":0,"continuity":0,"index":3,"pointType":0,"word":"","text":{"x":-2.91213989257813,"y":-1.85180020332336,"z":0,"font":0,"fontSize":48}},"p4":{"x":-1.83134377002716,"y":-2.76447296142578,"z":0,"tension":0,"bias":0,"continuity":0,"index":4,"pointType":0,"word":"","text":{"x":-1.33134377002716,"y":-2.76447296142578,"z":0,"font":0,"fontSize":48}},"p5":{"x":-0.297971725463867,"y":-1.87918019294739,"z":0,"tension":0,"bias":0,"continuity":0,"index":5,"pointType":0,"word":"","text":{"x":0.202028274536133,"y":-1.87918019294739,"z":0,"font":0,"fontSize":48}},"p6":{"x":-0.297971725463867,"y":-0.161711931228638,"z":0,"tension":0,"bias":0,"continuity":0,"index":6,"pointType":0,"word":"","text":{"x":0.202028274536133,"y":-0.161711931228638,"z":0,"font":0,"fontSize":48}},"p7":{"x":-1.74072170257568,"y":0.671260118484497,"z":0,"tension":0,"bias":0,"continuity":0,"index":7,"pointType":0,"word":"","text":{"x":-1.24072170257568,"y":0.671260118484497,"z":0,"font":0,"fontSize":48}},"p8":{"x":-3.1401891708374,"y":-0.136722803115845,"z":0,"tension":0,"bias":0,"continuity":0,"index":8,"pointType":0,"word":"","text":{"x":-2.6401891708374,"y":-0.136722803115845,"z":0,"font":0,"fontSize":48}},"p9":{"x":-3.1401891708374,"y":-1.70420980453491,"z":0,"tension":0,"bias":0,"continuity":0,"index":9,"pointType":0,"word":"","text":{"x":-2.6401891708374,"y":-1.70420980453491,"z":0,"font":0,"fontSize":48}},"p10":{"x":-1.82343018054962,"y":-2.46444129943848,"z":0,"tension":0,"bias":0,"continuity":0,"index":10,"pointType":0,"word":"","text":{"x":-1.32343018054962,"y":-2.46444129943848,"z":0,"font":0,"fontSize":48}},"p11":{"x":-0.546174049377441,"y":-1.72701668739319,"z":0,"tension":0,"bias":0,"continuity":0,"index":11,"pointType":0,"word":"","text":{"x":-0.0461740493774414,"y":-1.72701668739319,"z":0,"font":0,"fontSize":48}},"p12":{"x":-0.546174049377441,"y":-0.296413421630859,"z":0,"tension":0,"bias":0,"continuity":0,"index":12,"pointType":0,"word":"","text":{"x":-0.0461740493774414,"y":-0.296413421630859,"z":0,"font":0,"fontSize":48}},"p13":{"x":-1.74794459342957,"y":0.3974289894104,"z":0,"tension":0,"bias":0,"continuity":0,"index":13,"pointType":0,"word":"","text":{"x":-1.24794459342957,"y":0.3974289894104,"z":0,"font":0,"fontSize":48}},"p14":{"x":-2.91366195678711,"y":-0.275598287582397,"z":0,"tension":0,"bias":0,"continuity":0,"index":14,"pointType":0,"word":"","text":{"x":-2.41366195678711,"y":-0.275598287582397,"z":0,"font":0,"fontSize":48}},"p15":{"x":-2.91366195678711,"y":-1.58127117156982,"z":0,"tension":0,"bias":0,"continuity":0,"index":15,"pointType":0,"word":"","text":{"x":-2.41366195678711,"y":-1.58127117156982,"z":0,"font":0,"fontSize":48}},"p16":{"x":-1.81683838367462,"y":-2.21452283859253,"z":0,"tension":0,"bias":0,"continuity":0,"index":16,"pointType":0,"word":"","text":{"x":-1.31683838367462,"y":-2.21452283859253,"z":0,"font":0,"fontSize":48}},"p17":{"x":-0.752919673919678,"y":-1.60026884078979,"z":0,"tension":0,"bias":0,"continuity":0,"index":17,"pointType":0,"word":"","text":{"x":-0.252919673919678,"y":-1.60026884078979,"z":0,"font":0,"fontSize":48}},"p18":{"x":-0.752919673919678,"y":-0.408616304397583,"z":0,"tension":0,"bias":0,"continuity":0,"index":18,"pointType":0,"word":"","text":{"x":-0.252919673919678,"y":-0.408616304397583,"z":0,"font":0,"fontSize":48}},"p19":{"x":-1.75396084785461,"y":0.169335126876831,"z":0,"tension":0,"bias":0,"continuity":0,"index":19,"pointType":0,"word":"","text":{"x":-1.25396084785461,"y":0.169335126876831,"z":0,"font":0,"fontSize":48}},"p20":{"x":-2.72497081756592,"y":-0.39127779006958,"z":0,"tension":0,"bias":0,"continuity":0,"index":20,"pointType":0,"word":"","text":{"x":-2.22497081756592,"y":-0.39127779006958,"z":0,"font":0,"fontSize":48}},"p21":{"x":-2.72497081756592,"y":-1.4788670539856,"z":0,"tension":0,"bias":0,"continuity":0,"index":21,"pointType":0,"word":"","text":{"x":-2.22497081756592,"y":-1.4788670539856,"z":0,"font":0,"fontSize":48}},"p22":{"x":-1.81134724617004,"y":-2.00634765625,"z":0,"tension":0,"bias":0,"continuity":0,"index":22,"pointType":0,"word":"","text":{"x":-1.31134724617004,"y":-2.00634765625,"z":0,"font":0,"fontSize":48}},"p23":{"x":-0.925132513046265,"y":-1.49469137191772,"z":0,"tension":0,"bias":0,"continuity":0,"index":23,"pointType":0,"word":"","text":{"x":-0.425132513046265,"y":-1.49469137191772,"z":0,"font":0,"fontSize":48}},"p24":{"x":-0.925132513046265,"y":-0.502078056335449,"z":0,"tension":0,"bias":0,"continuity":0,"index":24,"pointType":0,"word":"","text":{"x":-0.425132513046265,"y":-0.502078056335449,"z":0,"font":0,"fontSize":48}},"p25":{"x":-1.75897216796875,"y":-0.0206606388092041,"z":0,"tension":0,"bias":0,"continuity":0,"index":25,"pointType":0,"word":"","text":{"x":-1.25897216796875,"y":-0.0206606388092041,"z":0,"font":0,"fontSize":48}},"p26":{"x":-2.56779646873474,"y":-0.487635612487793,"z":0,"tension":0,"bias":0,"continuity":0,"index":26,"pointType":0,"word":"","text":{"x":-2.06779646873474,"y":-0.487635612487793,"z":0,"font":0,"fontSize":48}},"p27":{"x":-2.27693843841553,"y":-1.47073364257813,"z":0,"tension":0,"bias":0,"continuity":0,"index":27,"pointType":0,"word":"","text":{"x":-1.77693843841553,"y":-1.47073364257813,"z":0,"font":0,"fontSize":48}},"fixedCamera":true,"fov":91,"splineCount":1,"unlockType":0,"speed":0,"time":0,"laps":0,"startSpeed":0,"spline0":{"order":0,"closed":true,"numPoints":28,"type":0,"lineTexture":0,"points":{"p0":0,"p1":1,"p2":2,"p3":3,"p4":4,"p5":5,"p6":6,"p7":7,"p8":8,"p9":9,"p10":10,"p11":11,"p12":12,"p13":13,"p14":14,"p15":15,"p16":16,"p17":17,"p18":18,"p19":19,"p20":20,"p21":21,"p22":22,"p23":23,"p24":24,"p25":25,"p26":26,"p27":27}}}