{"name":"Spiral","pointCount":37,"p0":{"x":0,"y":0,"z":0,"tension":-0.479999780654907,"bias":0,"continuity":0,"index":0,"pointType":6,"word":"","text":{"x":0.5,"y":0,"z":0,"font":0,"fontSize":48}},"p1":{"x":-0.492403984069824,"y":0.0868240594863892,"z":0.200000002980232,"tension":-0.479999780654907,"bias":0,"continuity":0,"index":1,"pointType":0,"word":"","text":{"x":0.00759601593017578,"y":0.0868240594863892,"z":0.200000002980232,"font":0,"fontSize":48}},"p2":{"x":-0.663414001464844,"y":-0.383022308349609,"z":0.400000005960464,"tension":-0.479999780654907,"bias":0,"continuity":0,"index":2,"pointType":0,"word":"","text":{"x":-0.163414001464844,"y":-0.383022308349609,"z":0.400000005960464,"font":0,"fontSize":48}},"p3":{"x":-0.230401277542114,"y":-0.633022308349609,"z":0.600000023841858,"tension":-0.479999780654907,"bias":0,"continuity":0,"index":3,"pointType":0,"word":"","text":{"x":0.269598722457886,"y":-0.633022308349609,"z":0.600000023841858,"font":0,"fontSize":48}},"p4":{"x":0.0909924507141113,"y":-0.250000238418579,"z":0.800000011920929,"tension":-0.479999780654907,"bias":0,"continuity":0,"index":4,"pointType":0,"word":"","text":{"x":0.590992450714111,"y":-0.250000238418579,"z":0.800000011920929,"font":0,"fontSize":48}},"p5":{"x":-0.230401277542114,"y":0.13302206993103,"z":1,"tension":-0.479999780654907,"bias":0,"continuity":0,"index":5,"pointType":0,"word":"","text":{"x":0.269598722457886,"y":0.13302206993103,"z":1,"font":0,"fontSize":48}},"p6":{"x":-0.663414001464844,"y":-0.11697793006897,"z":1.20000004768372,"tension":-0.479999780654907,"bias":0,"continuity":0,"index":6,"pointType":0,"word":"","text":{"x":-0.163414001464844,"y":-0.11697793006897,"z":1.20000004768372,"font":0,"fontSize":48}},"p7":{"x":-0.492403984069824,"y":-0.586824417114258,"z":1.40000009536743,"tension":-0.479999780654907,"bias":0,"continuity":0,"index":7,"pointType":0,"word":"","text":{"x":0.00759601593017578,"y":-0.586824417114258,"z":1.40000009536743,"font":0,"fontSize":48}},"p8":{"x":0,"y":-0.500000476837158,"z":1.60000014305115,"tension":-0.479999780654907,"bias":0,"continuity":0,"index":8,"pointType":0,"word":"","text":{"x":0.5,"y":-0.500000476837158,"z":1.60000014305115,"font":0,"fontSize":48}},"p9":{"x":0,"y":-4.76837158203125E-07,"z":1.80000019073486,"tension":-0.479999780654907,"bias":0,"continuity":0,"index":9,"pointType":0,"word":"","text":{"x":0.5,"y":-4.76837158203125E-07,"z":1.80000019073486,"font":0,"fontSize":48}},"p10":{"x":-0.492403745651245,"y":0.0868238210678101,"z":2.00000023841858,"tension":-0.479999780654907,"bias":0,"continuity":0,"index":10,"pointType":0,"word":"","text":{"x":0.00759625434875488,"y":0.0868238210678101,"z":2.00000023841858,"font":0,"fontSize":48}},"p11":{"x":-0.663414001464844,"y":-0.383022308349609,"z":2.20000028610229,"tension":-0.479999780654907,"bias":0,"continuity":0,"index":11,"pointType":0,"word":"","text":{"x":-0.163414001464844,"y":-0.383022308349609,"z":2.20000028610229,"font":0,"fontSize":48}},"p12":{"x":-0.230401515960693,"y":-0.633022546768188,"z":2.40000033378601,"tension":-0.479999780654907,"bias":0,"continuity":0,"index":12,"pointType":0,"word":"","text":{"x":0.269598484039307,"y":-0.633022546768188,"z":2.40000033378601,"font":0,"fontSize":48}},"p13":{"x":0.0909924507141113,"y":-0.250000476837158,"z":2.60000038146973,"tension":-0.479999780654907,"bias":0,"continuity":0,"index":13,"pointType":0,"word":"","text":{"x":0.590992450714111,"y":-0.250000476837158,"z":2.60000038146973,"font":0,"fontSize":48}},"p14":{"x":-0.230401039123535,"y":0.133021831512451,"z":2.80000042915344,"tension":-0.479999780654907,"bias":0,"continuity":0,"index":14,"pointType":0,"word":"","text":{"x":0.269598960876465,"y":0.133021831512451,"z":2.80000042915344,"font":0,"fontSize":48}},"p15":{"x":-0.663414001464844,"y":-0.11697793006897,"z":3.00000047683716,"tension":-0.479999780654907,"bias":0,"continuity":0,"index":15,"pointType":0,"word":"","text":{"x":-0.163414001464844,"y":-0.11697793006897,"z":3.00000047683716,"font":0,"fontSize":48}},"p16":{"x":-0.492403984069824,"y":-0.586824417114258,"z":3.20000052452087,"tension":-0.479999780654907,"bias":0,"continuity":0,"index":16,"pointType":0,"word":"","text":{"x":0.00759601593017578,"y":-0.586824417114258,"z":3.20000052452087,"font":0,"fontSize":48}},"p17":{"x":0,"y":-0.500000476837158,"z":3.40000057220459,"tension":-0.479999780654907,"bias":0,"continuity":0,"index":17,"pointType":0,"word":"","text":{"x":0.5,"y":-0.500000476837158,"z":3.40000057220459,"font":0,"fontSize":48}},"p18":{"x":2.38418579101563E-07,"y":-4.76837158203125E-07,"z":3.60000061988831,"tension":-0.479999780654907,"bias":0,"continuity":0,"index":18,"pointType":0,"word":"","text":{"x":0.500000238418579,"y":-4.76837158203125E-07,"z":3.60000061988831,"font":0,"fontSize":48}},"p19":{"x":-0.492403507232666,"y":0.0868238210678101,"z":3.80000066757202,"tension":-0.479999780654907,"bias":0,"continuity":0,"index":19,"pointType":0,"word":"","text":{"x":0.00759649276733398,"y":0.0868238210678101,"z":3.80000066757202,"font":0,"fontSize":48}},"p20":{"x":-0.663414001464844,"y":-0.383022308349609,"z":4.00000047683716,"tension":-0.479999780654907,"bias":0,"continuity":0,"index":20,"pointType":0,"word":"","text":{"x":-0.163414001464844,"y":-0.383022308349609,"z":4.00000047683716,"font":0,"fontSize":48}},"p21":{"x":-0.230401515960693,"y":-0.633022785186768,"z":4.20000028610229,"tension":-0.479999780654907,"bias":0,"continuity":0,"index":21,"pointType":0,"word":"","text":{"x":0.269598484039307,"y":-0.633022785186768,"z":4.20000028610229,"font":0,"fontSize":48}},"p22":{"x":0.0909926891326904,"y":-0.250000953674316,"z":4.40000009536743,"tension":-0.479999780654907,"bias":0,"continuity":0,"index":22,"pointType":0,"word":"","text":{"x":0.59099268913269,"y":-0.250000953674316,"z":4.40000009536743,"font":0,"fontSize":48}},"p23":{"x":-0.230400800704956,"y":0.133021593093872,"z":4.59999990463257,"tension":-0.479999780654907,"bias":0,"continuity":0,"index":23,"pointType":0,"word":"","text":{"x":0.269599199295044,"y":0.133021593093872,"z":4.59999990463257,"font":0,"fontSize":48}},"p24":{"x":-0.663413524627686,"y":-0.11697793006897,"z":4.79999971389771,"tension":-0.479999780654907,"bias":0,"continuity":0,"index":24,"pointType":0,"word":"","text":{"x":-0.163413524627686,"y":-0.11697793006897,"z":4.79999971389771,"font":0,"fontSize":48}},"p25":{"x":-0.492403984069824,"y":-0.586824417114258,"z":4.99999952316284,"tension":-0.479999780654907,"bias":0,"continuity":0,"index":25,"pointType":0,"word":"","text":{"x":0.00759601593017578,"y":-0.586824417114258,"z":4.99999952316284,"font":0,"fontSize":48}},"p26":{"x":0,"y":-0.500000953674316,"z":5.19999933242798,"tension":-0.479999780654907,"bias":0,"continuity":0,"index":26,"pointType":0,"word":"","text":{"x":0.5,"y":-0.500000953674316,"z":5.19999933242798,"font":0,"fontSize":48}},"p27":{"x":4.76837158203125E-07,"y":-9.5367431640625E-07,"z":5.39999914169312,"tension":-0.479999780654907,"bias":0,"continuity":0,"index":27,"pointType":0,"word":"","text":{"x":0.500000476837158,"y":-9.5367431640625E-07,"z":5.39999914169312,"font":0,"fontSize":48}},"p28":{"x":-0.492403268814087,"y":0.0868237018585205,"z":5.59999895095825,"tension":-0.479999780654907,"bias":0,"continuity":0,"index":28,"pointType":0,"word":"","text":{"x":0.00759673118591309,"y":0.0868237018585205,"z":5.59999895095825,"font":0,"fontSize":48}},"p29":{"x":-0.663414001464844,"y":-0.383022308349609,"z":5.79999876022339,"tension":-0.479999780654907,"bias":0,"continuity":0,"index":29,"pointType":0,"word":"","text":{"x":-0.163414001464844,"y":-0.383022308349609,"z":5.79999876022339,"font":0,"fontSize":48}},"p30":{"x":-0.230401515960693,"y":-0.633023023605347,"z":5.99999856948853,"tension":-0.479999780654907,"bias":0,"continuity":0,"index":30,"pointType":0,"word":"","text":{"x":0.269598484039307,"y":-0.633023023605347,"z":5.99999856948853,"font":0,"fontSize":48}},"p31":{"x":0.0909929275512695,"y":-0.250001192092896,"z":6.19999837875366,"tension":-0.479999780654907,