{"name":"Spiral","pointCount":61,"p0":{"x":0.0839004516601563,"y":0.00236320495605469,"z":0,"tension":-0.359999179840088,"bias":0.600001096725464,"continuity":0,"index":0,"pointType":2,"word":"","text":{"x":0.583900451660156,"y":0.00236320495605469,"z":0,"font":0,"fontSize":48}},"p1":{"x":0.5,"y":0,"z":0.75,"tension":-0.479999780654907,"bias":0,"continuity":0,"index":1,"pointType":2,"word":"","text":{"x":1,"y":0,"z":0.75,"font":0,"fontSize":48}},"p2":{"x":0.5,"y":-0.495000123977661,"z":1.5,"tension":-0.479999780654907,"bias":0,"continuity":0,"index":2,"pointType":2,"word":"","text":{"x":1,"y":-0.495000123977661,"z":1.5,"font":0,"fontSize":48}},"p3":{"x":0.00994992256164551,"y":-0.495000123977661,"z":2.25,"tension":-0.479999780654907,"bias":0,"continuity":0,"index":3,"pointType":2,"word":"","text":{"x":0.509949922561646,"y":-0.495000123977661,"z":2.25,"font":0,"fontSize":48}},"p4":{"x":0.00994992256164551,"y":-0.00985050201416016,"z":3,"tension":-0.479999780654907,"bias":0,"continuity":0,"index":4,"pointType":2,"word":"","text":{"x":0.509949922561646,"y":-0.00985050201416016,"z":3,"font":0,"fontSize":48}},"p5":{"x":0.490248203277588,"y":-0.00985074043273926,"z":3.75,"tension":-0.479999780654907,"bias":0,"continuity":0,"index":5,"pointType":2,"word":"","text":{"x":0.990248203277588,"y":-0.00985074043273926,"z":3.75,"font":0,"fontSize":48}},"p6":{"x":0.490248203277588,"y":-0.485345840454102,"z":4.5,"tension":-0.479999780654907,"bias":0,"continuity":0,"index":6,"pointType":2,"word":"","text":{"x":0.990248203277588,"y":-0.485345840454102,"z":4.5,"font":0,"fontSize":48}},"p7":{"x":0.019507884979248,"y":-0.485345840454102,"z":5.25,"tension":-0.479999780654907,"bias":0,"continuity":0,"index":7,"pointType":2,"word":"","text":{"x":0.519507884979248,"y":-0.485345840454102,"z":5.25,"font":0,"fontSize":48}},"p8":{"x":0.019507884979248,"y":-0.0193130970001221,"z":6,"tension":-0.479999780654907,"bias":0,"continuity":0,"index":8,"pointType":2,"word":"","text":{"x":0.519507884979248,"y":-0.0193130970001221,"z":6,"font":0,"fontSize":48}},"p9":{"x":0.480880260467529,"y":-0.0193130970001221,"z":6.75,"tension":-0.479999780654907,"bias":0,"continuity":0,"index":9,"pointType":2,"word":"","text":{"x":0.980880260467529,"y":-0.0193130970001221,"z":6.75,"font":0,"fontSize":48}},"p10":{"x":0.480880260467529,"y":-0.476071834564209,"z":7.5,"tension":-0.479999780654907,"bias":0,"continuity":0,"index":10,"pointType":2,"word":"","text":{"x":0.980880260467529,"y":-0.476071834564209,"z":7.5,"font":0,"fontSize":48}},"p11":{"x":0.0286891460418701,"y":-0.476072072982788,"z":8.25,"tension":-0.479999780654907,"bias":0,"continuity":0,"index":11,"pointType":2,"word":"","text":{"x":0.52868914604187,"y":-0.476072072982788,"z":8.25,"font":0,"fontSize":48}},"p12":{"x":0.0286891460418701,"y":-0.0284028053283691,"z":9,"tension":-0.479999780654907,"bias":0,"continuity":0,"index":12,"pointType":2,"word":"","text":{"x":0.52868914604187,"y":-0.0284028053283691,"z":9,"font":0,"fontSize":48}},"p13":{"x":0.471881866455078,"y":-0.0284028053283691,"z":9.75,"tension":-0.479999780654907,"bias":0,"continuity":0,"index":13,"pointType":2,"word":"","text":{"x":0.971881866455078,"y":-0.0284028053283691,"z":9.75,"font":0,"fontSize":48}},"p14":{"x":0.471881866455078,"y":-0.467163324356079,"z":10.5,"tension":-0.479999780654907,"bias":0,"continuity":0,"index":14,"pointType":2,"word":"","text":{"x":0.971881866455078,"y":-0.467163324356079,"z":10.5,"font":0,"fontSize":48}},"p15":{"x":0.0375087261199951,"y":-0.467163562774658,"z":11.25,"tension":-0.479999780654907,"bias":0,"continuity":0,"index":15,"pointType":2,"word":"","text":{"x":0.537508726119995,"y":-0.467163562774658,"z":11.25,"font":0,"fontSize":48}},"p16":{"x":0.0375087261199951,"y":-0.0371341705322266,"z":12,"tension":-0.479999780654907,"bias":0,"continuity":0,"index":16,"pointType":2,"word":"","text":{"x":0.537508726119995,"y":-0.0371341705322266,"z":12,"font":0,"fontSize":48}},"p17":{"x":0.463237762451172,"y":-0.0371341705322266,"z":12.75,"tension":-0.479999780654907,"bias":0,"continuity":0,"index":17,"pointType":2,"word":"","text":{"x":0.963237762451172,"y":-0.0371341705322266,"z":12.75,"font":0,"fontSize":48}},"p18":{"x":0.463237762451172,"y":-0.458606004714966,"z":13.5,"tension":-0.479999780654907,"bias":0,"continuity":0,"index":18,"pointType":2,"word":"","text":{"x":0.963237762451172,"y":-0.458606004714966,"z":13.5,"font":0,"fontSize":48}},"p19":{"x":0.04598069190979,"y":-0.458606004714966,"z":14.25,"tension":-0.479999780654907,"bias":0,"continuity":0,"index":19,"pointType":2,"word":"","text":{"x":0.54598069190979,"y":-0.458606004714966,"z":14.25,"font":0,"fontSize":48}},"p20":{"x":0.04598069190979,"y":-0.0455217361450195,"z":15,"tension":-0.479999780654907,"bias":0,"continuity":0,"index":20,"pointType":2,"word":"","text":{"x":0.54598069190979,"y":-0.0455217361450195,"z":15,"font":0,"fontSize":48}},"p21":{"x":0.454934358596802,"y":-0.0455217361450195,"z":15.75,"tension":-0.479999780654907,"bias":0,"continuity":0,"index":21,"pointType":2,"word":"","text":{"x":0.954934358596802,"y":-0.0455217361450195,"z":15.75,"font":0,"fontSize":48}},"p22":{"x":0.454934358596802,"y":-0.450385570526123,"z":16.5,"tension":-0.479999780654907,"bias":0,"continuity":0,"index":22,"pointType":2,"word":"","text":{"x":0.954934358596802,"y":-0.450385570526123,"z":16.5,"font":0,"fontSize":48}},"p23":{"x":0.0541188716888428,"y":-0.450385808944702,"z":17.25,"tension":-0.479999780654907,"bias":0,"continuity":0,"index":23,"pointType":2,"word":"","text":{"x":0.554118871688843,"y":-0.450385808944702,"z":17.25,"font":0,"fontSize":48}},"p24":{"x":0.0541188716888428,"y":-0.0535786151885986,"z":18,"tension":-0.479999780654907,"bias":0,"continuity":0,"index":24,"pointType":2,"word":"","text":{"x":0.554118871688843,"y":-0.0535786151885986,"z":18,"font":0,"fontSize":48}},"p25":{"x":0.446958065032959,"y":-0.0535786151885986,"z":18.75,"tension":-0.479999780654907,"bias":0,"continuity":0,"index":25,"pointType":2,"word":"","text":{"x":0.946958065032959,"y":-0.0535786151885986,"z":18.75,"font":0,"fontSize":48}},"p26":{"x":0.446958065032959,"y":-0.442489385604858,"z":19.5,"tension":-0.479999780654907,"bias":0,"continuity":0,"index":26,"pointType":2,"word":"","text":{"x":0.946958065032959,"y":-0.442489385604858,"z":19.5,"font":0,"fontSize":48}},"p27":{"x":0.0619363784790039,"y":-0.442489385604858,"z":20.25,"tension":-0.479999780654907,"bias":0,"continuity":0,"index":27,"pointType":2,"word":"","text":{"x":0.561936378479004,"y":-0.442489385604858,"z":20.25,"font":0,"fontSize":48}},"p28":{"x":0.0619363784790039,"y":-0.0613179206848145,"z":21,"tension":-0.479999780654907,"bias":0,"continuity":0,"index":28,"pointType":2,"word":"","text":{"x":0.561936378479004,"y":-0.0613179206848145,"z":21,"font":0,"fontSize":48}},"p29":{"x":0.439296245574951,"y":-0.0613179206848145,"z":21.75,"tension":-0.479999780654907,"bias":0,"continuity":0,"index":29,"pointType":2,"word":"","text":{"x":0.939296245574951,"y":-0.0613179206848145,"z":21.75,"font":0,"fontSize":48}},"p30":{"x":0.439296245574951,"y":-0.434904098510742,"z":22.5,"tension":-0.479999780654907,"bias":0,"continuity":0,"index":30,"pointType":2,"word":"","text":{"x":0.939296245574951,"y":-0.434904098510742,"z":22.5,"font":0,"fontSize":48}},"p31":{"x":0.0694458484649658,"y":-0.434904098510742,"z":23.25,"tension":-0.479999780654907,"bias":0,"continuity":0,"index":31,"pointType":2,"word":"","text":{"x":0.569445848464966,"y":-0.434904098510742,"z":23.25,"font":0,"fontSize":48}},"p32":{"x":0.0694458484649658,"y":-0.0687525272369385,"z":24,"tension":-0.479999780654907,"bias":0,"continuity":0,"index":32,"pointType":2,"word":"","text":{"x":0.569445848464966,"y":-0.0687525272369385,"z":24,"font":0,"fontSize":48}},"p33":{"x":0.431936264038086,"y":-0.0687525272369385,"z":24.75,"tension":-0.479999780654907,"bias":0,"continuity":0,"index":33,"pointType":2,"word":"","text":{"x":0.931936264038086,"y":-0.0687525272369385,"z":24.75,"font":0,"fontSize":48}},