{"name":"spiralRight","pointCount":39,"p0":{"x":0,"y":0,"z":0,"tension":-0.443339884281158,"bias":0,"continuity":0,"index":0,"pointType":0,"word":"","text":{"x":0.5,"y":0,"z":0,"font":0,"fontSize":48}},"p1":{"x":-0.19544243812561,"y":0.0520944595336914,"z":0,"tension":-0.443339884281158,"bias":0,"continuity":0,"index":1,"pointType":2,"word":"","text":{"x":0.30455756187439,"y":0.0520944595336914,"z":0,"font":0,"fontSize":48}},"p2":{"x":-0.19804835319519,"y":-0.22981333732605,"z":0,"tension":-0.443339884281158,"bias":0,"continuity":0,"index":2,"pointType":2,"word":"","text":{"x":0.30195164680481,"y":-0.22981333732605,"z":0,"font":0,"fontSize":48}},"p3":{"x":0.1617591381073,"y":-0.379813432693481,"z":0,"tension":-0.443339884281158,"bias":0,"continuity":0,"index":3,"pointType":2,"word":"","text":{"x":0.6617591381073,"y":-0.379813432693481,"z":0,"font":0,"fontSize":48}},"p4":{"x":0.454595565795898,"y":-0.150000095367432,"z":0,"tension":-0.443339884281158,"bias":0,"continuity":0,"index":4,"pointType":2,"word":"","text":{"x":0.954595565795898,"y":-0.150000095367432,"z":0,"font":0,"fontSize":48}},"p5":{"x":0.361759185791016,"y":0.0798132419586182,"z":0,"tension":-0.443339884281158,"bias":0,"continuity":0,"index":5,"pointType":2,"word":"","text":{"x":0.861759185791016,"y":0.0798132419586182,"z":0,"font":0,"fontSize":48}},"p6":{"x":0.201951503753662,"y":-0.0701868534088135,"z":0,"tension":-0.443339884281158,"bias":0,"continuity":0,"index":6,"pointType":2,"word":"","text":{"x":0.701951503753662,"y":-0.0701868534088135,"z":0,"font":0,"fontSize":48}},"p7":{"x":0.404557466506958,"y":-0.352094650268555,"z":0,"tension":-0.443339884281158,"bias":0,"continuity":0,"index":7,"pointType":2,"word":"","text":{"x":0.904557466506958,"y":-0.352094650268555,"z":0,"font":0,"fontSize":48}},"p8":{"x":0.799999713897705,"y":-0.300000190734863,"z":0,"tension":-0.443339884281158,"bias":0,"continuity":0,"index":8,"pointType":2,"word":"","text":{"x":1.29999971389771,"y":-0.300000190734863,"z":0,"font":0,"fontSize":48}},"p9":{"x":0.900000095367432,"y":-2.38418579101563E-07,"z":0,"tension":-0.443339884281158,"bias":0,"continuity":0,"index":9,"pointType":2,"word":"","text":{"x":1.40000009536743,"y":-2.38418579101563E-07,"z":0,"font":0,"fontSize":48}},"p10":{"x":0.704557418823242,"y":0.0520943403244019,"z":0,"tension":-0.443339884281158,"bias":0,"continuity":0,"index":10,"pointType":2,"word":"","text":{"x":1.20455741882324,"y":0.0520943403244019,"z":0,"font":0,"fontSize":48}},"p11":{"x":0.701951503753662,"y":-0.229813575744629,"z":0,"tension":-0.443339884281158,"bias":0,"continuity":0,"index":11,"pointType":2,"word":"","text":{"x":1.20195150375366,"y":-0.229813575744629,"z":0,"font":0,"fontSize":48}},"p12":{"x":1.06175899505615,"y":-0.379813671112061,"z":0,"tension":-0.443339884281158,"bias":0,"continuity":0,"index":12,"pointType":2,"word":"","text":{"x":1.56175899505615,"y":-0.379813671112061,"z":0,"font":0,"fontSize":48}},"p13":{"x":1.35459566116333,"y":-0.150000333786011,"z":0,"tension":-0.443339884281158,"bias":0,"continuity":0,"index":13,"pointType":2,"word":"","text":{"x":1.85459566116333,"y":-0.150000333786011,"z":0,"font":0,"fontSize":48}},"p14":{"x":1.26175928115845,"y":0.0798130035400391,"z":0,"tension":-0.443339884281158,"bias":0,"continuity":0,"index":14,"pointType":2,"word":"","text":{"x":1.76175928115845,"y":0.0798130035400391,"z":0,"font":0,"fontSize":48}},"p15":{"x":1.10195159912109,"y":-0.0701868534088135,"z":0,"tension":-0.443339884281158,"bias":0,"continuity":0,"index":15,"pointType":2,"word":"","text":{"x":1.60195159912109,"y":-0.0701868534088135,"z":0,"font":0,"fontSize":48}},"p16":{"x":1.30455732345581,"y":-0.352094650268555,"z":0,"tension":-0.443339884281158,"bias":0,"continuity":0,"index":16,"pointType":2,"word":"","text":{"x":1.80455732345581,"y":-0.352094650268555,"z":0,"font":0,"fontSize":48}},"p17":{"x":1.69999980926514,"y":-0.300000429153442,"z":0,"tension":-0.443339884281158,"bias":0,"continuity":0,"index":17,"pointType":2,"word":"","text":{"x":2.19999980926514,"y":-0.300000429153442,"z":0,"font":0,"fontSize":48}},"p18":{"x":1.80000019073486,"y":-4.76837158203125E-07,"z":0,"tension":-0.443339884281158,"bias":0,"continuity":0,"index":18,"pointType":2,"word":"","text":{"x":2.30000019073486,"y":-4.76837158203125E-07,"z":0,"font":0,"fontSize":48}},"p19":{"x":1.60455751419067,"y":0.0520942211151123,"z":0,"tension":-0.443339884281158,"bias":0,"continuity":0,"index":19,"pointType":2,"word":"","text":{"x":2.10455751419067,"y":0.0520942211151123,"z":0,"font":0,"fontSize":48}},"p20":{"x":1.60195159912109,"y":-0.229813575744629,"z":0,"tension":-0.443339884281158,"bias":0,"continuity":0,"index":20,"pointType":2,"word":"","text":{"x":2.10195159912109,"y":-0.229813575744629,"z":0,"font":0,"fontSize":48}},"p21":{"x":1.96175909042358,"y":-0.379813671112061,"z":0,"tension":-0.443339884281158,"bias":0,"continuity":0,"index":21,"pointType":2,"word":"","text":{"x":2.46175909042358,"y":-0.379813671112061,"z":0,"font":0,"fontSize":48}},"p22":{"x":2.2545952796936,"y":-0.15000057220459,"z":0,"tension":-0.443339884281158,"bias":0,"continuity":0,"index":22,"pointType":2,"word":"","text":{"x":2.7545952796936,"y":-0.15000057220459,"z":0,"font":0,"fontSize":48}},"p23":{"x":2.16175937652588,"y":0.0798128843307495,"z":0,"tension":-0.443339884281158,"bias":0,"continuity":0,"index":23,"pointType":2,"word":"","text":{"x":2.66175937652588,"y":0.0798128843307495,"z":0,"font":0,"fontSize":48}},"p24":{"x":2.00195169448853,"y":-0.0701868534088135,"z":0,"tension":-0.443339884281158,"bias":0,"continuity":0,"index":24,"pointType":2,"word":"","text":{"x":2.50195169448853,"y":-0.0701868534088135,"z":0,"font":0,"fontSize":48}},"p25":{"x":2.20455741882324,"y":-0.352094888687134,"z":0,"tension":-0.443339884281158,"bias":0,"continuity":0,"index":25,"pointType":2,"word":"","text":{"x":2.70455741882324,"y":-0.352094888687134,"z":0,"font":0,"fontSize":48}},"p26":{"x":2.59999990463257,"y":-0.300000667572021,"z":0,"tension":-0.443339884281158,"bias":0,"continuity":0,"index":26,"pointType":2,"word":"","text":{"x":3.09999990463257,"y":-0.300000667572021,"z":0,"font":0,"fontSize":48}},"p27":{"x":2.70000028610229,"y":-7.15255737304688E-07,"z":0,"tension":-0.443339884281158,"bias":0,"continuity":0,"index":27,"pointType":2,"word":"","text":{"x":3.20000028610229,"y":-7.15255737304688E-07,"z":0,"font":0,"fontSize":48}},"p28":{"x":2.50455808639526,"y":0.0520941019058228,"z":0,"tension":-0.443339884281158,"bias":0,"continuity":0,"index":28,"pointType":2,"word":"","text":{"x":3.00455808639526,"y":0.0520941019058228,"z":0,"font":0,"fontSize":48}},"p29":{"x":2.50195169448853,"y":-0.229813575744629,"z":0,"tension":-0.443339884281158,"bias":0,"continuity":0,"index":29,"pointType":2,"word":"","text":{"x":3.00195169448853,"y":-0.229813575744629,"z":0,"font":0,"fontSize":48}},"p30":{"x":2.86175918579102,"y":-0.37981390953064,"z":0,"tension":-0.443339884281158,"bias":0,"continuity":0,"index":30,"pointType":2,"word":"","text":{"x":3.36175918579102,"y":-0.37981390953064,"z":0,"font":0,"fontSize":48}},"p31":{"x":3.15459585189819,"y":-0.150000810623169,"z":0,"tension":-0.443339884281158,"bias":0,"continuity":0,"index":31,"pointType":2,"word":"","text":{"x":3.65459585189819,"y":-0.150000810623169,"z":0,"font":0,"fontSize":48}},"p32":{"x":3.06175994873047,"y":0.07981276512146,"z":0,"tension":-0.443339884281158,"bias":0,"continuity":0,"index":32,"pointType":2,"word":"","text":{"x":3.56175994873047,"y":0.07981276512146,"z":0,"font":0,"fontSize":48}},"p33":{"x":2.90195226669312,"y":-0.0701868534088135,"z":0,"tension":-0.443339884281158,"bias":0,"continuity":0,"index":33,"pointType":2,"word":"","text":{"x":3.40195226669312,"y":-0.0701868534088135,"z":0,"font":0,"fontSize":48}},"p34":{"x":3.10455751419067,"y":-0.352094888687134,"z":0,"tension":-0.443339884281158,"bias":0,"continuity":0,"index":34,"pointType":2,"word":"","text":{"x":3.60455751419067,"y":-0.352094888687134,"z":0,"font":0,"fontSize":48}},"p35":{"x":3.50000047683716,