{"name":"Spiral","pointCount":40,"p0":{"x":-0.0498638153076172,"y":0.0586624145507813,"z":0,"tension":0.460001111030579,"bias":0,"continuity":0,"index":0,"pointType":6,"word":"","text":{"x":0.450136184692383,"y":0.0586624145507813,"z":0,"font":0,"fontSize":48}},"p1":{"x":-0.5,"y":0,"z":0.100000001490116,"tension":-0.639999747276306,"bias":0,"continuity":0,"index":1,"pointType":2,"word":"","text":{"x":0,"y":0,"z":0.100000001490116,"font":0,"fontSize":48}},"p2":{"x":-0.5,"y":-0.475000143051147,"z":0.200000002980232,"tension":-0.639999747276306,"bias":0,"continuity":0,"index":2,"pointType":2,"word":"","text":{"x":0,"y":-0.475000143051147,"z":0.200000002980232,"font":0,"fontSize":48}},"p3":{"x":-0.0487499237060547,"y":-0.475000143051147,"z":0.300000011920929,"tension":-0.639999747276306,"bias":0,"continuity":0,"index":3,"pointType":2,"word":"","text":{"x":0.451250076293945,"y":-0.475000143051147,"z":0.300000011920929,"font":0,"fontSize":48}},"p4":{"x":-0.0487499237060547,"y":-0.0463125705718994,"z":0.400000005960464,"tension":-0.639999747276306,"bias":0,"continuity":0,"index":4,"pointType":2,"word":"","text":{"x":0.451250076293945,"y":-0.0463125705718994,"z":0.400000005960464,"font":0,"fontSize":48}},"p5":{"x":-0.456003189086914,"y":-0.0463125705718994,"z":0.5,"tension":-0.639999747276306,"bias":0,"continuity":0,"index":5,"pointType":2,"word":"","text":{"x":0.0439968109130859,"y":-0.0463125705718994,"z":0.5,"font":0,"fontSize":48}},"p6":{"x":-0.456003189086914,"y":-0.433202981948853,"z":0.600000023841858,"tension":-0.639999747276306,"bias":0,"continuity":0,"index":6,"pointType":2,"word":"","text":{"x":0.0439968109130859,"y":-0.433202981948853,"z":0.600000023841858,"font":0,"fontSize":48}},"p7":{"x":-0.0884573459625244,"y":-0.433203220367432,"z":0.700000047683716,"tension":-0.639999747276306,"bias":0,"continuity":0,"index":7,"pointType":2,"word":"","text":{"x":0.411542654037476,"y":-0.433203220367432,"z":0.700000047683716,"font":0,"fontSize":48}},"p8":{"x":-0.0884573459625244,"y":-0.0840344429016113,"z":0.800000071525574,"tension":-0.639999747276306,"bias":0,"continuity":0,"index":8,"pointType":2,"word":"","text":{"x":0.411542654037476,"y":-0.0840344429016113,"z":0.800000071525574,"font":0,"fontSize":48}},"p9":{"x":-0.420167446136475,"y":-0.0840344429016113,"z":0.900000095367432,"tension":-0.639999747276306,"bias":0,"continuity":0,"index":9,"pointType":2,"word":"","text":{"x":0.0798325538635254,"y":-0.0840344429016113,"z":0.900000095367432,"font":0,"fontSize":48}},"p10":{"x":-0.420167446136475,"y":-0.39915919303894,"z":1.00000011920929,"tension":-0.639999747276306,"bias":0,"continuity":0,"index":10,"pointType":2,"word":"","text":{"x":0.0798325538635254,"y":-0.39915919303894,"z":1.00000011920929,"font":0,"fontSize":48}},"p11":{"x":-0.12079906463623,"y":-0.39915919303894,"z":1.10000014305115,"tension":-0.639999747276306,"bias":0,"continuity":0,"index":11,"pointType":2,"word":"","text":{"x":0.37920093536377,"y":-0.39915919303894,"z":1.10000014305115,"font":0,"fontSize":48}},"p12":{"x":-0.12079906463623,"y":-0.114759206771851,"z":1.20000016689301,"tension":-0.639999747276306,"bias":0,"continuity":0,"index":12,"pointType":2,"word":"","text":{"x":0.37920093536377,"y":-0.114759206771851,"z":1.20000016689301,"font":0,"fontSize":48}},"p13":{"x":-0.390979051589966,"y":-0.114759206771851,"z":1.30000019073486,"tension":-0.639999747276306,"bias":0,"continuity":0,"index":13,"pointType":2,"word":"","text":{"x":0.109020948410034,"y":-0.114759206771851,"z":1.30000019073486,"font":0,"fontSize":48}},"p14":{"x":-0.390979051589966,"y":-0.371430397033691,"z":1.40000021457672,"tension":-0.639999747276306,"bias":0,"continuity":0,"index":14,"pointType":2,"word":"","text":{"x":0.109020948410034,"y":-0.371430397033691,"z":1.40000021457672,"font":0,"fontSize":48}},"p15":{"x":-0.147141695022583,"y":-0.371430397033691,"z":1.50000023841858,"tension":-0.639999747276306,"bias":0,"continuity":0,"index":15,"pointType":2,"word":"","text":{"x":0.352858304977417,"y":-0.371430397033691,"z":1.50000023841858,"font":0,"fontSize":48}},"p16":{"x":-0.147141695022583,"y":-0.139784812927246,"z":1.60000026226044,"tension":-0.639999747276306,"bias":0,"continuity":0,"index":16,"pointType":2,"word":"","text":{"x":0.352858304977417,"y":-0.139784812927246,"z":1.60000026226044,"font":0,"fontSize":48}},"p17":{"x":-0.367204904556274,"y":-0.139784812927246,"z":1.70000028610229,"tension":-0.639999747276306,"bias":0,"continuity":0,"index":17,"pointType":2,"word":"","text":{"x":0.132795095443726,"y":-0.139784812927246,"z":1.70000028610229,"font":0,"fontSize":48}},"p18":{"x":-0.367204904556274,"y":-0.3488450050354,"z":1.80000030994415,"tension":-0.639999747276306,"bias":0,"continuity":0,"index":18,"pointType":2,"word":"","text":{"x":0.132795095443726,"y":-0.3488450050354,"z":1.80000030994415,"font":0,"fontSize":48}},"p19":{"x":-0.16859769821167,"y":-0.3488450050354,"z":1.90000033378601,"tension":-0.639999747276306,"bias":0,"continuity":0,"index":19,"pointType":2,"word":"","text":{"x":0.33140230178833,"y":-0.3488450050354,"z":1.90000033378601,"font":0,"fontSize":48}},"p20":{"x":-0.16859769821167,"y":-0.160168170928955,"z":2.00000023841858,"tension":-0.639999747276306,"bias":0,"continuity":0,"index":20,"pointType":2,"word":"","text":{"x":0.33140230178833,"y":-0.160168170928955,"z":2.00000023841858,"font":0,"fontSize":48}},"p21":{"x":-0.347840785980225,"y":-0.160168170928955,"z":2.10000014305115,"tension":-0.639999747276306,"bias":0,"continuity":0,"index":21,"pointType":2,"word":"","text":{"x":0.152159214019775,"y":-0.160168170928955,"z":2.10000014305115,"font":0,"fontSize":48}},"p22":{"x":-0.347840785980225,"y":-0.330448865890503,"z":2.20000004768372,"tension":-0.639999747276306,"bias":0,"continuity":0,"index":22,"pointType":2,"word":"","text":{"x":0.152159214019775,"y":-0.330448865890503,"z":2.20000004768372,"font":0,"fontSize":48}},"p23":{"x":-0.186074018478394,"y":-0.330449104309082,"z":2.29999995231628,"tension":-0.639999747276306,"bias":0,"continuity":0,"index":23,"pointType":2,"word":"","text":{"x":0.313925981521606,"y":-0.330449104309082,"z":2.29999995231628,"font":0,"fontSize":48}},"p24":{"x":-0.186074018478394,"y":-0.176770687103271,"z":2.39999985694885,"tension":-0.639999747276306,"bias":0,"continuity":0,"index":24,"pointType":2,"word":"","text":{"x":0.313925981521606,"y":-0.176770687103271,"z":2.39999985694885,"font":0,"fontSize":48}},"p25":{"x":-0.33206844329834,"y":-0.176770687103271,"z":2.49999976158142,"tension":-0.639999747276306,"bias":0,"continuity":0,"index":25,"pointType":2,"word":"","text":{"x":0.16793155670166,"y":-0.176770687103271,"z":2.49999976158142,"font":0,"fontSize":48}},"p26":{"x":-0.33206844329834,"y":-0.315465450286865,"z":2.59999966621399,"tension":-0.639999747276306,"bias":0,"continuity":0,"index":26,"pointType":2,"word":"","text":{"x":0.16793155670166,"y":-0.315465450286865,"z":2.59999966621399,"font":0,"fontSize":48}},"p27":{"x":-0.200308322906494,"y":-0.315465450286865,"z":2.69999957084656,"tension":-0.639999747276306,"bias":0,"continuity":0,"index":27,"pointType":2,"word":"","text":{"x":0.299691677093506,"y":-0.315465450286865,"z":2.69999957084656,"font":0,"fontSize":48}},"p28":{"x":-0.200308322906494,"y":-0.190293312072754,"z":2.79999947547913,"tension":-0.639999747276306,"bias":0,"continuity":0,"index":28,"pointType":2,"word":"","text":{"x":0.299691677093506,"y":-0.190293312072754,"z":2.79999947547913,"font":0,"fontSize":48}},"p29":{"x":-0.319221973419189,"y":-0.190293550491333,"z":2.89999938011169,"tension":-0.639999747276306,"bias":0,"continuity":0,"index":29,"pointType":2,"word":"","text":{"x":0.180778026580811,"y":-0.190293550491333,"z":2.89999938011169,"font":0,"fontSize":48}},"p30":{"x":-0.319221973419189,"y":-0.303261280059814,"z":2.99999928474426,"tension":-0.639999747276306,"bias":0,"continuity":0,"index":30,"pointType":2,"word":"","text":{"x":0.180778026580811,"y":-0.303261280059814,"z":2.99999928474426,"font":0,"fontSize":48}},"p31":{"x":-0.211902618408203,