{"name":"Stellations1","pointCount":18,"p0":{"x":-0.402580261230469,"y":0.831739187240601,"z":0,"tension":0,"bias":0,"continuity":0,"index":0,"pointType":4,"word":"","text":{"x":0.0974197387695313,"y":0.831739187240601,"z":0,"font":0,"fontSize":48}},"p1":{"x":0.343019485473633,"y":0.402341365814209,"z":0,"tension":0,"bias":0,"continuity":0,"index":1,"pointType":4,"word":"","text":{"x":0.843019485473633,"y":0.402341365814209,"z":0,"font":0,"fontSize":48}},"p2":{"x":1.05417013168335,"y":0.862504243850708,"z":0,"tension":0,"bias":0,"continuity":0,"index":2,"pointType":4,"word":"","text":{"x":1.55417013168335,"y":0.862504243850708,"z":0,"font":0,"fontSize":48}},"p3":{"x":0.670336246490479,"y":1.37959313392639,"z":0,"tension":0,"bias":0,"continuity":0,"index":3,"pointType":4,"word":"","text":{"x":1.17033624649048,"y":1.37959313392639,"z":0,"font":0,"fontSize":48}},"p4":{"x":-0.0401690006256104,"y":1.38329339027405,"z":0,"tension":0,"bias":0,"continuity":0,"index":4,"pointType":4,"word":"","text":{"x":0.45983099937439,"y":1.38329339027405,"z":0,"font":0,"fontSize":48}},"p5":{"x":-1.07262229919434,"y":0.743103504180908,"z":0,"tension":0,"bias":0,"continuity":0,"index":5,"pointType":4,"word":"","text":{"x":-0.572622299194336,"y":0.743103504180908,"z":0,"font":0,"fontSize":48}},"p6":{"x":-0.702567338943481,"y":0.0140922069549561,"z":0,"tension":0,"bias":0,"continuity":0,"index":6,"pointType":4,"word":"","text":{"x":-0.202567338943481,"y":0.0140922069549561,"z":0,"font":0,"fontSize":48}},"p7":{"x":1.49925899505615,"y":-0.0562202930450439,"z":0,"tension":0,"bias":0,"continuity":0,"index":7,"pointType":4,"word":"","text":{"x":1.99925899505615,"y":-0.0562202930450439,"z":0,"font":0,"fontSize":48}},"p8":{"x":0.281778812408447,"y":0.928131580352783,"z":0,"tension":0,"bias":0,"continuity":0,"index":8,"pointType":4,"word":"","text":{"x":0.781778812408447,"y":0.928131580352783,"z":0,"font":0,"fontSize":48}},"p9":{"x":1.86191272735596,"y":1.77185082435608,"z":0,"tension":0,"bias":0,"continuity":0,"index":9,"pointType":4,"word":"","text":{"x":2.36191272735596,"y":1.77185082435608,"z":0,"font":0,"fontSize":48}},"p10":{"x":0.984882831573486,"y":2.17891693115234,"z":0,"tension":0,"bias":0,"continuity":0,"index":10,"pointType":4,"word":"","text":{"x":1.48488283157349,"y":2.17891693115234,"z":0,"font":0,"fontSize":48}},"p11":{"x":2.04693651199341,"y":2.60078358650208,"z":0,"tension":0,"bias":0,"continuity":0,"index":11,"pointType":0,"word":"","text":{"x":2.54693651199341,"y":2.60078358650208,"z":0,"font":0,"fontSize":48}},"p12":{"x":3.13120269775391,"y":2.66369581222534,"z":0,"tension":0,"bias":0,"continuity":0,"index":12,"pointType":4,"word":"","text":{"x":3.63120269775391,"y":2.66369581222534,"z":0,"font":0,"fontSize":48}},"p13":{"x":4.55780458450317,"y":2.1881730556488,"z":0,"tension":0,"bias":0,"continuity":0,"index":13,"pointType":0,"word":"","text":{"x":5.05780458450317,"y":2.1881730556488,"z":0,"font":0,"fontSize":48}},"p14":{"x":5.07968378067017,"y":1.08867120742798,"z":0,"tension":0,"bias":0,"continuity":0,"index":14,"pointType":4,"word":"","text":{"x":5.57968378067017,"y":1.08867120742798,"z":0,"font":0,"fontSize":48}},"p15":{"x":5.71308183670044,"y":1.28628981113434,"z":0,"tension":0,"bias":0,"continuity":0,"index":15,"pointType":4,"word":"","text":{"x":6.21308183670044,"y":1.28628981113434,"z":0,"font":0,"fontSize":48}},"p16":{"x":6.90877389907837,"y":0.764421463012695,"z":0,"tension":0,"bias":0,"continuity":0,"index":16,"pointType":4,"word":"","text":{"x":7.40877389907837,"y":0.764421463012695,"z":0,"font":0,"fontSize":48}},"p17":{"x":5.78899240493774,"y":-0.127339839935303,"z":0,"tension":0,"bias":0,"continuity":0,"index":17,"pointType":4,"word":"","text":{"x":6.28899240493774,"y":-0.127339839935303,"z":0,"font":0,"fontSize":48}},"splineCount":2,"unlockType":0,"speed":1,"acceleration":1,"maxSpeed":3,"time":1,"laps":1,"startSpeed":1,"text":"","title":"","forceOrder":false,"camera":{"lockX":false,"lockY":false,"lockZ":false,"x":0,"y":0,"z":0,"setPos":false,"fixCam":false,"fov":80},"spline0":{"order":0,"closed":false,"numPoints":2,"type":0,"lineTexture":0,"lineWidth":1,"bidirectional":true,"speed":0,"points":{"p0":11,"p1":12}},"spline1":{"order":1,"closed":false,"numPoints":2,"type":0,"lineTexture":0,"lineWidth":1,"bidirectional":true,"speed":0,"points":{"p0":13,"p1":14}}}