{"name":"Stellation 1","pointCount":11,"p0":{"x":-0.740225255489349,"y":0.110273212194443,"z":-1.19209289550781E-07,"tension":0,"bias":0,"continuity":0,"index":0,"pointType":0,"word":"","text":{"x":-0.240225255489349,"y":0.110273212194443,"z":-1.19209289550781E-07,"font":0,"fontSize":48}},"p1":{"x":-0.0557704567909241,"y":0.333354890346527,"z":-1.19209289550781E-07,"tension":0,"bias":0,"continuity":0,"index":1,"pointType":0,"word":"","text":{"x":0.444229543209076,"y":0.333354890346527,"z":-1.19209289550781E-07,"font":0,"fontSize":48}},"p2":{"x":-0.266176879405975,"y":-0.247164204716682,"z":-1.19209289550781E-07,"tension":0,"bias":0,"continuity":0,"index":2,"pointType":0,"word":"","text":{"x":0.233823120594025,"y":-0.247164204716682,"z":-1.19209289550781E-07,"font":0,"fontSize":48}},"p3":{"x":-0.993727028369904,"y":-0.320679754018784,"z":-1.19209289550781E-07,"tension":0,"bias":0,"continuity":0,"index":3,"pointType":0,"word":"","text":{"x":-0.493727028369904,"y":-0.320679754018784,"z":-1.19209289550781E-07,"font":0,"fontSize":48}},"p4":{"x":0.560239017009735,"y":0.181253790855408,"z":-1.19209289550781E-07,"tension":0,"bias":0,"continuity":0,"index":4,"pointType":0,"word":"","text":{"x":1.06023907661438,"y":0.181253790855408,"z":-1.19209289550781E-07,"font":0,"fontSize":48}},"p5":{"x":0.567844092845917,"y":-0.249699234962463,"z":-1.19209289550781E-07,"tension":0,"bias":0,"continuity":0,"index":5,"pointType":0,"word":"","text":{"x":1.06784415245056,"y":-0.249699234962463,"z":-1.19209289550781E-07,"font":0,"fontSize":48}},"p6":{"x":1.09259295463562,"y":-0.0392927601933479,"z":-1.19209289550781E-07,"tension":0,"bias":0,"continuity":0,"index":6,"pointType":0,"word":"","text":{"x":1.59259295463562,"y":-0.0392927601933479,"z":-1.19209289550781E-07,"font":0,"fontSize":48}},"p7":{"x":0.314342260360718,"y":0.460105717182159,"z":-1.19209289550781E-07,"tension":0,"bias":0,"continuity":0,"index":7,"pointType":0,"word":"","text":{"x":0.814342260360718,"y":0.460105717182159,"z":-1.19209289550781E-07,"font":0,"fontSize":48}},"p8":{"x":0.162241160869598,"y":-0.148298546671867,"z":-1.19209289550781E-07,"tension":0,"bias":0,"continuity":0,"index":8,"pointType":0,"word":"","text":{"x":0.662241160869598,"y":-0.148298546671867,"z":-1.19209289550781E-07,"font":0,"fontSize":48}},"p9":{"x":0.210406392812729,"y":0.797262847423553,"z":-1.19209289550781E-07,"tension":0,"bias":0,"continuity":0,"index":9,"pointType":0,"word":"","text":{"x":0.710406422615051,"y":0.797262847423553,"z":-1.19209289550781E-07,"font":0,"fontSize":48}},"p10":{"x":-0.349832504987717,"y":0.546296119689941,"z":-1.19209289550781E-07,"tension":0,"bias":0,"continuity":0,"index":10,"pointType":0,"word":"","text":{"x":0.150167495012283,"y":0.546296119689941,"z":-1.19209289550781E-07,"font":0,"fontSize":48}},"fixedCamera":false,"fov":30,"splineCount":4,"unlockType":0,"score":1,"spline0":{"closed":false,"numPoints":4,"lineTexture":0,"points":{"p0":0,"p1":1,"p2":2,"p3":3}},"spline1":{"closed":true,"numPoints":3,"lineTexture":0,"points":{"p0":4,"p1":5,"p2":6}},"spline2":{"closed":false,"numPoints":2,"lineTexture":0,"points":{"p0":7,"p1":8}},"spline3":{"closed":false,"numPoints":3,"lineTexture":0,"points":{"p0":4,"p1":9,"p2":10}}}