{"name":"Stellation 1","pointCount":23,"p0":{"x":0.495415151119232,"y":0.413112223148346,"z":-1.19209289550781E-07,"tension":0,"bias":0,"continuity":0,"index":0,"pointType":0,"word":"","text":{"x":0.995415151119232,"y":0.413112223148346,"z":-1.19209289550781E-07,"font":0,"fontSize":48}},"p1":{"x":-0.0511396341025829,"y":-0.232525482773781,"z":-1.19209289550781E-07,"tension":0,"bias":0,"continuity":0,"index":1,"pointType":0,"word":"","text":{"x":0.448860377073288,"y":-0.232525482773781,"z":-1.19209289550781E-07,"font":0,"fontSize":48}},"p2":{"x":-0.738328337669373,"y":-0.130246222019196,"z":-1.19209289550781E-07,"tension":0,"bias":0,"continuity":0,"index":2,"pointType":0,"word":"","text":{"x":-0.238328337669373,"y":-0.130246222019196,"z":-1.19209289550781E-07,"font":0,"fontSize":48}},"p3":{"x":-0.255698084831238,"y":0.221338614821434,"z":-1.19209289550781E-07,"tension":0,"bias":0,"continuity":0,"index":3,"pointType":0,"word":"","text":{"x":0.244301915168762,"y":0.221338614821434,"z":-1.19209289550781E-07,"font":0,"fontSize":48}},"p4":{"x":-0.311632096767426,"y":-0.221338659524918,"z":-1.19209289550781E-07,"tension":0,"bias":0,"continuity":0,"index":4,"pointType":0,"word":"","text":{"x":0.188367903232574,"y":-0.221338659524918,"z":-1.19209289550781E-07,"font":0,"fontSize":48}},"p5":{"x":-0.771888673305511,"y":-0.414710313081741,"z":-1.19209289550781E-07,"tension":0,"bias":0,"continuity":0,"index":5,"pointType":0,"word":"","text":{"x":-0.271888673305511,"y":-0.414710313081741,"z":-1.19209289550781E-07,"font":0,"fontSize":48}},"p6":{"x":-1.04356789588928,"y":-0.443476378917694,"z":-1.19209289550781E-07,"tension":0,"bias":0,"continuity":0,"index":6,"pointType":0,"word":"","text":{"x":-0.543567895889282,"y":-0.443476378917694,"z":-1.19209289550781E-07,"font":0,"fontSize":48}},"p7":{"x":-1.02439057826996,"y":0.200563192367554,"z":-1.19209289550781E-07,"tension":0,"bias":0,"continuity":0,"index":7,"pointType":0,"word":"","text":{"x":-0.524390578269959,"y":0.200563192367554,"z":-1.19209289550781E-07,"font":0,"fontSize":48}},"p8":{"x":-0.126250967383385,"y":0.430691510438919,"z":-1.19209289550781E-07,"tension":0,"bias":0,"continuity":0,"index":8,"pointType":0,"word":"","text":{"x":0.373749017715454,"y":0.430691510438919,"z":-1.19209289550781E-07,"font":0,"fontSize":48}},"p9":{"x":0.583311319351196,"y":-0.0743122771382332,"z":-1.19209289550781E-07,"tension":0,"bias":0,"continuity":0,"index":9,"pointType":0,"word":"","text":{"x":1.0833113193512,"y":-0.0743122771382332,"z":-1.19209289550781E-07,"font":0,"fontSize":48}},"p10":{"x":-0.0239716973155737,"y":-0.363570749759674,"z":-1.19209289550781E-07,"tension":0,"bias":0,"continuity":0,"index":10,"pointType":0,"word":"","text":{"x":0.476028293371201,"y":-0.363570749759674,"z":-1.19209289550781E-07,"font":0,"fontSize":48}},"p11":{"x":-0.733533978462219,"y":0.162208497524261,"z":-1.19209289550781E-07,"tension":0,"bias":0,"continuity":0,"index":11,"pointType":0,"word":"","text":{"x":-0.233533978462219,"y":0.162208497524261,"z":-1.19209289550781E-07,"font":0,"fontSize":48}},"p12":{"x":-0.270081162452698,"y":0.389140516519547,"z":-1.19209289550781E-07,"tension":0,"bias":0,"continuity":0,"index":12,"pointType":0,"word":"","text":{"x":0.229918837547302,"y":0.389140516519547,"z":-1.19209289550781E-07,"font":0,"fontSize":48}},"p13":{"x":-0.839009404182434,"y":0.317225426435471,"z":-1.19209289550781E-07,"tension":0,"bias":0,"continuity":0,"index":13,"pointType":0,"word":"","text":{"x":-0.339009404182434,"y":0.317225426435471,"z":-1.19209289550781E-07,"font":0,"fontSize":48}},"p14":{"x":-0.600890576839447,"y":0.363570749759674,"z":-1.19209289550781E-07,"tension":0,"bias":0,"continuity":0,"index":14,"pointType":0,"word":"","text":{"x":-0.100890576839447,"y":0.363570749759674,"z":-1.19209289550781E-07,"font":0,"fontSize":48}},"p15":{"x":-0.461854726076126,"y":0.168600961565971,"z":-1.19209289550781E-07,"tension":0,"bias":0,"continuity":0,"index":15,"pointType":0,"word":"","text":{"x":0.0381452739238739,"y":0.168600961565971,"z":-1.19209289550781E-07,"font":0,"fontSize":48}},"p16":{"x":-0.354781091213226,"y":0.010387759655714,"z":-1.19209289550781E-07,"tension":0,"bias":0,"continuity":0,"index":16,"pointType":0,"word":"","text":{"x":0.145218908786774,"y":0.010387759655714,"z":-1.19209289550781E-07,"font":0,"fontSize":48}},"p17":{"x":0.0591302327811718,"y":0.0615273453295231,"z":-1.19209289550781E-07,"tension":0,"bias":0,"continuity":0,"index":17,"pointType":0,"word":"","text":{"x":0.559130251407623,"y":0.0615273453295231,"z":-1.19209289550781E-07,"font":0,"fontSize":48}},"p18":{"x":-0.209352806210518,"y":0.306038647890091,"z":-1.19209289550781E-07,"tension":0,"bias":0,"continuity":0,"index":18,"pointType":0,"word":"","text":{"x":0.290647208690643,"y":0.306038647890091,"z":-1.19209289550781E-07,"font":0,"fontSize":48}},"p19":{"x":-0.404322654008865,"y":0.345991462469101,"z":-1.19209289550781E-07,"tension":0,"bias":0,"continuity":0,"index":19,"pointType":0,"word":"","text":{"x":0.0956773459911346,"y":0.345991462469101,"z":-1.19209289550781E-07,"font":0,"fontSize":48}},"p20":{"x":-0.723945260047913,"y":0.40671980381012,"z":-1.19209289550781E-07,"tension":0,"bias":0,"continuity":0,"index":20,"pointType":0,"word":"","text":{"x":-0.223945260047913,"y":0.40671980381012,"z":-1.19209289550781E-07,"font":0,"fontSize":48}},"p21":{"x":-0.48263019323349,"y":0.547353684902191,"z":-1.19209289550781E-07,"tension":0,"bias":0,"continuity":0,"index":21,"pointType":0,"word":"","text":{"x":0.01736980676651,"y":0.547353684902191,"z":-1.19209289550781E-07,"font":0,"fontSize":48}},"p22":{"x":0.148624539375305,"y":0.400327354669571,"z":-1.19209289550781E-07,"tension":0,"bias":0,"continuity":0,"index":22,"pointType":0,"word":"","text":{"x":0.648624539375305,"y":0.400327354669571,"z":-1.19209289550781E-07,"font":0,"fontSize":48}},"fixedCamera":false,"fov":30,"splineCount":4,"unlockType":0,"score":5,"spline0":{"closed":false,"numPoints":3,"lineTexture":0,"points":{"p0":0,"p1":1,"p2":2}},"spline1":{"closed":false,"numPoints":5,"lineTexture":0,"points":{"p0":3,"p1":4,"p2":5,"p3":6,"p4":7}},"spline2":{"closed":false,"numPoints":6,"lineTexture":0,"points":{"p0":8,"p1":9,"p2":10,"p3":11,"p4":12,"p5":13}},"spline3":{"closed":false,"numPoints":9,"lineTexture":0,"points":{"p0":14,"p1":15,"p2":16,"p3":17,"p4":18,"p5":19,"p6":20,"p7":21,"p8":22}}}