{"name":"steppingstones","pointCount":12,"p0":{"x":-2.23498940467834,"y":-0.0733029842376709,"z":-1.19209289550781E-07,"tension":0,"bias":0,"continuity":0,"index":0,"pointType":1,"word":"","text":{"x":-1.73498940467834,"y":-0.0733029842376709,"z":-1.19209289550781E-07,"font":0,"fontSize":48}},"p1":{"x":-1.95138275623322,"y":-0.264737367630005,"z":-1.19209289550781E-07,"tension":-0.99999475479126,"bias":0,"continuity":0,"index":1,"pointType":2,"word":"","text":{"x":-1.45138275623322,"y":-0.264737367630005,"z":-1.19209289550781E-07,"font":0,"fontSize":48}},"p2":{"x":-2.29407405853271,"y":-0.465625524520874,"z":-1.19209289550781E-07,"tension":0,"bias":0,"continuity":0,"index":2,"pointType":6,"word":"","text":{"x":-1.79407405853271,"y":-0.465625524520874,"z":-1.19209289550781E-07,"font":0,"fontSize":48}},"p3":{"x":-2.58477091789246,"y":-0.281280994415283,"z":-1.19209289550781E-07,"tension":0,"bias":0,"continuity":0,"index":3,"pointType":2,"word":"","text":{"x":-2.08477091789246,"y":-0.281280994415283,"z":-1.19209289550781E-07,"font":0,"fontSize":48}},"p4":{"x":-1.95138275623322,"y":0.266434192657471,"z":-1.19209289550781E-07,"tension":0,"bias":0,"continuity":0,"index":4,"pointType":1,"word":"","text":{"x":-1.45138275623322,"y":0.266434192657471,"z":-1.19209289550781E-07,"font":0,"fontSize":48}},"p5":{"x":-1.62996184825897,"y":0.236891746520996,"z":-1.19209289550781E-07,"tension":0,"bias":0,"continuity":0,"index":5,"pointType":2,"word":"","text":{"x":-1.12996184825897,"y":0.236891746520996,"z":-1.19209289550781E-07,"font":0,"fontSize":48}},"p6":{"x":-1.66541278362274,"y":-0.0939826965332031,"z":-1.19209289550781E-07,"tension":-0.999999821186066,"bias":0.0588577948510647,"continuity":0,"index":6,"pointType":0,"word":"","text":{"x":-1.16541278362274,"y":-0.0939826965332031,"z":-1.19209289550781E-07,"font":0,"fontSize":48}},"p7":{"x":-2.02228450775146,"y":-0.00417375564575195,"z":-1.19209289550781E-07,"tension":0,"bias":0,"continuity":0,"index":7,"pointType":2,"word":"","text":{"x":-1.52228450775146,"y":-0.00417375564575195,"z":-1.19209289550781E-07,"font":0,"fontSize":48}},"p8":{"x":-2.2209620475769,"y":0.44736909866333,"z":-1.19209289550781E-07,"tension":-0.551097571849823,"bias":-0.653796136379242,"continuity":0,"index":8,"pointType":0,"word":"","text":{"x":-1.7209620475769,"y":0.44736909866333,"z":-1.19209289550781E-07,"font":0,"fontSize":48}},"p9":{"x":-2.50975704193115,"y":0.670362710952759,"z":-1.19209289550781E-07,"tension":0.117018193006516,"bias":-0.0293766893446445,"continuity":0,"index":9,"pointType":2,"word":"","text":{"x":-2.00975704193115,"y":0.670362710952759,"z":-1.19209289550781E-07,"font":0,"fontSize":48}},"p10":{"x":-2.79672408103943,"y":0.419951796531677,"z":-1.19209289550781E-07,"tension":0,"bias":0,"continuity":0,"index":10,"pointType":1,"word":"","text":{"x":-2.29672408103943,"y":0.419951796531677,"z":-1.19209289550781E-07,"font":0,"fontSize":48}},"p11":{"x":-2.50975704193115,"y":0.142123341560364,"z":-1.19209289550781E-07,"tension":-0.644219875335693,"bias":-0.0137965101748705,"continuity":0,"index":11,"pointType":2,"word":"","text":{"x":-2.00975704193115,"y":0.142123341560364,"z":-1.19209289550781E-07,"font":0,"fontSize":48}},"fixedCamera":false,"fov":30,"splineCount":3,"unlockType":0,"speed":1,"time":1,"laps":1,"startSpeed":0,"text":" ","spline0":{"order":0,"closed":true,"numPoints":4,"type":0,"lineTexture":0,"lineWidth":1,"points":{"p0":0,"p1":1,"p2":2,"p3":3}},"spline1":{"order":1,"closed":true,"numPoints":4,"type":0,"lineTexture":0,"lineWidth":1,"points":{"p0":7,"p1":6,"p2":5,"p3":4}},"spline2":{"order":2,"closed":true,"numPoints":4,"type":0,"lineTexture":0,"lineWidth":1,"points":{"p0":8,"p1":9,"p2":10,"p3":11}}}