{"name":"striations","pointCount":27,"p0":{"x":0.990096569061279,"y":1.22740459442139,"z":0,"tension":0,"bias":0,"continuity":0,"index":0,"pointType":6,"word":"","text":{"x":1.49009656906128,"y":1.22740459442139,"z":0,"font":0,"fontSize":48}},"p1":{"x":1.03576612472534,"y":0.172465085983276,"z":0,"tension":0,"bias":0,"continuity":0,"index":1,"pointType":2,"word":"","text":{"x":1.53576612472534,"y":0.172465085983276,"z":0,"font":0,"fontSize":48}},"p2":{"x":0.0310630798339844,"y":-1.03774666786194,"z":0,"tension":0,"bias":0,"continuity":0,"index":2,"pointType":2,"word":"","text":{"x":0.531063079833984,"y":-1.03774666786194,"z":0,"font":0,"fontSize":48}},"p3":{"x":-0.695068597793579,"y":-0.71806788444519,"z":0,"tension":0,"bias":0,"continuity":0,"index":3,"pointType":2,"word":"","text":{"x":-0.195068597793579,"y":-0.71806788444519,"z":0,"font":0,"fontSize":48}},"p4":{"x":-2.22495174407959,"y":-1.23412036895752,"z":0,"tension":0,"bias":0,"continuity":0,"index":4,"pointType":5,"word":"","text":{"x":-1.72495174407959,"y":-1.23412036895752,"z":0,"font":0,"fontSize":48}},"p5":{"x":0.611048221588135,"y":0.930554986000061,"z":0,"tension":0,"bias":0,"continuity":0,"index":5,"pointType":6,"word":"","text":{"x":1.11104822158813,"y":0.930554986000061,"z":0,"font":0,"fontSize":48}},"p6":{"x":0.537978649139404,"y":-0.0741481781005859,"z":0,"tension":0,"bias":0,"continuity":0,"index":6,"pointType":2,"word":"","text":{"x":1.0379786491394,"y":-0.0741481781005859,"z":0,"font":0,"fontSize":48}},"p7":{"x":-0.0465760231018066,"y":-0.608469009399414,"z":0,"tension":0,"bias":0,"continuity":0,"index":7,"pointType":2,"word":"","text":{"x":0.453423976898193,"y":-0.608469009399414,"z":0,"font":0,"fontSize":48}},"p8":{"x":-0.594596147537231,"y":-0.421228408813477,"z":0,"tension":0,"bias":0,"continuity":0,"index":8,"pointType":2,"word":"","text":{"x":-0.0945961475372314,"y":-0.421228408813477,"z":0,"font":0,"fontSize":48}},"p9":{"x":-2.00574898719788,"y":-0.868780851364136,"z":0,"tension":0,"bias":0,"continuity":0,"index":9,"pointType":2,"word":"","text":{"x":-1.50574898719788,"y":-0.868780851364136,"z":0,"font":0,"fontSize":48}},"p10":{"x":0.286806583404541,"y":0.81638503074646,"z":0,"tension":0,"bias":0,"continuity":0,"index":10,"pointType":6,"word":"","text":{"x":0.786806583404541,"y":0.81638503074646,"z":0,"font":0,"fontSize":48}},"p11":{"x":0.0356268882751465,"y":-0.238554000854492,"z":0,"tension":0,"bias":-0.699999094009399,"continuity":0,"index":11,"pointType":2,"word":"","text":{"x":0.535626888275146,"y":-0.238554000854492,"z":0,"font":0,"fontSize":48}},"p12":{"x":-0.603729248046875,"y":-0.0695834159851074,"z":0,"tension":0,"bias":0,"continuity":0,"index":12,"pointType":2,"word":"","text":{"x":-0.103729248046875,"y":-0.0695834159851074,"z":0,"font":0,"fontSize":48}},"p13":{"x":-1.61300218105316,"y":-0.357295513153076,"z":0,"tension":0,"bias":0,"continuity":0,"index":13,"pointType":2,"word":"","text":{"x":-1.11300218105316,"y":-0.357295513153076,"z":0,"font":0,"fontSize":48}},"p14":{"x":-1.4029233455658,"y":0.236400961875916,"z":0,"tension":0,"bias":0,"continuity":0,"index":14,"pointType":2,"word":"","text":{"x":-0.902923345565796,"y":0.236400961875916,"z":0,"font":0,"fontSize":48}},"p15":{"x":-1.99204897880554,"y":-0.229416131973267,"z":0,"tension":0,"bias":0,"continuity":0,"index":15,"pointType":5,"word":"","text":{"x":-1.49204897880554,"y":-0.229416131973267,"z":0,"font":0,"fontSize":48}},"p16":{"x":-0.562628746032715,"y":0.674817323684692,"z":0,"tension":0,"bias":0,"continuity":0,"index":16,"pointType":5,"word":"","text":{"x":-0.0626287460327148,"y":0.674817323684692,"z":0,"font":0,"fontSize":48}},"p17":{"x":0.0127911567687988,"y":0.651983261108398,"z":0,"tension":0,"bias":0,"continuity":0,"index":17,"pointType":6,"word":"","text":{"x":0.512791156768799,"y":0.651983261108398,"z":0,"font":0,"fontSize":48}},"p18":{"x":-0.0511431694030762,"y":-0.0147747993469238,"z":0,"tension":0,"bias":0,"continuity":0,"index":18,"pointType":2,"word":"","text":{"x":0.448856830596924,"y":-0.0147747993469238,"z":0,"font":0,"fontSize":48}},"p19":{"x":-0.617430925369263,"y":0.145064473152161,"z":0,"tension":0,"bias":0,"continuity":0,"index":19,"pointType":2,"word":"","text":{"x":-0.117430925369263,"y":0.145064473152161,"z":0,"font":0,"fontSize":48}},"p20":{"x":-1.35726070404053,"y":-0.106111526489258,"z":0,"tension":-1,"bias":0,"continuity":0,"index":20,"pointType":2,"word":"","text":{"x":-0.857260704040527,"y":-0.106111526489258,"z":0,"font":0,"fontSize":48}},"p21":{"x":-1.16545248031616,"y":0.181598901748657,"z":0,"tension":0,"bias":0,"continuity":0,"index":21,"pointType":2,"word":"","text":{"x":-0.665452480316162,"y":0.181598901748657,"z":0,"font":0,"fontSize":48}},"p22":{"x":-0.738922119140625,"y":0.376337766647339,"z":0,"tension":0,"bias":0,"continuity":0,"index":22,"pointType":2,"word":"","text":{"x":-0.238922119140625,"y":0.376337766647339,"z":0,"font":0,"fontSize":48}},"p23":{"x":-0.470206499099731,"y":0.365354418754578,"z":0,"tension":0,"bias":0,"continuity":0,"index":23,"pointType":2,"word":"","text":{"x":0.0297935009002686,"y":0.365354418754578,"z":0,"font":0,"fontSize":48}},"p24":{"x":-0.0146069526672363,"y":-0.092411994934082,"z":0,"tension":0,"bias":0,"continuity":0,"index":24,"pointType":2,"word":"","text":{"x":0.485393047332764,"y":-0.092411994934082,"z":0,"font":0,"fontSize":48}},"p25":{"x":-0.329723834991455,"y":-1.38938927650452,"z":0,"tension":0,"bias":0,"continuity":0,"index":25,"pointType":2,"word":"","text":{"x":0.170276165008545,"y":-1.38938927650452,"z":0,"font":0,"fontSize":48}},"p26":{"x":0.0402016639709473,"y":-1.92251205444336,"z":0,"tension":0,"bias":0,"continuity":0,"index":26,"pointType":7,"word":"","text":{"x":0.540201663970947,"y":-1.92251205444336,"z":0,"font":0,"fontSize":48}},"splineCount":5,"unlockType":0,"speed":1,"time":1,"laps":1,"startSpeed":1.54999995231628,"text":"","forceOrder":false,"camera":{"x":0,"y":0,"setPos":false,"fixCam":true,"fov":92},"spline0":{"order":0,"closed":false,"numPoints":5,"type":0,"lineTexture":0,"lineWidth":1,"bidirectional":true,"speed":0,"points":{"p0":0,"p1":1,"p2":2,"p3":3,"p4":4}},"spline1":{"order":1,"closed":false,"numPoints":6,"type":0,"lineTexture":3,"lineWidth":1,"bidirectional":true,"speed":0,"points":{"p0":5,"p1":6,"p2":7,"p3":8,"p4":9,"p5":15}},"spline2":{"order":2,"closed":false,"numPoints":6,"type":0,"lineTexture":1,"lineWidth":1,"bidirectional":true,"speed":0,"points":{"p0":10,"p1":11,"p2":12,"p3":13,"p4":14,"p5":16}},"spline3":{"order":3,"closed":false,"numPoints":7,"type":0,"lineTexture":5,"lineWidth":1,"bidirectional":true,"speed":0,"points":{"p0":17,"p1":18,"p2":19,"p3":20,"p4":21,"p5":22,"p6":23}},"spline4":{"order":4,"closed":false,"numPoints":4,"type":0,"lineTexture":0,"lineWidth":1,"bidirectional":true,"speed":0,"points":{"p0":23,"p1":24,"p2":25,"p3":26}}}