{"name":"SurveyRotated","pointCount":28,"p0":{"x":-1.02992081642151,"y":-2.65245819091797,"z":-0.391671240329742,"tension":-0.65999972820282,"bias":0,"continuity":0,"index":0,"pointType":6,"word":"","text":{"x":-0.529920816421509,"y":-2.65245819091797,"z":-0.391671240329742,"font":0,"fontSize":48}},"p1":{"x":-1.64392256736755,"y":-1.55261278152466,"z":0.531177401542664,"tension":-0.65999972820282,"bias":0,"continuity":0,"index":1,"pointType":2,"word":"","text":{"x":-1.14392256736755,"y":-1.55261278152466,"z":0.531177401542664,"font":0,"fontSize":48}},"p2":{"x":-1.11675262451172,"y":-0.446326732635498,"z":-0.436578035354614,"tension":-0.65999972820282,"bias":0,"continuity":0,"index":2,"pointType":2,"word":"","text":{"x":-0.616752624511719,"y":-0.446326732635498,"z":-0.436578035354614,"font":0,"fontSize":48}},"p3":{"x":-0.502769231796265,"y":-1.5461802482605,"z":-1.35941243171692,"tension":-0.65999972820282,"bias":0,"continuity":0,"index":3,"pointType":5,"word":"","text":{"x":-0.00276923179626465,"y":-1.5461802482605,"z":-1.35941243171692,"font":0,"fontSize":48}},"p4":{"x":-0.273357391357422,"y":-2.32408142089844,"z":0.0575683452188969,"tension":-0.65999972820282,"bias":0,"continuity":0,"index":4,"pointType":6,"word":"","text":{"x":0.226642608642578,"y":-2.32408142089844,"z":0.0575683452188969,"font":0,"fontSize":48}},"p5":{"x":-0.719894886016846,"y":-1.52420687675476,"z":0.728720963001251,"tension":-0.65999972820282,"bias":0,"continuity":0,"index":5,"pointType":2,"word":"","text":{"x":-0.219894886016846,"y":-1.52420687675476,"z":0.728720963001251,"font":0,"fontSize":48}},"p6":{"x":-0.336505889892578,"y":-0.719651699066162,"z":0.0249057207256556,"tension":-0.65999972820282,"bias":0,"continuity":0,"index":6,"pointType":2,"word":"","text":{"x":0.163494110107422,"y":-0.719651699066162,"z":0.0249057207256556,"font":0,"fontSize":48}},"p7":{"x":0.110024213790894,"y":-1.51952958106995,"z":-0.646238327026367,"tension":-0.65999972820282,"bias":0,"continuity":0,"index":7,"pointType":5,"word":"","text":{"x":0.610024213790894,"y":-1.51952958106995,"z":-0.646238327026367,"font":0,"fontSize":48}},"p8":{"x":-0.787139892578125,"y":-2.52009105682373,"z":-0.246707126498222,"tension":-0.65999972820282,"bias":0,"continuity":0,"index":8,"pointType":6,"word":"","text":{"x":-0.287139892578125,"y":-2.52009105682373,"z":-0.246707126498222,"font":0,"fontSize":48}},"p9":{"x":-1.33238196372986,"y":-1.54340600967407,"z":0.572806477546692,"tension":-0.65999972820282,"bias":0,"continuity":0,"index":9,"pointType":2,"word":"","text":{"x":-0.832381963729858,"y":-1.54340600967407,"z":0.572806477546692,"font":0,"fontSize":48}},"p10":{"x":-0.864246845245361,"y":-0.561002969741821,"z":-0.286581248044968,"tension":-0.65999972820282,"bias":0,"continuity":0,"index":10,"pointType":2,"word":"","text":{"x":-0.364246845245361,"y":-0.561002969741821,"z":-0.286581248044968,"font":0,"fontSize":48}},"p11":{"x":-0.319015502929688,"y":-1.53769087791443,"z":-1.10608291625977,"tension":-0.65999972820282,"bias":0,"continuity":0,"index":11,"pointType":5,"word":"","text":{"x":0.180984497070313,"y":-1.53769087791443,"z":-1.10608291625977,"font":0,"fontSize":48}},"p12":{"x":-0.501926898956299,"y":-2.4383544921875,"z":-0.0771145820617676,"tension":-0.65999972820282,"bias":0,"continuity":0,"index":12,"pointType":6,"word":"","text":{"x":-0.00192689895629883,"y":-2.4383544921875,"z":-0.0771145820617676,"font":0,"fontSize":48}},"p13":{"x":-1.00741004943848,"y":-1.53289031982422,"z":0.682635903358459,"tension":-0.65999972820282,"bias":0,"continuity":0,"index":13,"pointType":2,"word":"","text":{"x":-0.507410049438477,"y":-1.53289031982422,"z":0.682635903358459,"font":0,"fontSize":48}},"p14":{"x":-0.573412179946899,"y":-0.62212610244751,"z":-0.114089667797089,"tension":-0.65999972820282,"bias":0,"continuity":0,"index":14,"pointType":2,"word":"","text":{"x":-0.0734121799468994,"y":-0.62212610244751,"z":-0.114089667797089,"font":0,"fontSize":48}},"p15":{"x":-0.0679404735565186,"y":-1.5275936126709,"z":-0.873825967311859,"tension":-0.65999972820282,"bias":0,"continuity":0,"index":15,"pointType":5,"word":"","text":{"x":0.432059526443481,"y":-1.5275936126709,"z":-0.873825967311859,"font":0,"fontSize":48}},"p16":{"x":-0.0731041431427002,"y":-2.16930103302002,"z":0.167135134339333,"tension":-0.65999972820282,"bias":0,"continuity":0,"index":16,"pointType":6,"word":"","text":{"x":0.4268958568573,"y":-2.16930103302002,"z":0.167135134339333,"font":0,"fontSize":48}},"p17":{"x":-0.437777519226074,"y":-1.51607227325439,"z":0.715246379375458,"tension":-0.65999972820282,"bias":0,"continuity":0,"index":17,"pointType":2,"word":"","text":{"x":0.0622224807739258,"y":-1.51607227325439,"z":0.715246379375458,"font":0,"fontSize":48}},"p18":{"x":-0.124672889709473,"y":-0.859014987945557,"z":0.140467464923859,"tension":-0.65999972820282,"bias":0,"continuity":0,"index":18,"pointType":2,"word":"","text":{"x":0.375327110290527,"y":-0.859014987945557,"z":0.140467464923859,"font":0,"fontSize":48}},"p19":{"x":0.239996433258057,"y":-1.51225090026855,"z":-0.407637685537338,"tension":-0.65999972820282,"bias":0,"continuity":0,"index":19,"pointType":5,"word":"","text":{"x":0.739996433258057,"y":-1.51225090026855,"z":-0.407637685537338,"font":0,"fontSize":48}},"p20":{"x":0.112155675888062,"y":-2.0812726020813,"z":0.275431990623474,"tension":-0.65999972820282,"bias":0,"continuity":0,"index":20,"pointType":6,"word":"","text":{"x":0.612155675888062,"y":-2.0812726020813,"z":0.275431990623474,"font":0,"fontSize":48}},"p21":{"x":-0.20730447769165,"y":-1.50902557373047,"z":0.755594432353973,"tension":-0.65999972820282,"bias":0,"continuity":0,"index":21,"pointType":2,"word":"","text":{"x":0.29269552230835,"y":-1.50902557373047,"z":0.755594432353973,"font":0,"fontSize":48}},"p22":{"x":0.0669808387756348,"y":-0.933422565460205,"z":0.252070546150208,"tension":-0.65999972820282,"bias":0,"continuity":0,"index":22,"pointType":2,"word":"","text":{"x":0.566980838775635,"y":-0.933422565460205,"z":0.252070546150208,"font":0,"fontSize":48}},"p23":{"x":0.386439323425293,"y":-1.50567889213562,"z":-0.228082165122032,"tension":-0.65999972820282,"bias":0,"continuity":0,"index":23,"pointType":5,"word":"","text":{"x":0.886439323425293,"y":-1.50567889213562,"z":-0.228082165122032,"font":0,"fontSize":48}},"p24":{"x":0.334563493728638,"y":-1.96865081787109,"z":0.390172600746155,"tension":-0.65999972820282,"bias":0,"continuity":0,"index":24,"pointType":6,"word":"","text":{"x":0.834563493728638,"y":-1.96865081787109,"z":0.390172600746155,"font":0,"fontSize":48}},"p25":{"x":0.0729467868804932,"y":-1.50001907348633,"z":0.783394873142242,"tension":-0.65999972820282,"bias":0,"continuity":0,"index":25,"pointType":2,"word":"","text":{"x":0.572946786880493,"y":-1.50001907348633,"z":0.783394873142242,"font":0,"fontSize":48}},"p26":{"x":0.297571182250977,"y":-1.02863574028015,"z":0.371040254831314,"tension":-0.65999972820282,"bias":0,"continuity":0,"index":26,"pointType":2,"word":"","text":{"x":0.797571182250977,"y":-1.02863574028015,"z":0.371040254831314,"font":0,"fontSize":48}},"p27":{"x":0.559188365936279,"y":-1.49727559089661,"z":-0.0221779197454453,"tension":-0.65999972820282,"bias":0,"continuity":0,"index":27,"pointType":5,"word":"","text":{"x":1.05918836593628,"y":-1.49727559089661,"z":-0.0221779197454453,"font":0,"fontSize":48}},"splineCount":7,"unlockType":0,"speed":1,"time":1,"laps":1,"startSpeed":3.25,"text":"","title":"","forceOrder":true,"camera":{"lockX":false,"lockY":true,"lockZ":true,"x":-1.65578770637512,"y":-1.55266547203064,"z":-2.11651372909546,"setPos":true,"fixCam":true,"fov":105},"spline0":{"order":0,"closed":true,"numPoints":4,"type":0,"lineTexture":3,"lineWidth":1,"bidirectional":false,"speed":1,"points":{"p0":0,"p1":1,"p2":2,"p3":3}},"spline1":{"order":1,"closed":true,"numPoints":4,"type":0,"lineTexture":3,"lineWidth":1,"bidirectional":false,"speed":1,"points":{"p0":8,"p1":9,"p2":10,"p3":11}},"spline2":{"order":2,"closed":true,"numPoints":4,"type":0,"lineTexture":3,