{"name":"SurveyRotated","pointCount":28,"p0":{"x":-1.0536572933197,"y":-1.94198346138,"z":-1.08009505271912,"tension":-0.65999972820282,"bias":0,"continuity":0,"index":0,"pointType":6,"word":"","text":{"x":-0.553657293319702,"y":-1.94198346138,"z":-1.08009505271912,"font":0,"fontSize":48}},"p1":{"x":-1.48893702030182,"y":-1.21136879920959,"z":0.229501321911812,"tension":-0.65999972820282,"bias":0,"continuity":0,"index":1,"pointType":2,"word":"","text":{"x":-0.988937020301819,"y":-1.21136879920959,"z":0.229501321911812,"font":0,"fontSize":48}},"p2":{"x":-0.206488609313965,"y":-0.323197364807129,"z":0.160229578614235,"tension":-0.65999972820282,"bias":0,"continuity":0,"index":2,"pointType":2,"word":"","text":{"x":0.293511390686035,"y":-0.323197364807129,"z":0.160229578614235,"font":0,"fontSize":48}},"p3":{"x":0.228777647018433,"y":-1.05381536483765,"z":-1.14936363697052,"tension":-0.65999972820282,"bias":0,"continuity":0,"index":3,"pointType":5,"word":"","text":{"x":0.728777647018433,"y":-1.05381536483765,"z":-1.14936363697052,"font":0,"fontSize":48}},"p4":{"x":-0.492257595062256,"y":-2.33387613296509,"z":-0.437219947576523,"tension":-0.65999972820282,"bias":0,"continuity":0,"index":4,"pointType":6,"word":"","text":{"x":0.00774240493774414,"y":-2.33387613296509,"z":-0.437219947576523,"font":0,"fontSize":48}},"p5":{"x":-0.8088219165802,"y":-1.80253100395203,"z":0.515198349952698,"tension":-0.65999972820282,"bias":0,"continuity":0,"index":5,"pointType":2,"word":"","text":{"x":-0.3088219165802,"y":-1.80253100395203,"z":0.515198349952698,"font":0,"fontSize":48}},"p6":{"x":0.123853921890259,"y":-1.15659880638123,"z":0.464816272258759,"tension":-0.65999972820282,"bias":0,"continuity":0,"index":6,"pointType":2,"word":"","text":{"x":0.623853921890259,"y":-1.15659880638123,"z":0.464816272258759,"font":0,"fontSize":48}},"p7":{"x":0.44040584564209,"y":-1.68794918060303,"z":-0.487595766782761,"tension":-0.65999972820282,"bias":0,"continuity":0,"index":7,"pointType":5,"word":"","text":{"x":0.94040584564209,"y":-1.68794918060303,"z":-0.487595766782761,"font":0,"fontSize":48}},"p8":{"x":-0.862841606140137,"y":-2.04912090301514,"z":-0.857406497001648,"tension":-0.65999972820282,"bias":0,"continuity":0,"index":8,"pointType":6,"word":"","text":{"x":-0.362841606140137,"y":-2.04912090301514,"z":-0.857406497001648,"font":0,"fontSize":48}},"p9":{"x":-1.24938154220581,"y":-1.40032148361206,"z":0.305544942617416,"tension":-0.65999972820282,"bias":0,"continuity":0,"index":9,"pointType":2,"word":"","text":{"x":-0.749381542205811,"y":-1.40032148361206,"z":0.305544942617416,"font":0,"fontSize":48}},"p10":{"x":-0.110538482666016,"y":-0.611605167388916,"z":0.24402891099453,"tension":-0.65999972820282,"bias":0,"continuity":0,"index":10,"pointType":2,"word":"","text":{"x":0.389461517333984,"y":-0.611605167388916,"z":0.24402891099453,"font":0,"fontSize":48}},"p11":{"x":0.275988101959229,"y":-1.26040649414063,"z":-0.918916761875153,"tension":-0.65999972820282,"bias":0,"continuity":0,"index":11,"pointType":5,"word":"","text":{"x":0.775988101959229,"y":-1.26040649414063,"z":-0.918916761875153,"font":0,"fontSize":48}},"p12":{"x":-0.668437480926514,"y":-2.2265100479126,"z":-0.639395236968994,"tension":-0.65999972820282,"bias":0,"continuity":0,"index":12,"pointType":6,"word":"","text":{"x":-0.168437480926514,"y":-2.2265100479126,"z":-0.639395236968994,"font":0,"fontSize":48}},"p13":{"x":-1.02678823471069,"y":-1.6250205039978,"z":0.438749402761459,"tension":-0.65999972820282,"bias":0,"continuity":0,"index":13,"pointType":2,"word":"","text":{"x":-0.526788234710693,"y":-1.6250205039978,"z":0.438749402761459,"font":0,"fontSize":48}},"p14":{"x":0.0290069580078125,"y":-0.893817901611328,"z":0.381717562675476,"tension":-0.65999972820282,"bias":0,"continuity":0,"index":14,"pointType":2,"word":"","text":{"x":0.529006958007813,"y":-0.893817901611328,"z":0.381717562675476,"font":0,"fontSize":48}},"p15":{"x":0.387347459793091,"y":-1.49530696868896,"z":-0.696425974369049,"tension":-0.65999972820282,"bias":0,"continuity":0,"index":15,"pointType":5,"word":"","text":{"x":0.887347459793091,"y":-1.49530696868896,"z":-0.696425974369049,"font":0,"fontSize":48}},"p16":{"x":-0.312119960784912,"y":-2.3859543800354,"z":-0.234979331493378,"tension":-0.65999972820282,"bias":0,"continuity":0,"index":16,"pointType":6,"word":"","text":{"x":0.187880039215088,"y":-2.3859543800354,"z":-0.234979331493378,"font":0,"fontSize":48}},"p17":{"x":-0.570645093917847,"y":-1.95202136039734,"z":0.542828679084778,"tension":-0.65999972820282,"bias":0,"continuity":0,"index":17,"pointType":2,"word":"","text":{"x":-0.0706450939178467,"y":-1.95202136039734,"z":0.542828679084778,"font":0,"fontSize":48}},"p18":{"x":0.191042900085449,"y":-1.42450928688049,"z":0.501687824726105,"tension":-0.65999972820282,"bias":0,"continuity":0,"index":18,"pointType":2,"word":"","text":{"x":0.691042900085449,"y":-1.42450928688049,"z":0.501687824726105,"font":0,"fontSize":48}},"p19":{"x":0.449561834335327,"y":-1.85844707489014,"z":-0.27612179517746,"tension":-0.65999972820282,"bias":0,"continuity":0,"index":19,"pointType":5,"word":"","text":{"x":0.949561834335327,"y":-1.85844707489014,"z":-0.27612179517746,"font":0,"fontSize":48}},"p20":{"x":-0.170834302902222,"y":-2.47583484649658,"z":-0.0744885355234146,"tension":-0.65999972820282,"bias":0,"continuity":0,"index":20,"pointType":6,"word":"","text":{"x":0.329165697097778,"y":-2.47583484649658,"z":-0.0744885355234146,"font":0,"fontSize":48}},"p21":{"x":-0.397308349609375,"y":-2.09569835662842,"z":0.606896281242371,"tension":-0.65999972820282,"bias":0,"continuity":0,"index":21,"pointType":2,"word":"","text":{"x":0.102691650390625,"y":-2.09569835662842,"z":0.606896281242371,"font":0,"fontSize":48}},"p22":{"x":0.269951343536377,"y":-1.63358426094055,"z":0.57085382938385,"tension":-0.65999972820282,"bias":0,"continuity":0,"index":22,"pointType":2,"word":"","text":{"x":0.769951343536377,"y":-1.63358426094055,"z":0.57085382938385,"font":0,"fontSize":48}},"p23":{"x":0.496420383453369,"y":-2.01372623443604,"z":-0.110528238117695,"tension":-0.65999972820282,"bias":0,"continuity":0,"index":23,"pointType":5,"word":"","text":{"x":0.996420383453369,"y":-2.01372623443604,"z":-0.110528238117695,"font":0,"fontSize":48}},"p24":{"x":0.00797915458679199,"y":-2.57237195968628,"z":0.109964147210121,"tension":-0.65999972820282,"bias":0,"continuity":0,"index":24,"pointType":6,"word":"","text":{"x":0.507979154586792,"y":-2.57237195968628,"z":0.109964147210121,"font":0,"fontSize":48}},"p25":{"x":-0.177490711212158,"y":-2.26106548309326,"z":0.66797399520874,"tension":-0.65999972820282,"bias":0,"continuity":0,"index":25,"pointType":2,"word":"","text":{"x":0.322509288787842,"y":-2.26106548309326,"z":0.66797399520874,"font":0,"fontSize":48}},"p26":{"x":0.36895489692688,"y":-1.88262271881104,"z":0.638459086418152,"tension":-0.65999972820282,"bias":0,"continuity":0,"index":26,"pointType":2,"word":"","text":{"x":0.86895489692688,"y":-1.88262271881104,"z":0.638459086418152,"font":0,"fontSize":48}},"p27":{"x":0.554417133331299,"y":-2.19393253326416,"z":0.0804494023323059,"tension":-0.65999972820282,"bias":0,"continuity":0,"index":27,"pointType":5,"word":"","text":{"x":1.0544171333313,"y":-2.19393253326416,"z":0.0804494023323059,"font":0,"fontSize":48}},"splineCount":7,"unlockType":0,"speed":1,"time":1,"laps":1,"startSpeed":3.25,"text":"","title":"","forceOrder":true,"camera":{"x":-0.376033067703247,"y":-1.51124691963196,"setPos":true,"fixCam":true,"fov":81},"spline0":{"order":0,"closed":true,"numPoints":4,"type":0,"lineTexture":3,"lineWidth":1,"bidirectional":false,"speed":1,"points":{"p0":0,"p1":1,"p2":2,"p3":3}},"spline1":{"order":1,"closed":true,"numPoints":4,"type":0,"lineTexture":3,"lineWidth":1,"bidirectional":false,"speed":1,"points":{"p0":8,"p1":9,"p2":10,"p3":11}},"spline2":{"order":2,"closed":true,"numPoints":4,"type":0,"lineTexture":3,"lineWidth":1,"bidirectional":false,"speed":1,"points":{"p0":12,"p1":13,"p2":14,"p3":15}},