{"name":"SurveyInferno","pointCount":55,"p0":{"x":-0.308284282684326,"y":0.00243139266967773,"z":0.503553807735443,"tension":2.38418579101563E-07,"bias":0.720001101493835,"continuity":0,"index":0,"pointType":0,"word":"with its pleasant geometry,","text":{"x":-0.295616388320923,"y":0.00019371509552002,"z":-0.420612573623657,"font":1,"fontSize":48}},"p1":{"x":-0.753219127655029,"y":-0.0274167060852051,"z":0.277062714099884,"tension":-0.339999794960022,"bias":-0.0999990701675415,"continuity":0,"index":1,"pointType":2,"word":"","text":{"x":-0.253219127655029,"y":-0.0274167060852051,"z":0.277062714099884,"font":0,"fontSize":48}},"p2":{"x":-0.786848545074463,"y":-0.0848574638366699,"z":-0.218487098813057,"tension":-0.339999794960022,"bias":0,"continuity":0,"index":2,"pointType":2,"word":"","text":{"x":-0.286848545074463,"y":-0.0848574638366699,"z":-0.218487098813057,"font":0,"fontSize":48}},"p3":{"x":-0.376561164855957,"y":-0.116906642913818,"z":-0.50245064496994,"tension":-0.339999794960022,"bias":0,"continuity":0,"index":3,"pointType":2,"word":"","text":{"x":0.123438835144043,"y":-0.116906642913818,"z":-0.50245064496994,"font":0,"fontSize":48}},"p4":{"x":0.0797014236450195,"y":-0.0924744606018066,"z":-0.299402952194214,"tension":-0.339999794960022,"bias":0,"continuity":0,"index":4,"pointType":2,"word":"","text":{"x":0.57970142364502,"y":-0.0924744606018066,"z":-0.299402952194214,"font":0,"fontSize":48}},"p5":{"x":0.139396190643311,"y":-0.0352602005004883,"z":0.193711653351784,"tension":-0.339999794960022,"bias":0,"continuity":0,"index":5,"pointType":2,"word":"","text":{"x":0.639396190643311,"y":-0.0352602005004883,"z":0.193711653351784,"font":0,"fontSize":48}},"p6":{"x":-0.166236639022827,"y":-0.000757932662963867,"z":0.498613148927689,"tension":1,"bias":-0.199999094009399,"continuity":0,"index":6,"pointType":0,"word":"","text":{"x":0.333763360977173,"y":-0.000757932662963867,"z":0.498613148927689,"font":0,"fontSize":48}},"p7":{"x":-0.326428413391113,"y":0.499286890029907,"z":0,"tension":0,"bias":0,"continuity":0,"index":7,"pointType":6,"word":"there was Dante's Inferno","text":{"x":-0.582543134689331,"y":0.556808948516846,"z":-0.420612573623657,"font":1,"fontSize":48}},"p8":{"x":-0.286864280700684,"y":0.292459487915039,"z":0,"tension":0,"bias":0,"continuity":0,"index":8,"pointType":2,"word":"","text":{"x":0.213135719299316,"y":0.292459487915039,"z":0,"font":0,"fontSize":48}},"p9":{"x":-0.37897777557373,"y":0.122428059577942,"z":0,"tension":0,"bias":0,"continuity":0,"index":9,"pointType":2,"word":"","text":{"x":0.12102222442627,"y":0.122428059577942,"z":0,"font":0,"fontSize":48}},"p10":{"x":-0.763338565826416,"y":-0.267957448959351,"z":0.252019703388214,"tension":2.38418579101563E-07,"bias":0.720001101493835,"continuity":0,"index":10,"pointType":0,"word":"all star cast,","text":{"x":-0.849485635757446,"y":-0.18532919883728,"z":-0.420612573623657,"font":1,"fontSize":48}},"p11":{"x":-0.771525859832764,"y":-0.29876184463501,"z":-0.247120171785355,"tension":-0.339999794960022,"bias":-0.0999990701675415,"continuity":0,"index":11,"pointType":2,"word":"","text":{"x":-0.271525859832764,"y":-0.29876184463501,"z":-0.247120171785355,"font":0,"fontSize":48}},"p12":{"x":-0.347348690032959,"y":-0.314602851867676,"z":-0.511370301246643,"tension":-0.339999794960022,"bias":0,"continuity":0,"index":12,"pointType":2,"word":"","text":{"x":0.152651309967041,"y":-0.314602851867676,"z":-0.511370301246643,"font":0,"fontSize":48}},"p13":{"x":0.098020076751709,"y":-0.302839517593384,"z":-0.284432888031006,"tension":-0.339999794960022,"bias":0,"continuity":0,"index":13,"pointType":2,"word":"","text":{"x":0.598020076751709,"y":-0.302839517593384,"z":-0.284432888031006,"font":0,"fontSize":48}},"p14":{"x":0.132622718811035,"y":-0.274871349334717,"z":0.213585168123245,"tension":-0.339999794960022,"bias":0,"continuity":0,"index":14,"pointType":2,"word":"","text":{"x":0.632622718811035,"y":-0.274871349334717,"z":0.213585168123245,"font":0,"fontSize":48}},"p15":{"x":-0.277112483978271,"y":-0.257831335067749,"z":0.499639570713043,"tension":-0.339999794960022,"bias":0,"continuity":0,"index":15,"pointType":2,"word":"","text":{"x":0.222887516021729,"y":-0.257831335067749,"z":0.499639570713043,"font":0,"fontSize":48}},"p16":{"x":-0.69089937210083,"y":-0.26401424407959,"z":0.376426577568054,"tension":0.960001111030579,"bias":-0.199999094009399,"continuity":0,"index":16,"pointType":0,"word":"","text":{"x":-0.19089937210083,"y":-0.26401424407959,"z":0.376426577568054,"font":0,"fontSize":48}},"p17":{"x":-0.0421628952026367,"y":-0.510172605514526,"z":0.437298178672791,"tension":2.38418579101563E-07,"bias":0.720001101493835,"continuity":0,"index":17,"pointType":0,"word":"","text":{"x":0.457837104797363,"y":-0.510172605514526,"z":0.437298178672791,"font":0,"fontSize":48}},"p18":{"x":-0.541876316070557,"y":-0.512330532073975,"z":0.458261072635651,"tension":-0.339999794960022,"bias":-0.0999990701675415,"continuity":0,"index":18,"pointType":2,"word":"","text":{"x":-0.0418763160705566,"y":-0.512330532073975,"z":0.458261072635651,"font":0,"fontSize":48}},"p19":{"x":-0.817368507385254,"y":-0.509128093719482,"z":0.0410142093896866,"tension":-0.339999794960022,"bias":0,"continuity":0,"index":19,"pointType":2,"word":"","text":{"x":-0.317368507385254,"y":-0.509128093719482,"z":0.0410142093896866,"font":0,"fontSize":48}},"p20":{"x":-0.601604461669922,"y":-0.506381750106812,"z":-0.410022288560867,"tension":-0.339999794960022,"bias":0,"continuity":0,"index":20,"pointType":2,"word":"","text":{"x":-0.101604461669922,"y":-0.506381750106812,"z":-0.410022288560867,"font":0,"fontSize":48}},"p21":{"x":-0.103850364685059,"y":-0.506747961044312,"z":-0.457384139299393,"tension":-0.339999794960022,"bias":0,"continuity":0,"index":21,"pointType":2,"word":"","text":{"x":0.396149635314941,"y":-0.506747961044312,"z":-0.457384139299393,"font":0,"fontSize":48}},"p22":{"x":0.193102836608887,"y":-0.50987720489502,"z":-0.0551295951008797,"tension":-0.339999794960022,"bias":0,"continuity":0,"index":22,"pointType":2,"word":"","text":{"x":0.693102836608887,"y":-0.50987720489502,"z":-0.0551295951008797,"font":0,"fontSize":48}},"p23":{"x":0.0803699493408203,"y":-0.512720823287964,"z":0.361670196056366,"tension":0.960001111030579,"bias":-0.199999094009399,"continuity":0,"index":23,"pointType":0,"word":"and their litany of\r\nmoral failures.","text":{"x":0.108040809631348,"y":-0.400400876998901,"z":-0.420612573623657,"font":1,"fontSize":48}},"p24":{"x":0.216476917266846,"y":-0.575448274612427,"z":0.0110804075375199,"tension":-0.339999794960022,"bias":0,"continuity":0,"index":24,"pointType":2,"word":"","text":{"x":0.716476917266846,"y":-0.575448274612427,"z":0.0110804075375199,"font":0,"fontSize":48}},"p25":{"x":-0.00461387634277344,"y":-0.707115888595581,"z":-0.429936408996582,"tension":-0.339999794960022,"bias":-0.0999990701675415,"continuity":0,"index":25,"pointType":2,"word":"","text":{"x":0.495386123657227,"y":-0.707115888595581,"z":-0.429936408996582,"font":0,"fontSize":48}},"p26":{"x":-0.67560338973999,"y":-0.750998258590698,"z":-0.391497611999512,"tension":0.960001111030579,"bias":-0.199999094009399,"continuity":0,"index":26,"pointType":0,"word":"All circling the drain","text":{"x":-0.75196361541748,"y":-0.883333921432495,"z":-0.420612573623657,"font":1,"fontSize":48}},"p27":{"x":-0.826517581939697,"y":-0.752917528152466,"z":0.0130525808781385,"tension":-0.339999794960022,"bias":0,"continuity":0,"index":27,"pointType":2,"word":"","text":{"x":-0.326517581939697,"y":-0.752917528152466,"z":0.0130525808781385,"font":0,"fontSize":48}},"p28":{"x":-0.568264007568359,"y":-0.745648622512817,"z":0.441131204366684,"tension":-0.339999794960022,"bias":0,"continuity":0,"index":28,"pointType":2,"word":"","text":{"x":-0.0682640075683594,"y":-0.745648622512817,"z":0.441131204366684,"font":0,"fontSize":48}},"p29":{"x":-0.0683932304382324,"y":-0.734301328659058,"z":0.440160006284714,"tension":-0.339999794960022,"bias":0,"continuity":0,"index":29,