{"name":"Survey1","pointCount":21,"p0":{"x":-1.30560755729675,"y":-0.875099420547485,"z":0.0606688596308231,"tension":-0.65999972820282,"bias":0,"continuity":0,"index":0,"pointType":6,"word":"","text":{"x":-0.805607557296753,"y":-0.875099420547485,"z":0.0606688596308231,"font":0,"fontSize":48}},"p1":{"x":-0.152738571166992,"y":-0.851306915283203,"z":0.422268122434616,"tension":-0.65999972820282,"bias":0,"continuity":0,"index":1,"pointType":2,"word":"","text":{"x":0.347261428833008,"y":-0.851306915283203,"z":0.422268122434616,"font":0,"fontSize":48}},"p2":{"x":0.899120807647705,"y":-0.908233404159546,"z":-0.0606702715158463,"tension":-0.65999972820282,"bias":0,"continuity":0,"index":2,"pointType":5,"word":"","text":{"x":1.39912080764771,"y":-0.908233404159546,"z":-0.0606702715158463,"font":0,"fontSize":48}},"p3":{"x":-1.01105546951294,"y":-1.77832961082459,"z":0.0441219918429852,"tension":-0.65999972820282,"bias":0,"continuity":0,"index":3,"pointType":6,"word":"","text":{"x":-0.511055469512939,"y":-1.77832961082459,"z":0.0441219918429852,"font":0,"fontSize":48}},"p4":{"x":-0.175454616546631,"y":-1.74882674217224,"z":0.121605113148689,"tension":-0.65999972820282,"bias":0,"continuity":0,"index":4,"pointType":2,"word":"","text":{"x":0.324545383453369,"y":-1.74882674217224,"z":0.121605113148689,"font":0,"fontSize":48}},"p5":{"x":0.592354297637939,"y":-1.79731464385986,"z":-0.0441230162978172,"tension":-0.65999972820282,"bias":0,"continuity":0,"index":5,"pointType":5,"word":"","text":{"x":1.09235429763794,"y":-1.79731464385986,"z":-0.0441230162978172,"font":0,"fontSize":48}},"p6":{"x":-1.18476486206055,"y":-1.16530895233154,"z":0.0538752898573875,"tension":-0.65999972820282,"bias":0,"continuity":0,"index":6,"pointType":6,"word":"","text":{"x":-0.684764862060547,"y":-1.16530895233154,"z":0.0538752898573875,"font":0,"fontSize":48}},"p7":{"x":-0.162155151367188,"y":-1.14127087593079,"z":0.29882624745369,"tension":-0.65999972820282,"bias":0,"continuity":0,"index":7,"pointType":2,"word":"","text":{"x":0.337844848632813,"y":-1.14127087593079,"z":0.29882624745369,"font":0,"fontSize":48}},"p8":{"x":0.773082733154297,"y":-1.19473266601563,"z":-0.0538765415549278,"tension":-0.65999972820282,"bias":0,"continuity":0,"index":8,"pointType":5,"word":"","text":{"x":1.2730827331543,"y":-1.19473266601563,"z":-0.0538765415549278,"font":0,"fontSize":48}},"p9":{"x":-1.11597537994385,"y":-1.50662469863892,"z":0.0499464794993401,"tension":-0.65999972820282,"bias":0,"continuity":0,"index":9,"pointType":6,"word":"","text":{"x":-0.615975379943848,"y":-1.50662469863892,"z":0.0499464794993401,"font":0,"fontSize":48}},"p10":{"x":-0.16869592666626,"y":-1.47733330726624,"z":0.227438360452652,"tension":-0.65999972820282,"bias":0,"continuity":0,"index":10,"pointType":2,"word":"","text":{"x":0.33130407333374,"y":-1.47733330726624,"z":0.227438360452652,"font":0,"fontSize":48}},"p11":{"x":0.699098110198975,"y":-1.5287914276123,"z":-0.0499476380646229,"tension":-0.65999972820282,"bias":0,"continuity":0,"index":11,"pointType":5,"word":"","text":{"x":1.19909811019897,"y":-1.5287914276123,"z":-0.0499476380646229,"font":0,"fontSize":48}},"p12":{"x":-0.85746431350708,"y":-2.01024627685547,"z":0.0360331274569035,"tension":-0.65999972820282,"bias":0,"continuity":0,"index":12,"pointType":6,"word":"","text":{"x":-0.35746431350708,"y":-2.01024627685547,"z":0.0360331274569035,"font":0,"fontSize":48}},"p13":{"x":-0.176958560943604,"y":-1.98556423187256,"z":-0.0253725945949554,"tension":-0.65999972820282,"bias":0,"continuity":0,"index":13,"pointType":2,"word":"","text":{"x":0.323041439056396,"y":-1.98556423187256,"z":-0.0253725945949554,"font":0,"fontSize":48}},"p14":{"x":0.451992750167847,"y":-2.02992725372314,"z":-0.0360339656472206,"tension":-0.65999972820282,"bias":0,"continuity":0,"index":14,"pointType":5,"word":"","text":{"x":0.951992750167847,"y":-2.02992725372314,"z":-0.0360339656472206,"font":0,"fontSize":48}},"p15":{"x":-0.776296138763428,"y":-2.22975826263428,"z":0.0315660163760185,"tension":-0.65999972820282,"bias":0,"continuity":0,"index":15,"pointType":6,"word":"","text":{"x":-0.276296138763428,"y":-2.22975826263428,"z":0.0315660163760185,"font":0,"fontSize":48}},"p16":{"x":-0.181442260742188,"y":-2.20491504669189,"z":-0.106541723012924,"tension":-0.65999972820282,"bias":0,"continuity":0,"index":16,"pointType":2,"word":"","text":{"x":0.318557739257813,"y":-2.20491504669189,"z":-0.106541723012924,"font":0,"fontSize":48}},"p17":{"x":0.370824575424194,"y":-2.24699974060059,"z":-0.0315667502582073,"tension":-0.65999972820282,"bias":0,"continuity":0,"index":17,"pointType":5,"word":"","text":{"x":0.870824575424194,"y":-2.24699974060059,"z":-0.0315667502582073,"font":0,"fontSize":48}},"p18":{"x":-0.659217357635498,"y":-2.48599100112915,"z":0.025850635021925,"tension":-0.65999972820282,"bias":0,"continuity":0,"index":18,"pointType":6,"word":"","text":{"x":-0.159217357635498,"y":-2.48599100112915,"z":0.025850635021925,"font":0,"fontSize":48}},"p19":{"x":-0.173949718475342,"y":-2.46094036102295,"z":-0.210392326116562,"tension":-0.65999972820282,"bias":0,"continuity":0,"index":19,"pointType":2,"word":"","text":{"x":0.326050281524658,"y":-2.46094036102295,"z":-0.210392326116562,"font":0,"fontSize":48}},"p20":{"x":0.280204296112061,"y":-2.50011014938354,"z":-0.025851234793663,"tension":-0.65999972820282,"bias":0,"continuity":0,"index":20,"pointType":5,"word":"","text":{"x":0.780204296112061,"y":-2.50011014938354,"z":-0.025851234793663,"font":0,"fontSize":48}},"splineCount":7,"unlockType":0,"speed":1,"time":1,"laps":1,"startSpeed":3.60000014305115,"text":"","title":"","forceOrder":false,"camera":{"x":-0.153321713209152,"y":-1.81770932674408,"setPos":true,"fixCam":true,"fov":61},"spline0":{"order":0,"closed":false,"numPoints":3,"type":0,"lineTexture":3,"lineWidth":1,"bidirectional":false,"speed":1,"points":{"p0":0,"p1":1,"p2":2}},"spline1":{"order":1,"closed":false,"numPoints":3,"type":0,"lineTexture":3,"lineWidth":1,"bidirectional":false,"speed":1,"points":{"p0":6,"p1":7,"p2":8}},"spline2":{"order":2,"closed":false,"numPoints":3,"type":0,"lineTexture":3,"lineWidth":1,"bidirectional":false,"speed":1,"points":{"p0":3,"p1":4,"p2":5}},"spline3":{"order":3,"closed":false,"numPoints":3,"type":0,"lineTexture":3,"lineWidth":1,"bidirectional":false,"speed":1,"points":{"p0":9,"p1":10,"p2":11}},"spline4":{"order":4,"closed":false,"numPoints":3,"type":0,"lineTexture":3,"lineWidth":1,"bidirectional":false,"speed":1,"points":{"p0":12,"p1":13,"p2":14}},"spline5":{"order":5,"closed":false,"numPoints":3,"type":0,"lineTexture":3,"lineWidth":1,"bidirectional":false,"speed":1,"points":{"p0":15,"p1":16,"p2":17}},"spline6":{"order":6,"closed":false,"numPoints":3,"type":0,"lineTexture":3,"lineWidth":1,"bidirectional":false,"speed":1,"points":{"p0":18,"p1":19,"p2":20}}}