{"name":"Time1","pointCount":18,"p0":{"x":0.237381935119629,"y":-0.310476779937744,"z":0.434451639652252,"tension":-0.759999752044678,"bias":0,"continuity":0,"index":0,"pointType":6,"word":"","text":{"x":0.737381935119629,"y":-0.310476779937744,"z":0.434451639652252,"font":0,"fontSize":48}},"p1":{"x":-0.0180742740631104,"y":0.1596839427948,"z":0.296635985374451,"tension":-0.759999752044678,"bias":0,"continuity":0,"index":1,"pointType":2,"word":"","text":{"x":0.48192572593689,"y":0.1596839427948,"z":0.296635985374451,"font":0,"fontSize":48}},"p2":{"x":-0.606348276138306,"y":-0.094221830368042,"z":-0.00352748855948448,"tension":-0.759999752044678,"bias":0,"continuity":0,"index":2,"pointType":2,"word":"","text":{"x":-0.106348276138306,"y":-0.094221830368042,"z":-0.00352748855948448,"font":0,"fontSize":48}},"p3":{"x":-0.827219724655151,"y":0.24458646774292,"z":-0.0316011346876621,"tension":-0.759999752044678,"bias":0,"continuity":0,"index":3,"pointType":2,"word":"","text":{"x":-0.327219724655151,"y":0.24458646774292,"z":-0.0316011346876621,"font":0,"fontSize":48}},"p4":{"x":-0.266171455383301,"y":0.499822616577148,"z":0.248215228319168,"tension":0,"bias":0,"continuity":0,"index":4,"pointType":1,"word":"","text":{"x":0.233828544616699,"y":0.499822616577148,"z":0.248215228319168,"font":0,"fontSize":48}},"p5":{"x":0.991003513336182,"y":1.1751469373703,"z":0.0600133240222931,"tension":0,"bias":0,"continuity":0,"index":5,"pointType":0,"word":"","text":{"x":1.49100351333618,"y":1.1751469373703,"z":0.0600133240222931,"font":0,"fontSize":48}},"p6":{"x":1.30179071426392,"y":0.840283155441284,"z":0.0600133240222931,"tension":0,"bias":0,"continuity":0,"index":6,"pointType":2,"word":"","text":{"x":1.80179071426392,"y":0.840283155441284,"z":0.0600133240222931,"font":0,"fontSize":48}},"p7":{"x":0.705207824707031,"y":0.315542221069336,"z":0.0600133240222931,"tension":0,"bias":0,"continuity":0,"index":7,"pointType":2,"word":"","text":{"x":1.20520782470703,"y":0.315542221069336,"z":0.0600133240222931,"font":0,"fontSize":48}},"p8":{"x":0.91603946685791,"y":-0.0436489582061768,"z":0.0600133240222931,"tension":0,"bias":0,"continuity":0,"index":8,"pointType":1,"word":"","text":{"x":1.41603946685791,"y":-0.0436489582061768,"z":0.0600133240222931,"font":0,"fontSize":48}},"p9":{"x":0.584963321685791,"y":1.36156523227692,"z":0.0979024171829224,"tension":0,"bias":0,"continuity":0,"index":9,"pointType":0,"word":"","text":{"x":1.08496332168579,"y":1.36156523227692,"z":0.0979024171829224,"font":0,"fontSize":48}},"p10":{"x":0.331963062286377,"y":1.10732817649841,"z":0.0979024171829224,"tension":0,"bias":0,"continuity":0,"index":10,"pointType":2,"word":"","text":{"x":0.831963062286377,"y":1.10732817649841,"z":0.0979024171829224,"font":0,"fontSize":48}},"p11":{"x":0.391309022903442,"y":0.788736939430237,"z":0.0979024171829224,"tension":0,"bias":0,"continuity":0,"index":11,"pointType":2,"word":"","text":{"x":0.891309022903442,"y":0.788736939430237,"z":0.0979024171829224,"font":0,"fontSize":48}},"p12":{"x":-0.0194211006164551,"y":0.712217807769775,"z":0.0979024171829224,"tension":0,"bias":0,"continuity":0,"index":12,"pointType":2,"word":"","text":{"x":0.480578899383545,"y":0.712217807769775,"z":0.0979024171829224,"font":0,"fontSize":48}},"p13":{"x":-0.639419078826904,"y":0.943338871002197,"z":0.0979024171829224,"tension":0,"bias":0,"continuity":0,"index":13,"pointType":7,"word":"","text":{"x":-0.139419078826904,"y":0.943338871002197,"z":0.0979024171829224,"font":0,"fontSize":48}},"p14":{"x":-1.23654985427856,"y":0.305825471878052,"z":0.0147664621472359,"tension":0,"bias":0,"continuity":0,"index":14,"pointType":0,"word":"","text":{"x":-0.736549854278564,"y":0.305825471878052,"z":0.0147664621472359,"font":0,"fontSize":48}},"p15":{"x":-1.92583382129669,"y":-0.134865999221802,"z":0.0147664621472359,"tension":0,"bias":0,"continuity":0,"index":15,"pointType":2,"word":"","text":{"x":-1.42583382129669,"y":-0.134865999221802,"z":0.0147664621472359,"font":0,"fontSize":48}},"p16":{"x":-1.09341382980347,"y":-0.79779052734375,"z":0.0147664621472359,"tension":0,"bias":0,"continuity":0,"index":16,"pointType":2,"word":"","text":{"x":-0.593413829803467,"y":-0.79779052734375,"z":0.0147664621472359,"font":0,"fontSize":48}},"p17":{"x":-0.630121231079102,"y":-0.349560260772705,"z":0.0147664621472359,"tension":0,"bias":0,"continuity":0,"index":17,"pointType":1,"word":"","text":{"x":-0.130121231079102,"y":-0.349560260772705,"z":0.0147664621472359,"font":0,"fontSize":48}},"splineCount":4,"unlockType":0,"speed":4,"acceleration":0.949999988079071,"maxSpeed":3,"time":1,"laps":1,"startSpeed":1,"text":"","title":"","forceOrder":true,"camera":{"lockX":true,"lockY":true,"lockZ":true,"x":-0.312020748853683,"y":0.281887352466583,"z":-2,"setPos":true,"fixCam":false,"fov":95},"spline0":{"order":0,"closed":false,"numPoints":5,"type":0,"lineTexture":1,"lineWidth":1,"bidirectional":true,"speed":0.949999988079071,"points":{"p0":0,"p1":1,"p2":2,"p3":3,"p4":4}},"spline1":{"order":1,"closed":false,"numPoints":4,"type":0,"lineTexture":0,"lineWidth":1,"bidirectional":false,"speed":0,"points":{"p0":5,"p1":6,"p2":7,"p3":8}},"spline2":{"order":2,"closed":false,"numPoints":4,"type":0,"lineTexture":0,"lineWidth":1,"bidirectional":false,"speed":0,"points":{"p0":14,"p1":15,"p2":16,"p3":17}},"spline3":{"order":3,"closed":false,"numPoints":5,"type":0,"lineTexture":0,"lineWidth":1,"bidirectional":false,"speed":0,"points":{"p0":9,"p1":10,"p2":11,"p3":12,"p4":13}}}