{"name":"Time2","pointCount":12,"p0":{"x":0.0468530654907227,"y":-0.307353496551514,"z":0.0353566408157349,"tension":-0.359999060630798,"bias":0,"continuity":0,"index":0,"pointType":0,"word":"","text":{"x":0.546853065490723,"y":-0.307353496551514,"z":0.0353566408157349,"font":0,"fontSize":48}},"p1":{"x":-0.175806760787964,"y":0.151876211166382,"z":0.0108289830386639,"tension":-0.759999752044678,"bias":0,"continuity":0,"index":1,"pointType":2,"word":"","text":{"x":0.324193239212036,"y":0.151876211166382,"z":0.0108289830386639,"font":0,"fontSize":48}},"p2":{"x":-0.606348276138306,"y":-0.094221830368042,"z":-0.00352748855948448,"tension":-0.759999752044678,"bias":0,"continuity":0,"index":2,"pointType":2,"word":"","text":{"x":-0.106348276138306,"y":-0.094221830368042,"z":-0.00352748855948448,"font":0,"fontSize":48}},"p3":{"x":-0.350897312164307,"y":-0.523776531219482,"z":-0.0316011346876621,"tension":-0.0999990701675415,"bias":0,"continuity":0,"index":3,"pointType":6,"word":"","text":{"x":0.149102687835693,"y":-0.523776531219482,"z":-0.0316011346876621,"font":0,"fontSize":48}},"p4":{"x":0.343189716339111,"y":-0.346033096313477,"z":0.000911328941583633,"tension":0,"bias":0,"continuity":0,"index":4,"pointType":2,"word":"","text":{"x":0.843189716339111,"y":-0.346033096313477,"z":0.000911328941583633,"font":0,"fontSize":48}},"p5":{"x":0.67583703994751,"y":-0.0633625984191895,"z":0.000911328941583633,"tension":-0.519999086856842,"bias":0,"continuity":0,"index":5,"pointType":0,"word":"","text":{"x":1.17583703994751,"y":-0.0633625984191895,"z":0.000911328941583633,"font":0,"fontSize":48}},"p6":{"x":0.465197801589966,"y":0.30672287940979,"z":0.000911328941583633,"tension":-0.719999074935913,"bias":-0.1199991106987,"continuity":0,"index":6,"pointType":2,"word":"","text":{"x":0.965197801589966,"y":0.30672287940979,"z":0.000911328941583633,"font":0,"fontSize":48}},"p7":{"x":0.19731330871582,"y":0.135394811630249,"z":0.000911328941583633,"tension":0,"bias":0,"continuity":0,"index":7,"pointType":5,"word":"","text":{"x":0.69731330871582,"y":0.135394811630249,"z":0.000911328941583633,"font":0,"fontSize":48}},"p8":{"x":0.542797088623047,"y":-0.718287467956543,"z":0.00779739022254944,"tension":-0.0599991083145142,"bias":-0.0999990701675415,"continuity":0,"index":8,"pointType":2,"word":"","text":{"x":1.04279708862305,"y":-0.718287467956543,"z":0.00779739022254944,"font":0,"fontSize":48}},"p9":{"x":0.797361373901367,"y":-0.420018196105957,"z":0.0300233587622643,"tension":0,"bias":0,"continuity":0,"index":9,"pointType":5,"word":"","text":{"x":1.29736137390137,"y":-0.420018196105957,"z":0.0300233587622643,"font":0,"fontSize":48}},"p10":{"x":0.653676509857178,"y":0.359269976615906,"z":0.0231283903121948,"tension":0,"bias":0,"continuity":0,"index":10,"pointType":2,"word":"","text":{"x":1.15367650985718,"y":0.359269976615906,"z":0.0231283903121948,"font":0,"fontSize":48}},"p11":{"x":0.402243614196777,"y":0.53417980670929,"z":0.0231283903121948,"tension":0,"bias":0,"continuity":0,"index":11,"pointType":5,"word":"","text":{"x":0.902243614196777,"y":0.53417980670929,"z":0.0231283903121948,"font":0,"fontSize":48}},"splineCount":3,"unlockType":0,"speed":4,"acceleration":0.949999988079071,"maxSpeed":5,"time":1,"laps":1,"startSpeed":0,"text":"","title":"","forceOrder":true,"camera":{"lockX":false,"lockY":false,"lockZ":false,"x":-0.24743227660656,"y":-0.211536973714828,"z":-3.12346267700195,"setPos":true,"fixCam":false,"fov":39},"spline0":{"order":0,"closed":false,"numPoints":8,"type":0,"lineTexture":1,"lineWidth":1,"bidirectional":false,"speed":0,"points":{"p0":3,"p1":2,"p2":1,"p3":0,"p4":4,"p5":5,"p6":6,"p7":7}},"spline1":{"order":1,"closed":false,"numPoints":3,"type":0,"lineTexture":0,"lineWidth":1,"bidirectional":true,"speed":0,"points":{"p0":0,"p1":8,"p2":9}},"spline2":{"order":2,"closed":false,"numPoints":3,"type":0,"lineTexture":0,"lineWidth":1,"bidirectional":true,"speed":0,"points":{"p0":5,"p1":10,"p2":11}}}