{"name":"Turning","pointCount":12,"p0":{"x":-0.549561977386475,"y":0.196070194244385,"z":0,"tension":1,"bias":0,"continuity":0,"index":0,"pointType":6,"word":"","collect":false,"text":{"x":-0.0495619773864746,"y":0.196070194244385,"z":0,"font":0,"fontSize":48}},"p1":{"x":-0.292723655700684,"y":-0.446125507354736,"z":0,"tension":-0.539999127388,"bias":0,"continuity":0,"index":1,"pointType":2,"word":"","collect":false,"text":{"x":0.207276344299316,"y":-0.446125507354736,"z":0,"font":0,"fontSize":48}},"p2":{"x":0.503464221954346,"y":-0.29550838470459,"z":0,"tension":-0.519999086856842,"bias":0,"continuity":0,"index":2,"pointType":2,"word":"","collect":false,"text":{"x":1.00346422195435,"y":-0.29550838470459,"z":0,"font":0,"fontSize":48}},"p3":{"x":0.36848783493042,"y":0.502119541168213,"z":0,"tension":-0.5,"bias":0,"continuity":0,"index":3,"pointType":2,"word":"","collect":false,"text":{"x":0.86848783493042,"y":0.502119541168213,"z":0,"font":0,"fontSize":48}},"p4":{"x":-0.125282764434814,"y":0.251358032226563,"z":0,"tension":1,"bias":0,"continuity":0,"index":4,"pointType":3,"word":"","collect":false,"text":{"x":0.374717235565186,"y":0.251358032226563,"z":0,"font":0,"fontSize":48}},"p5":{"x":-0.320943117141724,"y":-0.21505880355835,"z":0,"tension":-0.5,"bias":0,"continuity":0,"index":5,"pointType":2,"word":"","collect":false,"text":{"x":0.179056882858276,"y":-0.21505880355835,"z":0,"font":0,"fontSize":48}},"p6":{"x":0.242925643920898,"y":0.736865758895874,"z":0,"tension":-0.319999098777771,"bias":0,"continuity":0,"index":6,"pointType":2,"word":"","collect":false,"text":{"x":0.742925643920898,"y":0.736865758895874,"z":0,"font":0,"fontSize":48}},"p7":{"x":-0.271910190582275,"y":0.834619283676147,"z":0,"tension":-1,"bias":-0.139999091625214,"continuity":0,"index":7,"pointType":2,"word":"","collect":false,"text":{"x":0.228089809417725,"y":0.834619283676147,"z":0,"font":0,"fontSize":48}},"p8":{"x":0.139603614807129,"y":-0.184195995330811,"z":0,"tension":-0.5,"bias":0,"continuity":0,"index":8,"pointType":2,"word":"","collect":false,"text":{"x":0.639603614807129,"y":-0.184195995330811,"z":0,"font":0,"fontSize":48}},"p9":{"x":0.420053005218506,"y":-0.1159348487854,"z":0,"tension":-0.5,"bias":0,"continuity":0,"index":9,"pointType":2,"word":"","collect":false,"text":{"x":0.920053005218506,"y":-0.1159348487854,"z":0,"font":0,"fontSize":48}},"p10":{"x":0.81308650970459,"y":0.246274590492249,"z":0,"tension":-0.5,"bias":0,"continuity":0,"index":10,"pointType":1,"word":"","collect":false,"text":{"x":1.31308650970459,"y":0.246274590492249,"z":0,"font":0,"fontSize":48}},"p11":{"x":0.654821395874023,"y":0.888323187828064,"z":0,"tension":-0.5,"bias":0,"continuity":0,"index":11,"pointType":8,"word":"","collect":false,"text":{"x":1.15482139587402,"y":0.888323187828064,"z":0,"font":0,"fontSize":48}},"splineCount":3,"unlockType":2,"speed":1,"acceleration":0,"maxSpeed":3,"time":1,"laps":1,"startSpeed":0.506109654903412,"text":"","title":"Turning","forceOrder":false,"camera":{"lockX":true,"lockY":true,"lockZ":false,"x":0.131762266159058,"y":0.221098840236664,"z":0,"setPos":false,"fov":60},"spline0":{"order":0,"closed":false,"numPoints":5,"type":0,"lineTexture":0,"lineWidth":1,"bidirectional":true,"speed":0,"points":{"p0":0,"p1":1,"p2":2,"p3":3,"p4":4}},"spline1":{"order":1,"closed":true,"numPoints":5,"type":0,"lineTexture":0,"lineWidth":1,"bidirectional":true,"speed":0,"points":{"p0":4,"p1":5,"p2":8,"p3":6,"p4":7}},"spline2":{"order":2,"closed":false,"numPoints":3,"type":0,"lineTexture":0,"lineWidth":1,"bidirectional":true,"speed":0,"points":{"p0":4,"p1":9,"p2":10}}}