{"name":"TurnAway","pointCount":24,"p0":{"x":0.346164226531982,"y":-0.225649833679199,"z":0,"tension":-0.499999105930328,"bias":0,"continuity":0,"index":0,"pointType":6,"word":"","collect":false,"text":{"x":0.846164226531982,"y":-0.225649833679199,"z":0,"font":0,"fontSize":48}},"p1":{"x":0.941350936889648,"y":-0.37643837928772,"z":0,"tension":1,"bias":0,"continuity":0,"index":1,"pointType":2,"word":"","collect":false,"text":{"x":1.44135093688965,"y":-0.37643837928772,"z":0,"font":0,"fontSize":48}},"p2":{"x":1.59580707550049,"y":-0.381587743759155,"z":0,"tension":-0.5,"bias":0,"continuity":0,"index":2,"pointType":2,"word":"","collect":false,"text":{"x":2.09580707550049,"y":-0.381587743759155,"z":0,"font":0,"fontSize":48}},"p3":{"x":1.88285064697266,"y":0.0890905857086182,"z":0,"tension":1,"bias":0,"continuity":0,"index":3,"pointType":1,"word":"","collect":false,"text":{"x":2.38285064697266,"y":0.0890905857086182,"z":0,"font":0,"fontSize":48}},"p4":{"x":2.39450311660767,"y":0.853798627853394,"z":0,"tension":-0.5,"bias":0,"continuity":0,"index":4,"pointType":0,"word":"","collect":false,"text":{"x":2.89450311660767,"y":0.853798627853394,"z":0,"font":0,"fontSize":48}},"p5":{"x":3.28628587722778,"y":1.42840504646301,"z":0,"tension":-0.5,"bias":0,"continuity":0,"index":5,"pointType":2,"word":"","collect":false,"text":{"x":3.78628587722778,"y":1.42840504646301,"z":0,"font":0,"fontSize":48}},"p6":{"x":3.0796275138855,"y":1.71690273284912,"z":0,"tension":-0.5,"bias":0,"continuity":0,"index":6,"pointType":2,"word":"","collect":false,"text":{"x":3.5796275138855,"y":1.71690273284912,"z":0,"font":0,"fontSize":48}},"p7":{"x":2.9762921333313,"y":0.872931241989136,"z":0,"tension":-0.5,"bias":0,"continuity":0,"index":7,"pointType":2,"word":"","collect":false,"text":{"x":3.4762921333313,"y":0.872931241989136,"z":0,"font":0,"fontSize":48}},"p8":{"x":3.43704462051392,"y":-0.268142700195313,"z":0,"tension":-0.5,"bias":0,"continuity":0,"index":8,"pointType":1,"word":"","collect":false,"text":{"x":3.93704462051392,"y":-0.268142700195313,"z":0,"font":0,"fontSize":48}},"p9":{"x":2.95581197738647,"y":-0.379611968994141,"z":0,"tension":-0.5,"bias":1,"continuity":0,"index":9,"pointType":0,"word":"","collect":false,"text":{"x":3.45581197738647,"y":-0.379611968994141,"z":0,"font":0,"fontSize":48}},"p10":{"x":3.51001596450806,"y":-0.40315055847168,"z":0,"tension":-0.5,"bias":0,"continuity":0,"index":10,"pointType":2,"word":"","collect":false,"text":{"x":4.01001596450806,"y":-0.40315055847168,"z":0,"font":0,"fontSize":48}},"p11":{"x":3.75855493545532,"y":0.279598116874695,"z":0,"tension":-0.5,"bias":0,"continuity":0,"index":11,"pointType":2,"word":"","collect":false,"text":{"x":4.25855493545532,"y":0.279598116874695,"z":0,"font":0,"fontSize":48}},"p12":{"x":2.96152067184448,"y":0.0310661792755127,"z":0,"tension":-1,"bias":0,"continuity":0,"index":12,"pointType":2,"word":"","collect":false,"text":{"x":3.46152067184448,"y":0.0310661792755127,"z":0,"font":0,"fontSize":48}},"p13":{"x":3.40142679214478,"y":-0.0432076454162598,"z":0,"tension":-1,"bias":0,"continuity":0,"index":13,"pointType":2,"word":"","collect":false,"text":{"x":3.90142679214478,"y":-0.0432076454162598,"z":0,"font":0,"fontSize":48}},"p14":{"x":3.57851839065552,"y":0.713812351226807,"z":0,"tension":-1,"bias":0,"continuity":0,"index":14,"pointType":2,"word":"","collect":false,"text":{"x":4.07851839065552,"y":0.713812351226807,"z":0,"font":0,"fontSize":48}},"p15":{"x":2.79580736160278,"y":0.376724004745483,"z":0,"tension":-1,"bias":0,"continuity":0,"index":15,"pointType":2,"word":"","collect":false,"text":{"x":3.29580736160278,"y":0.376724004745483,"z":0,"font":0,"fontSize":48}},"p16":{"x":3.24999570846558,"y":0.31387722492218,"z":0,"tension":-0.5,"bias":0,"continuity":0,"index":16,"pointType":2,"word":"","collect":false,"text":{"x":3.74999570846558,"y":0.31387722492218,"z":0,"font":0,"fontSize":48}},"p17":{"x":3.41570329666138,"y":1.09375202655792,"z":0,"tension":-0.5,"bias":0,"continuity":0,"index":17,"pointType":2,"word":"","collect":false,"text":{"x":3.91570329666138,"y":1.09375202655792,"z":0,"font":0,"fontSize":48}},"p18":{"x":2.78720235824585,"y":0.853790640830994,"z":0,"tension":-0.5,"bias":0,"continuity":0,"index":18,"pointType":2,"word":"","collect":false,"text":{"x":3.28720235824585,"y":0.853790640830994,"z":0,"font":0,"fontSize":48}},"p19":{"x":2.80437421798706,"y":0.622393250465393,"z":0,"tension":-0.5,"bias":0,"continuity":0,"index":19,"pointType":2,"word":"","collect":false,"text":{"x":3.30437421798706,"y":0.622393250465393,"z":0,"font":0,"fontSize":48}},"p20":{"x":3.21288442611694,"y":0.8395015001297,"z":0,"tension":-0.5,"bias":0,"continuity":0,"index":20,"pointType":1,"word":"","collect":false,"text":{"x":3.71288442611694,"y":0.8395015001297,"z":0,"font":0,"fontSize":48}},"p21":{"x":2.58284473419189,"y":1.57828676700592,"z":0.626443028450012,"tension":-0.5,"bias":1,"continuity":0,"index":21,"pointType":0,"word":"","collect":false,"text":{"x":3.08284473419189,"y":1.57828676700592,"z":0.626443028450012,"font":0,"fontSize":48}},"p22":{"x":1.57368040084839,"y":1.40586054325104,"z":0.626443028450012,"tension":-0.5,"bias":0,"continuity":0,"index":22,"pointType":2,"word":"","collect":false,"text":{"x":2.07368040084839,"y":1.40586054325104,"z":0.626443028450012,"font":0,"fontSize":48}},"p23":{"x":2.35920000076294,"y":0.115345358848572,"z":0.626443028450012,"tension":-0.5,"bias":0,"continuity":0,"index":23,"pointType":1,"word":"","collect":false,"text":{"x":2.85920000076294,"y":0.115345358848572,"z":0.626443028450012,"font":0,"fontSize":48}},"splineCount":5,"unlockType":2,"speed":1,"acceleration":0.200000002980232,"maxSpeed":3,"time":1,"laps":2,"startSpeed":0,"text":"","title":"TurnAway","forceOrder":true,"camera":{"lockX":true,"lockY":true,"lockZ":false,"x":0,"y":0,"z":0,"setPos":false,"fov":76},"spline0":{"order":0,"closed":false,"numPoints":2,"type":0,"lineTexture":3,"lineWidth":2,"bidirectional":true,"speed":1.04999995231628,"points":{"p0":0,"p1":1}},"spline1":{"order":1,"closed":false,"numPoints":3,"type":0,"lineTexture":0,"lineWidth":4,"bidirectional":true,"speed":0,"points":{"p0":1,"p1":2,"p2":3}},"spline2":{"order":2,"closed":false,"numPoints":5,"type":0,"lineTexture":0,"lineWidth":4,"bidirectional":true,"speed":0,"points":{"p0":4,"p1":5,"p2":6,"p3":7,"p4":8}},"spline3":{"order":3,"closed":false,"numPoints":12,"type":0,"lineTexture":3,"lineWidth":1,"bidirectional":true,"speed":1.94999992847443,"points":{"p0":9,"p1":10,"p2":11,"p3":12,"p4":13,"p5":14,"p6":15,"p7":16,"p8":17,"p9":18,"p10":19,"p11":20}},"spline4":{"order":4,"closed":false,"numPoints":3,"type":0,"lineTexture":0,"lineWidth":1,"bidirectional":true,"speed":0,"points":{"p0":21,"p1":22,"p2":23}}}