{"name":"Untitled","pointCount":16,"p0":{"x":-0.217081308364868,"y":0.833770155906677,"z":0,"tension":0,"bias":0,"continuity":0,"index":0,"pointType":0,"word":"","text":{"x":0.282918691635132,"y":0.833770155906677,"z":0,"font":0,"fontSize":48}},"p1":{"x":0.100793600082397,"y":0.748687148094177,"z":0,"tension":0,"bias":0,"continuity":0,"index":1,"pointType":0,"word":"","text":{"x":0.600793600082397,"y":0.748687148094177,"z":0,"font":0,"fontSize":48}},"p2":{"x":-0.207628488540649,"y":0.504077434539795,"z":0,"tension":0,"bias":0,"continuity":0,"index":2,"pointType":0,"word":"","text":{"x":0.292371511459351,"y":0.504077434539795,"z":0,"font":0,"fontSize":48}},"p3":{"x":-0.635800361633301,"y":0.745143532752991,"z":0,"tension":0,"bias":0,"continuity":0,"index":3,"pointType":0,"word":"","text":{"x":-0.135800361633301,"y":0.745143532752991,"z":0,"font":0,"fontSize":48}},"p4":{"x":0.408813714981079,"y":1.08961296081543,"z":0,"tension":0,"bias":0,"continuity":0,"index":4,"pointType":0,"word":"","text":{"x":0.908813714981079,"y":1.08961296081543,"z":0,"font":0,"fontSize":48}},"p5":{"x":0.762538909912109,"y":0.723287582397461,"z":0,"tension":0,"bias":0,"continuity":0,"index":5,"pointType":0,"word":"","text":{"x":1.26253890991211,"y":0.723287582397461,"z":0,"font":0,"fontSize":48}},"p6":{"x":0.912614822387695,"y":0.97853672504425,"z":0,"tension":0,"bias":0,"continuity":0,"index":6,"pointType":0,"word":"","text":{"x":1.4126148223877,"y":0.97853672504425,"z":0,"font":0,"fontSize":48}},"p7":{"x":0.736541748046875,"y":1.10616111755371,"z":0,"tension":0,"bias":0,"continuity":0,"index":7,"pointType":0,"word":"","text":{"x":1.23654174804688,"y":1.10616111755371,"z":0,"font":0,"fontSize":48}},"p8":{"x":0.41984748840332,"y":0.77528190612793,"z":0,"tension":0,"bias":0,"continuity":0,"index":8,"pointType":0,"word":"","text":{"x":0.91984748840332,"y":0.77528190612793,"z":0,"font":0,"fontSize":48}},"p9":{"x":0.473024368286133,"y":0.627569437026978,"z":0,"tension":0,"bias":0,"continuity":0,"index":9,"pointType":0,"word":"","text":{"x":0.973024368286133,"y":0.627569437026978,"z":0,"font":0,"fontSize":48}},"p10":{"x":0.0405237674713135,"y":0.901723861694336,"z":0,"tension":0,"bias":0,"continuity":0,"index":10,"pointType":6,"word":"","text":{"x":0.540523767471313,"y":0.901723861694336,"z":0,"font":0,"fontSize":48}},"p11":{"x":-0.042194128036499,"y":1.08961296081543,"z":0,"tension":0,"bias":0,"continuity":0,"index":11,"pointType":0,"word":"","text":{"x":0.457805871963501,"y":1.08961296081543,"z":0,"font":0,"fontSize":48}},"p12":{"x":-0.352979421615601,"y":1.03998374938965,"z":0,"tension":0,"bias":0,"continuity":0,"index":12,"pointType":0,"word":"","text":{"x":0.147020578384399,"y":1.03998374938965,"z":0,"font":0,"fontSize":48}},"p13":{"x":0.153966903686523,"y":0.559034466743469,"z":0,"tension":0,"bias":0,"continuity":0,"index":13,"pointType":0,"word":"","text":{"x":0.653966903686523,"y":0.559034466743469,"z":0,"font":0,"fontSize":48}},"p14":{"x":0.235504150390625,"y":0.887540817260742,"z":0,"tension":0,"bias":0,"continuity":0,"index":14,"pointType":0,"word":"","text":{"x":0.735504150390625,"y":0.887540817260742,"z":0,"font":0,"fontSize":48}},"p15":{"x":0.692819595336914,"y":0.547216534614563,"z":0,"tension":0,"bias":0,"continuity":0,"index":15,"pointType":0,"word":"","text":{"x":1.19281959533691,"y":0.547216534614563,"z":0,"font":0,"fontSize":48}},"splineCount":3,"unlockType":0,"speed":1,"time":1,"laps":1,"startSpeed":1,"text":"","title":"","forceOrder":false,"camera":{"lockX":false,"lockY":false,"lockZ":false,"x":0,"y":0,"z":0,"setPos":false,"fixCam":false,"fov":30},"spline0":{"order":0,"closed":false,"numPoints":4,"type":0,"lineTexture":0,"lineWidth":1,"bidirectional":true,"speed":0,"points":{"p0":0,"p1":1,"p2":2,"p3":3}},"spline1":{"order":1,"closed":false,"numPoints":11,"type":0,"lineTexture":0,"lineWidth":1,"bidirectional":true,"speed":0,"points":{"p0":4,"p1":5,"p2":6,"p3":7,"p4":8,"p5":9,"p6":10,"p7":11,"p8":12,"p9":13,"p10":14}},"spline2":{"order":2,"closed":false,"numPoints":3,"type":0,"lineTexture":0,"lineWidth":1,"bidirectional":true,"speed":0,"points":{"p0":14,"p1":8,"p2":15}}}