{"name":"Untitled","pointCount":44,"p0":{"x":0,"y":0,"z":0,"tension":0,"bias":0,"continuity":0,"index":0,"pointType":0,"word":"","text":{"x":0.5,"y":0,"z":0,"font":0,"fontSize":48}},"p1":{"x":-0.362128973007202,"y":0.375446319580078,"z":0,"tension":0,"bias":0,"continuity":0,"index":1,"pointType":2,"word":"","text":{"x":0.137871026992798,"y":0.375446319580078,"z":0,"font":0,"fontSize":48}},"p2":{"x":-0.769438505172729,"y":0.51685643196106,"z":0,"tension":0,"bias":0,"continuity":0,"index":2,"pointType":2,"word":"","text":{"x":-0.269438505172729,"y":0.51685643196106,"z":0,"font":0,"fontSize":48}},"p3":{"x":-1.02923917770386,"y":0.418901443481445,"z":0,"tension":0,"bias":0,"continuity":0,"index":3,"pointType":2,"word":"","text":{"x":-0.529239177703857,"y":0.418901443481445,"z":0,"font":0,"fontSize":48}},"p4":{"x":-1.00542283058167,"y":0.201170682907104,"z":0,"tension":0,"bias":0,"continuity":0,"index":4,"pointType":2,"word":"","text":{"x":-0.505422830581665,"y":0.201170682907104,"z":0,"font":0,"fontSize":48}},"p5":{"x":-0.68858814239502,"y":0.0413708686828613,"z":0,"tension":0,"bias":0,"continuity":0,"index":5,"pointType":2,"word":"","text":{"x":-0.18858814239502,"y":0.0413708686828613,"z":0,"font":0,"fontSize":48}},"p6":{"x":-0.202545404434204,"y":0.0789341926574707,"z":0,"tension":0,"bias":0,"continuity":0,"index":6,"pointType":2,"word":"","text":{"x":0.297454595565796,"y":0.0789341926574707,"z":0,"font":0,"fontSize":48}},"p7":{"x":0.256267070770264,"y":0.338947534561157,"z":0,"tension":0,"bias":0,"continuity":0,"index":7,"pointType":2,"word":"","text":{"x":0.756267070770264,"y":0.338947534561157,"z":0,"font":0,"fontSize":48}},"p8":{"x":0.515571117401123,"y":0.715826988220215,"z":0,"tension":0,"bias":0,"continuity":0,"index":8,"pointType":2,"word":"","text":{"x":1.01557111740112,"y":0.715826988220215,"z":0,"font":0,"fontSize":48}},"p9":{"x":0.51083517074585,"y":1.02538847923279,"z":0,"tension":0,"bias":0,"continuity":0,"index":9,"pointType":2,"word":"","text":{"x":1.01083517074585,"y":1.02538847923279,"z":0,"font":0,"fontSize":48}},"p10":{"x":0.313105344772339,"y":1.09873521327972,"z":0,"tension":0,"bias":0,"continuity":0,"index":10,"pointType":2,"word":"","text":{"x":0.813105344772339,"y":1.09873521327972,"z":0,"font":0,"fontSize":48}},"p11":{"x":0.0871908664703369,"y":0.869786500930786,"z":0,"tension":0,"bias":0,"continuity":0,"index":11,"pointType":2,"word":"","text":{"x":0.587190866470337,"y":0.869786500930786,"z":0,"font":0,"fontSize":48}},"p12":{"x":0.00210261344909668,"y":0.41142463684082,"z":0,"tension":0,"bias":0,"continuity":0,"index":12,"pointType":2,"word":"","text":{"x":0.502102613449097,"y":0.41142463684082,"z":0,"font":0,"fontSize":48}},"p13":{"x":0.140125513076782,"y":-0.0984799861907959,"z":0,"tension":0,"bias":0,"continuity":0,"index":13,"pointType":2,"word":"","text":{"x":0.640125513076782,"y":-0.0984799861907959,"z":0,"font":0,"fontSize":48}},"p14":{"x":0.451561212539673,"y":-0.463980197906494,"z":0,"tension":0,"bias":0,"continuity":0,"index":14,"pointType":2,"word":"","text":{"x":0.951561212539673,"y":-0.463980197906494,"z":0,"font":0,"fontSize":48}},"p15":{"x":0.778614521026611,"y":-0.56659984588623,"z":0,"tension":0,"bias":0,"continuity":0,"index":15,"pointType":2,"word":"","text":{"x":1.27861452102661,"y":-0.56659984588623,"z":0,"font":0,"fontSize":48}},"p16":{"x":0.936285018920898,"y":-0.42082691192627,"z":0,"tension":0,"bias":0,"continuity":0,"index":16,"pointType":2,"word":"","text":{"x":1.4362850189209,"y":-0.42082691192627,"z":0,"font":0,"fontSize":48}},"p17":{"x":0.808719635009766,"y":-0.161464929580688,"z":0,"tension":0,"bias":0,"continuity":0,"index":17,"pointType":2,"word":"","text":{"x":1.30871963500977,"y":-0.161464929580688,"z":0,"font":0,"fontSize":48}},"p18":{"x":0.411428928375244,"y":0.0302588939666748,"z":0,"tension":0,"bias":0,"continuity":0,"index":18,"pointType":2,"word":"","text":{"x":0.911428928375244,"y":0.0302588939666748,"z":0,"font":0,"fontSize":48}},"p19":{"x":-0.112806081771851,"y":0.0235110521316528,"z":0,"tension":0,"bias":0,"continuity":0,"index":19,"pointType":2,"word":"","text":{"x":0.387193918228149,"y":0.0235110521316528,"z":0,"font":0,"fontSize":48}},"p20":{"x":-0.5625319480896,"y":-0.192432403564453,"z":0,"tension":0,"bias":0,"continuity":0,"index":20,"pointType":2,"word":"","text":{"x":-0.0625319480895996,"y":-0.192432403564453,"z":0,"font":0,"fontSize":48}},"p21":{"x":-0.775854349136353,"y":-0.501577377319336,"z":0,"tension":0,"bias":0,"continuity":0,"index":21,"pointType":2,"word":"","text":{"x":-0.275854349136353,"y":-0.501577377319336,"z":0,"font":0,"fontSize":48}},"p22":{"x":-0.708247900009155,"y":-0.721191883087158,"z":0,"tension":0,"bias":0,"continuity":0,"index":22,"pointType":2,"word":"","text":{"x":-0.208247900009155,"y":-0.721191883087158,"z":0,"font":0,"fontSize":48}},"p23":{"x":-0.450389862060547,"y":-0.697528839111328,"z":0,"tension":0,"bias":0,"continuity":0,"index":23,"pointType":2,"word":"","text":{"x":0.0496101379394531,"y":-0.697528839111328,"z":0,"font":0,"fontSize":48}},"p24":{"x":-0.177243232727051,"y":-0.387981176376343,"z":0,"tension":0,"bias":0,"continuity":0,"index":24,"pointType":2,"word":"","text":{"x":0.322756767272949,"y":-0.387981176376343,"z":0,"font":0,"fontSize":48}},"p25":{"x":-0.0548830032348633,"y":0.112789988517761,"z":0,"tension":0,"bias":0,"continuity":0,"index":25,"pointType":2,"word":"","text":{"x":0.445116996765137,"y":0.112789988517761,"z":0,"font":0,"fontSize":48}},"p26":{"x":-0.153187274932861,"y":0.616496086120605,"z":0,"tension":0,"bias":0,"continuity":0,"index":26,"pointType":2,"word":"","text":{"x":0.346812725067139,"y":0.616496086120605,"z":0,"font":0,"fontSize":48}},"p27":{"x":-0.409396171569824,"y":0.932604551315308,"z":0,"tension":0,"bias":0,"continuity":0,"index":27,"pointType":2,"word":"","text":{"x":0.0906038284301758,"y":0.932604551315308,"z":0,"font":0,"fontSize":48}},"p28":{"x":-0.661300659179688,"y":0.960931301116943,"z":0,"tension":0,"bias":0,"continuity":0,"index":28,"pointType":2,"word":"","text":{"x":-0.161300659179688,"y":0.960931301116943,"z":0,"font":0,"fontSize":48}},"p29":{"x":-0.732943534851074,"y":0.738287091255188,"z":0,"tension":0,"bias":0,"continuity":0,"index":29,"pointType":2,"word":"","text":{"x":-0.232943534851074,"y":0.738287091255188,"z":0,"font":0,"fontSize":48}},"p30":{"x":-0.528614521026611,"y":0.415587544441223,"z":0,"tension":0,"bias":0,"continuity":0,"index":30,"pointType":2,"word":"","text":{"x":-0.0286145210266113,"y":0.415587544441223,"z":0,"font":0,"fontSize":48}},"p31":{"x":-0.0865836143493652,"y":0.177495718002319,"z":0,"tension":0,"bias":0,"continuity":0,"index":31,"pointType":2,"word":"","text":{"x":0.413416385650635,"y":0.177495718002319,"z":0,"font":0,"fontSize":48}},"p32":{"x":0.435392141342163,"y":0.146095275878906,"z":0,"tension":0,"bias":0,"continuity":0,"index":32,"pointType":2,"word":"","text":{"x":0.935392141342163,"y":0.146095275878906,"z":0,"font":0,"fontSize":48}},"p33":{"x":0.835739612579346,"y":0.318192005157471,"z":0,"tension":0,"bias":0,"continuity":0,"index":33,"pointType":2,"word":"","text":{"x":1.33573961257935,"y":0.318192005157471,"z":0,"font":0,"fontSize":48}},"p34":{"x":0.967462062835693,"y":0.56845235824585,"z":0,"tension":0,"bias":0,"continuity":0,"index":34,"pointType":2,"word":"","text":{"x":1.46746206283569,"y":0.56845235824585,"z":0,"font":0,"fontSize":48}},"p35":{"x":0.809107303619385,"y":0.716649174690247,"z":0,"tension":0,"bias":0,"continuity":0,"index":35,"pointType":2,"word":"","text":{"x":1.30910730361938,"y":0.716649174690247,"z":0,"font":0,"fontSize":48}},"p36":{"x":0.472207069396973,"y":0.624249458312988,"z":0,"tension":0,"bias":0,"continuity":0,"index":36,"pointType":2,"word":"","text":{"x":0.972207069396973,"y":0.624249458312988,"z":0,"font":0,"fontSize":48}},"p37":{"x":0.141644716262817,"y":0.270414471626282,"z":0,"tension":0,"bias":0,"continuity":0,"index":37,"pointType":2,"word":"","text":{"x":0.641644716262817,"y":0.270414471626282,"z":0,"font":0,