{"name":"Untitled","pointCount":23,"p0":{"x":-0.470409870147705,"y":0.120830774307251,"z":0,"tension":0,"bias":0,"continuity":0,"index":0,"pointType":0,"word":"","text":{"x":0.0295901298522949,"y":0.120830774307251,"z":0,"font":0,"fontSize":48}},"p1":{"x":-0.0129132270812988,"y":0.139278173446655,"z":0,"tension":0,"bias":0,"continuity":0,"index":1,"pointType":0,"word":"","text":{"x":0.487086772918701,"y":0.139278173446655,"z":0,"font":0,"fontSize":48}},"p2":{"x":-0.130976915359497,"y":-0.246273279190063,"z":0,"tension":0,"bias":0,"continuity":0,"index":2,"pointType":0,"word":"","text":{"x":0.369023084640503,"y":-0.246273279190063,"z":0,"font":0,"fontSize":48}},"p3":{"x":-0.661052942276001,"y":-0.325973510742188,"z":0,"tension":0,"bias":0,"continuity":0,"index":3,"pointType":0,"word":"","text":{"x":-0.161052942276001,"y":-0.325973510742188,"z":0,"font":0,"fontSize":48}},"p4":{"x":-0.239872217178345,"y":-0.495505332946777,"z":0,"tension":0,"bias":0,"continuity":0,"index":4,"pointType":0,"word":"","text":{"x":0.260127782821655,"y":-0.495505332946777,"z":0,"font":0,"fontSize":48}},"p5":{"x":-0.703467607498169,"y":-0.741636276245117,"z":0,"tension":0,"bias":0,"continuity":0,"index":5,"pointType":0,"word":"","text":{"x":-0.203467607498169,"y":-0.741636276245117,"z":0,"font":0,"fontSize":48}},"p6":{"x":-1.1376314163208,"y":-0.372090816497803,"z":0,"tension":0,"bias":0,"continuity":0,"index":6,"pointType":0,"word":"","text":{"x":-0.637631416320801,"y":-0.372090816497803,"z":0,"font":0,"fontSize":48}},"p7":{"x":-0.602917909622192,"y":-0.185750722885132,"z":0,"tension":0,"bias":0,"continuity":0,"index":7,"pointType":0,"word":"","text":{"x":-0.102917909622192,"y":-0.185750722885132,"z":0,"font":0,"fontSize":48}},"p8":{"x":-0.197835445404053,"y":-0.328881740570068,"z":0,"tension":0,"bias":0,"continuity":0,"index":8,"pointType":0,"word":"","text":{"x":0.302164554595947,"y":-0.328881740570068,"z":0,"font":0,"fontSize":48}},"p9":{"x":0.161341190338135,"y":-0.520619869232178,"z":0,"tension":0,"bias":0,"continuity":0,"index":9,"pointType":0,"word":"","text":{"x":0.661341190338135,"y":-0.520619869232178,"z":0,"font":0,"fontSize":48}},"p10":{"x":0.199148654937744,"y":-0.307275295257568,"z":0,"tension":0,"bias":0,"continuity":0,"index":10,"pointType":0,"word":"","text":{"x":0.699148654937744,"y":-0.307275295257568,"z":0,"font":0,"fontSize":48}},"p11":{"x":0.218054294586182,"y":-0.112836599349976,"z":0,"tension":0,"bias":0,"continuity":0,"index":11,"pointType":0,"word":"","text":{"x":0.718054294586182,"y":-0.112836599349976,"z":0,"font":0,"fontSize":48}},"p12":{"x":0.0668206214904785,"y":-0.00211119651794434,"z":0,"tension":0,"bias":0,"continuity":0,"index":12,"pointType":0,"word":"","text":{"x":0.566820621490479,"y":-0.00211119651794434,"z":0,"font":0,"fontSize":48}},"p13":{"x":-0.370671510696411,"y":0.014089822769165,"z":0,"tension":0,"bias":0,"continuity":0,"index":13,"pointType":0,"word":"","text":{"x":0.129328489303589,"y":0.014089822769165,"z":0,"font":0,"fontSize":48}},"p14":{"x":-0.737946748733521,"y":-0.0129144191741943,"z":0,"tension":0,"bias":0,"continuity":0,"index":14,"pointType":0,"word":"","text":{"x":-0.237946748733521,"y":-0.0129144191741943,"z":0,"font":0,"fontSize":48}},"p15":{"x":-1.06741809844971,"y":-0.0426194667816162,"z":0,"tension":0,"bias":0,"continuity":0,"index":15,"pointType":0,"word":"","text":{"x":-0.567418098449707,"y":-0.0426194667816162,"z":0,"font":0,"fontSize":48}},"p16":{"x":-1.10792636871338,"y":-0.536824703216553,"z":0,"tension":0,"bias":0,"continuity":0,"index":16,"pointType":0,"word":"","text":{"x":-0.607926368713379,"y":-0.536824703216553,"z":0,"font":0,"fontSize":48}},"p17":{"x":-1.25375461578369,"y":-0.88519811630249,"z":0,"tension":0,"bias":0,"continuity":0,"index":17,"pointType":0,"word":"","text":{"x":-0.753754615783691,"y":-0.88519811630249,"z":0,"font":0,"fontSize":48}},"p18":{"x":-1.42929172515869,"y":-0.950013637542725,"z":0,"tension":0,"bias":0,"continuity":0,"index":18,"pointType":0,"word":"","text":{"x":-0.929291725158691,"y":-0.950013637542725,"z":0,"font":0,"fontSize":48}},"p19":{"x":0.17050313949585,"y":-0.798577547073364,"z":0,"tension":0,"bias":0,"continuity":0,"index":19,"pointType":0,"word":"","text":{"x":0.67050313949585,"y":-0.798577547073364,"z":0,"font":0,"fontSize":48}},"p20":{"x":-0.378191232681274,"y":-0.824845790863037,"z":0,"tension":0,"bias":0,"continuity":0,"index":20,"pointType":0,"word":"","text":{"x":0.121808767318726,"y":-0.824845790863037,"z":0,"font":0,"fontSize":48}},"p21":{"x":-0.807222366333008,"y":-0.512555360794067,"z":0,"tension":0,"bias":0,"continuity":0,"index":21,"pointType":0,"word":"","text":{"x":-0.307222366333008,"y":-0.512555360794067,"z":0,"font":0,"fontSize":48}},"p22":{"x":-0.918128967285156,"y":-0.156487941741943,"z":0,"tension":0,"bias":0,"continuity":0,"index":22,"pointType":0,"word":"","text":{"x":-0.418128967285156,"y":-0.156487941741943,"z":0,"font":0,"fontSize":48}},"splineCount":4,"unlockType":0,"speed":1,"acceleration":1,"maxSpeed":10,"time":1,"laps":1,"startSpeed":1,"text":"","title":"","forceOrder":false,"camera":{"lockX":false,"lockY":false,"lockZ":false,"x":0,"y":0,"z":0,"setPos":false,"fov":30},"spline0":{"order":0,"closed":false,"numPoints":3,"type":0,"lineTexture":0,"lineWidth":1,"bidirectional":true,"speed":0,"points":{"p0":0,"p1":1,"p2":2}},"spline1":{"order":1,"closed":false,"numPoints":3,"type":0,"lineTexture":0,"lineWidth":1,"bidirectional":true,"speed":0,"points":{"p0":3,"p1":4,"p2":5}},"spline2":{"order":2,"closed":false,"numPoints":13,"type":0,"lineTexture":0,"lineWidth":1,"bidirectional":true,"speed":0,"points":{"p0":6,"p1":7,"p2":8,"p3":9,"p4":10,"p5":11,"p6":12,"p7":13,"p8":14,"p9":15,"p10":16,"p11":17,"p12":18}},"spline3":{"order":3,"closed":false,"numPoints":4,"type":0,"lineTexture":0,"lineWidth":1,"bidirectional":true,"speed":0,"points":{"p0":19,"p1":20,"p2":21,"p3":22}}}