{"name":"Untitled","pointCount":14,"p0":{"x":-2.14716792106628,"y":-0.0687909126281738,"z":-1.19209289550781E-07,"tension":0,"bias":0,"continuity":0,"index":0,"pointType":0,"word":"","text":{"x":-1.64716792106628,"y":-0.0687909126281738,"z":-1.19209289550781E-07,"font":0,"fontSize":48}},"p1":{"x":-1.86262130737305,"y":0.113915324211121,"z":-1.19209289550781E-07,"tension":0,"bias":0,"continuity":0,"index":1,"pointType":0,"word":"","text":{"x":-1.36262130737305,"y":0.113915324211121,"z":-1.19209289550781E-07,"font":0,"fontSize":48}},"p2":{"x":-1.5519700050354,"y":0.05550217628479,"z":-1.19209289550781E-07,"tension":0,"bias":0,"continuity":0,"index":2,"pointType":0,"word":"","text":{"x":-1.0519700050354,"y":0.05550217628479,"z":-1.19209289550781E-07,"font":0,"fontSize":48}},"p3":{"x":-1.3723521232605,"y":-0.202107191085815,"z":-1.19209289550781E-07,"tension":0,"bias":0,"continuity":0,"index":3,"pointType":0,"word":"","text":{"x":-0.872352123260498,"y":-0.202107191085815,"z":-1.19209289550781E-07,"font":0,"fontSize":48}},"p4":{"x":-1.49879372119904,"y":-0.568432569503784,"z":-1.19209289550781E-07,"tension":0,"bias":0,"continuity":0,"index":4,"pointType":0,"word":"","text":{"x":-0.998793721199036,"y":-0.568432569503784,"z":-1.19209289550781E-07,"font":0,"fontSize":48}},"p5":{"x":-2.13100028038025,"y":-0.576704502105713,"z":-1.19209289550781E-07,"tension":0,"bias":0,"continuity":0,"index":5,"pointType":0,"word":"","text":{"x":-1.63100028038025,"y":-0.576704502105713,"z":-1.19209289550781E-07,"font":0,"fontSize":48}},"p6":{"x":-2.89899277687073,"y":-0.671057224273682,"z":-1.19209289550781E-07,"tension":0,"bias":0,"continuity":0,"index":6,"pointType":0,"word":"","text":{"x":-2.39899277687073,"y":-0.671057224273682,"z":-1.19209289550781E-07,"font":0,"fontSize":48}},"p7":{"x":-3.11501955986023,"y":-1.00826287269592,"z":-1.19209289550781E-07,"tension":0,"bias":0,"continuity":0,"index":7,"pointType":0,"word":"","text":{"x":-2.61501955986023,"y":-1.00826287269592,"z":-1.19209289550781E-07,"font":0,"fontSize":48}},"p8":{"x":-3.02434086799622,"y":-1.31215810775757,"z":-1.19209289550781E-07,"tension":0,"bias":0,"continuity":0,"index":8,"pointType":0,"word":"","text":{"x":-2.52434086799622,"y":-1.31215810775757,"z":-1.19209289550781E-07,"font":0,"fontSize":48}},"p9":{"x":-2.51594090461731,"y":-1.5217752456665,"z":-1.19209289550781E-07,"tension":0,"bias":0,"continuity":0,"index":9,"pointType":0,"word":"","text":{"x":-2.01594090461731,"y":-1.5217752456665,"z":-1.19209289550781E-07,"font":0,"fontSize":48}},"p10":{"x":-1.95992827415466,"y":-1.03491950035095,"z":-1.19209289550781E-07,"tension":0,"bias":0,"continuity":0,"index":10,"pointType":0,"word":"","text":{"x":-1.45992827415466,"y":-1.03491950035095,"z":-1.19209289550781E-07,"font":0,"fontSize":48}},"p11":{"x":-1.79118895530701,"y":-0.708502292633057,"z":-1.19209289550781E-07,"tension":0,"bias":0,"continuity":0,"index":11,"pointType":0,"word":"","text":{"x":-1.29118895530701,"y":-0.708502292633057,"z":-1.19209289550781E-07,"font":0,"fontSize":48}},"p12":{"x":-1.94333159923553,"y":-0.437413454055786,"z":-1.19209289550781E-07,"tension":0,"bias":0,"continuity":0,"index":12,"pointType":0,"word":"","text":{"x":-1.44333159923553,"y":-0.437413454055786,"z":-1.19209289550781E-07,"font":0,"fontSize":48}},"p13":{"x":-2.18675971031189,"y":-0.293569326400757,"z":-1.19209289550781E-07,"tension":0,"bias":0,"continuity":0,"index":13,"pointType":0,"word":"","text":{"x":-1.68675971031189,"y":-0.293569326400757,"z":-1.19209289550781E-07,"font":0,"fontSize":48}},"fixedCamera":true,"fov":70,"splineCount":1,"unlockType":0,"speed":0,"time":0,"laps":0,"startSpeed":0,"spline0":{"order":0,"closed":true,"numPoints":14,"type":0,"lineTexture":0,"lineWidth":1,"points":{"p0":0,"p1":1,"p2":2,"p3":3,"p4":4,"p5":5,"p6":6,"p7":7,"p8":8,"p9":9,"p10":10,"p11":11,"p12":12,"p13":13}}}