{"name":"Untitled","pointCount":20,"p0":{"x":0,"y":0,"z":0,"tension":0,"bias":0,"continuity":0,"index":0,"pointType":0,"word":"","text":{"x":0.5,"y":0,"z":0,"font":0,"fontSize":48}},"p1":{"x":-0.106110572814941,"y":0.183789014816284,"z":0,"tension":0,"bias":0,"continuity":0,"index":1,"pointType":0,"word":"","text":{"x":0.393889427185059,"y":0.183789014816284,"z":0,"font":0,"fontSize":48}},"p2":{"x":-0.765040874481201,"y":0.56422233581543,"z":0,"tension":0,"bias":0,"continuity":0,"index":2,"pointType":0,"word":"","text":{"x":-0.265040874481201,"y":0.56422233581543,"z":0,"font":0,"fontSize":48}},"p3":{"x":-1.19802784919739,"y":0.56422233581543,"z":0,"tension":0,"bias":0,"continuity":0,"index":3,"pointType":0,"word":"","text":{"x":-0.698027849197388,"y":0.56422233581543,"z":0,"font":0,"fontSize":48}},"p4":{"x":-1.71339857578278,"y":0.266672849655151,"z":0,"tension":0,"bias":0,"continuity":0,"index":4,"pointType":0,"word":"","text":{"x":-1.21339857578278,"y":0.266672849655151,"z":0,"font":0,"fontSize":48}},"p5":{"x":-2.03258895874023,"y":-0.286181211471558,"z":0,"tension":0,"bias":0,"continuity":0,"index":5,"pointType":0,"word":"","text":{"x":-1.53258895874023,"y":-0.286181211471558,"z":0,"font":0,"fontSize":48}},"p6":{"x":-2.03258895874023,"y":-0.519254684448242,"z":0,"tension":0,"bias":0,"continuity":0,"index":6,"pointType":0,"word":"","text":{"x":-1.53258895874023,"y":-0.519254684448242,"z":0,"font":0,"fontSize":48}},"p7":{"x":-1.80537021160126,"y":-0.912808895111084,"z":0,"tension":0,"bias":0,"continuity":0,"index":7,"pointType":0,"word":"","text":{"x":-1.30537021160126,"y":-0.912808895111084,"z":0,"font":0,"fontSize":48}},"p8":{"x":-1.41017746925354,"y":-1.14097356796265,"z":0,"tension":0,"bias":0,"continuity":0,"index":8,"pointType":0,"word":"","text":{"x":-0.91017746925354,"y":-1.14097356796265,"z":0,"font":0,"fontSize":48}},"p9":{"x":-1.14851856231689,"y":-1.14097356796265,"z":0,"tension":0,"bias":0,"continuity":0,"index":9,"pointType":0,"word":"","text":{"x":-0.648518562316895,"y":-1.14097356796265,"z":0,"font":0,"fontSize":48}},"p10":{"x":-1.00922751426697,"y":-1.06055378913879,"z":0,"tension":0,"bias":0,"continuity":0,"index":10,"pointType":0,"word":"","text":{"x":-0.509227514266968,"y":-1.06055378913879,"z":0,"font":0,"fontSize":48}},"p11":{"x":-0.903480052947998,"y":-0.87739372253418,"z":0,"tension":0,"bias":0,"continuity":0,"index":11,"pointType":0,"word":"","text":{"x":-0.403480052947998,"y":-0.87739372253418,"z":0,"font":0,"fontSize":48}},"p12":{"x":-0.903480052947998,"y":-0.666937828063965,"z":0,"tension":0,"bias":0,"continuity":0,"index":12,"pointType":0,"word":"","text":{"x":-0.403480052947998,"y":-0.666937828063965,"z":0,"font":0,"fontSize":48}},"p13":{"x":-0.950783729553223,"y":-0.585005521774292,"z":0,"tension":0,"bias":0,"continuity":0,"index":13,"pointType":0,"word":"","text":{"x":-0.450783729553223,"y":-0.585005521774292,"z":0,"font":0,"fontSize":48}},"p14":{"x":-1.09828734397888,"y":-0.499844312667847,"z":0,"tension":0,"bias":0,"continuity":0,"index":14,"pointType":0,"word":"","text":{"x":-0.598287343978882,"y":-0.499844312667847,"z":0,"font":0,"fontSize":48}},"p15":{"x":-1.21759724617004,"y":-0.499844312667847,"z":0,"tension":0,"bias":0,"continuity":0,"index":15,"pointType":0,"word":"","text":{"x":-0.717597246170044,"y":-0.499844312667847,"z":0,"font":0,"fontSize":48}},"p16":{"x":-1.36427640914917,"y":-0.584529399871826,"z":0,"tension":0,"bias":0,"continuity":0,"index":16,"pointType":0,"word":"","text":{"x":-0.86427640914917,"y":-0.584529399871826,"z":0,"font":0,"fontSize":48}},"p17":{"x":-1.41267871856689,"y":-0.668364524841309,"z":0,"tension":0,"bias":0,"continuity":0,"index":17,"pointType":0,"word":"","text":{"x":-0.912678718566895,"y":-0.668364524841309,"z":0,"font":0,"fontSize":48}},"p18":{"x":-1.41267871856689,"y":-0.773816585540771,"z":0,"tension":0,"bias":0,"continuity":0,"index":18,"pointType":0,"word":"","text":{"x":-0.912678718566895,"y":-0.773816585540771,"z":0,"font":0,"fontSize":48}},"p19":{"x":-1.37787532806396,"y":-0.834097385406494,"z":0,"tension":0,"bias":0,"continuity":0,"index":19,"pointType":0,"word":"","text":{"x":-0.877875328063965,"y":-0.834097385406494,"z":0,"font":0,"fontSize":48}},"fixedCamera":false,"fov":30,"splineCount":1,"unlockType":0,"speed":0,"time":0,"laps":0,"startSpeed":0,"spline0":{"order":0,"closed":false,"numPoints":20,"type":0,"lineTexture":0,"points":{"p0":0,"p1":1,"p2":2,"p3":3,"p4":4,"p5":5,"p6":6,"p7":7,"p8":8,"p9":9,"p10":10,"p11":11,"p12":12,"p13":13,"p14":14,"p15":15,"p16":16,"p17":17,"p18":18,"p19":19}}}