{"name":"Untitled","pointCount":20,"p0":{"x":0,"y":0,"z":0,"tension":0,"bias":0,"continuity":0,"index":0,"pointType":0,"word":"","text":{"x":0.5,"y":0,"z":0,"font":0,"fontSize":48}},"p1":{"x":-0.703211784362793,"y":0.217094540596008,"z":0.100000001490116,"tension":0,"bias":0,"continuity":0,"index":1,"pointType":0,"word":"","text":{"x":-0.203211784362793,"y":0.217094540596008,"z":0.100000001490116,"font":0,"fontSize":48}},"p2":{"x":-1.56796324253082,"y":0.00647497177124023,"z":0.200000002980232,"tension":0,"bias":0,"continuity":0,"index":2,"pointType":0,"word":"","text":{"x":-1.06796324253082,"y":0.00647497177124023,"z":0.200000002980232,"font":0,"fontSize":48}},"p3":{"x":-2.12111520767212,"y":-0.398593187332153,"z":0.300000011920929,"tension":0,"bias":0,"continuity":0,"index":3,"pointType":0,"word":"","text":{"x":-1.62111520767212,"y":-0.398593187332153,"z":0.300000011920929,"font":0,"fontSize":48}},"p4":{"x":-2.32277488708496,"y":-0.729264259338379,"z":0.400000005960464,"tension":0,"bias":0,"continuity":0,"index":4,"pointType":0,"word":"","text":{"x":-1.82277488708496,"y":-0.729264259338379,"z":0.400000005960464,"font":0,"fontSize":48}},"p5":{"x":-2.21997880935669,"y":-1.25932216644287,"z":0.5,"tension":0,"bias":0,"continuity":0,"index":5,"pointType":0,"word":"","text":{"x":-1.71997880935669,"y":-1.25932216644287,"z":0.5,"font":0,"fontSize":48}},"p6":{"x":-2.01433110237122,"y":-1.36349725723267,"z":0.600000023841858,"tension":0,"bias":0,"continuity":0,"index":6,"pointType":0,"word":"","text":{"x":-1.51433110237122,"y":-1.36349725723267,"z":0.600000023841858,"font":0,"fontSize":48}},"p7":{"x":-1.59680652618408,"y":-1.35686254501343,"z":0.700000047683716,"tension":0,"bias":0,"continuity":0,"index":7,"pointType":0,"word":"","text":{"x":-1.09680652618408,"y":-1.35686254501343,"z":0.700000047683716,"font":0,"fontSize":48}},"p8":{"x":-1.10440063476563,"y":-1.09997200965881,"z":0.800000071525574,"tension":0,"bias":0,"continuity":0,"index":8,"pointType":0,"word":"","text":{"x":-0.604400634765625,"y":-1.09997200965881,"z":0.800000071525574,"font":0,"fontSize":48}},"p9":{"x":-0.832781076431274,"y":-0.715295791625977,"z":0.900000095367432,"tension":0,"bias":0,"continuity":0,"index":9,"pointType":0,"word":"","text":{"x":-0.332781076431274,"y":-0.715295791625977,"z":0.900000095367432,"font":0,"fontSize":48}},"p10":{"x":-0.618970632553101,"y":-0.210436820983887,"z":1.00000011920929,"tension":0,"bias":0,"continuity":0,"index":10,"pointType":0,"word":"","text":{"x":-0.118970632553101,"y":-0.210436820983887,"z":1.00000011920929,"font":0,"fontSize":48}},"p11":{"x":-0.544881820678711,"y":0.33487069606781,"z":1.10000014305115,"tension":0,"bias":0,"continuity":0,"index":11,"pointType":0,"word":"","text":{"x":-0.0448818206787109,"y":0.33487069606781,"z":1.10000014305115,"font":0,"fontSize":48}},"p12":{"x":-0.606071472167969,"y":0.88909125328064,"z":1.20000016689301,"tension":0,"bias":0,"continuity":0,"index":12,"pointType":0,"word":"","text":{"x":-0.106071472167969,"y":0.88909125328064,"z":1.20000016689301,"font":0,"fontSize":48}},"p13":{"x":-0.845841884613037,"y":1.39711880683899,"z":1.30000019073486,"tension":0,"bias":0,"continuity":0,"index":13,"pointType":0,"word":"","text":{"x":-0.345841884613037,"y":1.39711880683899,"z":1.30000019073486,"font":0,"fontSize":48}},"p14":{"x":-1.15895509719849,"y":1.71179354190826,"z":1.40000021457672,"tension":0,"bias":0,"continuity":0,"index":14,"pointType":0,"word":"","text":{"x":-0.658955097198486,"y":1.71179354190826,"z":1.40000021457672,"font":0,"fontSize":48}},"p15":{"x":-1.25686001777649,"y":1.8432629108429,"z":1.50000023841858,"tension":0,"bias":0,"continuity":0,"index":15,"pointType":0,"word":"","text":{"x":-0.756860017776489,"y":1.8432629108429,"z":1.50000023841858,"font":0,"fontSize":48}},"p16":{"x":-1.26922106742859,"y":1.89095044136047,"z":1.60000026226044,"tension":0,"bias":0,"continuity":0,"index":16,"pointType":0,"word":"","text":{"x":-0.769221067428589,"y":1.89095044136047,"z":1.60000026226044,"font":0,"fontSize":48}},"p17":{"x":-1.18641662597656,"y":1.8718945980072,"z":1.70000028610229,"tension":0,"bias":0,"continuity":0,"index":17,"pointType":0,"word":"","text":{"x":-0.686416625976563,"y":1.8718945980072,"z":1.70000028610229,"font":0,"fontSize":48}},"p18":{"x":-0.993237257003784,"y":1.79221272468567,"z":1.80000030994415,"tension":0,"bias":0,"continuity":0,"index":18,"pointType":0,"word":"","text":{"x":-0.493237257003784,"y":1.79221272468567,"z":1.80000030994415,"font":0,"fontSize":48}},"p19":{"x":-0.635790348052979,"y":1.62403750419617,"z":1.90000033378601,"tension":0,"bias":0,"continuity":0,"index":19,"pointType":0,"word":"","text":{"x":-0.135790348052979,"y":1.62403750419617,"z":1.90000033378601,"font":0,"fontSize":48}},"fixedCamera":false,"fov":30,"splineCount":1,"unlockType":0,"speed":0,"time":0,"laps":0,"startSpeed":0,"spline0":{"order":0,"closed":false,"numPoints":20,"type":0,"lineTexture":0,"points":{"p0":0,"p1":1,"p2":2,"p3":3,"p4":4,"p5":5,"p6":6,"p7":7,"p8":8,"p9":9,"p10":10,"p11":11,"p12":12,"p13":13,"p14":14,"p15":15,"p16":16,"p17":17,"p18":18,"p19":19}}}