{"name":"Untitled","pointCount":3,"p0":{"x":-0.506596565246582,"y":0.619884014129639,"z":0,"tension":0,"bias":0,"continuity":0,"index":0,"pointType":4,"word":"","text":{"x":-0.00659656524658203,"y":0.619884014129639,"z":0,"font":0,"fontSize":48}},"p1":{"x":0.127973318099976,"y":0.881038308143616,"z":0,"tension":0,"bias":0,"continuity":0,"index":1,"pointType":4,"word":"","text":{"x":0.627973318099976,"y":0.881038308143616,"z":0,"font":0,"fontSize":48}},"p2":{"x":0.276866674423218,"y":0.56788969039917,"z":0,"tension":0,"bias":0,"continuity":0,"index":2,"pointType":4,"word":"","text":{"x":0.776866674423218,"y":0.56788969039917,"z":0,"font":0,"fontSize":48}},"splineCount":0,"unlockType":0,"speed":1,"acceleration":1,"maxSpeed":3,"time":1,"laps":1,"startSpeed":1,"text":"","title":"","forceOrder":false,"camera":{"lockX":true,"lockY":true,"lockZ":true,"x":0,"y":0,"z":0,"setPos":false,"fixCam":false,"fov":66}}