{"name":"Untitled","pointCount":20,"p0":{"x":0,"y":0,"z":0,"tension":0,"bias":0,"continuity":0,"index":0,"pointType":0,"word":"","text":{"x":0.5,"y":0,"z":0,"font":0,"fontSize":48}},"p1":{"x":0.404508590698242,"y":0.293892621994019,"z":0.100000001490116,"tension":0,"bias":0,"continuity":0,"index":1,"pointType":0,"word":"","text":{"x":0.904508590698242,"y":0.293892621994019,"z":0.100000001490116,"font":0,"fontSize":48}},"p2":{"x":0.832483768463135,"y":0.154834985733032,"z":0.200000002980232,"tension":0,"bias":0,"continuity":0,"index":2,"pointType":0,"word":"","text":{"x":1.33248376846313,"y":0.154834985733032,"z":0.200000002980232,"font":0,"fontSize":48}},"p3":{"x":0.957635879516602,"y":-0.230342864990234,"z":0.300000011920929,"tension":0,"bias":0,"continuity":0,"index":3,"pointType":0,"word":"","text":{"x":1.4576358795166,"y":-0.230342864990234,"z":0.300000011920929,"font":0,"fontSize":48}},"p4":{"x":0.743388175964355,"y":-0.525229692459106,"z":0.400000005960464,"tension":0,"bias":0,"continuity":0,"index":4,"pointType":0,"word":"","text":{"x":1.24338817596436,"y":-0.525229692459106,"z":0.400000005960464,"font":0,"fontSize":48}},"p5":{"x":0.415338039398193,"y":-0.525229692459106,"z":0.5,"tension":0,"bias":0,"continuity":0,"index":5,"pointType":0,"word":"","text":{"x":0.915338039398193,"y":-0.525229692459106,"z":0.5,"font":0,"fontSize":48}},"p6":{"x":0.24179744720459,"y":-0.286371469497681,"z":0.600000023841858,"tension":0,"bias":0,"continuity":0,"index":6,"pointType":0,"word":"","text":{"x":0.74179744720459,"y":-0.286371469497681,"z":0.600000023841858,"font":0,"fontSize":48}},"p7":{"x":0.323909521102905,"y":-0.0336563587188721,"z":0.700000047683716,"tension":0,"bias":0,"continuity":0,"index":7,"pointType":0,"word":"","text":{"x":0.823909521102905,"y":-0.0336563587188721,"z":0.700000047683716,"font":0,"fontSize":48}},"p8":{"x":0.551352977752686,"y":0.0402445793151855,"z":0.800000071525574,"tension":0,"bias":0,"continuity":0,"index":8,"pointType":0,"word":"","text":{"x":1.05135297775269,"y":0.0402445793151855,"z":0.800000071525574,"font":0,"fontSize":48}},"p9":{"x":0.725481033325195,"y":-0.0862665176391602,"z":0.900000095367432,"tension":0,"bias":0,"continuity":0,"index":9,"pointType":0,"word":"","text":{"x":1.2254810333252,"y":-0.0862665176391602,"z":0.900000095367432,"font":0,"fontSize":48}},"p10":{"x":0.725481033325195,"y":-0.279976844787598,"z":1.00000011920929,"tension":0,"bias":0,"continuity":0,"index":10,"pointType":0,"word":"","text":{"x":1.2254810333252,"y":-0.279976844787598,"z":1.00000011920929,"font":0,"fontSize":48}},"p11":{"x":0.584437370300293,"y":-0.382450819015503,"z":1.10000014305115,"tension":0,"bias":0,"continuity":0,"index":11,"pointType":0,"word":"","text":{"x":1.08443737030029,"y":-0.382450819015503,"z":1.10000014305115,"font":0,"fontSize":48}},"p12":{"x":0.435211658477783,"y":-0.333964347839355,"z":1.20000016689301,"tension":0,"bias":0,"continuity":0,"index":12,"pointType":0,"word":"","text":{"x":0.935211658477783,"y":-0.333964347839355,"z":1.20000016689301,"font":0,"fontSize":48}},"p13":{"x":0.391573905944824,"y":-0.199661254882813,"z":1.30000019073486,"tension":0,"bias":0,"continuity":0,"index":13,"pointType":0,"word":"","text":{"x":0.891573905944824,"y":-0.199661254882813,"z":1.30000019073486,"font":0,"fontSize":48}},"p14":{"x":0.466277599334717,"y":-0.0968406200408936,"z":1.40000021457672,"tension":0,"bias":0,"continuity":0,"index":14,"pointType":0,"word":"","text":{"x":0.966277599334717,"y":-0.0968406200408936,"z":1.40000021457672,"font":0,"fontSize":48}},"p15":{"x":0.580661296844482,"y":-0.0968406200408936,"z":1.50000023841858,"tension":0,"bias":0,"continuity":0,"index":15,"pointType":0,"word":"","text":{"x":1.08066129684448,"y":-0.0968406200408936,"z":1.50000023841858,"font":0,"fontSize":48}},"p16":{"x":0.641171455383301,"y":-0.18012523651123,"z":1.60000026226044,"tension":0,"bias":0,"continuity":0,"index":16,"pointType":0,"word":"","text":{"x":1.1411714553833,"y":-0.18012523651123,"z":1.60000026226044,"font":0,"fontSize":48}},"p17":{"x":0.612540721893311,"y":-0.26824164390564,"z":1.70000028610229,"tension":0,"bias":0,"continuity":0,"index":17,"pointType":0,"word":"","text":{"x":1.11254072189331,"y":-0.26824164390564,"z":1.70000028610229,"font":0,"fontSize":48}},"p18":{"x":0.533236026763916,"y":-0.294009208679199,"z":1.80000030994415,"tension":0,"bias":0,"continuity":0,"index":18,"pointType":0,"word":"","text":{"x":1.03323602676392,"y":-0.294009208679199,"z":1.80000030994415,"font":0,"fontSize":48}},"p19":{"x":0.472521305084229,"y":-0.249897718429565,"z":1.90000033378601,"tension":0,"bias":0,"continuity":0,"index":19,"pointType":0,"word":"","text":{"x":0.972521305084229,"y":-0.249897718429565,"z":1.90000033378601,"font":0,"fontSize":48}},"splineCount":1,"unlockType":0,"speed":1,"acceleration":1,"maxSpeed":10,"time":1,"laps":1,"startSpeed":1,"text":"","title":"","forceOrder":false,"camera":{"lockX":false,"lockY":false,"lockZ":false,"x":0,"y":0,"z":0,"setPos":false,"fov":30},"spline0":{"order":0,"closed":false,"numPoints":20,"type":0,"lineTexture":0,"lineWidth":1,"bidirectional":true,"speed":0,"points":{"p0":0,"p1":1,"p2":2,"p3":3,"p4":4,"p5":5,"p6":6,"p7":7,"p8":8,"p9":9,"p10":10,"p11":11,"p12":12,"p13":13,"p14":14,"p15":15,"p16":16,"p17":17,"p18":18,"p19":19}}}