{"name":"Untitled","pointCount":20,"p0":{"x":-0.517486095428467,"y":0.973414897918701,"z":0,"tension":0,"bias":0,"continuity":0,"index":0,"pointType":0,"word":"","text":{"x":-0.0174860954284668,"y":0.973414897918701,"z":0,"font":0,"fontSize":48}},"p1":{"x":-0.0353500843048096,"y":0.977096080780029,"z":0,"tension":0,"bias":0,"continuity":0,"index":1,"pointType":0,"word":"","text":{"x":0.46464991569519,"y":0.977096080780029,"z":0,"font":0,"fontSize":48}},"p2":{"x":-0.0870754718780518,"y":0.623439311981201,"z":0,"tension":0,"bias":0,"continuity":0,"index":2,"pointType":0,"word":"","text":{"x":0.412924528121948,"y":0.623439311981201,"z":0,"font":0,"fontSize":48}},"p3":{"x":-0.349309921264648,"y":0.474277019500732,"z":0,"tension":0,"bias":0,"continuity":0,"index":3,"pointType":0,"word":"","text":{"x":0.150690078735352,"y":0.474277019500732,"z":0,"font":0,"fontSize":48}},"p4":{"x":-0.308411836624146,"y":0.350375771522522,"z":0,"tension":0,"bias":0,"continuity":0,"index":4,"pointType":0,"word":"","text":{"x":0.191588163375854,"y":0.350375771522522,"z":0,"font":0,"fontSize":48}},"p5":{"x":-0.000465631484985352,"y":0.310680031776428,"z":0,"tension":0,"bias":0,"continuity":0,"index":5,"pointType":0,"word":"","text":{"x":0.499534368515015,"y":0.310680031776428,"z":0,"font":0,"fontSize":48}},"p6":{"x":0.441004276275635,"y":0.428565740585327,"z":0,"tension":0,"bias":0,"continuity":0,"index":6,"pointType":0,"word":"","text":{"x":0.941004276275635,"y":0.428565740585327,"z":0,"font":0,"fontSize":48}},"p7":{"x":0.532425403594971,"y":0.364810705184937,"z":0,"tension":0,"bias":0,"continuity":0,"index":7,"pointType":0,"word":"","text":{"x":1.03242540359497,"y":0.364810705184937,"z":0,"font":0,"fontSize":48}},"p8":{"x":0.742800235748291,"y":0.691233992576599,"z":0,"tension":0,"bias":0,"continuity":0,"index":8,"pointType":0,"word":"","text":{"x":1.24280023574829,"y":0.691233992576599,"z":0,"font":0,"fontSize":48}},"p9":{"x":0.539810657501221,"y":0.828032970428467,"z":0,"tension":0,"bias":0,"continuity":0,"index":9,"pointType":0,"word":"","text":{"x":1.03981065750122,"y":0.828032970428467,"z":0,"font":0,"fontSize":48}},"p10":{"x":0.250036954879761,"y":0.735362529754639,"z":0,"tension":0,"bias":0,"continuity":0,"index":10,"pointType":0,"word":"","text":{"x":0.750036954879761,"y":0.735362529754639,"z":0,"font":0,"fontSize":48}},"p11":{"x":0.0514609813690186,"y":0.510310649871826,"z":0,"tension":0,"bias":0,"continuity":0,"index":11,"pointType":0,"word":"","text":{"x":0.551460981369019,"y":0.510310649871826,"z":0,"font":0,"fontSize":48}},"p12":{"x":0.266216993331909,"y":0.316146373748779,"z":0,"tension":0,"bias":0,"continuity":0,"index":12,"pointType":0,"word":"","text":{"x":0.766216993331909,"y":0.316146373748779,"z":0,"font":0,"fontSize":48}},"p13":{"x":0.480974197387695,"y":0.227889776229858,"z":0,"tension":0,"bias":0,"continuity":0,"index":13,"pointType":0,"word":"","text":{"x":0.980974197387695,"y":0.227889776229858,"z":0,"font":0,"fontSize":48}},"p14":{"x":0.831056118011475,"y":0.7883141040802,"z":0,"tension":0,"bias":0,"continuity":0,"index":14,"pointType":0,"word":"","text":{"x":1.33105611801147,"y":0.7883141040802,"z":0,"font":0,"fontSize":48}},"p15":{"x":0.252979040145874,"y":0.930999279022217,"z":0,"tension":0,"bias":0,"continuity":0,"index":15,"pointType":0,"word":"","text":{"x":0.752979040145874,"y":0.930999279022217,"z":0,"font":0,"fontSize":48}},"p16":{"x":0.0691115856170654,"y":1.09133100509644,"z":0,"tension":0,"bias":0,"continuity":0,"index":16,"pointType":0,"word":"","text":{"x":0.569111585617065,"y":1.09133100509644,"z":0,"font":0,"fontSize":48}},"p17":{"x":-0.051504373550415,"y":0.422054052352905,"z":0,"tension":0,"bias":0,"continuity":0,"index":17,"pointType":0,"word":"","text":{"x":0.448495626449585,"y":0.422054052352905,"z":0,"font":0,"fontSize":48}},"p18":{"x":-0.375109672546387,"y":0.113158941268921,"z":0,"tension":0,"bias":0,"continuity":0,"index":18,"pointType":0,"word":"","text":{"x":0.124890327453613,"y":0.113158941268921,"z":0,"font":0,"fontSize":48}},"p19":{"x":-0.779617309570313,"y":0.377925634384155,"z":0,"tension":0,"bias":0,"continuity":0,"index":19,"pointType":0,"word":"","text":{"x":-0.279617309570313,"y":0.377925634384155,"z":0,"font":0,"fontSize":48}},"splineCount":1,"unlockType":0,"speed":1,"acceleration":1,"maxSpeed":10,"time":1,"laps":1,"startSpeed":1,"text":"","title":"","forceOrder":false,"camera":{"lockX":true,"lockY":true,"lockZ":true,"x":-0.0834444239735603,"y":0.493491590023041,"z":-2.02104592323303,"setPos":true,"fixCam":false,"fov":49},"spline0":{"order":0,"closed":true,"numPoints":20,"type":0,"lineTexture":0,"lineWidth":1,"bidirectional":true,"speed":0,"points":{"p0":0,"p1":1,"p2":2,"p3":3,"p4":4,"p5":5,"p6":6,"p7":7,"p8":8,"p9":9,"p10":10,"p11":11,"p12":12,"p13":13,"p14":14,"p15":15,"p16":16,"p17":17,"p18":18,"p19":19}}}