{"name":"Untitled","pointCount":10,"p0":{"x":-1.32168579101563,"y":0.3641357421875,"z":0,"tension":0,"bias":0,"continuity":0,"index":0,"pointType":3,"word":"","collect":false,"text":{"x":-0.821685791015625,"y":0.3641357421875,"z":0,"font":0,"fontSize":48}},"p1":{"x":-0.285145044326782,"y":0.660840749740601,"z":0,"tension":0,"bias":0,"continuity":0,"index":1,"pointType":0,"word":"","collect":false,"text":{"x":0.214854955673218,"y":0.660840749740601,"z":0,"font":0,"fontSize":48}},"p2":{"x":0.543316841125488,"y":0.121377110481262,"z":0,"tension":0,"bias":0,"continuity":0,"index":2,"pointType":0,"word":"","collect":false,"text":{"x":1.04331684112549,"y":0.121377110481262,"z":0,"font":0,"fontSize":48}},"p3":{"x":0.689743041992188,"y":-0.664698600769043,"z":0,"tension":0,"bias":0,"continuity":0,"index":3,"pointType":0,"word":"","collect":false,"text":{"x":1.18974304199219,"y":-0.664698600769043,"z":0,"font":0,"fontSize":48}},"p4":{"x":-0.396891117095947,"y":-0.945990085601807,"z":0,"tension":0,"bias":0,"continuity":0,"index":4,"pointType":0,"word":"","collect":false,"text":{"x":0.103108882904053,"y":-0.945990085601807,"z":0,"font":0,"fontSize":48}},"p5":{"x":-1.10590028762817,"y":-0.5067138671875,"z":0,"tension":0,"bias":0,"continuity":0,"index":5,"pointType":3,"word":"","collect":false,"text":{"x":-0.605900287628174,"y":-0.5067138671875,"z":0,"font":0,"fontSize":48}},"p6":{"x":0.177057981491089,"y":1.13870620727539,"z":0,"tension":1,"bias":0,"continuity":0,"index":6,"pointType":3,"word":"","collect":false,"text":{"x":0.677057981491089,"y":1.13870620727539,"z":0,"font":0,"fontSize":48}},"p7":{"x":-0.0811140537261963,"y":-0.129032373428345,"z":0,"tension":1,"bias":0,"continuity":0,"index":7,"pointType":3,"word":"","collect":false,"text":{"x":0.418885946273804,"y":-0.129032373428345,"z":0,"font":0,"fontSize":48}},"p8":{"x":1.09799957275391,"y":-1.15016055107117,"z":0,"tension":1,"bias":0,"continuity":0,"index":8,"pointType":3,"word":"","collect":false,"text":{"x":1.59799957275391,"y":-1.15016055107117,"z":0,"font":0,"fontSize":48}},"p9":{"x":-0.408653974533081,"y":-0.45271110534668,"z":0,"tension":1,"bias":0,"continuity":0,"index":9,"pointType":3,"word":"","collect":false,"text":{"x":0.0913460254669189,"y":-0.45271110534668,"z":0,"font":0,"fontSize":48}},"splineCount":5,"unlockType":0,"speed":1,"acceleration":0,"maxSpeed":3,"time":1,"laps":1,"startSpeed":0,"text":"","title":"Untitled","forceOrder":false,"camera":{"lockX":true,"lockY":true,"lockZ":false,"x":-0.315971374511719,"y":-0.142574667930603,"z":0,"setPos":false,"fov":60},"spline0":{"order":0,"closed":false,"numPoints":6,"type":0,"lineTexture":0,"lineWidth":1,"bidirectional":true,"speed":0,"points":{"p0":0,"p1":1,"p2":2,"p3":3,"p4":4,"p5":5}},"spline1":{"order":1,"closed":false,"numPoints":2,"type":0,"lineTexture":0,"lineWidth":1,"bidirectional":true,"speed":0,"points":{"p0":1,"p1":6}},"spline2":{"order":2,"closed":false,"numPoints":2,"type":0,"lineTexture":0,"lineWidth":1,"bidirectional":true,"speed":0,"points":{"p0":2,"p1":7}},"spline3":{"order":3,"closed":false,"numPoints":2,"type":0,"lineTexture":0,"lineWidth":1,"bidirectional":true,"speed":0,"points":{"p0":3,"p1":8}},"spline4":{"order":4,"closed":false,"numPoints":2,"type":0,"lineTexture":0,"lineWidth":1,"bidirectional":true,"speed":0,"points":{"p0":4,"p1":9}}}