{"name":"Untitled","pointCount":29,"p0":{"x":-0.506596565246582,"y":0.810134530067444,"z":0,"tension":0,"bias":0,"continuity":0,"index":0,"pointType":6,"word":"","text":{"x":-0.00659656524658203,"y":0.810134530067444,"z":0,"font":0,"fontSize":48}},"p1":{"x":-0.538723468780518,"y":0.352355718612671,"z":0,"tension":0,"bias":0,"continuity":0,"index":1,"pointType":0,"word":"","text":{"x":-0.0387234687805176,"y":0.352355718612671,"z":0,"font":0,"fontSize":48}},"p2":{"x":0.0405280590057373,"y":0.426086068153381,"z":0,"tension":0,"bias":0,"continuity":0,"index":2,"pointType":0,"word":"","text":{"x":0.540528059005737,"y":0.426086068153381,"z":0,"font":0,"fontSize":48}},"p3":{"x":0.327679395675659,"y":0.629336714744568,"z":0,"tension":0,"bias":0,"continuity":0,"index":3,"pointType":0,"word":"","text":{"x":0.827679395675659,"y":0.629336714744568,"z":0,"font":0,"fontSize":48}},"p4":{"x":0.11142897605896,"y":0.866855144500732,"z":0,"tension":0,"bias":0,"continuity":0,"index":4,"pointType":0,"word":"","text":{"x":0.61142897605896,"y":0.866855144500732,"z":0,"font":0,"fontSize":48}},"p5":{"x":-0.100094079971313,"y":0.669513344764709,"z":0,"tension":0,"bias":0,"continuity":0,"index":5,"pointType":0,"word":"","text":{"x":0.399905920028687,"y":0.669513344764709,"z":0,"font":0,"fontSize":48}},"p6":{"x":-0.237170457839966,"y":0.883399486541748,"z":0,"tension":0,"bias":0,"continuity":0,"index":6,"pointType":0,"word":"","text":{"x":0.262829542160034,"y":0.883399486541748,"z":0,"font":0,"fontSize":48}},"p7":{"x":-0.765387535095215,"y":0.740417122840881,"z":0,"tension":0,"bias":0,"continuity":0,"index":7,"pointType":4,"word":"","text":{"x":-0.265387535095215,"y":0.740417122840881,"z":0,"font":0,"fontSize":48}},"p8":{"x":-0.102457284927368,"y":0.27837336063385,"z":0,"tension":0,"bias":0,"continuity":0,"index":8,"pointType":0,"word":"","text":{"x":0.397542715072632,"y":0.27837336063385,"z":0,"font":0,"fontSize":48}},"p9":{"x":0.406852245330811,"y":0.920031905174255,"z":0,"tension":0,"bias":0,"continuity":0,"index":9,"pointType":4,"word":"","text":{"x":0.906852245330811,"y":0.920031905174255,"z":0,"font":0,"fontSize":48}},"p10":{"x":0.924069404602051,"y":0.313080310821533,"z":0,"tension":0,"bias":0,"continuity":0,"index":10,"pointType":4,"word":"","text":{"x":1.42406940460205,"y":0.313080310821533,"z":0,"font":0,"fontSize":48}},"p11":{"x":0.283808708190918,"y":0.105743885040283,"z":0,"tension":0,"bias":0,"continuity":0,"index":11,"pointType":4,"word":"","text":{"x":0.783808708190918,"y":0.105743885040283,"z":0,"font":0,"fontSize":48}},"p12":{"x":0.724558353424072,"y":0.864670157432556,"z":0,"tension":0,"bias":0,"continuity":0,"index":12,"pointType":4,"word":"","text":{"x":1.22455835342407,"y":0.864670157432556,"z":0,"font":0,"fontSize":48}},"p13":{"x":-0.501867294311523,"y":1.05769181251526,"z":0,"tension":0,"bias":0,"continuity":0,"index":13,"pointType":4,"word":"","text":{"x":-0.00186729431152344,"y":1.05769181251526,"z":0,"font":0,"fontSize":48}},"p14":{"x":0.139792442321777,"y":1.1415923833847,"z":0,"tension":0,"bias":0,"continuity":0,"index":14,"pointType":0,"word":"","text":{"x":0.639792442321777,"y":1.1415923833847,"z":0,"font":0,"fontSize":48}},"p15":{"x":-0.285617351531982,"y":1.12859165668488,"z":0,"tension":0,"bias":0,"continuity":0,"index":15,"pointType":4,"word":"","text":{"x":0.214382648468018,"y":1.12859165668488,"z":0,"font":0,"fontSize":48}},"p16":{"x":-0.874100923538208,"y":0.913526654243469,"z":0,"tension":0,"bias":0,"continuity":0,"index":16,"pointType":0,"word":"","text":{"x":-0.374100923538208,"y":0.913526654243469,"z":0,"font":0,"fontSize":48}},"p17":{"x":-0.55858850479126,"y":0.969061017036438,"z":0,"tension":0,"bias":0,"continuity":0,"index":17,"pointType":0,"word":"","text":{"x":-0.0585885047912598,"y":0.969061017036438,"z":0,"font":0,"fontSize":48}},"p18":{"x":-0.295071125030518,"y":0.764631509780884,"z":0,"tension":0,"bias":0,"continuity":0,"index":18,"pointType":0,"word":"","text":{"x":0.204928874969482,"y":0.764631509780884,"z":0,"font":0,"fontSize":48}},"p19":{"x":0.307593107223511,"y":1.05650913715363,"z":0,"tension":0,"bias":0,"continuity":0,"index":19,"pointType":0,"word":"","text":{"x":0.807593107223511,"y":1.05650913715363,"z":0,"font":0,"fontSize":48}},"p20":{"x":-1.32770729064941,"y":1.16578698158264,"z":0,"tension":0,"bias":0,"continuity":0,"index":20,"pointType":0,"word":"","text":{"x":-0.827707290649414,"y":1.16578698158264,"z":0,"font":0,"fontSize":48}},"p21":{"x":-0.8258957862854,"y":0.314583539962769,"z":0,"tension":0,"bias":0,"continuity":0,"index":21,"pointType":0,"word":"","text":{"x":-0.3258957862854,"y":0.314583539962769,"z":0,"font":0,"fontSize":48}},"p22":{"x":-0.2678062915802,"y":0.0285041332244873,"z":0,"tension":0,"bias":0,"continuity":0,"index":22,"pointType":0,"word":"","text":{"x":0.2321937084198,"y":0.0285041332244873,"z":0,"font":0,"fontSize":48}},"p23":{"x":0.960929393768311,"y":0.0050513744354248,"z":0,"tension":0,"bias":0,"continuity":0,"index":23,"pointType":0,"word":"","text":{"x":1.46092939376831,"y":0.0050513744354248,"z":0,"font":0,"fontSize":48}},"p24":{"x":1.33142518997192,"y":0.436516404151917,"z":0,"tension":0,"bias":0,"continuity":0,"index":24,"pointType":0,"word":"","text":{"x":1.83142518997192,"y":0.436516404151917,"z":0,"font":0,"fontSize":48}},"p25":{"x":1.02658605575562,"y":1.27365136146545,"z":0,"tension":0,"bias":0,"continuity":0,"index":25,"pointType":0,"word":"","text":{"x":1.52658605575562,"y":1.27365136146545,"z":0,"font":0,"fontSize":48}},"p26":{"x":0.442702770233154,"y":1.54331231117249,"z":0,"tension":0,"bias":0,"continuity":0,"index":26,"pointType":0,"word":"","text":{"x":0.942702770233154,"y":1.54331231117249,"z":0,"font":0,"fontSize":48}},"p27":{"x":-0.617198467254639,"y":1.36978936195374,"z":0,"tension":0,"bias":0,"continuity":0,"index":27,"pointType":0,"word":"","text":{"x":-0.117198467254639,"y":1.36978936195374,"z":0,"font":0,"fontSize":48}},"p28":{"x":-1.02755832672119,"y":1.18688988685608,"z":0,"tension":0,"bias":0,"continuity":0,"index":28,"pointType":0,"word":"","text":{"x":-0.527558326721191,"y":1.18688988685608,"z":0,"font":0,"fontSize":48}},"splineCount":10,"unlockType":0,"speed":1,"acceleration":1,"maxSpeed":10,"time":1,"laps":1,"startSpeed":1,"text":"","title":"","forceOrder":false,"camera":{"lockX":true,"lockY":true,"lockZ":true,"x":-0.0169005058705807,"y":0.693289041519165,"z":-2,"setPos":true,"fixCam":false,"fov":56},"spline0":{"order":0,"closed":false,"numPoints":7,"type":0,"lineTexture":0,"lineWidth":1,"bidirectional":true,"speed":0,"points":{"p0":0,"p1":1,"p2":2,"p3":3,"p4":4,"p5":5,"p6":6}},"spline1":{"order":1,"closed":false,"numPoints":4,"type":0,"lineTexture":0,"lineWidth":1,"bidirectional":true,"speed":0,"points":{"p0":7,"p1":8,"p2":4,"p3":9}},"spline2":{"order":2,"closed":false,"numPoints":2,"type":0,"lineTexture":0,"lineWidth":1,"bidirectional":true,"speed":0,"points":{"p0":10,"p1":3}},"spline3":{"order":3,"closed":false,"numPoints":2,"type":0,"lineTexture":0,"lineWidth":1,"bidirectional":true,"speed":0,"points":{"p0":11,"p1":3}},"spline4":{"order":4,"closed":false,"numPoints":2,"type":0,"lineTexture":0,"lineWidth":1,"bidirectional":true,"speed":0,"points":{"p0":12,"p1":3}},"spline5":{"order":5,"closed":false,"numPoints":2,"type":0,"lineTexture":0,"lineWidth":1,"bidirectional":true,"speed":0,"points":{"p0":13,"p1":6}},"spline6":{"order":6,"closed":false,"numPoints":2,"type":0,"lineTexture":0,"lineWidth":1,"bidirectional":true,"speed":0,"points":{"p0":14,"p1":6}},"spline7":{"order":7,"closed":false,"numPoints":2,"type":0,"lineTexture":0,"lineWidth":1,"bidirectional":true,"speed":0,"points":{"p0":15,"p1":4}},"spline8":{"order":8,"closed":false,"numPoints":5,"type":0,"lineTexture":0,"lineWidth":1,"bidirectional":true,"speed":0,"points":{"p0":16,"p1":17,"p2":18,"p3":19,"p4":14}},"spline9":{"order":9,"closed":false,"numPoints":10,"type":0,"lineTexture":0,"lineWidth":1,"bidirectional":true,"speed":0,"points":{"p0":20,"p1":21,"p2":22,"p3":23,"p4":24,"p5":25,"p6":26,