{"name":"Untitled","pointCount":8,"p0":{"x":-0.514120101928711,"y":0.625789403915405,"z":0,"tension":0,"bias":0,"continuity":0,"index":0,"pointType":4,"word":"","text":{"x":-0.0141201019287109,"y":0.625789403915405,"z":0,"font":0,"fontSize":48}},"p1":{"x":0.183300971984863,"y":0.609248638153076,"z":0,"tension":0,"bias":0,"continuity":0,"index":1,"pointType":4,"word":"","text":{"x":0.683300971984863,"y":0.609248638153076,"z":0,"font":0,"fontSize":48}},"p2":{"x":0.160849571228027,"y":0.980300426483154,"z":0,"tension":0,"bias":0,"continuity":0,"index":2,"pointType":4,"word":"","text":{"x":0.660849571228027,"y":0.980300426483154,"z":0,"font":0,"fontSize":48}},"p3":{"x":-0.109252691268921,"y":0.233325004577637,"z":0,"tension":0,"bias":0,"continuity":0,"index":3,"pointType":4,"word":"","text":{"x":0.390747308731079,"y":0.233325004577637,"z":0,"font":0,"fontSize":48}},"p4":{"x":0.450687408447266,"y":0.0917694568634033,"z":0,"tension":0,"bias":0,"continuity":0,"index":4,"pointType":4,"word":"","text":{"x":0.950687408447266,"y":0.0917694568634033,"z":0,"font":0,"fontSize":48}},"p5":{"x":1.09241437911987,"y":0.425215721130371,"z":0,"tension":0,"bias":0,"continuity":0,"index":5,"pointType":4,"word":"","text":{"x":1.59241437911987,"y":0.425215721130371,"z":0,"font":0,"fontSize":48}},"p6":{"x":0.891088008880615,"y":0.818430781364441,"z":0,"tension":0,"bias":0,"continuity":0,"index":6,"pointType":4,"word":"","text":{"x":1.39108800888062,"y":0.818430781364441,"z":0,"font":0,"fontSize":48}},"p7":{"x":1.51079511642456,"y":0.739787101745605,"z":0,"tension":0,"bias":0,"continuity":0,"index":7,"pointType":4,"word":"","text":{"x":2.01079511642456,"y":0.739787101745605,"z":0,"font":0,"fontSize":48}},"splineCount":0,"unlockType":0,"speed":1,"acceleration":1,"maxSpeed":3,"time":1,"laps":1,"startSpeed":1,"text":"","title":"","forceOrder":false,"camera":{"lockX":true,"lockY":true,"lockZ":true,"x":0,"y":0,"z":0,"setPos":false,"fixCam":false,"fov":71}}