{"name":"Untitled","pointCount":10,"p0":{"x":-0.404971122741699,"y":0.517074227333069,"z":0,"tension":0,"bias":0,"continuity":0,"index":0,"pointType":0,"word":"","text":{"x":0.0950288772583008,"y":0.517074227333069,"z":0,"font":0,"fontSize":48}},"p1":{"x":0.0854318141937256,"y":0.291370153427124,"z":0,"tension":0,"bias":0,"continuity":0,"index":1,"pointType":0,"word":"","text":{"x":0.585431814193726,"y":0.291370153427124,"z":0,"font":0,"fontSize":48}},"p2":{"x":0.396217823028564,"y":0.798316597938538,"z":0,"tension":0,"bias":0,"continuity":0,"index":2,"pointType":0,"word":"","text":{"x":0.896217823028564,"y":0.798316597938538,"z":0,"font":0,"fontSize":48}},"p3":{"x":-0.0953676700592041,"y":0.986209273338318,"z":0,"tension":0,"bias":0,"continuity":0,"index":3,"pointType":0,"word":"","text":{"x":0.404632329940796,"y":0.986209273338318,"z":0,"font":0,"fontSize":48}},"p4":{"x":-0.415606498718262,"y":0.882216811180115,"z":0,"tension":0,"bias":0,"continuity":0,"index":4,"pointType":0,"word":"","text":{"x":0.0843935012817383,"y":0.882216811180115,"z":0,"font":0,"fontSize":48}},"p5":{"x":0.610355377197266,"y":0.274394392967224,"z":0,"tension":0,"bias":0,"continuity":0,"index":5,"pointType":0,"word":"","text":{"x":1.11035537719727,"y":0.274394392967224,"z":0,"font":0,"fontSize":48}},"p6":{"x":0.104589700698853,"y":0.582816481590271,"z":0,"tension":0,"bias":0,"continuity":0,"index":6,"pointType":0,"word":"","text":{"x":0.604589700698853,"y":0.582816481590271,"z":0,"font":0,"fontSize":48}},"p7":{"x":-0.241645336151123,"y":0.186950087547302,"z":0,"tension":0,"bias":0,"continuity":0,"index":7,"pointType":0,"word":"","text":{"x":0.258354663848877,"y":0.186950087547302,"z":0,"font":0,"fontSize":48}},"p8":{"x":-0.711961269378662,"y":0.20112943649292,"z":0,"tension":0,"bias":0,"continuity":0,"index":8,"pointType":0,"word":"","text":{"x":-0.211961269378662,"y":0.20112943649292,"z":0,"font":0,"fontSize":48}},"p9":{"x":-0.780497789382935,"y":0.539096117019653,"z":0,"tension":0,"bias":0,"continuity":0,"index":9,"pointType":0,"word":"","text":{"x":-0.280497789382935,"y":0.539096117019653,"z":0,"font":0,"fontSize":48}},"splineCount":2,"unlockType":0,"speed":1,"acceleration":1,"maxSpeed":10,"time":1,"laps":1,"startSpeed":1,"text":"","title":"","forceOrder":false,"camera":{"lockX":true,"lockY":true,"lockZ":true,"x":0,"y":0,"z":0,"setPos":false,"fixCam":false,"fov":30},"spline0":{"order":0,"closed":true,"numPoints":5,"type":0,"lineTexture":0,"lineWidth":1,"bidirectional":true,"speed":0,"points":{"p0":0,"p1":1,"p2":2,"p3":3,"p4":4}},"spline1":{"order":1,"closed":false,"numPoints":5,"type":0,"lineTexture":0,"lineWidth":1,"bidirectional":true,"speed":0,"points":{"p0":5,"p1":6,"p2":7,"p3":8,"p4":9}}}