{"name":"Untitled","pointCount":14,"p0":{"x":-0.543229103088379,"y":0.812499403953552,"z":0,"tension":0,"bias":0,"continuity":0,"index":0,"pointType":0,"word":"","text":{"x":-0.0432291030883789,"y":0.812499403953552,"z":0,"font":0,"fontSize":48}},"p1":{"x":-0.343523025512695,"y":0.384727001190186,"z":0,"tension":0,"bias":0,"continuity":0,"index":1,"pointType":0,"word":"","text":{"x":0.156476974487305,"y":0.384727001190186,"z":0,"font":0,"fontSize":48}},"p2":{"x":0.018075704574585,"y":0.361091136932373,"z":0,"tension":0,"bias":0,"continuity":0,"index":2,"pointType":0,"word":"","text":{"x":0.518075704574585,"y":0.361091136932373,"z":0,"font":0,"fontSize":48}},"p3":{"x":-0.0989124774932861,"y":0.730960369110107,"z":0,"tension":0,"bias":0,"continuity":0,"index":3,"pointType":0,"word":"","text":{"x":0.401087522506714,"y":0.730960369110107,"z":0,"font":0,"fontSize":48}},"p4":{"x":0.230780363082886,"y":0.863311290740967,"z":0,"tension":0,"bias":0,"continuity":0,"index":4,"pointType":0,"word":"","text":{"x":0.730780363082886,"y":0.863311290740967,"z":0,"font":0,"fontSize":48}},"p5":{"x":0.0251655578613281,"y":1.05888450145721,"z":0,"tension":0,"bias":0,"continuity":0,"index":5,"pointType":0,"word":"","text":{"x":0.525165557861328,"y":1.05888450145721,"z":0,"font":0,"fontSize":48}},"p6":{"x":-0.542045116424561,"y":1.06124937534332,"z":0,"tension":0,"bias":0,"continuity":0,"index":6,"pointType":0,"word":"","text":{"x":-0.0420451164245605,"y":1.06124937534332,"z":0,"font":0,"fontSize":48}},"p7":{"x":-0.99581503868103,"y":1.00215995311737,"z":0,"tension":0,"bias":0,"continuity":0,"index":7,"pointType":0,"word":"","text":{"x":-0.49581503868103,"y":1.00215995311737,"z":0,"font":0,"fontSize":48}},"p8":{"x":-0.296252965927124,"y":0.859177589416504,"z":0,"tension":0,"bias":0,"continuity":0,"index":8,"pointType":0,"word":"","text":{"x":0.203747034072876,"y":0.859177589416504,"z":0,"font":0,"fontSize":48}},"p9":{"x":0.157516479492188,"y":0.653565406799316,"z":0,"tension":0,"bias":0,"continuity":0,"index":9,"pointType":0,"word":"","text":{"x":0.657516479492188,"y":0.653565406799316,"z":0,"font":0,"fontSize":48}},"p10":{"x":0.18115234375,"y":1.01870787143707,"z":0,"tension":0,"bias":0,"continuity":0,"index":10,"pointType":0,"word":"","text":{"x":0.68115234375,"y":1.01870787143707,"z":0,"font":0,"fontSize":48}},"p11":{"x":-0.230079412460327,"y":1.16877830028534,"z":0,"tension":0,"bias":0,"continuity":0,"index":11,"pointType":0,"word":"","text":{"x":0.269920587539673,"y":1.16877830028534,"z":0,"font":0,"fontSize":48}},"p12":{"x":-0.565680980682373,"y":0.603928446769714,"z":0,"tension":0,"bias":0,"continuity":0,"index":12,"pointType":0,"word":"","text":{"x":-0.065680980682373,"y":0.603928446769714,"z":0,"font":0,"fontSize":48}},"p13":{"x":-0.813834667205811,"y":0.615746378898621,"z":0,"tension":0,"bias":0,"continuity":0,"index":13,"pointType":0,"word":"","text":{"x":-0.313834667205811,"y":0.615746378898621,"z":0,"font":0,"fontSize":48}},"splineCount":5,"unlockType":0,"speed":1,"acceleration":1,"maxSpeed":10,"time":1,"laps":1,"startSpeed":1,"text":"","title":"","forceOrder":false,"camera":{"lockX":true,"lockY":true,"lockZ":true,"x":0,"y":0,"z":0,"setPos":false,"fixCam":false,"fov":30},"spline0":{"order":0,"closed":false,"numPoints":5,"type":0,"lineTexture":0,"lineWidth":1,"bidirectional":true,"speed":0,"points":{"p0":0,"p1":1,"p2":2,"p3":3,"p4":4}},"spline1":{"order":1,"closed":false,"numPoints":3,"type":0,"lineTexture":0,"lineWidth":1,"bidirectional":true,"speed":0,"points":{"p0":5,"p1":6,"p2":7}},"spline2":{"order":2,"closed":false,"numPoints":2,"type":0,"lineTexture":0,"lineWidth":1,"bidirectional":true,"speed":0,"points":{"p0":4,"p1":5}},"spline3":{"order":3,"closed":true,"numPoints":5,"type":0,"lineTexture":0,"lineWidth":1,"bidirectional":true,"speed":0,"points":{"p0":6,"p1":8,"p2":9,"p3":10,"p4":11}},"spline4":{"order":4,"closed":false,"numPoints":4,"type":0,"lineTexture":0,"lineWidth":1,"bidirectional":true,"speed":0,"points":{"p0":3,"p1":12,"p2":13,"p3":7}}}