{"name":"Untitled","pointCount":10,"p0":{"x":-2.1605429649353,"y":-0.314370155334473,"z":0.145198881626129,"tension":0,"bias":0,"continuity":0,"index":0,"pointType":6,"word":"","text":{"x":-1.6605429649353,"y":-0.314370155334473,"z":0.145198881626129,"font":0,"fontSize":48}},"p1":{"x":-1.80721592903137,"y":-0.537708044052124,"z":-1.19209289550781E-07,"tension":0,"bias":0,"continuity":0,"index":1,"pointType":0,"word":"","text":{"x":-1.30721592903137,"y":-0.537708044052124,"z":-1.19209289550781E-07,"font":0,"fontSize":48}},"p2":{"x":-2.29525566101074,"y":-0.516438245773315,"z":-1.19209289550781E-07,"tension":0,"bias":0,"continuity":0,"index":2,"pointType":0,"word":"","text":{"x":-1.79525566101074,"y":-0.516438245773315,"z":-1.19209289550781E-07,"font":0,"fontSize":48}},"p3":{"x":-2.18181300163269,"y":0.0531388521194458,"z":-1.19209289550781E-07,"tension":0,"bias":0,"continuity":0,"index":3,"pointType":0,"word":"","text":{"x":-1.68181300163269,"y":0.0531388521194458,"z":-1.19209289550781E-07,"font":0,"fontSize":48}},"p4":{"x":-2.60131430625916,"y":0.0543205738067627,"z":-1.19209289550781E-07,"tension":0,"bias":0,"continuity":0,"index":4,"pointType":0,"word":"","text":{"x":-2.10131430625916,"y":0.0543205738067627,"z":-1.19209289550781E-07,"font":0,"fontSize":48}},"p5":{"x":-2.74548125267029,"y":-0.248193979263306,"z":-1.19209289550781E-07,"tension":0,"bias":0,"continuity":0,"index":5,"pointType":0,"word":"","text":{"x":-2.24548125267029,"y":-0.248193979263306,"z":-1.19209289550781E-07,"font":0,"fontSize":48}},"p6":{"x":-2.68166971206665,"y":-0.551888465881348,"z":-1.19209289550781E-07,"tension":0,"bias":0,"continuity":0,"index":6,"pointType":0,"word":"","text":{"x":-2.18166971206665,"y":-0.551888465881348,"z":-1.19209289550781E-07,"font":0,"fontSize":48}},"p7":{"x":-2.46660137176514,"y":-0.664150238037109,"z":-1.19209289550781E-07,"tension":0,"bias":0,"continuity":0,"index":7,"pointType":0,"word":"","text":{"x":-1.96660137176514,"y":-0.664150238037109,"z":-1.19209289550781E-07,"font":0,"fontSize":48}},"p8":{"x":-2.06009817123413,"y":-0.635790348052979,"z":-1.19209289550781E-07,"tension":0,"bias":0,"continuity":0,"index":8,"pointType":0,"word":"","text":{"x":-1.56009817123413,"y":-0.635790348052979,"z":-1.19209289550781E-07,"font":0,"fontSize":48}},"p9":{"x":-1.64059686660767,"y":-0.0957560539245605,"z":-1.19209289550781E-07,"tension":0,"bias":0,"continuity":0,"index":9,"pointType":0,"word":"","text":{"x":-1.14059686660767,"y":-0.0957560539245605,"z":-1.19209289550781E-07,"font":0,"fontSize":48}},"fixedCamera":false,"fov":30,"splineCount":2,"unlockType":0,"speed":1,"time":1,"laps":1,"startSpeed":0,"spline0":{"order":0,"closed":true,"numPoints":4,"type":0,"lineTexture":0,"lineWidth":1,"points":{"p0":0,"p1":1,"p2":2,"p3":3}},"spline1":{"order":1,"closed":true,"numPoints":9,"type":0,"lineTexture":0,"lineWidth":1,"points":{"p0":9,"p1":1,"p2":3,"p3":4,"p4":5,"p5":6,"p6":7,"p7":8,"p8":0}}}