{"name":"Untitled","pointCount":20,"p0":{"x":0,"y":0,"z":0,"tension":0,"bias":0,"continuity":0,"index":0,"pointType":0,"word":"","collect":false,"text":{"x":0.5,"y":0,"z":0,"font":0,"fontSize":48}},"p1":{"x":-0.25,"y":0.433012723922729,"z":0,"tension":0,"bias":0,"continuity":0,"index":1,"pointType":0,"word":"","collect":false,"text":{"x":0.25,"y":0.433012723922729,"z":0,"font":0,"fontSize":48}},"p2":{"x":-0.639711380004883,"y":0.658012628555298,"z":0,"tension":0,"bias":0,"continuity":0,"index":2,"pointType":0,"word":"","collect":false,"text":{"x":-0.139711380004883,"y":0.658012628555298,"z":0,"font":0,"fontSize":48}},"p3":{"x":-1.04471158981323,"y":0.658012628555298,"z":0,"tension":0,"bias":0,"continuity":0,"index":3,"pointType":0,"word":"","collect":false,"text":{"x":-0.544711589813232,"y":0.658012628555298,"z":0,"font":0,"fontSize":48}},"p4":{"x":-1.3603777885437,"y":0.475762605667114,"z":0,"tension":0,"bias":0,"continuity":0,"index":4,"pointType":0,"word":"","collect":false,"text":{"x":-0.860377788543701,"y":0.475762605667114,"z":0,"font":0,"fontSize":48}},"p5":{"x":-1.5244026184082,"y":0.191662907600403,"z":0,"tension":0,"bias":0,"continuity":0,"index":5,"pointType":0,"word":"","collect":false,"text":{"x":-1.0244026184082,"y":0.191662907600403,"z":0,"font":0,"fontSize":48}},"p6":{"x":-1.5244026184082,"y":-0.103582143783569,"z":0,"tension":0,"bias":0,"continuity":0,"index":6,"pointType":0,"word":"","collect":false,"text":{"x":-1.0244026184082,"y":-0.103582143783569,"z":0,"font":0,"fontSize":48}},"p7":{"x":-1.39154243469238,"y":-0.333702564239502,"z":0,"tension":0,"bias":0,"continuity":0,"index":7,"pointType":0,"word":"","collect":false,"text":{"x":-0.891542434692383,"y":-0.333702564239502,"z":0,"font":0,"fontSize":48}},"p8":{"x":-1.18443393707275,"y":-0.453276872634888,"z":0,"tension":0,"bias":0,"continuity":0,"index":8,"pointType":0,"word":"","collect":false,"text":{"x":-0.684433937072754,"y":-0.453276872634888,"z":0,"font":0,"fontSize":48}},"p9":{"x":-0.969200134277344,"y":-0.453276872634888,"z":0,"tension":0,"bias":0,"continuity":0,"index":9,"pointType":0,"word":"","collect":false,"text":{"x":-0.469200134277344,"y":-0.453276872634888,"z":0,"font":0,"fontSize":48}},"p10":{"x":-0.80144214630127,"y":-0.356421947479248,"z":0,"tension":0,"bias":0,"continuity":0,"index":10,"pointType":0,"word":"","collect":false,"text":{"x":-0.30144214630127,"y":-0.356421947479248,"z":0,"font":0,"fontSize":48}},"p11":{"x":-0.714272737503052,"y":-0.205439805984497,"z":0,"tension":0,"bias":0,"continuity":0,"index":11,"pointType":0,"word":"","collect":false,"text":{"x":-0.214272737503052,"y":-0.205439805984497,"z":0,"font":0,"fontSize":48}},"p12":{"x":-0.714272737503052,"y":-0.0485343933105469,"z":0,"tension":0,"bias":0,"continuity":0,"index":12,"pointType":0,"word":"","collect":false,"text":{"x":-0.214272737503052,"y":-0.0485343933105469,"z":0,"font":0,"fontSize":48}},"p13":{"x":-0.7848801612854,"y":0.0737611055374146,"z":0,"tension":0,"bias":0,"continuity":0,"index":13,"pointType":0,"word":"","collect":false,"text":{"x":-0.2848801612854,"y":0.0737611055374146,"z":0,"font":0,"fontSize":48}},"p14":{"x":-0.894946098327637,"y":0.137307643890381,"z":0,"tension":0,"bias":0,"continuity":0,"index":14,"pointType":0,"word":"","collect":false,"text":{"x":-0.394946098327637,"y":0.137307643890381,"z":0,"font":0,"fontSize":48}},"p15":{"x":-1.0093297958374,"y":0.137307643890381,"z":0,"tension":0,"bias":0,"continuity":0,"index":15,"pointType":0,"word":"","collect":false,"text":{"x":-0.509329795837402,"y":0.137307643890381,"z":0,"font":0,"fontSize":48}},"p16":{"x":-1.0984833240509,"y":0.0858348608016968,"z":0,"tension":0,"bias":0,"continuity":0,"index":16,"pointType":0,"word":"","collect":false,"text":{"x":-0.598483324050903,"y":0.0858348608016968,"z":0,"font":0,"fontSize":48}},"p17":{"x":-1.14480876922607,"y":0.00559675693511963,"z":0,"tension":0,"bias":0,"continuity":0,"index":17,"pointType":0,"word":"","collect":false,"text":{"x":-0.644808769226074,"y":0.00559675693511963,"z":0,"font":0,"fontSize":48}},"p18":{"x":-1.14480876922607,"y":-0.0777890682220459,"z":0,"tension":0,"bias":0,"continuity":0,"index":18,"pointType":0,"word":"","collect":false,"text":{"x":-0.644808769226074,"y":-0.0777890682220459,"z":0,"font":0,"fontSize":48}},"p19":{"x":-0.95700740814209,"y":-0.258380174636841,"z":0,"tension":0,"bias":0,"continuity":0,"index":19,"pointType":6,"word":"","collect":false,"text":{"x":-0.45700740814209,"y":-0.258380174636841,"z":0,"font":0,"fontSize":48}},"splineCount":1,"unlockType":0,"speed":1,"acceleration":0,"maxSpeed":3,"time":1,"laps":1,"startSpeed":0,"text":"","title":"Untitled","forceOrder":false,"camera":{"lockX":true,"lockY":true,"lockZ":false,"x":-0.762201309204102,"y":0.102367877960205,"z":0,"setPos":false,"fov":60},"spline0":{"order":0,"closed":true,"numPoints":20,"type":0,"lineTexture":0,"lineWidth":1,"bidirectional":true,"speed":0,"points":{"p0":0,"p1":1,"p2":2,"p3":3,"p4":4,"p5":5,"p6":6,"p7":7,"p8":8,"p9":9,"p10":10,"p11":11,"p12":12,"p13":13,"p14":14,"p15":15,"p16":16,"p17":17,"p18":18,"p19":19}}}