{"name":"Walking","pointCount":21,"p0":{"x":0,"y":0,"z":0,"tension":-0.44587630033493,"bias":0,"continuity":-1,"index":0,"pointType":0,"word":"","collect":false,"text":{"x":0.5,"y":0,"z":0,"font":0,"fontSize":48}},"p1":{"x":0.0100030899047852,"y":0.55675482749939,"z":0,"tension":-0.44587630033493,"bias":0,"continuity":-1,"index":1,"pointType":0,"word":"","collect":false,"text":{"x":0.510003089904785,"y":0.55675482749939,"z":0,"font":0,"fontSize":48}},"p2":{"x":0.70667552947998,"y":0.662286877632141,"z":0,"tension":-0.44587630033493,"bias":0,"continuity":-1,"index":2,"pointType":0,"word":"","collect":false,"text":{"x":1.20667552947998,"y":0.662286877632141,"z":0,"font":0,"fontSize":48}},"p3":{"x":1.24813747406006,"y":0.0160765647888184,"z":0,"tension":-0.44587630033493,"bias":0,"continuity":-1,"index":3,"pointType":0,"word":"","collect":false,"text":{"x":1.74813747406006,"y":0.0160765647888184,"z":0,"font":0,"fontSize":48}},"p4":{"x":1.04246950149536,"y":-0.950516700744629,"z":0,"tension":-0.44587630033493,"bias":0,"continuity":-1,"index":4,"pointType":0,"word":"","collect":false,"text":{"x":1.54246950149536,"y":-0.950516700744629,"z":0,"font":0,"fontSize":48}},"p5":{"x":0.0768907070159912,"y":-1.53438472747803,"z":0,"tension":-0.44587630033493,"bias":0,"continuity":-1,"index":5,"pointType":0,"word":"","collect":false,"text":{"x":0.576890707015991,"y":-1.53438472747803,"z":0,"font":0,"fontSize":48}},"p6":{"x":-1.13639116287231,"y":-1.27247929573059,"z":0,"tension":-0.44587630033493,"bias":0,"continuity":-1,"index":6,"pointType":0,"word":"","collect":false,"text":{"x":-0.636391162872314,"y":-1.27247929573059,"z":0,"font":0,"fontSize":48}},"p7":{"x":-1.75012576580048,"y":-0.185387372970581,"z":0,"tension":-0.44587630033493,"bias":0,"continuity":-1,"index":7,"pointType":0,"word":"","collect":false,"text":{"x":-1.25012576580048,"y":-0.185387372970581,"z":0,"font":0,"fontSize":48}},"p8":{"x":-1.3737964630127,"y":0.924893617630005,"z":0,"tension":-0.44587630033493,"bias":0,"continuity":-1,"index":8,"pointType":0,"word":"","collect":false,"text":{"x":-0.873796463012695,"y":0.924893617630005,"z":0,"font":0,"fontSize":48}},"p9":{"x":-0.524925708770752,"y":1.35939431190491,"z":0,"tension":-0.44587630033493,"bias":0,"continuity":-1,"index":9,"pointType":0,"word":"","collect":false,"text":{"x":-0.024925708770752,"y":1.35939431190491,"z":0,"font":0,"fontSize":48}},"p10":{"x":0.228485345840454,"y":1.00429630279541,"z":0,"tension":-0.44587630033493,"bias":0,"continuity":-1,"index":10,"pointType":0,"word":"","collect":false,"text":{"x":0.728485345840454,"y":1.00429630279541,"z":0,"font":0,"fontSize":48}},"p11":{"x":0.283531904220581,"y":0.362828969955444,"z":0,"tension":-0.44587630033493,"bias":0,"continuity":-1,"index":11,"pointType":0,"word":"","collect":false,"text":{"x":0.783531904220581,"y":0.362828969955444,"z":0,"font":0,"fontSize":48}},"p12":{"x":-0.196277856826782,"y":0.241145133972168,"z":0,"tension":-0.44587630033493,"bias":0,"continuity":-1,"index":12,"pointType":0,"word":"","collect":false,"text":{"x":0.303722143173218,"y":0.241145133972168,"z":0,"font":0,"fontSize":48}},"p13":{"x":-0.373235940933228,"y":0.81470251083374,"z":0,"tension":-0.44587630033493,"bias":0,"continuity":-1,"index":13,"pointType":0,"word":"","collect":false,"text":{"x":0.126764059066772,"y":0.81470251083374,"z":0,"font":0,"fontSize":48}},"p14":{"x":0.24429178237915,"y":1.36901807785034,"z":0,"tension":-0.44587630033493,"bias":0,"continuity":-1,"index":14,"pointType":0,"word":"","collect":false,"text":{"x":0.74429178237915,"y":1.36901807785034,"z":0,"font":0,"fontSize":48}},"p15":{"x":1.22919654846191,"y":1.15765047073364,"z":0,"tension":-0.44587630033493,"bias":0,"continuity":-1,"index":15,"pointType":0,"word":"","collect":false,"text":{"x":1.72919654846191,"y":1.15765047073364,"z":0,"font":0,"fontSize":48}},"p16":{"x":1.79494571685791,"y":0.131830453872681,"z":0,"tension":-0.44587630033493,"bias":0,"continuity":-1,"index":16,"pointType":0,"word":"","collect":false,"text":{"x":2.29494571685791,"y":0.131830453872681,"z":0,"font":0,"fontSize":48}},"p17":{"x":1.37265348434448,"y":-1.02778387069702,"z":0,"tension":-0.44587630033493,"bias":0,"continuity":-1,"index":17,"pointType":0,"word":"","collect":false,"text":{"x":1.87265348434448,"y":-1.02778387069702,"z":0,"font":0,"fontSize":48}},"p18":{"x":0.252766132354736,"y":-1.53289222717285,"z":0,"tension":-0.44587630033493,"bias":0,"continuity":-1,"index":18,"pointType":0,"word":"","collect":false,"text":{"x":0.752766132354736,"y":-1.53289222717285,"z":0,"font":0,"fontSize":48}},"p19":{"x":-0.835027694702148,"y":-1.18305802345276,"z":0,"tension":-0.44587630033493,"bias":0,"continuity":-1,"index":19,"pointType":0,"word":"","collect":false,"text":{"x":-0.335027694702148,"y":-1.18305802345276,"z":0,"font":0,"fontSize":48}},"p20":{"x":-1.26841068267822,"y":-0.239635229110718,"z":0,"tension":-0.44587630033493,"bias":0,"continuity":-1,"index":20,"pointType":0,"word":"","collect":false,"text":{"x":-0.768410682678223,"y":-0.239635229110718,"z":0,"font":0,"fontSize":48}},"splineCount":0,"unlockType":0,"speed":1,"acceleration":0,"maxSpeed":3,"time":1,"laps":1,"startSpeed":0,"text":"","title":"Walking","forceOrder":false,"camera":{"lockX":true,"lockY":true,"lockZ":false,"x":0.022409975528717,"y":-0.0826833248138428,"z":0,"setPos":false,"fov":60}}