{"name":"Wandering","pointCount":16,"p0":{"x":-0.500943183898926,"y":0.814978837966919,"z":0,"tension":1,"bias":0,"continuity":0,"index":0,"pointType":6,"word":"","collect":false,"text":{"x":-0.000943183898925781,"y":0.814978837966919,"z":0,"font":0,"fontSize":48}},"p1":{"x":-0.0346784591674805,"y":0.595341444015503,"z":0,"tension":-0.919999063014984,"bias":0,"continuity":0,"index":1,"pointType":0,"word":"","collect":false,"text":{"x":0.46532154083252,"y":0.595341444015503,"z":0,"font":0,"fontSize":48}},"p2":{"x":-0.0924744606018066,"y":0.044306755065918,"z":0,"tension":1,"bias":0,"continuity":0,"index":2,"pointType":0,"word":"","collect":false,"text":{"x":0.407525539398193,"y":0.044306755065918,"z":0,"font":0,"fontSize":48}},"p3":{"x":0.780907154083252,"y":-0.0469179153442383,"z":0,"tension":-0.939999103546143,"bias":0,"continuity":0,"index":3,"pointType":0,"word":"","collect":false,"text":{"x":1.28090715408325,"y":-0.0469179153442383,"z":0,"font":0,"fontSize":48}},"p4":{"x":0.622947692871094,"y":-1.13742208480835,"z":0,"tension":0,"bias":0,"continuity":0,"index":4,"pointType":0,"word":"","collect":false,"text":{"x":1.12294769287109,"y":-1.13742208480835,"z":0,"font":0,"fontSize":48}},"p5":{"x":1.69892930984497,"y":-1.07809925079346,"z":0,"tension":0,"bias":0,"continuity":0,"index":5,"pointType":0,"word":"","collect":false,"text":{"x":2.19892930984497,"y":-1.07809925079346,"z":0,"font":0,"fontSize":48}},"p6":{"x":1.35672616958618,"y":-2.38507127761841,"z":0,"tension":0,"bias":0,"continuity":0,"index":6,"pointType":0,"word":"","collect":false,"text":{"x":1.85672616958618,"y":-2.38507127761841,"z":0,"font":0,"fontSize":48}},"p7":{"x":2.77092313766479,"y":-1.99339723587036,"z":0,"tension":0,"bias":0,"continuity":0,"index":7,"pointType":0,"word":"","collect":false,"text":{"x":3.27092313766479,"y":-1.99339723587036,"z":0,"font":0,"fontSize":48}},"p8":{"x":2.0865044593811,"y":-3.13957786560059,"z":0,"tension":0,"bias":0,"continuity":0,"index":8,"pointType":0,"word":"","collect":false,"text":{"x":2.5865044593811,"y":-3.13957786560059,"z":0,"font":0,"fontSize":48}},"p9":{"x":3.45533323287964,"y":-2.48401117324829,"z":0,"tension":0,"bias":0,"continuity":0,"index":9,"pointType":0,"word":"","collect":false,"text":{"x":3.95533323287964,"y":-2.48401117324829,"z":0,"font":0,"fontSize":48}},"p10":{"x":2.21430349349976,"y":-3.92707633972168,"z":0,"tension":0,"bias":0,"continuity":0,"index":10,"pointType":0,"word":"","collect":false,"text":{"x":2.71430349349976,"y":-3.92707633972168,"z":0,"font":0,"fontSize":48}},"p11":{"x":4.03253078460693,"y":-2.86336326599121,"z":0,"tension":0,"bias":0,"continuity":0,"index":11,"pointType":0,"word":"","collect":false,"text":{"x":4.53253078460693,"y":-2.86336326599121,"z":0,"font":0,"fontSize":48}},"p12":{"x":2.97707319259644,"y":-4.40946578979492,"z":0,"tension":0,"bias":0,"continuity":0,"index":12,"pointType":0,"word":"","collect":false,"text":{"x":3.47707319259644,"y":-4.40946578979492,"z":0,"font":0,"fontSize":48}},"p13":{"x":4.76643991470337,"y":-3.31691265106201,"z":0,"tension":0,"bias":0,"continuity":0,"index":13,"pointType":0,"word":"","collect":false,"text":{"x":5.26643991470337,"y":-3.31691265106201,"z":0,"font":0,"fontSize":48}},"p14":{"x":3.43419790267944,"y":-4.81765604019165,"z":0,"tension":0,"bias":0,"continuity":0,"index":14,"pointType":0,"word":"","collect":false,"text":{"x":3.93419790267944,"y":-4.81765604019165,"z":0,"font":0,"fontSize":48}},"p15":{"x":5.04267930984497,"y":-3.56840991973877,"z":0,"tension":0,"bias":0,"continuity":0,"index":15,"pointType":6,"word":"","collect":false,"text":{"x":5.54267930984497,"y":-3.56840991973877,"z":0,"font":0,"fontSize":48}},"splineCount":1,"unlockType":1,"speed":1,"acceleration":0.145709231495857,"maxSpeed":3,"time":1,"laps":1,"startSpeed":0.806445360183716,"text":"","title":"Wandering","forceOrder":false,"camera":{"lockX":true,"lockY":true,"lockZ":false,"x":2.27086806297302,"y":-2.00133848190308,"z":0,"setPos":false,"fov":99},"spline0":{"order":0,"closed":false,"numPoints":16,"type":0,"lineTexture":0,"lineWidth":1,"bidirectional":true,"speed":0,"points":{"p0":0,"p1":1,"p2":2,"p3":3,"p4":4,"p5":5,"p6":6,"p7":7,"p8":8,"p9":9,"p10":10,"p11":11,"p12":12,"p13":13,"p14":14,"p15":15}}}