{"name":"Waves3","pointCount":26,"p0":{"x":0.241256952285767,"y":0.216850757598877,"z":0,"tension":0,"bias":0,"continuity":0,"index":0,"pointType":6,"word":"","text":{"x":0.741256952285767,"y":0.216850757598877,"z":0,"font":0,"fontSize":48}},"p1":{"x":0.533423900604248,"y":-0.0726816654205322,"z":0,"tension":0,"bias":0,"continuity":0,"index":1,"pointType":2,"word":"","text":{"x":1.03342390060425,"y":-0.0726816654205322,"z":0,"font":0,"fontSize":48}},"p2":{"x":0.738745212554932,"y":0.262948989868164,"z":0,"tension":0,"bias":0,"continuity":0,"index":2,"pointType":2,"word":"","text":{"x":1.23874521255493,"y":0.262948989868164,"z":0,"font":0,"fontSize":48}},"p3":{"x":0.955600261688232,"y":0.141731262207031,"z":0,"tension":0,"bias":0,"continuity":0,"index":3,"pointType":2,"word":"","text":{"x":1.45560026168823,"y":0.141731262207031,"z":0,"font":0,"fontSize":48}},"p4":{"x":1.16314744949341,"y":-0.105213165283203,"z":0,"tension":0,"bias":0,"continuity":0,"index":4,"pointType":2,"word":"","text":{"x":1.66314744949341,"y":-0.105213165283203,"z":0,"font":0,"fontSize":48}},"p5":{"x":1.4086856842041,"y":0.124760150909424,"z":0,"tension":0,"bias":0,"continuity":0,"index":5,"pointType":2,"word":"","text":{"x":1.9086856842041,"y":0.124760150909424,"z":0,"font":0,"fontSize":48}},"p6":{"x":1.63530158996582,"y":0.514589309692383,"z":0,"tension":0,"bias":0,"continuity":0,"index":6,"pointType":2,"word":"","text":{"x":2.13530158996582,"y":0.514589309692383,"z":0,"font":0,"fontSize":48}},"p7":{"x":2.04117345809937,"y":-0.150682210922241,"z":0,"tension":-0.0999990701675415,"bias":9.5367431640625E-07,"continuity":0,"index":7,"pointType":2,"word":"","text":{"x":2.54117345809937,"y":-0.150682210922241,"z":0,"font":0,"fontSize":48}},"p8":{"x":2.40298843383789,"y":0.749215602874756,"z":0,"tension":-0.0399990677833557,"bias":0,"continuity":0,"index":8,"pointType":2,"word":"","text":{"x":2.90298843383789,"y":0.749215602874756,"z":0,"font":0,"fontSize":48}},"p9":{"x":2.8265495300293,"y":-0.384329795837402,"z":0,"tension":0,"bias":-0.199999094009399,"continuity":0,"index":9,"pointType":2,"word":"","text":{"x":3.3265495300293,"y":-0.384329795837402,"z":0,"font":0,"fontSize":48}},"p10":{"x":3.1480131149292,"y":0.900063991546631,"z":0,"tension":-0.339999079704285,"bias":0.0800009965896606,"continuity":0,"index":10,"pointType":2,"word":"","text":{"x":3.6480131149292,"y":0.900063991546631,"z":0,"font":0,"fontSize":48}},"p11":{"x":3.5426607131958,"y":-0.181165218353271,"z":0,"tension":0,"bias":0,"continuity":0,"index":11,"pointType":2,"word":"","text":{"x":4.0426607131958,"y":-0.181165218353271,"z":0,"font":0,"fontSize":48}},"p12":{"x":3.78218936920166,"y":0.506508350372314,"z":0,"tension":-0.319999098777771,"bias":-0.0799990892410278,"continuity":0,"index":12,"pointType":2,"word":"","text":{"x":4.28218936920166,"y":0.506508350372314,"z":0,"font":0,"fontSize":48}},"p13":{"x":3.91961765289307,"y":0.37197732925415,"z":0,"tension":0,"bias":0,"continuity":0,"index":13,"pointType":2,"word":"","text":{"x":4.41961765289307,"y":0.37197732925415,"z":0,"font":0,"fontSize":48}},"p14":{"x":4.04531574249268,"y":0.2336745262146,"z":0,"tension":0,"bias":0,"continuity":0,"index":14,"pointType":2,"word":"","text":{"x":4.54531574249268,"y":0.2336745262146,"z":0,"font":0,"fontSize":48}},"p15":{"x":4.1742525100708,"y":0.302919864654541,"z":0,"tension":0,"bias":0,"continuity":0,"index":15,"pointType":2,"word":"","text":{"x":4.6742525100708,"y":0.302919864654541,"z":0,"font":0,"fontSize":48}},"p16":{"x":4.37556028366089,"y":0.236835956573486,"z":0,"tension":0,"bias":0,"continuity":0,"index":16,"pointType":2,"word":"","text":{"x":4.87556028366089,"y":0.236835956573486,"z":0,"font":0,"fontSize":48}},"p17":{"x":4.56745195388794,"y":0.516805171966553,"z":0,"tension":0,"bias":0,"continuity":0,"index":17,"pointType":2,"word":"","text":{"x":5.06745195388794,"y":0.516805171966553,"z":0,"font":0,"fontSize":48}},"p18":{"x":4.80650949478149,"y":-0.0211381912231445,"z":0,"tension":0,"bias":0,"continuity":0,"index":18,"pointType":2,"word":"","text":{"x":5.30650949478149,"y":-0.0211381912231445,"z":0,"font":0,"fontSize":48}},"p19":{"x":5.04241228103638,"y":0.513652324676514,"z":0,"tension":-0.0999990701675415,"bias":-0.159999072551727,"continuity":0,"index":19,"pointType":2,"word":"","text":{"x":5.54241228103638,"y":0.513652324676514,"z":0,"font":0,"fontSize":48}},"p20":{"x":5.25002336502075,"y":0.111036777496338,"z":0,"tension":0,"bias":0,"continuity":0,"index":20,"pointType":2,"word":"","text":{"x":5.75002336502075,"y":0.111036777496338,"z":0,"font":0,"fontSize":48}},"p21":{"x":5.36048746109009,"y":0.350058555603027,"z":0,"tension":0,"bias":-0.379999101161957,"continuity":0,"index":21,"pointType":2,"word":"","text":{"x":5.86048746109009,"y":0.350058555603027,"z":0,"font":0,"fontSize":48}},"p22":{"x":5.50205850601196,"y":0.268299102783203,"z":0,"tension":0,"bias":0,"continuity":0,"index":22,"pointType":2,"word":"","text":{"x":6.00205850601196,"y":0.268299102783203,"z":0,"font":0,"fontSize":48}},"p23":{"x":5.65931749343872,"y":0.356346130371094,"z":0,"tension":0,"bias":0,"continuity":0,"index":23,"pointType":2,"word":"","text":{"x":6.15931749343872,"y":0.356346130371094,"z":0,"font":0,"fontSize":48}},"p24":{"x":5.83549165725708,"y":0.0764074325561523,"z":0,"tension":0,"bias":0,"continuity":0,"index":24,"pointType":2,"word":"","text":{"x":6.33549165725708,"y":0.0764074325561523,"z":0,"font":0,"fontSize":48}},"p25":{"x":6.01481485366821,"y":0.00090789794921875,"z":0,"tension":0,"bias":0,"continuity":0,"index":25,"pointType":7,"word":"","text":{"x":6.51481485366821,"y":0.00090789794921875,"z":0,"font":0,"fontSize":48}},"splineCount":1,"unlockType":0,"speed":1,"acceleration":1.85000002384186,"maxSpeed":3,"time":1,"laps":2,"startSpeed":3,"text":"","title":"","forceOrder":false,"camera":{"lockX":true,"lockY":true,"lockZ":true,"x":3.12803554534912,"y":0.257867097854614,"z":-2,"setPos":true,"fixCam":false,"fov":100},"spline0":{"order":0,"closed":false,"numPoints":26,"type":0,"lineTexture":0,"lineWidth":1,"bidirectional":true,"speed":0,"points":{"p0":0,"p1":1,"p2":2,"p3":3,"p4":4,"p5":5,"p6":6,"p7":7,"p8":8,"p9":9,"p10":10,"p11":11,"p12":12,"p13":13,"p14":14,"p15":15,"p16":16,"p17":17,"p18":18,"p19":19,"p20":20,"p21":21,"p22":22,"p23":23,"p24":24,"p25":25}}}