{"name":"Waves4","pointCount":24,"p0":{"x":0.030195951461792,"y":4.24497127532959,"z":0,"tension":0,"bias":0,"continuity":0,"index":0,"pointType":6,"word":"","text":{"x":0.530195951461792,"y":4.24497127532959,"z":0,"font":0,"fontSize":48}},"p1":{"x":0.195142269134521,"y":4.14477205276489,"z":0,"tension":0,"bias":0,"continuity":0,"index":1,"pointType":2,"word":"","text":{"x":0.695142269134521,"y":4.14477205276489,"z":0,"font":0,"fontSize":48}},"p2":{"x":0.334813356399536,"y":4.425368309021,"z":0,"tension":0,"bias":0,"continuity":0,"index":2,"pointType":0,"word":"","text":{"x":0.834813356399536,"y":4.425368309021,"z":0,"font":0,"fontSize":48}},"p3":{"x":0.411596059799194,"y":4.17887926101685,"z":0,"tension":1,"bias":0,"continuity":0,"index":3,"pointType":0,"word":"","text":{"x":0.911596059799194,"y":4.17887926101685,"z":0,"font":0,"fontSize":48}},"p4":{"x":0.581319808959961,"y":4.79719543457031,"z":0,"tension":1,"bias":0,"continuity":0,"index":4,"pointType":0,"word":"","text":{"x":1.08131980895996,"y":4.79719543457031,"z":0,"font":0,"fontSize":48}},"p5":{"x":0.670217514038086,"y":4.09400939941406,"z":0,"tension":1,"bias":0,"continuity":0,"index":5,"pointType":0,"word":"","text":{"x":1.17021751403809,"y":4.09400939941406,"z":0,"font":0,"fontSize":48}},"p6":{"x":0.823781490325928,"y":4.44557046890259,"z":0,"tension":1,"bias":0,"continuity":0,"index":6,"pointType":0,"word":"","text":{"x":1.32378149032593,"y":4.44557046890259,"z":0,"font":0,"fontSize":48}},"p7":{"x":0.916738033294678,"y":4.06974840164185,"z":0,"tension":1,"bias":0,"continuity":0,"index":7,"pointType":0,"word":"","text":{"x":1.41673803329468,"y":4.06974840164185,"z":0,"font":0,"fontSize":48}},"p8":{"x":1.19962072372437,"y":4.18290519714355,"z":0,"tension":1,"bias":0,"continuity":0,"index":8,"pointType":0,"word":"","text":{"x":1.69962072372437,"y":4.18290519714355,"z":0,"font":0,"fontSize":48}},"p9":{"x":1.34914112091064,"y":4.6638011932373,"z":0,"tension":1,"bias":0,"continuity":0,"index":9,"pointType":0,"word":"","text":{"x":1.84914112091064,"y":4.6638011932373,"z":0,"font":0,"fontSize":48}},"p10":{"x":1.43803882598877,"y":4.534499168396,"z":0,"tension":1,"bias":0,"continuity":0,"index":10,"pointType":0,"word":"","text":{"x":1.93803882598877,"y":4.534499168396,"z":0,"font":0,"fontSize":48}},"p11":{"x":1.53906774520874,"y":4.55872774124146,"z":0,"tension":1,"bias":0,"continuity":0,"index":11,"pointType":0,"word":"","text":{"x":2.03906774520874,"y":4.55872774124146,"z":0,"font":0,"fontSize":48}},"p12":{"x":1.55119848251343,"y":4.09803819656372,"z":0,"tension":1,"bias":0,"continuity":0,"index":12,"pointType":0,"word":"","text":{"x":2.05119848251343,"y":4.09803819656372,"z":0,"font":0,"fontSize":48}},"p13":{"x":1.68454504013062,"y":4.57084608078003,"z":0,"tension":1,"bias":0,"continuity":0,"index":13,"pointType":0,"word":"","text":{"x":2.18454504013062,"y":4.57084608078003,"z":0,"font":0,"fontSize":48}},"p14":{"x":1.70476245880127,"y":4.05360317230225,"z":0,"tension":1,"bias":0,"continuity":0,"index":14,"pointType":0,"word":"","text":{"x":2.20476245880127,"y":4.05360317230225,"z":0,"font":0,"fontSize":48}},"p15":{"x":1.86235523223877,"y":5.0234522819519,"z":0,"tension":1,"bias":0,"continuity":0,"index":15,"pointType":0,"word":"","text":{"x":2.36235523223877,"y":5.0234522819519,"z":0,"font":0,"fontSize":48}},"p16":{"x":1.87448596954346,"y":3.47972130775452,"z":0,"tension":1,"bias":0,"continuity":0,"index":16,"pointType":0,"word":"","text":{"x":2.37448596954346,"y":3.47972130775452,"z":0,"font":0,"fontSize":48}},"p17":{"x":2.06441259384155,"y":4.58299112319946,"z":0,"tension":1,"bias":0,"continuity":0,"index":17,"pointType":0,"word":"","text":{"x":2.56441259384155,"y":4.58299112319946,"z":0,"font":0,"fontSize":48}},"p18":{"x":2.13312292098999,"y":4.46983194351196,"z":0,"tension":1,"bias":0,"continuity":0,"index":18,"pointType":0,"word":"","text":{"x":2.63312292098999,"y":4.46983194351196,"z":0,"font":0,"fontSize":48}},"p19":{"x":2.24222230911255,"y":4.47386026382446,"z":0,"tension":1,"bias":0,"continuity":0,"index":19,"pointType":0,"word":"","text":{"x":2.74222230911255,"y":4.47386026382446,"z":0,"font":0,"fontSize":48}},"p20":{"x":2.31496095657349,"y":4.22331142425537,"z":0,"tension":1,"bias":0,"continuity":0,"index":20,"pointType":0,"word":"","text":{"x":2.81496095657349,"y":4.22331142425537,"z":0,"font":0,"fontSize":48}},"p21":{"x":2.33922290802002,"y":3.90003800392151,"z":0,"tension":1,"bias":0,"continuity":0,"index":21,"pointType":0,"word":"","text":{"x":2.83922290802002,"y":3.90003800392151,"z":0,"font":0,"fontSize":48}},"p22":{"x":2.5412802696228,"y":4.3566722869873,"z":0,"tension":1,"bias":0,"continuity":0,"index":22,"pointType":0,"word":"","text":{"x":3.0412802696228,"y":4.3566722869873,"z":0,"font":0,"fontSize":48}},"p23":{"x":2.59784412384033,"y":3.99702382087708,"z":0,"tension":0.140000939369202,"bias":0,"continuity":0,"index":23,"pointType":0,"word":"","text":{"x":3.09784412384033,"y":3.99702382087708,"z":0,"font":0,"fontSize":48}},"splineCount":1,"unlockType":0,"speed":1,"acceleration":0.399999976158142,"time":1,"laps":5,"startSpeed":1,"text":"","title":"","forceOrder":false,"camera":{"lockX":true,"lockY":true,"lockZ":true,"x":2.91707706451416,"y":4.28598785400391,"z":-2,"setPos":true,"fixCam":false,"fov":85},"spline0":{"order":0,"closed":false,"numPoints":24,"type":0,"lineTexture":0,"lineWidth":1,"bidirectional":true,"speed":0,"points":{"p0":0,"p1":1,"p2":2,"p3":3,"p4":4,"p5":5,"p6":6,"p7":7,"p8":8,"p9":9,"p10":10,"p11":11,"p12":12,"p13":13,"p14":14,"p15":15,"p16":16,"p17":17,"p18":18,"p19":19,"p20":20,"p21":21,"p22":22,"p23":23}}}