{"name":"Waves2","pointCount":15,"p0":{"x":0.136746406555176,"y":-0.41216254234314,"z":0,"tension":0,"bias":0,"continuity":0,"index":0,"pointType":6,"word":"","text":{"x":0.636746406555176,"y":-0.41216254234314,"z":0,"font":0,"fontSize":48}},"p1":{"x":0.399211883544922,"y":-0.222961902618408,"z":0,"tension":-0.299999058246613,"bias":0,"continuity":0,"index":1,"pointType":2,"word":"","text":{"x":0.899211883544922,"y":-0.222961902618408,"z":0,"font":0,"fontSize":48}},"p2":{"x":0.680561065673828,"y":-0.418584585189819,"z":0,"tension":0,"bias":0,"continuity":0,"index":2,"pointType":2,"word":"","text":{"x":1.18056106567383,"y":-0.418584585189819,"z":0,"font":0,"fontSize":48}},"p3":{"x":0.857577323913574,"y":-0.356634616851807,"z":0,"tension":0,"bias":0,"continuity":0,"index":3,"pointType":2,"word":"","text":{"x":1.35757732391357,"y":-0.356634616851807,"z":0,"font":0,"fontSize":48}},"p4":{"x":1.08071994781494,"y":-0.452674865722656,"z":0,"tension":0,"bias":0,"continuity":0,"index":4,"pointType":2,"word":"","text":{"x":1.58071994781494,"y":-0.452674865722656,"z":0,"font":0,"fontSize":48}},"p5":{"x":1.3449068069458,"y":-0.161688327789307,"z":0,"tension":0,"bias":0,"continuity":0,"index":5,"pointType":2,"word":"","text":{"x":1.8449068069458,"y":-0.161688327789307,"z":0,"font":0,"fontSize":48}},"p6":{"x":1.54955196380615,"y":-0.438183784484863,"z":0,"tension":0,"bias":0,"continuity":0,"index":6,"pointType":2,"word":"","text":{"x":2.04955196380615,"y":-0.438183784484863,"z":0,"font":0,"fontSize":48}},"p7":{"x":1.82020378112793,"y":-0.312604427337646,"z":0,"tension":0,"bias":0,"continuity":0,"index":7,"pointType":2,"word":"","text":{"x":2.32020378112793,"y":-0.312604427337646,"z":0,"font":0,"fontSize":48}},"p8":{"x":2.10968208312988,"y":-0.496554374694824,"z":0,"tension":-0.0999990701675415,"bias":9.5367431640625E-07,"continuity":0,"index":8,"pointType":2,"word":"","text":{"x":2.60968208312988,"y":-0.496554374694824,"z":0,"font":0,"fontSize":48}},"p9":{"x":2.53755283355713,"y":-0.266699314117432,"z":0,"tension":-1,"bias":0,"continuity":0,"index":9,"pointType":2,"word":"","text":{"x":3.03755283355713,"y":-0.266699314117432,"z":0,"font":0,"fontSize":48}},"p10":{"x":2.89190006256104,"y":-0.683051824569702,"z":0,"tension":0,"bias":1,"continuity":0,"index":10,"pointType":2,"word":"","text":{"x":3.39190006256104,"y":-0.683051824569702,"z":0,"font":0,"fontSize":48}},"p11":{"x":3.36436462402344,"y":0.365442037582397,"z":0,"tension":-0.139999091625214,"bias":0.0800009965896606,"continuity":0,"index":11,"pointType":2,"word":"","text":{"x":3.86436462402344,"y":0.365442037582397,"z":0,"font":0,"fontSize":48}},"p12":{"x":3.85967445373535,"y":-0.829039573669434,"z":0,"tension":0,"bias":0,"continuity":0,"index":12,"pointType":2,"word":"","text":{"x":4.35967445373535,"y":-0.829039573669434,"z":0,"font":0,"fontSize":48}},"p13":{"x":4.2439169883728,"y":-0.163432598114014,"z":0,"tension":-0.319999098777771,"bias":-0.239999055862427,"continuity":0,"index":13,"pointType":2,"word":"","text":{"x":4.7439169883728,"y":-0.163432598114014,"z":0,"font":0,"fontSize":48}},"p14":{"x":4.37503957748413,"y":0.0229606628417969,"z":0,"tension":1,"bias":-0.0799990892410278,"continuity":0,"index":14,"pointType":7,"word":"","text":{"x":4.87503957748413,"y":0.0229606628417969,"z":0,"font":0,"fontSize":48}},"splineCount":1,"unlockType":0,"speed":1,"acceleration":0.5,"maxSpeed":1.5,"time":1,"laps":2,"startSpeed":2,"text":"","title":"","forceOrder":false,"camera":{"lockX":true,"lockY":true,"lockZ":true,"x":2.25590682029724,"y":-0.231798768043518,"z":-2,"setPos":true,"fixCam":false,"fov":100},"spline0":{"order":0,"closed":false,"numPoints":15,"type":0,"lineTexture":0,"lineWidth":1,"bidirectional":true,"speed":0,"points":{"p0":0,"p1":1,"p2":2,"p3":3,"p4":4,"p5":5,"p6":6,"p7":7,"p8":8,"p9":9,"p10":10,"p11":11,"p12":12,"p13":13,"p14":14}}}