{"name":"waves","pointCount":21,"p0":{"x":-2.97805666923523,"y":0.400408267974854,"z":0,"tension":0,"bias":0,"continuity":0,"index":0,"pointType":6,"word":"","text":{"x":-2.47805666923523,"y":0.400408267974854,"z":0,"font":0,"fontSize":48}},"p1":{"x":-2.38387846946716,"y":-0.147748470306396,"z":0,"tension":0,"bias":0,"continuity":0,"index":1,"pointType":2,"word":"","text":{"x":-1.88387846946716,"y":-0.147748470306396,"z":0,"font":0,"fontSize":48}},"p2":{"x":-1.78268206119537,"y":-0.0239481925964355,"z":0,"tension":0,"bias":0,"continuity":0,"index":2,"pointType":2,"word":"","text":{"x":-1.28268206119537,"y":-0.0239481925964355,"z":0,"font":0,"fontSize":48}},"p3":{"x":-1.8194397687912,"y":-0.297698497772217,"z":0,"tension":0,"bias":-0.699999094009399,"continuity":0,"index":3,"pointType":2,"word":"","text":{"x":-1.3194397687912,"y":-0.297698497772217,"z":0,"font":0,"fontSize":48}},"p4":{"x":-1.93188273906708,"y":-0.598119258880615,"z":0,"tension":0,"bias":0,"continuity":0,"index":4,"pointType":2,"word":"","text":{"x":-1.43188273906708,"y":-0.598119258880615,"z":0,"font":0,"fontSize":48}},"p5":{"x":-1.87483036518097,"y":-0.926366090774536,"z":0,"tension":0,"bias":0,"continuity":0,"index":5,"pointType":2,"word":"","text":{"x":-1.37483036518097,"y":-0.926366090774536,"z":0,"font":0,"fontSize":48}},"p6":{"x":-1.56785476207733,"y":-1.45239067077637,"z":0,"tension":0,"bias":0,"continuity":0,"index":6,"pointType":5,"word":"","text":{"x":-1.06785476207733,"y":-1.45239067077637,"z":0,"font":0,"fontSize":48}},"p7":{"x":-2.69117522239685,"y":0.449854135513306,"z":0,"tension":0,"bias":0,"continuity":0,"index":7,"pointType":6,"word":"","text":{"x":-2.19117522239685,"y":0.449854135513306,"z":0,"font":0,"fontSize":48}},"p8":{"x":-2.24886894226074,"y":0.0708949565887451,"z":0,"tension":0,"bias":0,"continuity":0,"index":8,"pointType":2,"word":"","text":{"x":-1.74886894226074,"y":0.0708949565887451,"z":0,"font":0,"fontSize":48}},"p9":{"x":-1.86063933372498,"y":0.110525488853455,"z":0,"tension":0.300000905990601,"bias":0.320001125335693,"continuity":-0.100000023841858,"index":9,"pointType":2,"word":"","text":{"x":-1.36063933372498,"y":0.110525488853455,"z":0,"font":0,"fontSize":48}},"p10":{"x":-1.53356719017029,"y":0.145391464233398,"z":0,"tension":0,"bias":0,"continuity":0,"index":10,"pointType":2,"word":"","text":{"x":-1.03356719017029,"y":0.145391464233398,"z":0,"font":0,"fontSize":48}},"p11":{"x":-1.6954482793808,"y":-0.421571254730225,"z":0,"tension":0,"bias":0,"continuity":0,"index":11,"pointType":2,"word":"","text":{"x":-1.1954482793808,"y":-0.421571254730225,"z":0,"font":0,"fontSize":48}},"p12":{"x":-1.6983015537262,"y":-0.775041103363037,"z":0,"tension":0,"bias":0,"continuity":0,"index":12,"pointType":2,"word":"","text":{"x":-1.1983015537262,"y":-0.775041103363037,"z":0,"font":0,"fontSize":48}},"p13":{"x":-1.37559485435486,"y":-1.27218770980835,"z":0,"tension":0,"bias":0,"continuity":0,"index":13,"pointType":5,"word":"","text":{"x":-0.875594854354858,"y":-1.27218770980835,"z":0,"font":0,"fontSize":48}},"p14":{"x":-2.46735978126526,"y":0.508459329605103,"z":0,"tension":0,"bias":0,"continuity":0,"index":14,"pointType":6,"word":"","text":{"x":-1.96735978126526,"y":0.508459329605103,"z":0,"font":0,"fontSize":48}},"p15":{"x":-2.16320633888245,"y":0.240025281906128,"z":0,"tension":0,"bias":0,"continuity":0,"index":15,"pointType":2,"word":"","text":{"x":-1.66320633888245,"y":0.240025281906128,"z":0,"font":0,"fontSize":48}},"p16":{"x":-1.52583158016205,"y":0.303898334503174,"z":0,"tension":0,"bias":0,"continuity":0,"index":16,"pointType":2,"word":"","text":{"x":-1.02583158016205,"y":0.303898334503174,"z":0,"font":0,"fontSize":48}},"p17":{"x":-1.39121651649475,"y":0.14997124671936,"z":0,"tension":0,"bias":0,"continuity":0,"index":17,"pointType":2,"word":"","text":{"x":-0.891216516494751,"y":0.14997124671936,"z":0,"font":0,"fontSize":48}},"p18":{"x":-1.46845817565918,"y":-0.197734355926514,"z":0,"tension":0,"bias":0,"continuity":0,"index":18,"pointType":2,"word":"","text":{"x":-0.96845817565918,"y":-0.197734355926514,"z":0,"font":0,"fontSize":48}},"p19":{"x":-1.47131156921387,"y":-0.551204204559326,"z":0,"tension":0,"bias":0,"continuity":0,"index":19,"pointType":2,"word":"","text":{"x":-0.971311569213867,"y":-0.551204204559326,"z":0,"font":0,"fontSize":48}},"p20":{"x":-1.17382740974426,"y":-1.10824918746948,"z":0,"tension":0,"bias":0,"continuity":0,"index":20,"pointType":5,"word":"","text":{"x":-0.673827409744263,"y":-1.10824918746948,"z":0,"font":0,"fontSize":48}},"splineCount":3,"unlockType":0,"speed":1,"time":1,"laps":1,"startSpeed":2.59999990463257,"text":"","camera":{"x":0,"y":0,"setPos":false,"fixCam":true,"fov":76},"spline0":{"order":0,"closed":false,"numPoints":7,"type":0,"lineTexture":0,"lineWidth":1,"points":{"p0":0,"p1":1,"p2":2,"p3":3,"p4":4,"p5":5,"p6":6}},"spline1":{"order":1,"closed":false,"numPoints":7,"type":0,"lineTexture":0,"lineWidth":1,"points":{"p0":7,"p1":8,"p2":9,"p3":10,"p4":11,"p5":12,"p6":13}},"spline2":{"order":2,"closed":false,"numPoints":7,"type":0,"lineTexture":0,"lineWidth":1,"points":{"p0":14,"p1":15,"p2":16,"p3":17,"p4":18,"p5":19,"p6":20}}}