{"name":"Wave3","pointCount":9,"p0":{"x":-2.97670650482178,"y":-0.191158771514893,"z":-1.19209289550781E-07,"tension":0,"bias":0,"continuity":0,"index":0,"pointType":6,"word":"","text":{"x":-2.47670650482178,"y":-0.191158771514893,"z":-1.19209289550781E-07,"font":0,"fontSize":48}},"p1":{"x":-1.51926064491272,"y":0.240670323371887,"z":-1.19209289550781E-07,"tension":-0.0149471517652273,"bias":0.687131822109222,"continuity":0,"index":1,"pointType":2,"word":"","text":{"x":-1.01926064491272,"y":0.240670323371887,"z":-1.19209289550781E-07,"font":0,"fontSize":48}},"p2":{"x":2.55984115600586,"y":-0.208926200866699,"z":-1.19209289550781E-07,"tension":0.616924047470093,"bias":-0.0844338908791542,"continuity":0,"index":2,"pointType":7,"word":"","text":{"x":3.05984115600586,"y":-0.208926200866699,"z":-1.19209289550781E-07,"font":0,"fontSize":48}},"p3":{"x":0.947075843811035,"y":1.8199075460434,"z":-1.19209289550781E-07,"tension":-1,"bias":-0.349227786064148,"continuity":0,"index":3,"pointType":2,"word":"","text":{"x":1.44707584381104,"y":1.8199075460434,"z":-1.19209289550781E-07,"font":0,"fontSize":48}},"p4":{"x":1.45543098449707,"y":-0.0179498195648193,"z":-1.19209289550781E-07,"tension":0.0605803951621056,"bias":0.0945726409554482,"continuity":0,"index":4,"pointType":2,"word":"","text":{"x":1.95543098449707,"y":-0.0179498195648193,"z":-1.19209289550781E-07,"font":0,"fontSize":48}},"p5":{"x":-0.265354156494141,"y":1.32368385791779,"z":-1.19209289550781E-07,"tension":-0.305284023284912,"bias":0.47697052359581,"continuity":0,"index":5,"pointType":2,"word":"","text":{"x":0.234645843505859,"y":1.32368385791779,"z":-1.19209289550781E-07,"font":0,"fontSize":48}},"p6":{"x":-2.14753913879395,"y":-0.145998954772949,"z":-1.19209289550781E-07,"tension":0,"bias":0,"continuity":0,"index":6,"pointType":2,"word":"","text":{"x":-1.64753913879395,"y":-0.145998954772949,"z":-1.19209289550781E-07,"font":0,"fontSize":48}},"p7":{"x":-0.890180587768555,"y":-0.737133026123047,"z":-1.19209289550781E-07,"tension":-0.579999089241028,"bias":0,"continuity":0,"index":7,"pointType":2,"word":"","text":{"x":-0.390180587768555,"y":-0.737133026123047,"z":-1.19209289550781E-07,"font":0,"fontSize":48}},"p8":{"x":0.39385461807251,"y":-1.82615041732788,"z":-1.19209289550781E-07,"tension":-0.759999096393585,"bias":0,"continuity":0,"index":8,"pointType":2,"word":"","text":{"x":0.89385461807251,"y":-1.82615041732788,"z":-1.19209289550781E-07,"font":0,"fontSize":48}},"fixedCamera":true,"fov":106,"splineCount":1,"unlockType":0,"speed":1,"time":1,"laps":1,"startSpeed":2,"text":" ","spline0":{"order":0,"closed":false,"numPoints":9,"type":0,"lineTexture":0,"lineWidth":1,"points":{"p0":0,"p1":6,"p2":1,"p3":7,"p4":5,"p5":8,"p6":3,"p7":4,"p8":2}}}