{"name":"Waves1","pointCount":13,"p0":{"x":-0.0327162742614746,"y":3.98386335372925,"z":0,"tension":0,"bias":0,"continuity":0,"index":0,"pointType":6,"word":"","text":{"x":0.467283725738525,"y":3.98386335372925,"z":0,"font":0,"fontSize":48}},"p1":{"x":0.34614372253418,"y":4.05981206893921,"z":0,"tension":0,"bias":0,"continuity":0,"index":1,"pointType":2,"word":"","text":{"x":0.84614372253418,"y":4.05981206893921,"z":0,"font":0,"fontSize":48}},"p2":{"x":0.627475738525391,"y":3.85164856910706,"z":0,"tension":0,"bias":0,"continuity":0,"index":2,"pointType":2,"word":"","text":{"x":1.12747573852539,"y":3.85164856910706,"z":0,"font":0,"fontSize":48}},"p3":{"x":0.788776397705078,"y":3.8066029548645,"z":0,"tension":0,"bias":0,"continuity":0,"index":3,"pointType":2,"word":"","text":{"x":1.28877639770508,"y":3.8066029548645,"z":0,"font":0,"fontSize":48}},"p4":{"x":0.923817157745361,"y":3.77660441398621,"z":0,"tension":0,"bias":0,"continuity":0,"index":4,"pointType":2,"word":"","text":{"x":1.42381715774536,"y":3.77660441398621,"z":0,"font":0,"fontSize":48}},"p5":{"x":1.03072834014893,"y":3.71843862533569,"z":0,"tension":0,"bias":0,"continuity":0,"index":5,"pointType":2,"word":"","text":{"x":1.53072834014893,"y":3.71843862533569,"z":0,"font":0,"fontSize":48}},"p6":{"x":1.19763898849487,"y":3.67158794403076,"z":0,"tension":0,"bias":0,"continuity":0,"index":6,"pointType":2,"word":"","text":{"x":1.69763898849487,"y":3.67158794403076,"z":0,"font":0,"fontSize":48}},"p7":{"x":1.48086500167847,"y":3.61155939102173,"z":0,"tension":0,"bias":0,"continuity":0,"index":7,"pointType":2,"word":"","text":{"x":1.98086500167847,"y":3.61155939102173,"z":0,"font":0,"fontSize":48}},"p8":{"x":1.86157655715942,"y":3.84600615501404,"z":0,"tension":-0.0999990701675415,"bias":0,"continuity":0,"index":8,"pointType":2,"word":"","text":{"x":2.36157655715942,"y":3.84600615501404,"z":0,"font":0,"fontSize":48}},"p9":{"x":2.25169658660889,"y":3.72035884857178,"z":0,"tension":0,"bias":0,"continuity":0,"index":9,"pointType":2,"word":"","text":{"x":2.75169658660889,"y":3.72035884857178,"z":0,"font":0,"fontSize":48}},"p10":{"x":2.67211246490479,"y":4.2257022857666,"z":0,"tension":0,"bias":0,"continuity":0,"index":10,"pointType":2,"word":"","text":{"x":3.17211246490479,"y":4.2257022857666,"z":0,"font":0,"fontSize":48}},"p11":{"x":3.22323560714722,"y":3.53463315963745,"z":0,"tension":-0.579999089241028,"bias":-0.539999127388,"continuity":0,"index":11,"pointType":2,"word":"","text":{"x":3.72323560714722,"y":3.53463315963745,"z":0,"font":0,"fontSize":48}},"p12":{"x":3.79717540740967,"y":3.69595503807068,"z":0,"tension":0,"bias":0,"continuity":0,"index":12,"pointType":7,"word":"","text":{"x":4.29717540740967,"y":3.69595503807068,"z":0,"font":0,"fontSize":48}},"splineCount":1,"unlockType":0,"speed":1,"acceleration":1,"maxSpeed":2.89999985694885,"time":1,"laps":5,"startSpeed":1,"text":" ","title":"1","forceOrder":false,"camera":{"lockX":true,"lockY":true,"lockZ":true,"x":1.88218724727631,"y":3.88825416564941,"z":-2,"setPos":true,"fixCam":false,"fov":71},"spline0":{"order":0,"closed":false,"numPoints":13,"type":0,"lineTexture":0,"lineWidth":1,"bidirectional":true,"speed":0,"points":{"p0":0,"p1":1,"p2":2,"p3":3,"p4":4,"p5":5,"p6":6,"p7":7,"p8":8,"p9":9,"p10":10,"p11":11,"p12":12}}}