{"name":"Waves2","pointCount":15,"p0":{"x":-0.0327162742614746,"y":3.98386335372925,"z":0,"tension":0,"bias":0,"continuity":0,"index":0,"pointType":6,"word":"","text":{"x":0.467283725738525,"y":3.98386335372925,"z":0,"font":0,"fontSize":48}},"p1":{"x":0.229749202728271,"y":4.17306327819824,"z":0,"tension":-0.299999058246613,"bias":0,"continuity":0,"index":1,"pointType":2,"word":"","text":{"x":0.729749202728271,"y":4.17306327819824,"z":0,"font":0,"fontSize":48}},"p2":{"x":0.511098384857178,"y":3.97744154930115,"z":0,"tension":0,"bias":0,"continuity":0,"index":2,"pointType":2,"word":"","text":{"x":1.01109838485718,"y":3.97744154930115,"z":0,"font":0,"fontSize":48}},"p3":{"x":0.688115119934082,"y":4.039391040802,"z":0,"tension":0,"bias":0,"continuity":0,"index":3,"pointType":2,"word":"","text":{"x":1.18811511993408,"y":4.039391040802,"z":0,"font":0,"fontSize":48}},"p4":{"x":0.911257743835449,"y":3.94335103034973,"z":0,"tension":0,"bias":0,"continuity":0,"index":4,"pointType":2,"word":"","text":{"x":1.41125774383545,"y":3.94335103034973,"z":0,"font":0,"fontSize":48}},"p5":{"x":1.17544412612915,"y":4.2343373298645,"z":0,"tension":0,"bias":0,"continuity":0,"index":5,"pointType":2,"word":"","text":{"x":1.67544412612915,"y":4.2343373298645,"z":0,"font":0,"fontSize":48}},"p6":{"x":1.3800892829895,"y":3.9578423500061,"z":0,"tension":0,"bias":0,"continuity":0,"index":6,"pointType":2,"word":"","text":{"x":1.8800892829895,"y":3.9578423500061,"z":0,"font":0,"fontSize":48}},"p7":{"x":1.65074110031128,"y":4.083420753479,"z":0,"tension":0,"bias":0,"continuity":0,"index":7,"pointType":2,"word":"","text":{"x":2.15074110031128,"y":4.083420753479,"z":0,"font":0,"fontSize":48}},"p8":{"x":1.94021987915039,"y":3.89947199821472,"z":0,"tension":-0.0999990701675415,"bias":9.5367431640625E-07,"continuity":0,"index":8,"pointType":2,"word":"","text":{"x":2.44021987915039,"y":3.89947199821472,"z":0,"font":0,"fontSize":48}},"p9":{"x":2.36809015274048,"y":4.12932586669922,"z":0,"tension":-1,"bias":0,"continuity":0,"index":9,"pointType":2,"word":"","text":{"x":2.86809015274048,"y":4.12932586669922,"z":0,"font":0,"fontSize":48}},"p10":{"x":2.72243738174438,"y":3.712975025177,"z":0,"tension":0,"bias":1,"continuity":0,"index":10,"pointType":2,"word":"","text":{"x":3.22243738174438,"y":3.712975025177,"z":0,"font":0,"fontSize":48}},"p11":{"x":3.19490194320679,"y":4.76146745681763,"z":0,"tension":-0.139999091625214,"bias":0.0800009965896606,"continuity":0,"index":11,"pointType":2,"word":"","text":{"x":3.69490194320679,"y":4.76146745681763,"z":0,"font":0,"fontSize":48}},"p12":{"x":3.6902117729187,"y":3.56698703765869,"z":0,"tension":0,"bias":0,"continuity":0,"index":12,"pointType":2,"word":"","text":{"x":4.1902117729187,"y":3.56698703765869,"z":0,"font":0,"fontSize":48}},"p13":{"x":4.07445430755615,"y":4.23259258270264,"z":0,"tension":-0.319999098777771,"bias":-0.239999055862427,"continuity":0,"index":13,"pointType":2,"word":"","text":{"x":4.57445430755615,"y":4.23259258270264,"z":0,"font":0,"fontSize":48}},"p14":{"x":4.20557689666748,"y":4.41898632049561,"z":0,"tension":1,"bias":-0.0799990892410278,"continuity":0,"index":14,"pointType":7,"word":"","text":{"x":4.70557689666748,"y":4.41898632049561,"z":0,"font":0,"fontSize":48}},"splineCount":1,"unlockType":0,"speed":1,"acceleration":5,"time":1,"laps":10,"startSpeed":0.5,"text":"","title":"","forceOrder":false,"camera":{"lockX":true,"lockY":true,"lockZ":true,"x":2.28985619544983,"y":4.06199407577515,"z":-2,"setPos":true,"fixCam":false,"fov":71},"spline0":{"order":0,"closed":false,"numPoints":15,"type":0,"lineTexture":0,"lineWidth":1,"bidirectional":true,"speed":0,"points":{"p0":0,"p1":1,"p2":2,"p3":3,"p4":4,"p5":5,"p6":6,"p7":7,"p8":8,"p9":9,"p10":10,"p11":11,"p12":12,"p13":13,"p14":14}}}