{"name":"Wave4","pointCount":16,"p0":{"x":-2.33489060401917,"y":-0.220600128173828,"z":-1.19209289550781E-07,"tension":0,"bias":0,"continuity":0,"index":0,"pointType":6,"word":"","text":{"x":-1.83489060401917,"y":-0.220600128173828,"z":-1.19209289550781E-07,"font":0,"fontSize":48}},"p1":{"x":0.641400814056396,"y":-0.202100038528442,"z":-1.19209289550781E-07,"tension":1,"bias":0,"continuity":0,"index":1,"pointType":7,"word":"","text":{"x":1.1414008140564,"y":-0.202100038528442,"z":-1.19209289550781E-07,"font":0,"fontSize":48}},"p2":{"x":-2.00344681739807,"y":-0.227128028869629,"z":-1.19209289550781E-07,"tension":1,"bias":0.0606734566390514,"continuity":0,"index":2,"pointType":0,"word":"","text":{"x":-1.50344681739807,"y":-0.227128028869629,"z":-1.19209289550781E-07,"font":0,"fontSize":48}},"p3":{"x":-1.87948060035706,"y":0.0760847330093384,"z":-1.19209289550781E-07,"tension":1,"bias":0,"continuity":0,"index":3,"pointType":0,"word":"","text":{"x":-1.37948060035706,"y":0.0760847330093384,"z":-1.19209289550781E-07,"font":0,"fontSize":48}},"p4":{"x":-1.64520442485809,"y":-0.955846786499023,"z":-1.19209289550781E-07,"tension":1,"bias":0,"continuity":0,"index":4,"pointType":0,"word":"","text":{"x":-1.14520442485809,"y":-0.955846786499023,"z":-1.19209289550781E-07,"font":0,"fontSize":48}},"p5":{"x":-1.49912977218628,"y":-0.145814180374146,"z":-1.19209289550781E-07,"tension":1,"bias":0,"continuity":0,"index":5,"pointType":0,"word":"","text":{"x":-0.999129772186279,"y":-0.145814180374146,"z":-1.19209289550781E-07,"font":0,"fontSize":48}},"p6":{"x":-1.36275410652161,"y":-0.653952598571777,"z":-1.19209289550781E-07,"tension":1,"bias":0,"continuity":0,"index":6,"pointType":0,"word":"","text":{"x":-0.862754106521606,"y":-0.653952598571777,"z":-1.19209289550781E-07,"font":0,"fontSize":48}},"p7":{"x":-1.21442604064941,"y":0.284188628196716,"z":-1.19209289550781E-07,"tension":1,"bias":0,"continuity":0,"index":7,"pointType":0,"word":"","text":{"x":-0.714426040649414,"y":0.284188628196716,"z":-1.19209289550781E-07,"font":0,"fontSize":48}},"p8":{"x":-1.09076404571533,"y":-1.18821930885315,"z":-1.19209289550781E-07,"tension":1,"bias":0,"continuity":0,"index":8,"pointType":0,"word":"","text":{"x":-0.590764045715332,"y":-1.18821930885315,"z":-1.19209289550781E-07,"font":0,"fontSize":48}},"p9":{"x":-0.974196434020996,"y":-0.517957448959351,"z":-1.19209289550781E-07,"tension":1,"bias":0,"continuity":0,"index":9,"pointType":0,"word":"","text":{"x":-0.474196434020996,"y":-0.517957448959351,"z":-1.19209289550781E-07,"font":0,"fontSize":48}},"p10":{"x":-0.813916683197021,"y":-0.843374490737915,"z":-1.19209289550781E-07,"tension":1,"bias":0,"continuity":0,"index":10,"pointType":0,"word":"","text":{"x":-0.313916683197021,"y":-0.843374490737915,"z":-1.19209289550781E-07,"font":0,"fontSize":48}},"p11":{"x":-0.62935209274292,"y":0.497148990631104,"z":-1.19209289550781E-07,"tension":1,"bias":0,"continuity":0,"index":11,"pointType":0,"word":"","text":{"x":-0.12935209274292,"y":0.497148990631104,"z":-1.19209289550781E-07,"font":0,"fontSize":48}},"p12":{"x":-0.286805152893066,"y":-0.179969072341919,"z":-1.19209289550781E-07,"tension":1,"bias":0,"continuity":0,"index":12,"pointType":0,"word":"","text":{"x":0.213194847106934,"y":-0.179969072341919,"z":-1.19209289550781E-07,"font":0,"fontSize":48}},"p13":{"x":-0.0125167369842529,"y":-0.527671337127686,"z":-1.19209289550781E-07,"tension":1,"bias":0,"continuity":0,"index":13,"pointType":0,"word":"","text":{"x":0.487483263015747,"y":-0.527671337127686,"z":-1.19209289550781E-07,"font":0,"fontSize":48}},"p14":{"x":0.240045547485352,"y":-0.289680004119873,"z":-1.19209289550781E-07,"tension":1,"bias":0,"continuity":0,"index":14,"pointType":0,"word":"","text":{"x":0.740045547485352,"y":-0.289680004119873,"z":-1.19209289550781E-07,"font":0,"fontSize":48}},"p15":{"x":-0.456023454666138,"y":-1.39327263832092,"z":-1.19209289550781E-07,"tension":1,"bias":0,"continuity":0,"index":15,"pointType":0,"word":"","text":{"x":0.0439765453338623,"y":-1.39327263832092,"z":-1.19209289550781E-07,"font":0,"fontSize":48}},"fixedCamera":true,"fov":73,"splineCount":1,"unlockType":0,"speed":1,"time":1,"laps":1,"startSpeed":0.949999988079071,"spline0":{"order":0,"closed":false,"numPoints":16,"type":0,"lineTexture":0,"lineWidth":1,"points":{"p0":0,"p1":2,"p2":3,"p3":4,"p4":5,"p5":6,"p6":7,"p7":8,"p8":9,"p9":10,"p10":11,"p11":15,"p12":12,"p13":13,"p14":14,"p15":1}}}