{"name":"Waves4","pointCount":22,"p0":{"x":1.74448156356812,"y":3.14250230789185,"z":0,"tension":1,"bias":0,"continuity":0,"index":0,"pointType":0,"word":"","text":{"x":2.24448156356812,"y":3.14250230789185,"z":0,"font":0,"fontSize":48}},"p1":{"x":2.05922603607178,"y":-1.18772053718567,"z":0,"tension":-0.0599991083145142,"bias":0,"continuity":0,"index":1,"pointType":2,"word":"","text":{"x":2.55922603607178,"y":-1.18772053718567,"z":0,"font":0,"fontSize":48}},"p2":{"x":3.03969049453735,"y":-2.63814830780029,"z":0,"tension":-0.199999094009399,"bias":0,"continuity":0,"index":2,"pointType":2,"word":"","text":{"x":3.53969049453735,"y":-2.63814830780029,"z":0,"font":0,"fontSize":48}},"p3":{"x":5.1577935218811,"y":-2.45423316955566,"z":0,"tension":0,"bias":0,"continuity":0,"index":3,"pointType":2,"word":"","text":{"x":5.6577935218811,"y":-2.45423316955566,"z":0,"font":0,"fontSize":48}},"p4":{"x":5.66237306594849,"y":-0.462273120880127,"z":0,"tension":1,"bias":0,"continuity":0,"index":4,"pointType":0,"word":"","text":{"x":6.16237306594849,"y":-0.462273120880127,"z":0,"font":0,"fontSize":48}},"p5":{"x":6.17827177047729,"y":-2.62053823471069,"z":0,"tension":0,"bias":0,"continuity":0,"index":5,"pointType":2,"word":"","text":{"x":6.67827177047729,"y":-2.62053823471069,"z":0,"font":0,"fontSize":48}},"p6":{"x":9.08788108825684,"y":-2.63466453552246,"z":0,"tension":0,"bias":0,"continuity":0,"index":6,"pointType":2,"word":"","text":{"x":9.58788108825684,"y":-2.63466453552246,"z":0,"font":0,"fontSize":48}},"p7":{"x":9.64596748352051,"y":-1.2196204662323,"z":0,"tension":1,"bias":0,"continuity":0,"index":7,"pointType":0,"word":"","text":{"x":10.1459674835205,"y":-1.2196204662323,"z":0,"font":0,"fontSize":48}},"p8":{"x":9.85654640197754,"y":-2.52780246734619,"z":0,"tension":0,"bias":0,"continuity":0,"index":8,"pointType":2,"word":"","text":{"x":10.3565464019775,"y":-2.52780246734619,"z":0,"font":0,"fontSize":48}},"p9":{"x":11.0181064605713,"y":-2.79585313796997,"z":0,"tension":0,"bias":0,"continuity":0,"index":9,"pointType":2,"word":"","text":{"x":11.5181064605713,"y":-2.79585313796997,"z":0,"font":0,"fontSize":48}},"p10":{"x":13.0759582519531,"y":-2.66671466827393,"z":0,"tension":0,"bias":0,"continuity":0,"index":10,"pointType":2,"word":"","text":{"x":13.5759582519531,"y":-2.66671466827393,"z":0,"font":0,"fontSize":48}},"p11":{"x":13.509204864502,"y":-1.99172639846802,"z":0,"tension":1,"bias":0,"continuity":0,"index":11,"pointType":0,"word":"","text":{"x":14.009204864502,"y":-1.99172639846802,"z":0,"font":0,"fontSize":48}},"p12":{"x":13.7715797424316,"y":-2.79582595825195,"z":0,"tension":0,"bias":0,"continuity":0,"index":12,"pointType":2,"word":"","text":{"x":14.2715797424316,"y":-2.79582595825195,"z":0,"font":0,"fontSize":48}},"p13":{"x":14.7965087890625,"y":-2.89043045043945,"z":0,"tension":0,"bias":0,"continuity":0,"index":13,"pointType":2,"word":"","text":{"x":15.2965087890625,"y":-2.89043045043945,"z":0,"font":0,"fontSize":48}},"p14":{"x":17.5609760284424,"y":-2.85366630554199,"z":0,"tension":0,"bias":0,"continuity":0,"index":14,"pointType":2,"word":"","text":{"x":18.0609760284424,"y":-2.85366630554199,"z":0,"font":0,"fontSize":48}},"p15":{"x":19.1115093231201,"y":-2.82211112976074,"z":0,"tension":0,"bias":0,"continuity":0,"index":15,"pointType":2,"word":"","text":{"x":19.6115093231201,"y":-2.82211112976074,"z":0,"font":0,"fontSize":48}},"p16":{"x":19.3953189849854,"y":-2.312331199646,"z":0,"tension":1,"bias":0,"continuity":0,"index":16,"pointType":0,"word":"","text":{"x":19.8953189849854,"y":-2.312331199646,"z":0,"font":0,"fontSize":48}},"p17":{"x":19.6317691802979,"y":-2.75906229019165,"z":0,"tension":0,"bias":0,"continuity":0,"index":17,"pointType":2,"word":"","text":{"x":20.1317691802979,"y":-2.75906229019165,"z":0,"font":0,"fontSize":48}},"p18":{"x":20.7188835144043,"y":-2.81155633926392,"z":0,"tension":0,"bias":0,"continuity":0,"index":18,"pointType":2,"word":"","text":{"x":21.2188835144043,"y":-2.81155633926392,"z":0,"font":0,"fontSize":48}},"p19":{"x":24.8704586029053,"y":-2.84315395355225,"z":0,"tension":0,"bias":0,"continuity":0,"index":19,"pointType":7,"word":"","text":{"x":25.3704586029053,"y":-2.84315395355225,"z":0,"font":0,"fontSize":48}},"p20":{"x":1.32632970809937,"y":-1.92339706420898,"z":0,"tension":0,"bias":0,"continuity":0,"index":20,"pointType":2,"word":"","text":{"x":1.82632970809937,"y":-1.92339706420898,"z":0,"font":0,"fontSize":48}},"p21":{"x":-0.707666397094727,"y":-2.41744041442871,"z":0,"tension":0,"bias":0,"continuity":0,"index":21,"pointType":6,"word":"","text":{"x":-0.207666397094727,"y":-2.41744041442871,"z":0,"font":0,"fontSize":48}},"splineCount":1,"unlockType":0,"speed":1,"acceleration":1,"maxSpeed":5,"time":1,"laps":1,"startSpeed":2,"text":"","title":"","forceOrder":false,"camera":{"lockX":false,"lockY":false,"lockZ":false,"x":2.32492303848267,"y":4.30211114883423,"z":-2,"setPos":true,"fixCam":false,"fov":100},"spline0":{"order":0,"closed":false,"numPoints":22,"type":0,"lineTexture":0,"lineWidth":1,"bidirectional":false,"speed":0,"points":{"p0":21,"p1":20,"p2":0,"p3":1,"p4":2,"p5":3,"p6":4,"p7":5,"p8":6,"p9":7,"p10":8,"p11":9,"p12":10,"p13":11,"p14":12,"p15":13,"p16":14,"p17":15,"p18":16,"p19":17,"p20":18,"p21":19}}}