{"name":"Waves3","pointCount":27,"p0":{"x":0.030195951461792,"y":4.24497127532959,"z":0,"tension":0,"bias":0,"continuity":0,"index":0,"pointType":6,"word":"","text":{"x":0.530195951461792,"y":4.24497127532959,"z":0,"font":0,"fontSize":48}},"p1":{"x":0.195142269134521,"y":4.14477205276489,"z":0,"tension":-0.299999058246613,"bias":0,"continuity":0,"index":1,"pointType":2,"word":"","text":{"x":0.695142269134521,"y":4.14477205276489,"z":0,"font":0,"fontSize":48}},"p2":{"x":0.322362899780273,"y":3.95543885231018,"z":0,"tension":0,"bias":0,"continuity":0,"index":2,"pointType":2,"word":"","text":{"x":0.822362899780273,"y":3.95543885231018,"z":0,"font":0,"fontSize":48}},"p3":{"x":0.527684450149536,"y":4.29106950759888,"z":0,"tension":0,"bias":0,"continuity":0,"index":3,"pointType":2,"word":"","text":{"x":1.02768445014954,"y":4.29106950759888,"z":0,"font":0,"fontSize":48}},"p4":{"x":0.744539260864258,"y":4.16985177993774,"z":0,"tension":0,"bias":0,"continuity":0,"index":4,"pointType":2,"word":"","text":{"x":1.24453926086426,"y":4.16985177993774,"z":0,"font":0,"fontSize":48}},"p5":{"x":0.952086448669434,"y":3.92290735244751,"z":0,"tension":0,"bias":0,"continuity":0,"index":5,"pointType":2,"word":"","text":{"x":1.45208644866943,"y":3.92290735244751,"z":0,"font":0,"fontSize":48}},"p6":{"x":1.19762468338013,"y":4.15288066864014,"z":0,"tension":0,"bias":0,"continuity":0,"index":6,"pointType":2,"word":"","text":{"x":1.69762468338013,"y":4.15288066864014,"z":0,"font":0,"fontSize":48}},"p7":{"x":1.42424058914185,"y":4.5427098274231,"z":0,"tension":0,"bias":0,"continuity":0,"index":7,"pointType":2,"word":"","text":{"x":1.92424058914185,"y":4.5427098274231,"z":0,"font":0,"fontSize":48}},"p8":{"x":1.83011245727539,"y":3.87743830680847,"z":0,"tension":-0.0999990701675415,"bias":9.5367431640625E-07,"continuity":0,"index":8,"pointType":2,"word":"","text":{"x":2.33011245727539,"y":3.87743830680847,"z":0,"font":0,"fontSize":48}},"p9":{"x":2.19192743301392,"y":4.77733612060547,"z":0,"tension":-0.0399990677833557,"bias":0,"continuity":0,"index":9,"pointType":2,"word":"","text":{"x":2.69192743301392,"y":4.77733612060547,"z":0,"font":0,"fontSize":48}},"p10":{"x":2.61548852920532,"y":3.64379072189331,"z":0,"tension":0,"bias":-0.199999094009399,"continuity":0,"index":10,"pointType":2,"word":"","text":{"x":3.11548852920532,"y":3.64379072189331,"z":0,"font":0,"fontSize":48}},"p11":{"x":2.93695211410522,"y":4.92818450927734,"z":0,"tension":-0.339999079704285,"bias":0.0800009965896606,"continuity":0,"index":11,"pointType":2,"word":"","text":{"x":3.43695211410522,"y":4.92818450927734,"z":0,"font":0,"fontSize":48}},"p12":{"x":3.33159971237183,"y":3.84695529937744,"z":0,"tension":0,"bias":0,"continuity":0,"index":12,"pointType":2,"word":"","text":{"x":3.83159971237183,"y":3.84695529937744,"z":0,"font":0,"fontSize":48}},"p13":{"x":3.57112836837769,"y":4.53462886810303,"z":0,"tension":-0.319999098777771,"bias":-0.0799990892410278,"continuity":0,"index":13,"pointType":2,"word":"","text":{"x":4.07112836837769,"y":4.53462886810303,"z":0,"font":0,"fontSize":48}},"p14":{"x":3.70855665206909,"y":4.40009784698486,"z":0,"tension":0,"bias":0,"continuity":0,"index":14,"pointType":2,"word":"","text":{"x":4.20855665206909,"y":4.40009784698486,"z":0,"font":0,"fontSize":48}},"p15":{"x":3.8342547416687,"y":4.26179504394531,"z":0,"tension":0,"bias":0,"continuity":0,"index":15,"pointType":2,"word":"","text":{"x":4.3342547416687,"y":4.26179504394531,"z":0,"font":0,"fontSize":48}},"p16":{"x":3.96319150924683,"y":4.33104038238525,"z":0,"tension":0,"bias":0,"continuity":0,"index":16,"pointType":2,"word":"","text":{"x":4.46319150924683,"y":4.33104038238525,"z":0,"font":0,"fontSize":48}},"p17":{"x":4.16449928283691,"y":4.2649564743042,"z":0,"tension":0,"bias":0,"continuity":0,"index":17,"pointType":2,"word":"","text":{"x":4.66449928283691,"y":4.2649564743042,"z":0,"font":0,"fontSize":48}},"p18":{"x":4.35639333724976,"y":4.54492568969727,"z":0,"tension":0,"bias":0,"continuity":0,"index":18,"pointType":2,"word":"","text":{"x":4.85639333724976,"y":4.54492568969727,"z":0,"font":0,"fontSize":48}},"p19":{"x":4.59545183181763,"y":4.00698232650757,"z":0,"tension":0,"bias":0,"continuity":0,"index":19,"pointType":2,"word":"","text":{"x":5.09545183181763,"y":4.00698232650757,"z":0,"font":0,"fontSize":48}},"p20":{"x":4.83135461807251,"y":4.54177284240723,"z":0,"tension":-0.0999990701675415,"bias":-0.159999072551727,"continuity":0,"index":20,"pointType":2,"word":"","text":{"x":5.33135461807251,"y":4.54177284240723,"z":0,"font":0,"fontSize":48}},"p21":{"x":5.03896570205688,"y":4.13915729522705,"z":0,"tension":0,"bias":0,"continuity":0,"index":21,"pointType":2,"word":"","text":{"x":5.53896570205688,"y":4.13915729522705,"z":0,"font":0,"fontSize":48}},"p22":{"x":5.14942979812622,"y":4.37817907333374,"z":0,"tension":0,"bias":-0.379999101161957,"continuity":0,"index":22,"pointType":2,"word":"","text":{"x":5.64942979812622,"y":4.37817907333374,"z":0,"font":0,"fontSize":48}},"p23":{"x":5.2910008430481,"y":4.29641962051392,"z":0,"tension":0,"bias":0,"continuity":0,"index":23,"pointType":2,"word":"","text":{"x":5.7910008430481,"y":4.29641962051392,"z":0,"font":0,"fontSize":48}},"p24":{"x":5.44825983047485,"y":4.38446664810181,"z":0,"tension":0,"bias":0,"continuity":0,"index":24,"pointType":2,"word":"","text":{"x":5.94825983047485,"y":4.38446664810181,"z":0,"font":0,"fontSize":48}},"p25":{"x":5.62443399429321,"y":4.10452795028687,"z":0,"tension":0,"bias":0,"continuity":0,"index":25,"pointType":2,"word":"","text":{"x":6.12443399429321,"y":4.10452795028687,"z":0,"font":0,"fontSize":48}},"p26":{"x":5.80375719070435,"y":4.02902841567993,"z":0,"tension":0,"bias":0,"continuity":0,"index":26,"pointType":7,"word":"","text":{"x":6.30375719070435,"y":4.02902841567993,"z":0,"font":0,"fontSize":48}},"splineCount":1,"unlockType":0,"speed":1,"acceleration":1.65000009536743,"maxSpeed":3,"time":1,"laps":5,"startSpeed":0.5,"text":"","title":"","forceOrder":false,"camera":{"lockX":true,"lockY":true,"lockZ":true,"x":2.91179251670837,"y":4.28070735931396,"z":-2,"setPos":true,"fixCam":false,"fov":100},"spline0":{"order":0,"closed":false,"numPoints":27,"type":0,"lineTexture":0,"lineWidth":1,"bidirectional":true,"speed":0,"points":{"p0":0,"p1":1,"p2":2,"p3":3,"p4":4,"p5":5,"p6":6,"p7":7,"p8":8,"p9":9,"p10":10,"p11":11,"p12":12,"p13":13,"p14":14,"p15":15,"p16":16,"p17":17,"p18":18,"p19":19,"p20":20,"p21":21,"p22":22,"p23":23,"p24":24,"p25":25,"p26":26}}}