{"name":"Waves4","pointCount":41,"p0":{"x":0.030195951461792,"y":4.24497127532959,"z":0,"tension":-0.459999084472656,"bias":0.820001125335693,"continuity":0.400001049041748,"index":0,"pointType":6,"word":"","text":{"x":0.530195951461792,"y":4.24497127532959,"z":0,"font":0,"fontSize":48}},"p1":{"x":0.195142269134521,"y":4.14477205276489,"z":0,"tension":-0.459999084472656,"bias":0.820001125335693,"continuity":0.400001049041748,"index":1,"pointType":2,"word":"","text":{"x":0.695142269134521,"y":4.14477205276489,"z":0,"font":0,"fontSize":48}},"p2":{"x":0.334813356399536,"y":4.425368309021,"z":0,"tension":-0.459999084472656,"bias":0.820001125335693,"continuity":0.400001049041748,"index":2,"pointType":2,"word":"","text":{"x":0.834813356399536,"y":4.425368309021,"z":0,"font":0,"fontSize":48}},"p3":{"x":0.411596059799194,"y":4.17887926101685,"z":0,"tension":-0.459999084472656,"bias":0.820001125335693,"continuity":0.400001049041748,"index":3,"pointType":2,"word":"","text":{"x":0.911596059799194,"y":4.17887926101685,"z":0,"font":0,"fontSize":48}},"p4":{"x":0.581319808959961,"y":4.79719543457031,"z":0,"tension":-0.459999084472656,"bias":0.820001125335693,"continuity":0.400001049041748,"index":4,"pointType":2,"word":"","text":{"x":1.08131980895996,"y":4.79719543457031,"z":0,"font":0,"fontSize":48}},"p5":{"x":0.670217514038086,"y":4.09400939941406,"z":0,"tension":-0.459999084472656,"bias":0.820001125335693,"continuity":0.400001049041748,"index":5,"pointType":2,"word":"","text":{"x":1.17021751403809,"y":4.09400939941406,"z":0,"font":0,"fontSize":48}},"p6":{"x":0.823781490325928,"y":4.44557046890259,"z":0,"tension":-0.459999084472656,"bias":0.820001125335693,"continuity":0.400001049041748,"index":6,"pointType":2,"word":"","text":{"x":1.32378149032593,"y":4.44557046890259,"z":0,"font":0,"fontSize":48}},"p7":{"x":0.916738033294678,"y":4.06974840164185,"z":0,"tension":-0.459999084472656,"bias":0.820001125335693,"continuity":0.400001049041748,"index":7,"pointType":2,"word":"","text":{"x":1.41673803329468,"y":4.06974840164185,"z":0,"font":0,"fontSize":48}},"p8":{"x":1.19962072372437,"y":4.18290519714355,"z":0,"tension":-0.459999084472656,"bias":0.820001125335693,"continuity":0.400001049041748,"index":8,"pointType":2,"word":"","text":{"x":1.69962072372437,"y":4.18290519714355,"z":0,"font":0,"fontSize":48}},"p9":{"x":1.34914112091064,"y":4.6638011932373,"z":0,"tension":-0.459999084472656,"bias":0.820001125335693,"continuity":0.400001049041748,"index":9,"pointType":2,"word":"","text":{"x":1.84914112091064,"y":4.6638011932373,"z":0,"font":0,"fontSize":48}},"p10":{"x":1.43803882598877,"y":4.534499168396,"z":0,"tension":-0.459999084472656,"bias":0.820001125335693,"continuity":0.400001049041748,"index":10,"pointType":2,"word":"","text":{"x":1.93803882598877,"y":4.534499168396,"z":0,"font":0,"fontSize":48}},"p11":{"x":1.53906774520874,"y":4.55872774124146,"z":0,"tension":-0.459999084472656,"bias":0.820001125335693,"continuity":0.400001049041748,"index":11,"pointType":2,"word":"","text":{"x":2.03906774520874,"y":4.55872774124146,"z":0,"font":0,"fontSize":48}},"p12":{"x":1.55119848251343,"y":4.09803819656372,"z":0,"tension":-0.459999084472656,"bias":0.820001125335693,"continuity":0.400001049041748,"index":12,"pointType":2,"word":"","text":{"x":2.05119848251343,"y":4.09803819656372,"z":0,"font":0,"fontSize":48}},"p13":{"x":1.68454504013062,"y":4.57084608078003,"z":0,"tension":-0.459999084472656,"bias":0.820001125335693,"continuity":0.400001049041748,"index":13,"pointType":2,"word":"","text":{"x":2.18454504013062,"y":4.57084608078003,"z":0,"font":0,"fontSize":48}},"p14":{"x":1.70476245880127,"y":4.05360317230225,"z":0,"tension":-0.459999084472656,"bias":0.820001125335693,"continuity":0.400001049041748,"index":14,"pointType":2,"word":"","text":{"x":2.20476245880127,"y":4.05360317230225,"z":0,"font":0,"fontSize":48}},"p15":{"x":1.86235523223877,"y":5.0234522819519,"z":0,"tension":-0.459999084472656,"bias":0.820001125335693,"continuity":0.400001049041748,"index":15,"pointType":2,"word":"","text":{"x":2.36235523223877,"y":5.0234522819519,"z":0,"font":0,"fontSize":48}},"p16":{"x":1.87448596954346,"y":3.47972130775452,"z":0,"tension":-0.459999084472656,"bias":0.820001125335693,"continuity":0.400001049041748,"index":16,"pointType":2,"word":"","text":{"x":2.37448596954346,"y":3.47972130775452,"z":0,"font":0,"fontSize":48}},"p17":{"x":2.06441259384155,"y":4.58299112319946,"z":0,"tension":-0.459999084472656,"bias":0.820001125335693,"continuity":0.400001049041748,"index":17,"pointType":2,"word":"","text":{"x":2.56441259384155,"y":4.58299112319946,"z":0,"font":0,"fontSize":48}},"p18":{"x":2.13312292098999,"y":4.46983194351196,"z":0,"tension":-0.459999084472656,"bias":0.820001125335693,"continuity":0.400001049041748,"index":18,"pointType":2,"word":"","text":{"x":2.63312292098999,"y":4.46983194351196,"z":0,"font":0,"fontSize":48}},"p19":{"x":2.24222230911255,"y":4.47386026382446,"z":0,"tension":-0.459999084472656,"bias":0.820001125335693,"continuity":0.400001049041748,"index":19,"pointType":2,"word":"","text":{"x":2.74222230911255,"y":4.47386026382446,"z":0,"font":0,"fontSize":48}},"p20":{"x":2.31496095657349,"y":4.22331142425537,"z":0,"tension":-0.459999084472656,"bias":0.820001125335693,"continuity":0.400001049041748,"index":20,"pointType":2,"word":"","text":{"x":2.81496095657349,"y":4.22331142425537,"z":0,"font":0,"fontSize":48}},"p21":{"x":2.33922290802002,"y":3.90003800392151,"z":0,"tension":-0.459999084472656,"bias":0.820001125335693,"continuity":0.400001049041748,"index":21,"pointType":2,"word":"","text":{"x":2.83922290802002,"y":3.90003800392151,"z":0,"font":0,"fontSize":48}},"p22":{"x":2.5412802696228,"y":4.3566722869873,"z":0,"tension":-0.459999084472656,"bias":0.820001125335693,"continuity":0.400001049041748,"index":22,"pointType":2,"word":"","text":{"x":3.0412802696228,"y":4.3566722869873,"z":0,"font":0,"fontSize":48}},"p23":{"x":2.59784412384033,"y":3.99702382087708,"z":0,"tension":-0.459999084472656,"bias":0.820001125335693,"continuity":0.400001049041748,"index":23,"pointType":2,"word":"","text":{"x":3.09784412384033,"y":3.99702382087708,"z":0,"font":0,"fontSize":48}},"p24":{"x":2.67179346084595,"y":3.69998455047607,"z":0,"tension":-0.459999084472656,"bias":0.820001125335693,"continuity":0,"index":24,"pointType":2,"word":"","text":{"x":3.17179346084595,"y":3.69998455047607,"z":0,"font":0,"fontSize":48}},"p25":{"x":2.80515193939209,"y":4.45569133758545,"z":0,"tension":-0.459999084472656,"bias":0.820001125335693,"continuity":0,"index":25,"pointType":2,"word":"","text":{"x":3.30515193939209,"y":4.45569133758545,"z":0,"font":0,"fontSize":48}},"p26":{"x":2.90212440490723,"y":3.97073364257813,"z":0,"tension":-0.459999084472656,"bias":0.820001125335693,"continuity":0,"index":26,"pointType":2,"word":"","text":{"x":3.40212440490723,"y":3.97073364257813,"z":0,"font":0,"fontSize":48}},"p27":{"x":3.03550148010254,"y":5.29623603820801,"z":0,"tension":-0.459999084472656,"bias":0.820001125335693,"continuity":0,"index":27,"pointType":2,"word":"","text":{"x":3.53550148010254,"y":5.29623603820801,"z":0,"font":0,"fontSize":48}},"p28":{"x":3.20522499084473,"y":3.30798649787903,"z":0,"tension":-0.459999084472656,"bias":0.820001125335693,"continuity":0,"index":28,"pointType":2,"word":"","text":{"x":3.70522499084473,"y":3.30798649787903,"z":0,"font":0,"fontSize":48}},"p29":{"x":3.30220985412598,"y":5.20733737945557,"z":0,"tension":-0.459999084472656,"bias":0.820001125335693,"continuity":0,"index":29,"pointType":2,"word":"","text":{"x":3.80220985412598,"y":5.20733737945557,"z":0,"font":0,"fontSize":48}},"p30":{"x":3.4194130897522,"y":3.4736659526825,"z":0,"tension":-0.459999084472656,"bias":0.820001125335693,"continuity":0,"index":30,"pointType":2,"word":"","text":{"x":3.9194130897522,"y":3.4736659526825,"z":0,"font":0,"fontSize":48}},"p31":{"x":3.56488943099976,"y":4.76278877258301,"z":0,"tension":-0.459999084472656,"bias":0.820001125335693,"continuity":0,"index":31,"pointType":2,"word":"",