{"name":"Wave6","pointCount":20,"p0":{"x":-2.33489060401917,"y":-0.220600128173828,"z":-1.19209289550781E-07,"tension":0,"bias":0,"continuity":0,"index":0,"pointType":6,"word":"","text":{"x":-1.83489060401917,"y":-0.220600128173828,"z":-1.19209289550781E-07,"font":0,"fontSize":48}},"p1":{"x":-2.00344681739807,"y":-0.227128028869629,"z":-1.19209289550781E-07,"tension":-0.319999098777771,"bias":0.880001068115234,"continuity":0,"index":1,"pointType":2,"word":"","text":{"x":-1.50344681739807,"y":-0.227128028869629,"z":-1.19209289550781E-07,"font":0,"fontSize":48}},"p2":{"x":-1.6736136674881,"y":-0.51543664932251,"z":-1.19209289550781E-07,"tension":1,"bias":0,"continuity":0,"index":2,"pointType":2,"word":"","text":{"x":-1.1736136674881,"y":-0.51543664932251,"z":-1.19209289550781E-07,"font":0,"fontSize":48}},"p3":{"x":-1.1055383682251,"y":-1.60267305374146,"z":-1.19209289550781E-07,"tension":1,"bias":0,"continuity":0,"index":3,"pointType":2,"word":"","text":{"x":-0.605538368225098,"y":-1.60267305374146,"z":-1.19209289550781E-07,"font":0,"fontSize":48}},"p4":{"x":-1.29342603683472,"y":-0.963032245635986,"z":-1.19209289550781E-07,"tension":0.380001068115234,"bias":0,"continuity":0,"index":4,"pointType":2,"word":"","text":{"x":-0.793426036834717,"y":-0.963032245635986,"z":-1.19209289550781E-07,"font":0,"fontSize":48}},"p5":{"x":-0.649589061737061,"y":-0.0543196201324463,"z":-1.19209289550781E-07,"tension":0.380001068115234,"bias":0,"continuity":0,"index":5,"pointType":2,"word":"","text":{"x":-0.149589061737061,"y":-0.0543196201324463,"z":-1.19209289550781E-07,"font":0,"fontSize":48}},"p6":{"x":0.963942527770996,"y":0.100252270698547,"z":-1.19209289550781E-07,"tension":0,"bias":0,"continuity":0,"index":6,"pointType":2,"word":"","text":{"x":1.463942527771,"y":0.100252270698547,"z":-1.19209289550781E-07,"font":0,"fontSize":48}},"p7":{"x":1.7745304107666,"y":0.318129897117615,"z":-1.19209289550781E-07,"tension":0,"bias":-1,"continuity":0,"index":7,"pointType":2,"word":"","text":{"x":2.2745304107666,"y":0.318129897117615,"z":-1.19209289550781E-07,"font":0,"fontSize":48}},"p8":{"x":2.71905565261841,"y":-0.391582727432251,"z":-1.19209289550781E-07,"tension":0.380001068115234,"bias":0,"continuity":0,"index":8,"pointType":2,"word":"","text":{"x":3.21905565261841,"y":-0.391582727432251,"z":-1.19209289550781E-07,"font":0,"fontSize":48}},"p9":{"x":2.84483671188354,"y":0.141851663589478,"z":-1.19209289550781E-07,"tension":0,"bias":0,"continuity":0,"index":9,"pointType":2,"word":"","text":{"x":3.34483671188354,"y":0.141851663589478,"z":-1.19209289550781E-07,"font":0,"fontSize":48}},"p10":{"x":3.0462703704834,"y":0.544719457626343,"z":-1.19209289550781E-07,"tension":0.700001120567322,"bias":0,"continuity":0,"index":10,"pointType":2,"word":"","text":{"x":3.5462703704834,"y":0.544719457626343,"z":-1.19209289550781E-07,"font":0,"fontSize":48}},"p11":{"x":3.49395132064819,"y":1.06730937957764,"z":-1.19209289550781E-07,"tension":0,"bias":0,"continuity":0,"index":11,"pointType":2,"word":"","text":{"x":3.99395132064819,"y":1.06730937957764,"z":-1.19209289550781E-07,"font":0,"fontSize":48}},"p12":{"x":3.73690128326416,"y":0.532386541366577,"z":-1.19209289550781E-07,"tension":0,"bias":0,"continuity":0,"index":12,"pointType":2,"word":"","text":{"x":4.23690128326416,"y":0.532386541366577,"z":-1.19209289550781E-07,"font":0,"fontSize":48}},"p13":{"x":3.81047964096069,"y":0.685870885848999,"z":-1.19209289550781E-07,"tension":0.500001072883606,"bias":0,"continuity":0,"index":13,"pointType":2,"word":"","text":{"x":4.31047964096069,"y":0.685870885848999,"z":-1.19209289550781E-07,"font":0,"fontSize":48}},"p14":{"x":3.87667179107666,"y":0.873590707778931,"z":-1.19209289550781E-07,"tension":0,"bias":0,"continuity":0,"index":14,"pointType":2,"word":"","text":{"x":4.37667179107666,"y":0.873590707778931,"z":-1.19209289550781E-07,"font":0,"fontSize":48}},"p15":{"x":4.04932880401611,"y":1.20657324790955,"z":-1.19209289550781E-07,"tension":0.52000105381012,"bias":0,"continuity":0,"index":15,"pointType":2,"word":"","text":{"x":4.54932880401611,"y":1.20657324790955,"z":-1.19209289550781E-07,"font":0,"fontSize":48}},"p16":{"x":4.41519641876221,"y":1.11613392829895,"z":-1.19209289550781E-07,"tension":0.340001106262207,"bias":0,"continuity":0,"index":16,"pointType":2,"word":"","text":{"x":4.91519641876221,"y":1.11613392829895,"z":-1.19209289550781E-07,"font":0,"fontSize":48}},"p17":{"x":4.69473314285278,"y":1.51900172233582,"z":-1.19209289550781E-07,"tension":0.760001063346863,"bias":0,"continuity":0,"index":17,"pointType":2,"word":"","text":{"x":5.19473314285278,"y":1.51900172233582,"z":-1.19209289550781E-07,"font":0,"fontSize":48}},"p18":{"x":4.97838258743286,"y":1.46967101097107,"z":-1.19209289550781E-07,"tension":0,"bias":0,"continuity":0,"index":18,"pointType":7,"word":"","text":{"x":5.47838258743286,"y":1.46967101097107,"z":-1.19209289550781E-07,"font":0,"fontSize":48}},"p19":{"x":-0.766081571578979,"y":-1.8039710521698,"z":-1.19209289550781E-07,"tension":0.460001111030579,"bias":-0.399999976158142,"continuity":0,"index":19,"pointType":0,"word":"","text":{"x":-0.266081571578979,"y":-1.8039710521698,"z":-1.19209289550781E-07,"font":0,"fontSize":48}},"fixedCamera":true,"fov":108,"splineCount":1,"unlockType":0,"speed":1,"time":1,"laps":1,"startSpeed":1.14999997615814,"spline0":{"order":0,"closed":false,"numPoints":20,"type":0,"lineTexture":0,"lineWidth":1,"points":{"p0":0,"p1":1,"p2":2,"p3":4,"p4":3,"p5":19,"p6":5,"p7":6,"p8":7,"p9":8,"p10":9,"p11":10,"p12":11,"p13":12,"p14":13,"p15":14,"p16":15,"p17":16,"p18":17,"p19":18}}}