{"name":"Widening","pointCount":19,"p0":{"x":0.131786823272705,"y":-0.89587664604187,"z":0,"tension":-0.599999785423279,"bias":0,"continuity":0,"index":0,"pointType":3,"word":"","collect":false,"text":{"x":0.631786823272705,"y":-0.89587664604187,"z":0,"font":0,"fontSize":48}},"p1":{"x":0.242447376251221,"y":0.468533158302307,"z":0,"tension":-0.599999785423279,"bias":0,"continuity":0,"index":1,"pointType":3,"word":"","collect":false,"text":{"x":0.742447376251221,"y":0.468533158302307,"z":0,"font":0,"fontSize":48}},"p2":{"x":-1.11883044242859,"y":0.579185247421265,"z":0,"tension":-0.599999785423279,"bias":0,"continuity":0,"index":2,"pointType":2,"word":"","collect":false,"text":{"x":-0.618830442428589,"y":0.579185247421265,"z":0,"font":0,"fontSize":48}},"p3":{"x":-1.22948908805847,"y":-0.782098531723022,"z":0,"tension":-0.599999785423279,"bias":0,"continuity":0,"index":3,"pointType":2,"word":"","collect":false,"text":{"x":-0.729489088058472,"y":-0.782098531723022,"z":0,"font":0,"fontSize":48}},"p4":{"x":-0.758184432983398,"y":-1.126220703125,"z":0,"tension":-0.559999108314514,"bias":-0.0399990677833557,"continuity":0,"index":4,"pointType":2,"word":"","collect":false,"text":{"x":-0.258184432983398,"y":-1.126220703125,"z":0,"font":0,"fontSize":48}},"p5":{"x":-0.6858229637146,"y":-0.319195032119751,"z":0,"tension":-0.599999785423279,"bias":0,"continuity":0,"index":5,"pointType":2,"word":"","collect":false,"text":{"x":-0.1858229637146,"y":-0.319195032119751,"z":0,"font":0,"fontSize":48}},"p6":{"x":-1.49285078048706,"y":-0.246838331222534,"z":0,"tension":-0.559999108314514,"bias":-0.0399990677833557,"continuity":0,"index":6,"pointType":2,"word":"","collect":false,"text":{"x":-0.992850780487061,"y":-0.246838331222534,"z":0,"font":0,"fontSize":48}},"p7":{"x":0.100202560424805,"y":-1.17730522155762,"z":0,"tension":-0.599999785423279,"bias":0,"continuity":0,"index":7,"pointType":2,"word":"","collect":false,"text":{"x":0.600202560424805,"y":-1.17730522155762,"z":0,"font":0,"fontSize":48}},"p8":{"x":-1.41195464134216,"y":0.6024489402771,"z":0,"tension":-0.599999785423279,"bias":0,"continuity":0,"index":8,"pointType":2,"word":"","collect":false,"text":{"x":-0.911954641342163,"y":0.6024489402771,"z":0,"font":0,"fontSize":48}},"p9":{"x":-1.56382095813751,"y":-1.0478458404541,"z":0,"tension":-0.519999086856842,"bias":0,"continuity":0,"index":9,"pointType":3,"word":"","collect":false,"text":{"x":-1.06382095813751,"y":-1.0478458404541,"z":0,"font":0,"fontSize":48}},"p10":{"x":0.169876098632813,"y":-0.100943803787231,"z":0,"tension":-0.599999785423279,"bias":0,"continuity":0,"index":10,"pointType":2,"word":"","collect":false,"text":{"x":0.669876098632813,"y":-0.100943803787231,"z":0,"font":0,"fontSize":48}},"p11":{"x":-0.61223316192627,"y":-0.064903736114502,"z":0,"tension":-0.599999785423279,"bias":0,"continuity":0,"index":11,"pointType":3,"word":"","collect":false,"text":{"x":-0.11223316192627,"y":-0.064903736114502,"z":0,"font":0,"fontSize":48}},"p12":{"x":-0.648273468017578,"y":-0.847012996673584,"z":0,"tension":-0.599999785423279,"bias":0,"continuity":0,"index":12,"pointType":2,"word":"","collect":false,"text":{"x":-0.148273468017578,"y":-0.847012996673584,"z":0,"font":0,"fontSize":48}},"p13":{"x":-0.368878364562988,"y":-0.111090898513794,"z":0,"tension":-0.599999785423279,"bias":0,"continuity":0,"index":13,"pointType":2,"word":"","collect":false,"text":{"x":0.131121635437012,"y":-0.111090898513794,"z":0,"font":0,"fontSize":48}},"p14":{"x":-0.324400663375854,"y":0.13708770275116,"z":0,"tension":-0.599999785423279,"bias":0,"continuity":0,"index":14,"pointType":6,"word":"","collect":false,"text":{"x":0.175599336624146,"y":0.13708770275116,"z":0,"font":0,"fontSize":48}},"p15":{"x":-0.569720268249512,"y":0.179550409317017,"z":0,"tension":-0.599999785423279,"bias":0,"continuity":0,"index":15,"pointType":2,"word":"","collect":false,"text":{"x":-0.0697202682495117,"y":0.179550409317017,"z":0,"font":0,"fontSize":48}},"p16":{"x":2.02917718887329,"y":-1.39416241645813,"z":0,"tension":-0.559999108314514,"bias":-0.0399990677833557,"continuity":0,"index":16,"pointType":2,"word":"","collect":false,"text":{"x":2.52917718887329,"y":-1.39416241645813,"z":0,"font":0,"fontSize":48}},"p17":{"x":2.35172414779663,"y":2.20310688018799,"z":0,"tension":-0.599999785423279,"bias":0,"continuity":0,"index":17,"pointType":7,"word":"","collect":false,"text":{"x":2.85172414779663,"y":2.20310688018799,"z":0,"font":0,"fontSize":48}},"p18":{"x":-1.24555277824402,"y":2.52563238143921,"z":0,"tension":-0.559999108314514,"bias":-0.0399990677833557,"continuity":0,"index":18,"pointType":2,"word":"","collect":false,"text":{"x":-0.745552778244019,"y":2.52563238143921,"z":0,"font":0,"fontSize":48}},"splineCount":6,"unlockType":0,"speed":1,"acceleration":0.149999991059303,"maxSpeed":3.89999985694885,"time":1,"laps":1,"startSpeed":0.199999988079071,"text":"","title":"Widening","forceOrder":true,"camera":{"lockX":false,"lockY":false,"lockZ":false,"x":-0.660828173160553,"y":-0.287428140640259,"z":0,"setPos":true,"fov":69},"spline0":{"order":0,"closed":true,"numPoints":4,"type":0,"lineTexture":0,"lineWidth":1,"bidirectional":true,"speed":0,"points":{"p0":11,"p1":13,"p2":14,"p3":15}},"spline1":{"order":1,"closed":true,"numPoints":4,"type":0,"lineTexture":0,"lineWidth":1,"bidirectional":true,"speed":0,"points":{"p0":0,"p1":10,"p2":11,"p3":12}},"spline2":{"order":2,"closed":true,"numPoints":4,"type":0,"lineTexture":0,"lineWidth":1,"bidirectional":true,"speed":0,"points":{"p0":0,"p1":1,"p2":2,"p3":3}},"spline3":{"order":3,"closed":true,"numPoints":4,"type":2,"lineTexture":3,"lineWidth":1,"bidirectional":true,"speed":0,"points":{"p0":8,"p1":9,"p2":7,"p3":1}},"spline4":{"order":4,"closed":true,"numPoints":4,"type":0,"lineTexture":0,"lineWidth":1,"bidirectional":true,"speed":0,"points":{"p0":9,"p1":4,"p2":5,"p3":6}},"spline5":{"order":5,"closed":true,"numPoints":4,"type":0,"lineTexture":5,"lineWidth":4,"bidirectional":true,"speed":0,"points":{"p0":9,"p1":16,"p2":17,"p3":18}}}