{"name":"Widening","pointCount":16,"p0":{"x":-0.139817237854004,"y":-0.382217645645142,"z":0,"tension":-0.599999785423279,"bias":0,"continuity":0,"index":0,"pointType":2,"word":"","collect":false,"text":{"x":0.360182762145996,"y":-0.382217645645142,"z":0,"font":0,"fontSize":48}},"p1":{"x":-0.0866684913635254,"y":0.273092150688171,"z":0,"tension":-0.599999785423279,"bias":0,"continuity":0,"index":1,"pointType":2,"word":"","collect":false,"text":{"x":0.413331508636475,"y":0.273092150688171,"z":0,"font":0,"fontSize":48}},"p2":{"x":-0.740474224090576,"y":0.326237082481384,"z":0,"tension":-0.599999785423279,"bias":0,"continuity":0,"index":2,"pointType":0,"word":"","collect":false,"text":{"x":-0.240474224090576,"y":0.326237082481384,"z":0,"font":0,"fontSize":48}},"p3":{"x":-0.793622493743896,"y":-0.327571153640747,"z":0,"tension":-0.599999785423279,"bias":0,"continuity":0,"index":3,"pointType":2,"word":"","collect":false,"text":{"x":-0.293622493743896,"y":-0.327571153640747,"z":0,"font":0,"fontSize":48}},"p4":{"x":-0.567260265350342,"y":-0.492849111557007,"z":0,"tension":-0.559999108314514,"bias":-0.0399990677833557,"continuity":0,"index":4,"pointType":2,"word":"","collect":false,"text":{"x":-0.0672602653503418,"y":-0.492849111557007,"z":0,"font":0,"fontSize":48}},"p5":{"x":-0.532505989074707,"y":-0.105243921279907,"z":0,"tension":-0.599999785423279,"bias":0,"continuity":0,"index":5,"pointType":0,"word":"","collect":false,"text":{"x":-0.032505989074707,"y":-0.105243921279907,"z":0,"font":0,"fontSize":48}},"p6":{"x":-0.920112133026123,"y":-0.0704920291900635,"z":0,"tension":-0.559999108314514,"bias":-0.0399990677833557,"continuity":0,"index":6,"pointType":2,"word":"","collect":false,"text":{"x":-0.420112133026123,"y":-0.0704920291900635,"z":0,"font":0,"fontSize":48}},"p7":{"x":-0.15498685836792,"y":-0.51738452911377,"z":0,"tension":-0.599999785423279,"bias":0,"continuity":0,"index":7,"pointType":3,"word":"","collect":false,"text":{"x":0.34501314163208,"y":-0.51738452911377,"z":0,"font":0,"fontSize":48}},"p8":{"x":-0.881258487701416,"y":0.3374103307724,"z":0,"tension":-0.599999785423279,"bias":0,"continuity":0,"index":8,"pointType":3,"word":"","collect":false,"text":{"x":-0.381258487701416,"y":0.3374103307724,"z":0,"font":0,"fontSize":48}},"p9":{"x":-0.953893423080444,"y":-0.455176830291748,"z":0,"tension":-0.519999086856842,"bias":0,"continuity":0,"index":9,"pointType":2,"word":"","collect":false,"text":{"x":-0.453893423080444,"y":-0.455176830291748,"z":0,"font":0,"fontSize":48}},"p10":{"x":-0.121523380279541,"y":-0.000421047210693359,"z":0,"tension":-0.599999785423279,"bias":0,"continuity":0,"index":10,"pointType":2,"word":"","collect":false,"text":{"x":0.378476619720459,"y":-0.000421047210693359,"z":0,"font":0,"fontSize":48}},"p11":{"x":-0.505791664123535,"y":0.0123827457427979,"z":0,"tension":-0.599999785423279,"bias":0,"continuity":0,"index":11,"pointType":2,"word":"","collect":false,"text":{"x":-0.00579166412353516,"y":0.0123827457427979,"z":0,"font":0,"fontSize":48}},"p12":{"x":-0.514471530914307,"y":-0.358749151229858,"z":0,"tension":-0.599999785423279,"bias":0,"continuity":0,"index":12,"pointType":2,"word":"","collect":false,"text":{"x":-0.0144715309143066,"y":-0.358749151229858,"z":0,"font":0,"fontSize":48}},"p13":{"x":-0.34694766998291,"y":-0.0177645683288574,"z":0,"tension":-0.599999785423279,"bias":0,"continuity":0,"index":13,"pointType":2,"word":"","collect":false,"text":{"x":0.15305233001709,"y":-0.0177645683288574,"z":0,"font":0,"fontSize":48}},"p14":{"x":-0.317916393280029,"y":0.144227623939514,"z":0,"tension":-0.599999785423279,"bias":0,"continuity":0,"index":14,"pointType":6,"word":"","collect":false,"text":{"x":0.182083606719971,"y":0.144227623939514,"z":0,"font":0,"fontSize":48}},"p15":{"x":-0.478042364120483,"y":0.17194402217865,"z":0,"tension":-0.599999785423279,"bias":0,"continuity":0,"index":15,"pointType":2,"word":"","collect":false,"text":{"x":0.0219576358795166,"y":0.17194402217865,"z":0,"font":0,"fontSize":48}},"splineCount":5,"unlockType":2,"speed":1,"acceleration":0.149999991059303,"maxSpeed":3.89999985694885,"time":1,"laps":1,"startSpeed":0.199999988079071,"text":"","title":"Widening","forceOrder":false,"camera":{"lockX":false,"lockY":false,"lockZ":false,"x":-0.660828173160553,"y":-0.287428140640259,"z":0,"setPos":true,"fov":69},"spline0":{"order":0,"closed":true,"numPoints":4,"type":0,"lineTexture":0,"lineWidth":1,"bidirectional":true,"speed":0,"points":{"p0":11,"p1":13,"p2":14,"p3":15}},"spline1":{"order":1,"closed":true,"numPoints":4,"type":0,"lineTexture":0,"lineWidth":1,"bidirectional":true,"speed":0,"points":{"p0":0,"p1":10,"p2":11,"p3":12}},"spline2":{"order":2,"closed":true,"numPoints":4,"type":0,"lineTexture":0,"lineWidth":1,"bidirectional":true,"speed":0,"points":{"p0":0,"p1":1,"p2":2,"p3":3}},"spline3":{"order":3,"closed":true,"numPoints":4,"type":2,"lineTexture":3,"lineWidth":1,"bidirectional":true,"speed":0,"points":{"p0":8,"p1":9,"p2":7,"p3":1}},"spline4":{"order":4,"closed":true,"numPoints":4,"type":0,"lineTexture":0,"lineWidth":1,"bidirectional":true,"speed":0,"points":{"p0":9,"p1":4,"p2":5,"p3":6}}}