{"name":"z","pointCount":14,"p0":{"x":-1.07240438461304,"y":0.989686727523804,"z":0,"tension":0,"bias":0,"continuity":0,"index":0,"pointType":6,"word":"","text":{"x":-0.572404384613037,"y":0.989686727523804,"z":0,"font":0,"fontSize":48}},"p1":{"x":-0.132931232452393,"y":1.04079186916351,"z":0,"tension":-0.779999077320099,"bias":-0.0399990677833557,"continuity":0,"index":1,"pointType":0,"word":"","text":{"x":0.367068767547607,"y":1.04079186916351,"z":0,"font":0,"fontSize":48}},"p2":{"x":-1.11096811294556,"y":-0.309506416320801,"z":0,"tension":0,"bias":0,"continuity":0,"index":2,"pointType":2,"word":"","text":{"x":-0.610968112945557,"y":-0.309506416320801,"z":0,"font":0,"fontSize":48}},"p3":{"x":-0.346039295196533,"y":-1.02088499069214,"z":0,"tension":0,"bias":0,"continuity":0,"index":3,"pointType":2,"word":"","text":{"x":0.153960704803467,"y":-1.02088499069214,"z":0,"font":0,"fontSize":48}},"p4":{"x":0.383133172988892,"y":-0.817532062530518,"z":-0.103543996810913,"tension":1,"bias":0,"continuity":0,"index":4,"pointType":3,"word":"","text":{"x":0.883133172988892,"y":-0.817532062530518,"z":-0.103543996810913,"font":0,"fontSize":48}},"p5":{"x":0.519416809082031,"y":0.115157008171082,"z":-0.103543996810913,"tension":0,"bias":0,"continuity":0,"index":5,"pointType":1,"word":"","text":{"x":1.01941680908203,"y":0.115157008171082,"z":-0.103543996810913,"font":0,"fontSize":48}},"p6":{"x":1.34562540054321,"y":-0.86650824546814,"z":-0.237314701080322,"tension":0,"bias":0,"continuity":0,"index":6,"pointType":2,"word":"","text":{"x":1.84562540054321,"y":-0.86650824546814,"z":-0.237314701080322,"font":0,"fontSize":48}},"p7":{"x":2.09092092514038,"y":-0.321379899978638,"z":-0.237314701080322,"tension":0,"bias":0,"continuity":0,"index":7,"pointType":2,"word":"","text":{"x":2.59092092514038,"y":-0.321379899978638,"z":-0.237314701080322,"font":0,"fontSize":48}},"p8":{"x":2.67863988876343,"y":-0.832439422607422,"z":-0.237314701080322,"tension":0,"bias":0,"continuity":0,"index":8,"pointType":1,"word":"","text":{"x":3.17863988876343,"y":-0.832439422607422,"z":-0.237314701080322,"font":0,"fontSize":48}},"p9":{"x":1.87796258926392,"y":-2.34218692779541,"z":-0.345670819282532,"tension":0,"bias":0,"continuity":0,"index":9,"pointType":0,"word":"","text":{"x":2.37796258926392,"y":-2.34218692779541,"z":-0.345670819282532,"font":0,"fontSize":48}},"p10":{"x":0.634400367736816,"y":-1.51598358154297,"z":-0.345670819282532,"tension":0,"bias":0,"continuity":0,"index":10,"pointType":2,"word":"","text":{"x":1.13440036773682,"y":-1.51598358154297,"z":-0.345670819282532,"font":0,"fontSize":48}},"p11":{"x":1.26041650772095,"y":0.430304527282715,"z":-0.345670819282532,"tension":0,"bias":0,"continuity":0,"index":11,"pointType":0,"word":"","text":{"x":1.76041650772095,"y":0.430304527282715,"z":-0.345670819282532,"font":0,"fontSize":48}},"p12":{"x":2.13773679733276,"y":0.468632698059082,"z":-0.345670819282532,"tension":0,"bias":0,"continuity":0,"index":12,"pointType":2,"word":"","text":{"x":2.63773679733276,"y":0.468632698059082,"z":-0.345670819282532,"font":0,"fontSize":48}},"p13":{"x":1.87369871139526,"y":1.12449169158936,"z":-0.345670819282532,"tension":0,"bias":0,"continuity":0,"index":13,"pointType":1,"word":"","text":{"x":2.37369871139526,"y":1.12449169158936,"z":-0.345670819282532,"font":0,"fontSize":48}},"splineCount":5,"unlockType":0,"speed":1,"acceleration":1,"maxSpeed":10,"time":1,"laps":4,"startSpeed":1,"text":"","title":"","forceOrder":true,"camera":{"lockX":false,"lockY":false,"lockZ":true,"x":0,"y":0,"z":0,"setPos":false,"fixCam":false,"fov":88},"spline0":{"order":0,"closed":false,"numPoints":5,"type":0,"lineTexture":0,"lineWidth":1,"bidirectional":true,"speed":0,"points":{"p0":0,"p1":1,"p2":2,"p3":3,"p4":4}},"spline1":{"order":1,"closed":false,"numPoints":2,"type":0,"lineTexture":1,"lineWidth":1,"bidirectional":true,"speed":0,"points":{"p0":5,"p1":4}},"spline2":{"order":2,"closed":false,"numPoints":4,"type":0,"lineTexture":0,"lineWidth":1,"bidirectional":true,"speed":0,"points":{"p0":4,"p1":6,"p2":7,"p3":8}},"spline3":{"order":3,"closed":false,"numPoints":3,"type":0,"lineTexture":0,"lineWidth":1,"bidirectional":true,"speed":0,"points":{"p0":9,"p1":10,"p2":4}},"spline4":{"order":4,"closed":false,"numPoints":3,"type":0,"lineTexture":0,"lineWidth":1,"bidirectional":true,"speed":0,"points":{"p0":11,"p1":12,"p2":13}}}