{"name":"Zag","pointCount":28,"p0":{"x":-0.993765830993652,"y":-0.760097980499268,"z":0,"tension":1,"bias":0,"continuity":0,"index":0,"pointType":6,"word":"","text":{"x":-0.493765830993652,"y":-0.760097980499268,"z":0,"font":0,"fontSize":48}},"p1":{"x":-0.6070237159729,"y":-0.428247690200806,"z":-0.555024862289429,"tension":1,"bias":0,"continuity":0,"index":1,"pointType":0,"word":"","text":{"x":-0.1070237159729,"y":-0.428247690200806,"z":-0.555024862289429,"font":0,"fontSize":48}},"p2":{"x":-0.422382116317749,"y":-0.463181018829346,"z":-0.555024862289429,"tension":1,"bias":0,"continuity":0,"index":2,"pointType":0,"word":"","text":{"x":0.077617883682251,"y":-0.463181018829346,"z":-0.555024862289429,"font":0,"fontSize":48}},"p3":{"x":-0.587062358856201,"y":-0.246102333068848,"z":-0.555024862289429,"tension":1,"bias":0,"continuity":0,"index":3,"pointType":0,"word":"","text":{"x":-0.0870623588562012,"y":-0.246102333068848,"z":-0.555024862289429,"font":0,"fontSize":48}},"p4":{"x":-0.394935369491577,"y":-0.308480739593506,"z":-0.555024862289429,"tension":1,"bias":0,"continuity":0,"index":4,"pointType":0,"word":"","text":{"x":0.105064630508423,"y":-0.308480739593506,"z":-0.555024862289429,"font":0,"fontSize":48}},"p5":{"x":-0.61700439453125,"y":-0.0814225673675537,"z":-0.555024862289429,"tension":1,"bias":0,"continuity":0,"index":5,"pointType":0,"word":"","text":{"x":-0.11700439453125,"y":-0.0814225673675537,"z":-0.555024862289429,"font":0,"fontSize":48}},"p6":{"x":-0.257701635360718,"y":-0.15378212928772,"z":-0.555024862289429,"tension":1,"bias":0,"continuity":0,"index":6,"pointType":0,"word":"","text":{"x":0.242298364639282,"y":-0.15378212928772,"z":-0.555024862289429,"font":0,"fontSize":48}},"p7":{"x":-0.291257858276367,"y":0.234266996383667,"z":-0.555024862289429,"tension":1,"bias":0,"continuity":0,"index":7,"pointType":0,"word":"","text":{"x":0.208742141723633,"y":0.234266996383667,"z":-0.555024862289429,"font":0,"fontSize":48}},"p8":{"x":-0.00732326507568359,"y":-0.0501267910003662,"z":-0.555024862289429,"tension":1,"bias":0,"continuity":0,"index":8,"pointType":0,"word":"","text":{"x":0.492676734924316,"y":-0.0501267910003662,"z":-0.555024862289429,"font":0,"fontSize":48}},"p9":{"x":-0.0295429229736328,"y":0.35686182975769,"z":-0.555024862289429,"tension":1,"bias":0,"continuity":0,"index":9,"pointType":0,"word":"","text":{"x":0.470457077026367,"y":0.35686182975769,"z":-0.555024862289429,"font":0,"fontSize":48}},"p10":{"x":0.226358413696289,"y":-0.00407147407531738,"z":-0.555024862289429,"tension":1,"bias":0,"continuity":0,"index":10,"pointType":0,"word":"","text":{"x":0.726358413696289,"y":-0.00407147407531738,"z":-0.555024862289429,"font":0,"fontSize":48}},"p11":{"x":0.298195838928223,"y":0.389480233192444,"z":-0.555024862289429,"tension":1,"bias":0,"continuity":0,"index":11,"pointType":0,"word":"","text":{"x":0.798195838928223,"y":0.389480233192444,"z":-0.555024862289429,"font":0,"fontSize":48}},"p12":{"x":0.438275098800659,"y":-0.0139763355255127,"z":-0.555024862289429,"tension":1,"bias":0,"continuity":0,"index":12,"pointType":0,"word":"","text":{"x":0.938275098800659,"y":-0.0139763355255127,"z":-0.555024862289429,"font":0,"fontSize":48}},"p13":{"x":0.545738220214844,"y":0.342755556106567,"z":-0.555024862289429,"tension":1,"bias":0,"continuity":0,"index":13,"pointType":0,"word":"","text":{"x":1.04573822021484,"y":0.342755556106567,"z":-0.555024862289429,"font":0,"fontSize":48}},"p14":{"x":0.635563373565674,"y":-0.111362218856812,"z":-0.555024862289429,"tension":1,"bias":0,"continuity":0,"index":14,"pointType":0,"word":"","text":{"x":1.13556337356567,"y":-0.111362218856812,"z":-0.555024862289429,"font":0,"fontSize":48}},"p15":{"x":0.810225009918213,"y":0.312811851501465,"z":-0.555024862289429,"tension":1,"bias":0,"continuity":0,"index":15,"pointType":0,"word":"","text":{"x":1.31022500991821,"y":0.312811851501465,"z":-0.555024862289429,"font":0,"fontSize":48}},"p16":{"x":0.882585048675537,"y":-0.0664491653442383,"z":-0.555024862289429,"tension":1,"bias":0,"continuity":0,"index":16,"pointType":0,"word":"","text":{"x":1.38258504867554,"y":-0.0664491653442383,"z":-0.555024862289429,"font":0,"fontSize":48}},"p17":{"x":1.06722593307495,"y":0.245443940162659,"z":-0.555024862289429,"tension":1,"bias":0,"continuity":0,"index":17,"pointType":0,"word":"","text":{"x":1.56722593307495,"y":0.245443940162659,"z":-0.555024862289429,"font":0,"fontSize":48}},"p18":{"x":1.14208078384399,"y":-0.126335144042969,"z":-0.555024862289429,"tension":1,"bias":0,"continuity":0,"index":18,"pointType":0,"word":"","text":{"x":1.64208078384399,"y":-0.126335144042969,"z":-0.555024862289429,"font":0,"fontSize":48}},"p19":{"x":1.24856042861938,"y":0.333543539047241,"z":-0.555024862289429,"tension":1,"bias":0,"continuity":0,"index":19,"pointType":0,"word":"","text":{"x":1.74856042861938,"y":0.333543539047241,"z":-0.555024862289429,"font":0,"fontSize":48}},"p20":{"x":1.50138282775879,"y":0.0358495712280273,"z":-0.555024862289429,"tension":1,"bias":0,"continuity":0,"index":20,"pointType":0,"word":"","text":{"x":2.00138282775879,"y":0.0358495712280273,"z":-0.555024862289429,"font":0,"fontSize":48}},"p21":{"x":1.39658689498901,"y":0.400142312049866,"z":-0.555024862289429,"tension":1,"bias":0,"continuity":0,"index":21,"pointType":0,"word":"","text":{"x":1.89658689498901,"y":0.400142312049866,"z":-0.555024862289429,"font":0,"fontSize":48}},"p22":{"x":1.67105340957642,"y":0.180568695068359,"z":-0.555024862289429,"tension":1,"bias":0,"continuity":0,"index":22,"pointType":0,"word":"","text":{"x":2.17105340957642,"y":0.180568695068359,"z":-0.555024862289429,"font":0,"fontSize":48}},"p23":{"x":1.41865968704224,"y":0.669160604476929,"z":-0.555024862289429,"tension":1,"bias":0,"continuity":0,"index":23,"pointType":0,"word":"","text":{"x":1.91865968704224,"y":0.669160604476929,"z":-0.555024862289429,"font":0,"fontSize":48}},"p24":{"x":1.69101524353027,"y":0.632192015647888,"z":-0.555024862289429,"tension":1,"bias":0,"continuity":0,"index":24,"pointType":0,"word":"","text":{"x":2.19101524353027,"y":0.632192015647888,"z":-0.555024862289429,"font":0,"fontSize":48}},"p25":{"x":1.486412525177,"y":0.87172794342041,"z":-0.555024862289429,"tension":1,"bias":0,"continuity":0,"index":25,"pointType":0,"word":"","text":{"x":1.986412525177,"y":0.87172794342041,"z":-0.555024862289429,"font":0,"fontSize":48}},"p26":{"x":1.75838422775269,"y":0.826815247535706,"z":-0.555024862289429,"tension":1,"bias":0,"continuity":0,"index":26,"pointType":0,"word":"","text":{"x":2.25838422775269,"y":0.826815247535706,"z":-0.555024862289429,"font":0,"fontSize":48}},"p27":{"x":1.84321975708008,"y":1.00646579265594,"z":-0.555024862289429,"tension":1,"bias":0,"continuity":0,"index":27,"pointType":7,"word":"","text":{"x":2.34321975708008,"y":1.00646579265594,"z":-0.555024862289429,"font":0,"fontSize":48}},"splineCount":1,"unlockType":0,"speed":1,"time":1,"laps":1,"startSpeed":1,"text":"","title":"","forceOrder":true,"camera":{"lockX":true,"lockY":true,"lockZ":true,"x":0.508299291133881,"y":0.151875048875809,"z":-2.55502486228943,"setPos":true,"fixCam":false,"fov":59},"spline0":{"order":0,"closed":false,"numPoints":28,"type":0,"lineTexture":0,"lineWidth":1,"bidirectional":true,"speed":0,"points":{"p0":0,"p1":1,"p2":2,"p3":3,"p4":4,"p5":5,"p6":6,"p7":7,"p8":8,"p9":9,"p10":10,"p11":11,"p12":12,"p13":13,"p14":14,"p15":15,"p16":16,"p17":17,"p18":18,"p19":19,"p20":20,"p21":21,"p22":22,"p23":23,"p24":24,"p25":25,"p26":26,"p27":27}}}