{"name":"Learning3","pointCount":24,"p0":{"x":-0.206100940704346,"y":1.38420855998993,"z":0,"tension":-0.633260846138,"bias":-0.15272855758667,"continuity":-0.248834550380707,"index":0,"pointType":6,"word":"3.","collect":false,"text":{"x":-0.273723840713501,"y":1.68291234970093,"z":0,"font":3,"fontSize":162}},"p1":{"x":-0.174573183059692,"y":-0.521565914154053,"z":0,"tension":-0.633260846138,"bias":-0.15272855758667,"continuity":-0.248834550380707,"index":1,"pointType":7,"word":"along","collect":false,"text":{"x":-0.298304557800293,"y":0.0871222019195557,"z":0,"font":0,"fontSize":108}},"p2":{"x":-0.394747018814087,"y":1.07560122013092,"z":0,"tension":-0.633260846138,"bias":-0.15272855758667,"continuity":-0.248834550380707,"index":2,"pointType":2,"word":"","collect":false,"text":{"x":0.105252981185913,"y":1.07560122013092,"z":0,"font":0,"fontSize":48}},"p3":{"x":-0.213049650192261,"y":0.861588954925537,"z":0,"tension":-0.248834550380707,"bias":-0.15272855758667,"continuity":-0.248834550380707,"index":3,"pointType":2,"word":"","collect":false,"text":{"x":0.286950349807739,"y":0.861588954925537,"z":0,"font":0,"fontSize":48}},"p4":{"x":-0.74249792098999,"y":0.755378484725952,"z":0,"tension":-0.633260846138,"bias":-0.15272855758667,"continuity":-0.248834550380707,"index":4,"pointType":2,"word":"","collect":false,"text":{"x":-0.24249792098999,"y":0.755378484725952,"z":0,"font":0,"fontSize":48}},"p5":{"x":-0.537614822387695,"y":0.832847476005554,"z":0,"tension":-0.633260846138,"bias":-0.15272855758667,"continuity":-0.248834550380707,"index":5,"pointType":2,"word":"","collect":false,"text":{"x":-0.0376148223876953,"y":0.832847476005554,"z":0,"font":0,"fontSize":48}},"p6":{"x":-0.712397336959839,"y":0.361472010612488,"z":0,"tension":-1,"bias":-0.609234929084778,"continuity":0.0635117292404175,"index":6,"pointType":2,"word":"","collect":false,"text":{"x":-0.212397336959839,"y":0.361472010612488,"z":0,"font":0,"fontSize":48}},"p7":{"x":-0.446439981460571,"y":0.536231517791748,"z":0,"tension":-0.633260846138,"bias":-0.15272855758667,"continuity":-0.248834550380707,"index":7,"pointType":2,"word":"","collect":false,"text":{"x":0.0535600185394287,"y":0.536231517791748,"z":0,"font":0,"fontSize":48}},"p8":{"x":-0.35948657989502,"y":0.262937307357788,"z":0,"tension":-0.633260846138,"bias":-0.15272855758667,"continuity":-0.248834550380707,"index":8,"pointType":2,"word":"","collect":false,"text":{"x":0.14051342010498,"y":0.262937307357788,"z":0,"font":0,"fontSize":48}},"p9":{"x":-0.17345142364502,"y":0.571530818939209,"z":0,"tension":-0.633260846138,"bias":-0.15272855758667,"continuity":-0.248834550380707,"index":9,"pointType":2,"word":"","collect":false,"text":{"x":0.32654857635498,"y":0.571530818939209,"z":0,"font":0,"fontSize":48}},"p10":{"x":-0.0202491283416748,"y":0.280446887016296,"z":0,"tension":-0.633260846138,"bias":-0.15272855758667,"continuity":-0.248834550380707,"index":10,"pointType":2,"word":"","collect":false,"text":{"x":0.479750871658325,"y":0.280446887016296,"z":0,"font":0,"fontSize":48}},"p11":{"x":0.0822901725769043,"y":0.468220591545105,"z":0,"tension":-0.633260846138,"bias":-0.15272855758667,"continuity":-0.248834550380707,"index":11,"pointType":2,"word":"","collect":false,"text":{"x":0.582290172576904,"y":0.468220591545105,"z":0,"font":0,"fontSize":48}},"p12":{"x":0.244578123092651,"y":0.245423316955566,"z":0,"tension":-0.633260846138,"bias":-0.15272855758667,"continuity":-0.248834550380707,"index":12,"pointType":2,"word":"","collect":false,"text":{"x":0.744578123092651,"y":0.245423316955566,"z":0,"font":0,"fontSize":48}},"p13":{"x":0.0835647583007813,"y":0.25909435749054,"z":0,"tension":-0.633260846138,"bias":-0.15272855758667,"continuity":-0.248834550380707,"index":13,"pointType":2,"word":"","collect":false,"text":{"x":0.583564758300781,"y":0.25909435749054,"z":0,"font":0,"fontSize":48}},"p14":{"x":0.306894302368164,"y":0.412410736083984,"z":0,"tension":-0.633260846138,"bias":-0.15272855758667,"continuity":-0.248834550380707,"index":14,"pointType":2,"word":"","collect":false,"text":{"x":0.806894302368164,"y":0.412410736083984,"z":0,"font":0,"fontSize":48}},"p15":{"x":0.561928749084473,"y":-0.157283782958984,"z":0,"tension":-0.633260846138,"bias":-0.15272855758667,"continuity":-0.248834550380707,"index":15,"pointType":2,"word":"","collect":false,"text":{"x":1.06192874908447,"y":-0.157283782958984,"z":0,"font":0,"fontSize":48}},"p16":{"x":0.137333631515503,"y":-0.0653598308563232,"z":0,"tension":-0.633260846138,"bias":-0.15272855758667,"continuity":-0.248834550380707,"index":16,"pointType":2,"word":"","collect":false,"text":{"x":0.637333631515503,"y":-0.0653598308563232,"z":0,"font":0,"fontSize":48}},"p17":{"x":0.15265417098999,"y":-0.391467571258545,"z":0,"tension":1,"bias":-0.15272855758667,"continuity":-0.248834550380707,"index":17,"pointType":2,"word":"","collect":false,"text":{"x":0.65265417098999,"y":-0.391467571258545,"z":0,"font":0,"fontSize":48}},"p18":{"x":0.448510646820068,"y":0.00713014602661133,"z":0,"tension":0,"bias":0,"continuity":0,"index":18,"pointType":2,"word":"","collect":false,"text":{"x":0.948510646820068,"y":0.00713014602661133,"z":0,"font":0,"fontSize":48}},"p19":{"x":0.66692590713501,"y":0.00481188297271729,"z":0,"tension":-0.441048860549927,"bias":0,"continuity":0,"index":19,"pointType":2,"word":"","collect":false,"text":{"x":1.16692590713501,"y":0.00481188297271729,"z":0,"font":0,"fontSize":48}},"p20":{"x":0.201853275299072,"y":-0.618054866790771,"z":0,"tension":0,"bias":0,"continuity":0,"index":20,"pointType":2,"word":"","collect":false,"text":{"x":0.701853275299072,"y":-0.618054866790771,"z":0,"font":0,"fontSize":48}},"p21":{"x":-0.538856983184814,"y":1.43912327289581,"z":0,"tension":0,"bias":0,"continuity":0,"index":21,"pointType":2,"word":"","collect":false,"text":{"x":-0.0388569831848145,"y":1.43912327289581,"z":0,"font":0,"fontSize":48}},"p22":{"x":-0.569973945617676,"y":1.24927866458893,"z":0,"tension":0,"bias":0,"continuity":0,"index":22,"pointType":2,"word":"","collect":false,"text":{"x":-0.0699739456176758,"y":1.24927866458893,"z":0,"font":0,"fontSize":48}},"p23":{"x":-0.384878873825073,"y":0.633561134338379,"z":0,"tension":0,"bias":0,"continuity":0,"index":23,"pointType":2,"word":"follow","collect":false,"text":{"x":-0.323201417922974,"y":0.880735635757446,"z":0,"font":0,"fontSize":108}},"splineCount":3,"unlockType":0,"speed":1,"acceleration":0,"maxSpeed":3,"time":1,"laps":1,"startSpeed":0,"text":"","title":"Learning3","forceOrder":false,"camera":{"lockX":true,"lockY":true,"lockZ":false,"x":-0.0377860069274902,"y":0.410534203052521,"z":0,"setPos":false,"fov":50},"spline0":{"order":0,"closed":false,"numPoints":19,"type":0,"lineTexture":3,"lineWidth":1,"bidirectional":true,"speed":2.95911264419556,"points":{"p0":2,"p1":3,"p2":23,"p3":4,"p4":5,"p5":6,"p6":7,"p7":8,"p8":9,"p9":10,"p10":11,"p11":12,"p12":13,"p13":14,"p14":18,"p15":19,"p16":15,"p17":16,"p18":17}},"spline1":{"order":1,"closed":false,"numPoints":3,"type":0,"lineTexture":0,"lineWidth":1,"bidirectional":true,"speed":0,"points":{"p0":1,"p1":20,"p2":17}},"spline2":{"order":2,"closed":false,"numPoints":4,"type":0,"lineTexture":0,"lineWidth":1,"bidirectional":true,"speed":0,"points":{"p0":0,"p1":21,"p2":22,"p3":2}}}