{"name":"Losing","pointCount":50,"p0":{"x":0,"y":0,"z":0,"tension":-1,"bias":0,"continuity":0.0106301307678223,"index":0,"pointType":0,"word":"","collect":false,"text":{"x":0.5,"y":0,"z":0,"font":0,"fontSize":48}},"p1":{"x":0.453153848648071,"y":-0.211309194564819,"z":0,"tension":-1,"bias":0,"continuity":0.0106301307678223,"index":1,"pointType":0,"word":"","collect":false,"text":{"x":0.953153848648071,"y":-0.211309194564819,"z":0,"font":0,"fontSize":48}},"p2":{"x":0.0541472434997559,"y":-0.546115398406982,"z":0,"tension":-1,"bias":0,"continuity":0.0106301307678223,"index":2,"pointType":0,"word":"","collect":false,"text":{"x":0.554147243499756,"y":-0.546115398406982,"z":0,"font":0,"fontSize":48}},"p3":{"x":-0.0862886905670166,"y":-0.0220010280609131,"z":0,"tension":-1,"bias":0,"continuity":0.0106301307678223,"index":3,"pointType":0,"word":"","collect":false,"text":{"x":0.413711309432983,"y":-0.0220010280609131,"z":0,"font":0,"fontSize":48}},"p4":{"x":0.470371246337891,"y":-0.120155572891235,"z":0,"tension":-1,"bias":0,"continuity":0.0106301307678223,"index":4,"pointType":0,"word":"","collect":false,"text":{"x":0.970371246337891,"y":-0.120155572891235,"z":0,"font":0,"fontSize":48}},"p5":{"x":0.132628440856934,"y":-0.60250186920166,"z":0,"tension":-1,"bias":0,"continuity":0.0106301307678223,"index":5,"pointType":0,"word":"","collect":false,"text":{"x":0.632628440856934,"y":-0.60250186920166,"z":0,"font":0,"fontSize":48}},"p6":{"x":-0.174076318740845,"y":-0.0712733268737793,"z":0,"tension":-1,"bias":0,"continuity":0.0106301307678223,"index":6,"pointType":0,"word":"","collect":false,"text":{"x":0.325923681259155,"y":-0.0712733268737793,"z":0,"font":0,"fontSize":48}},"p7":{"x":0.462501049041748,"y":-0.015580415725708,"z":0,"tension":-1,"bias":0,"continuity":0.0106301307678223,"index":7,"pointType":0,"word":"","collect":false,"text":{"x":0.962501049041748,"y":-0.015580415725708,"z":0,"font":0,"fontSize":48}},"p8":{"x":0.234825849533081,"y":-0.641111135482788,"z":0,"tension":-1,"bias":0,"continuity":0.0106301307678223,"index":8,"pointType":0,"word":"","collect":false,"text":{"x":0.734825849533081,"y":-0.641111135482788,"z":0,"font":0,"fontSize":48}},"p9":{"x":-0.255521297454834,"y":-0.150763273239136,"z":0,"tension":-1,"bias":0,"continuity":0.0106301307678223,"index":9,"pointType":0,"word":"","collect":false,"text":{"x":0.244478702545166,"y":-0.150763273239136,"z":0,"font":0,"fontSize":48}},"p10":{"x":0.423308849334717,"y":0.096310019493103,"z":0,"tension":-1,"bias":0,"continuity":0.0106301307678223,"index":10,"pointType":0,"word":"","collect":false,"text":{"x":0.923308849334717,"y":0.096310019493103,"z":0,"font":0,"fontSize":48}},"p11":{"x":0.357719659805298,"y":-0.653369665145874,"z":0,"tension":-1,"bias":0,"continuity":0.0106301307678223,"index":11,"pointType":0,"word":"","collect":false,"text":{"x":0.857719659805298,"y":-0.653369665145874,"z":0,"font":0,"fontSize":48}},"p12":{"x":-0.321199178695679,"y":-0.261394739151001,"z":0,"tension":-1,"bias":0,"continuity":0.0106301307678223,"index":12,"pointType":0,"word":"","collect":false,"text":{"x":0.178800821304321,"y":-0.261394739151001,"z":0,"font":0,"fontSize":48}},"p13":{"x":0.347773790359497,"y":0.207023978233337,"z":0,"tension":-1,"bias":0,"continuity":0.0106301307678223,"index":13,"pointType":0,"word":"","collect":false,"text":{"x":0.847773790359497,"y":0.207023978233337,"z":0,"font":0,"fontSize":48}},"p14":{"x":0.495503187179565,"y":-0.630797386169434,"z":0,"tension":-1,"bias":0,"continuity":0.0106301307678223,"index":14,"pointType":0,"word":"","collect":false,"text":{"x":0.995503187179565,"y":-0.630797386169434,"z":0,"font":0,"fontSize":48}},"p15":{"x":-0.360547542572021,"y":-0.401417970657349,"z":0,"tension":-1,"bias":0,"continuity":0.0106301307678223,"index":15,"pointType":0,"word":"","collect":false,"text":{"x":0.139452457427979,"y":-0.401417970657349,"z":0,"font":0,"fontSize":48}},"p16":{"x":0.232897281646729,"y":0.305819749832153,"z":0,"tension":-1,"bias":0,"continuity":0.0106301307678223,"index":16,"pointType":0,"word":"","collect":false,"text":{"x":0.732897281646729,"y":0.305819749832153,"z":0,"font":0,"fontSize":48}},"p17":{"x":0.639354705810547,"y":-0.565834522247314,"z":0,"tension":-1,"bias":0,"continuity":0.0106301307678223,"index":17,"pointType":0,"word":"","collect":false,"text":{"x":1.13935470581055,"y":-0.565834522247314,"z":0,"font":0,"fontSize":48}},"p18":{"x":-0.362545013427734,"y":-0.565832614898682,"z":0,"tension":-1,"bias":0,"continuity":0.0106301307678223,"index":18,"pointType":0,"word":"","collect":false,"text":{"x":0.137454986572266,"y":-0.565832614898682,"z":0,"font":0,"fontSize":48}},"p19":{"x":0.0785481929779053,"y":0.380090236663818,"z":0,"tension":-1,"bias":0,"continuity":0.0106301307678223,"index":19,"pointType":0,"word":"","collect":false,"text":{"x":0.578548192977905,"y":0.380090236663818,"z":0,"font":0,"fontSize":48}},"p20":{"x":0.777429103851318,"y":-0.452806711196899,"z":0,"tension":-1,"bias":0,"continuity":0.0106301307678223,"index":20,"pointType":0,"word":"","collect":false,"text":{"x":1.27742910385132,"y":-0.452806711196899,"z":0,"font":0,"fontSize":48}},"p21":{"x":-0.316619873046875,"y":-0.745954036712646,"z":0,"tension":-1,"bias":0,"continuity":0.0106301307678223,"index":21,"pointType":0,"word":"","collect":false,"text":{"x":0.183380126953125,"y":-0.745954036712646,"z":0,"font":0,"fontSize":48}},"p22":{"x":-0.111728429794312,"y":0.416029691696167,"z":0,"tension":-1,"bias":0,"continuity":0.0106301307678223,"index":22,"pointType":0,"word":"","collect":false,"text":{"x":0.388271570205688,"y":0.416029691696167,"z":0,"font":0,"fontSize":48}},"p23":{"x":0.89513111114502,"y":-0.288984298706055,"z":0,"tension":-1,"bias":0,"continuity":0.0106301307678223,"index":23,"pointType":0,"word":"","collect":false,"text":{"x":1.39513111114502,"y":-0.288984298706055,"z":0,"font":0,"fontSize":48}},"p24":{"x":-0.213768720626831,"y":-0.92920446395874,"z":0,"tension":-1,"bias":0,"continuity":0.0106301307678223,"index":24,"pointType":0,"word":"","collect":false,"text":{"x":0.286231279373169,"y":-0.92920446395874,"z":0,"font":0,"fontSize":48}},"p25":{"x":-0.330020904541016,"y":0.399601221084595,"z":0,"tension":-1,"bias":0,"continuity":0.0106301307678223,"index":25,"pointType":0,"word":"","collect":false,"text":{"x":0.169979095458984,"y":0.399601221084595,"z":0,"font":0,"fontSize":48}},"p26":{"x":0.975725173950195,"y":-0.0756552219390869,"z":0,"tension":-1,"bias":0,"continuity":0.0106301307678223,"index":26,"pointType":0,"word":"","collect":false,"text":{"x":1.4757251739502,"y":-0.0756552219390869,"z":0,"font":0,"fontSize":48}},"p27":{"x":-0.0478401184082031,"y":-1.09921550750732,"z":0,"tension":-1,"bias":0,"continuity":0.0106301307678223,"index":27,"pointType":0,"word":"","collect":false,"text":{"x":0.452159881591797,"y":-1.09921550750732,"z":0,"font":0,"fontSize":48}},"p28":{"x":-0.563583850860596,"y":0.317790865898132,"z":0,"tension":-1,"bias":0,"continuity":0.0106301307678223,"index":28,"pointType":0,"word":"","collect":false,"text":{"x":-0.0635838508605957,"y":0.317790865898132,"z":0,"font":0,"fontSize":48}},"p29":{"x":1.00131368637085,"y":0.180875658988953,"z":0,"tension":-1,"bias":0,"continuity":0.0106301307678223,"index":29,"pointType":0,"word":"","collect":false,"text":{"x":1.50131368637085,"y":0.180875658988953,"z":0,"font":0,"fontSize":48}},"p30":{"x":0.183093786239624,"y":-1.23631381988525,"z":0,"tension":-1,"bias":0,"continuity":0.0106301307678223,"index":30,"pointType":0,"word":"","collect":false,"text":{"x":0.683093786239624,"y":-1.23631381988525,"z":0,"font":0,"fontSize":48}},"p31":{"x":-0.794691562652588,"y":0.160116791725159,"z":0,"tension":-1,"bias":0,"continuity":0.0106301307678223,"index":31,"pointType":0,"word":"","collect":false,"text":{"x":-0.294691562652588,"y":0.160116791725159,"z":0,"font":0,"fontSize":48}},"p32":{"x":0.954195976257324,"y":0.46848738193512,"z":0,"tension":-1,"bias":0,"continuity":0.0106301307678223,"index":32,"pointType":0,"word":"",