{"name":"Organism","pointCount":36,"p0":{"x":-0.619417190551758,"y":-0.340246677398682,"z":0,"tension":-0.0799990892410278,"bias":0,"continuity":0,"index":0,"pointType":2,"word":"","collect":false,"text":{"x":-0.119417190551758,"y":-0.340246677398682,"z":0,"font":0,"fontSize":48}},"p1":{"x":-0.174339771270752,"y":0.0401827096939087,"z":0,"tension":-0.379999101161957,"bias":0,"continuity":0,"index":1,"pointType":2,"word":"","collect":false,"text":{"x":0.325660228729248,"y":0.0401827096939087,"z":0,"font":0,"fontSize":48}},"p2":{"x":0.244623899459839,"y":-0.188313961029053,"z":0,"tension":-0.0799990892410278,"bias":0,"continuity":0,"index":2,"pointType":2,"word":"","collect":false,"text":{"x":0.744623899459839,"y":-0.188313961029053,"z":0,"font":0,"fontSize":48}},"p3":{"x":0.299554586410522,"y":-0.714631080627441,"z":0,"tension":-0.0799990892410278,"bias":0,"continuity":0,"index":3,"pointType":2,"word":"","collect":false,"text":{"x":0.799554586410522,"y":-0.714631080627441,"z":0,"font":0,"fontSize":48}},"p4":{"x":-0.152025699615479,"y":-0.962291955947876,"z":0,"tension":-0.0799990892410278,"bias":0,"continuity":0,"index":4,"pointType":2,"word":"","collect":false,"text":{"x":0.347974300384521,"y":-0.962291955947876,"z":0,"font":0,"fontSize":48}},"p5":{"x":1.11897850036621,"y":0.0480446815490723,"z":0,"tension":1,"bias":0,"continuity":0,"index":5,"pointType":0,"word":"","collect":false,"text":{"x":1.61897850036621,"y":0.0480446815490723,"z":0,"font":0,"fontSize":48}},"p6":{"x":-0.784810304641724,"y":-1.05144643783569,"z":0,"tension":-0.5,"bias":0,"continuity":0,"index":6,"pointType":0,"word":"","collect":false,"text":{"x":-0.284810304641724,"y":-1.05144643783569,"z":0,"font":0,"fontSize":48}},"p7":{"x":-0.552615880966187,"y":0.758296370506287,"z":0,"tension":-0.5,"bias":0,"continuity":0,"index":7,"pointType":0,"word":"","collect":false,"text":{"x":-0.0526158809661865,"y":0.758296370506287,"z":0,"font":0,"fontSize":48}},"p8":{"x":0.644326210021973,"y":-0.829172134399414,"z":0,"tension":-0.259999096393585,"bias":0,"continuity":0,"index":8,"pointType":1,"word":"","collect":false,"text":{"x":1.14432621002197,"y":-0.829172134399414,"z":0,"font":0,"fontSize":48}},"p9":{"x":0.578929901123047,"y":-0.0628397464752197,"z":0,"tension":-0.5,"bias":0,"continuity":0,"index":9,"pointType":1,"word":"","collect":false,"text":{"x":1.07892990112305,"y":-0.0628397464752197,"z":0,"font":0,"fontSize":48}},"p10":{"x":-0.146162986755371,"y":0.266915082931519,"z":0,"tension":-0.5,"bias":0,"continuity":0,"index":10,"pointType":1,"word":"","collect":false,"text":{"x":0.353837013244629,"y":0.266915082931519,"z":0,"font":0,"fontSize":48}},"p11":{"x":-0.263191699981689,"y":-1.32231140136719,"z":0,"tension":-0.5,"bias":0,"continuity":0,"index":11,"pointType":6,"word":"","collect":false,"text":{"x":0.236808300018311,"y":-1.32231140136719,"z":0,"font":0,"fontSize":48}},"p12":{"x":-0.438396453857422,"y":-0.371735334396362,"z":0,"tension":-0.0799990892410278,"bias":0,"continuity":0,"index":12,"pointType":3,"word":"","collect":false,"text":{"x":0.0616035461425781,"y":-0.371735334396362,"z":0,"font":0,"fontSize":48}},"p13":{"x":-0.133585453033447,"y":-0.111198902130127,"z":0,"tension":-0.379999101161957,"bias":0,"continuity":0,"index":13,"pointType":3,"word":"","collect":false,"text":{"x":0.366414546966553,"y":-0.111198902130127,"z":0,"font":0,"fontSize":48}},"p14":{"x":0.153341293334961,"y":-0.267684459686279,"z":0,"tension":-0.0799990892410278,"bias":0,"continuity":0,"index":14,"pointType":3,"word":"","collect":false,"text":{"x":0.653341293334961,"y":-0.267684459686279,"z":0,"font":0,"fontSize":48}},"p15":{"x":0.095482349395752,"y":-0.644596099853516,"z":0,"tension":-0.0799990892410278,"bias":0,"continuity":0,"index":15,"pointType":3,"word":"","collect":false,"text":{"x":0.595482349395752,"y":-0.644596099853516,"z":0,"font":0,"fontSize":48}},"p16":{"x":-0.118304252624512,"y":-0.797742128372192,"z":0,"tension":-0.0799990892410278,"bias":0,"continuity":0,"index":16,"pointType":3,"word":"","collect":false,"text":{"x":0.381695747375488,"y":-0.797742128372192,"z":0,"font":0,"fontSize":48}},"p17":{"x":0.364715576171875,"y":-1.21014952659607,"z":0,"tension":-0.5,"bias":0,"continuity":0,"index":17,"pointType":0,"word":"","collect":false,"text":{"x":0.864715576171875,"y":-1.21014952659607,"z":0,"font":0,"fontSize":48}},"p18":{"x":-0.899558544158936,"y":0.281295776367188,"z":0,"tension":-0.5,"bias":0,"continuity":0,"index":18,"pointType":0,"word":"","collect":false,"text":{"x":-0.399558544158936,"y":0.281295776367188,"z":0,"font":0,"fontSize":48}},"p19":{"x":-0.115211248397827,"y":-0.381621599197388,"z":0,"tension":-0.5,"bias":0,"continuity":0,"index":19,"pointType":3,"word":"","collect":false,"text":{"x":0.384788751602173,"y":-0.381621599197388,"z":0,"font":0,"fontSize":48}},"p20":{"x":-0.520178318023682,"y":-1.58662080764771,"z":0,"tension":-0.5,"bias":0,"continuity":0,"index":20,"pointType":0,"word":"","collect":false,"text":{"x":-0.0201783180236816,"y":-1.58662080764771,"z":0,"font":0,"fontSize":48}},"p21":{"x":0.773726940155029,"y":-1.72160720825195,"z":0,"tension":-0.5,"bias":0,"continuity":0,"index":21,"pointType":0,"word":"","collect":false,"text":{"x":1.27372694015503,"y":-1.72160720825195,"z":0,"font":0,"fontSize":48}},"p22":{"x":1.23795223236084,"y":-0.980823993682861,"z":0,"tension":-0.5,"bias":0,"continuity":0,"index":22,"pointType":0,"word":"","collect":false,"text":{"x":1.73795223236084,"y":-0.980823993682861,"z":0,"font":0,"fontSize":48}},"p23":{"x":0.141591548919678,"y":-0.450749158859253,"z":0,"tension":-0.5,"bias":0,"continuity":0,"index":23,"pointType":3,"word":"","collect":false,"text":{"x":0.641591548919678,"y":-0.450749158859253,"z":0,"font":0,"fontSize":48}},"p24":{"x":-0.2403244972229,"y":-0.615368366241455,"z":0,"tension":-0.5,"bias":0,"continuity":0,"index":24,"pointType":3,"word":"","collect":false,"text":{"x":0.2596755027771,"y":-0.615368366241455,"z":0,"font":0,"fontSize":48}},"p25":{"x":-0.993241310119629,"y":-0.342982292175293,"z":0,"tension":0,"bias":0,"continuity":0,"index":25,"pointType":1,"word":"","collect":false,"text":{"x":-0.493241310119629,"y":-0.342982292175293,"z":0,"font":0,"fontSize":48}},"p26":{"x":0.674655914306641,"y":0.595946550369263,"z":0,"tension":0,"bias":0,"continuity":0,"index":26,"pointType":0,"word":"","collect":false,"text":{"x":1.17465591430664,"y":0.595946550369263,"z":0,"font":0,"fontSize":48}},"p27":{"x":0.0523920059204102,"y":0.768799543380737,"z":0,"tension":0,"bias":0,"continuity":0,"index":27,"pointType":0,"word":"","collect":false,"text":{"x":0.55239200592041,"y":0.768799543380737,"z":0,"font":0,"fontSize":48}},"p28":{"x":0.220304250717163,"y":0.719412088394165,"z":0,"tension":0,"bias":0,"continuity":0,"index":28,"pointType":0,"word":"","collect":false,"text":{"x":0.720304250717163,"y":0.719412088394165,"z":0,"font":0,"fontSize":48}},"p29":{"x":0.398094177246094,"y":0.73917031288147,"z":0,"tension":0,"bias":0,"continuity":0,"index":29,"pointType":0,"word":"","collect":false,"text":{"x":0.898094177246094,"y":0.73917031288147,"z":0,"font":0,"fontSize":48}},"p30":{"x":0.635146617889404,"y":0.837939500808716,"z":0,"tension":0,"bias":0,"continuity":0,"index":30,"pointType":0,"word":"","collect":false,"text":{"x":1.1351466178894,"y":0.837939500808716,"z":0,"font":0,"fontSize":48}},"p31":{"x":0.862322330474854,"y":0.808310270309448,"z":0,"tension":0,"bias":0,"continuity":0,"index":31,"pointType":0,"word":"","collect":false,"text":{"x":1.36232233047485,"y":0.808310270309448,"z":0,"font":0,"fontSize":48}},"p32":{"x":1.07468223571777,"y":0.729294061660767,"z":0,"tension":0,"bias":0,"continuity":0,"index":32,"pointType":0,"word":"","collect":false,"text":{"x":1.57468223571777,"y":0.729294061660767,"z":0,"font":0,"fontSize":48}},"p33":{"x":1.35124349594116,"y":0.492239236831665,"z":0,"tension":0,"bias":0,"continuity":0,"index":33,"pointType":0,"word":"","collect":false,"text":{"x":1.85124349594116,"y":0.492239236831665,"z":0,"font":0,