{"name":"TurnAway","pointCount":22,"p0":{"x":2.39450311660767,"y":0.853798627853394,"z":0,"tension":-0.5,"bias":0,"continuity":0,"index":0,"pointType":6,"word":"","collect":false,"text":{"x":2.89450311660767,"y":0.853798627853394,"z":0,"font":0,"fontSize":48}},"p1":{"x":3.28628587722778,"y":1.42840504646301,"z":0,"tension":-0.5,"bias":0,"continuity":0,"index":1,"pointType":2,"word":"","collect":false,"text":{"x":3.78628587722778,"y":1.42840504646301,"z":0,"font":0,"fontSize":48}},"p2":{"x":3.0796275138855,"y":1.71690273284912,"z":0,"tension":-0.5,"bias":0,"continuity":0,"index":2,"pointType":2,"word":"","collect":false,"text":{"x":3.5796275138855,"y":1.71690273284912,"z":0,"font":0,"fontSize":48}},"p3":{"x":2.9762921333313,"y":0.872931241989136,"z":0,"tension":-0.5,"bias":0,"continuity":0,"index":3,"pointType":2,"word":"","collect":false,"text":{"x":3.4762921333313,"y":0.872931241989136,"z":0,"font":0,"fontSize":48}},"p4":{"x":3.43704462051392,"y":-0.268142700195313,"z":0,"tension":-0.5,"bias":0,"continuity":0,"index":4,"pointType":1,"word":"","collect":false,"text":{"x":3.93704462051392,"y":-0.268142700195313,"z":0,"font":0,"fontSize":48}},"p5":{"x":2.95581197738647,"y":-0.379611968994141,"z":0,"tension":-0.5,"bias":1,"continuity":0,"index":5,"pointType":3,"word":"","collect":false,"text":{"x":3.45581197738647,"y":-0.379611968994141,"z":0,"font":0,"fontSize":48}},"p6":{"x":3.51001596450806,"y":-0.40315055847168,"z":0,"tension":-0.5,"bias":0,"continuity":0,"index":6,"pointType":2,"word":"","collect":false,"text":{"x":4.01001596450806,"y":-0.40315055847168,"z":0,"font":0,"fontSize":48}},"p7":{"x":3.75855493545532,"y":0.279598116874695,"z":0,"tension":-0.5,"bias":0,"continuity":0,"index":7,"pointType":2,"word":"","collect":false,"text":{"x":4.25855493545532,"y":0.279598116874695,"z":0,"font":0,"fontSize":48}},"p8":{"x":2.96152067184448,"y":0.0310661792755127,"z":0,"tension":-1,"bias":0,"continuity":0,"index":8,"pointType":2,"word":"","collect":false,"text":{"x":3.46152067184448,"y":0.0310661792755127,"z":0,"font":0,"fontSize":48}},"p9":{"x":3.40142679214478,"y":-0.0432076454162598,"z":0,"tension":-1,"bias":0,"continuity":0,"index":9,"pointType":2,"word":"","collect":false,"text":{"x":3.90142679214478,"y":-0.0432076454162598,"z":0,"font":0,"fontSize":48}},"p10":{"x":3.57851839065552,"y":0.713812351226807,"z":0,"tension":-1,"bias":0,"continuity":0,"index":10,"pointType":2,"word":"","collect":false,"text":{"x":4.07851839065552,"y":0.713812351226807,"z":0,"font":0,"fontSize":48}},"p11":{"x":2.79580736160278,"y":0.376724004745483,"z":0,"tension":-1,"bias":0,"continuity":0,"index":11,"pointType":2,"word":"","collect":false,"text":{"x":3.29580736160278,"y":0.376724004745483,"z":0,"font":0,"fontSize":48}},"p12":{"x":3.24999570846558,"y":0.31387722492218,"z":0,"tension":-0.5,"bias":0,"continuity":0,"index":12,"pointType":2,"word":"","collect":false,"text":{"x":3.74999570846558,"y":0.31387722492218,"z":0,"font":0,"fontSize":48}},"p13":{"x":3.41570329666138,"y":1.09375202655792,"z":0,"tension":-0.5,"bias":0,"continuity":0,"index":13,"pointType":2,"word":"","collect":false,"text":{"x":3.91570329666138,"y":1.09375202655792,"z":0,"font":0,"fontSize":48}},"p14":{"x":2.78720235824585,"y":0.853790640830994,"z":0,"tension":-0.5,"bias":0,"continuity":0,"index":14,"pointType":2,"word":"","collect":false,"text":{"x":3.28720235824585,"y":0.853790640830994,"z":0,"font":0,"fontSize":48}},"p15":{"x":2.80437421798706,"y":0.622393250465393,"z":0,"tension":-0.5,"bias":0,"continuity":0,"index":15,"pointType":2,"word":"","collect":false,"text":{"x":3.30437421798706,"y":0.622393250465393,"z":0,"font":0,"fontSize":48}},"p16":{"x":3.21288442611694,"y":0.8395015001297,"z":0,"tension":-0.5,"bias":0,"continuity":0,"index":16,"pointType":1,"word":"","collect":false,"text":{"x":3.71288442611694,"y":0.8395015001297,"z":0,"font":0,"fontSize":48}},"p17":{"x":3.94515657424927,"y":0.716779947280884,"z":-0.997913599014282,"tension":0,"bias":0,"continuity":0,"index":17,"pointType":0,"word":"","collect":false,"text":{"x":4.44515657424927,"y":0.716779947280884,"z":-0.997913599014282,"font":0,"fontSize":48}},"p18":{"x":2.4920597076416,"y":0.257907629013062,"z":-0.997913599014282,"tension":1,"bias":0,"continuity":0,"index":18,"pointType":1,"word":"","collect":false,"text":{"x":2.9920597076416,"y":0.257907629013062,"z":-0.997913599014282,"font":0,"fontSize":48}},"p19":{"x":3.54539823532104,"y":1.35642385482788,"z":-0.997913599014282,"tension":0,"bias":0,"continuity":0,"index":19,"pointType":0,"word":"","collect":false,"text":{"x":4.04539823532104,"y":1.35642385482788,"z":-0.997913599014282,"font":0,"fontSize":48}},"p20":{"x":2.79797554016113,"y":1.48504686355591,"z":-0.997913599014282,"tension":0,"bias":0,"continuity":0,"index":20,"pointType":1,"word":"","collect":false,"text":{"x":3.29797554016113,"y":1.48504686355591,"z":-0.997913599014282,"font":0,"fontSize":48}},"p21":{"x":3.63924169540405,"y":-0.280922889709473,"z":-0.997913599014282,"tension":0,"bias":0,"continuity":0,"index":21,"pointType":0,"word":"","collect":false,"text":{"x":4.13924169540405,"y":-0.280922889709473,"z":-0.997913599014282,"font":0,"fontSize":48}},"splineCount":3,"unlockType":2,"speed":1,"acceleration":0.200000002980232,"maxSpeed":3,"time":1,"laps":2,"startSpeed":0,"text":"","title":"TurnAway","forceOrder":false,"camera":{"lockX":true,"lockY":true,"lockZ":false,"x":3.16982984542847,"y":0.656876087188721,"z":-0.498956799507141,"setPos":false,"fov":76},"spline0":{"order":0,"closed":false,"numPoints":5,"type":0,"lineTexture":0,"lineWidth":2,"bidirectional":true,"speed":0,"points":{"p0":0,"p1":1,"p2":2,"p3":3,"p4":4}},"spline1":{"order":1,"closed":false,"numPoints":12,"type":0,"lineTexture":3,"lineWidth":1,"bidirectional":true,"speed":1.94999992847443,"points":{"p0":5,"p1":6,"p2":7,"p3":8,"p4":9,"p5":10,"p6":11,"p7":12,"p8":13,"p9":14,"p10":15,"p11":16}},"spline2":{"order":2,"closed":false,"numPoints":5,"type":0,"lineTexture":0,"lineWidth":1,"bidirectional":true,"speed":0,"points":{"p0":18,"p1":21,"p2":17,"p3":19,"p4":20}}}