{"name":"3","pointCount":9,"p0":{"x":0.00478609837591648,"y":0.752644062042236,"z":-1.19209289550781E-07,"tension":0,"bias":0,"continuity":0,"index":0,"pointType":6,"word":"","text":{"x":0.50478607416153,"y":0.752644062042236,"z":-1.19209289550781E-07,"font":0,"fontSize":48}},"p1":{"x":-0.00382460653781891,"y":-0.549926102161407,"z":-1.19209289550781E-07,"tension":0,"bias":0,"continuity":0,"index":1,"pointType":5,"word":"","text":{"x":0.496175408363342,"y":-0.549926102161407,"z":-1.19209289550781E-07,"font":0,"fontSize":48}},"p2":{"x":0.158771306276321,"y":0.471692949533463,"z":-1.19209289550781E-07,"tension":0.917106568813324,"bias":0.248413413763046,"continuity":0,"index":2,"pointType":0,"word":"","text":{"x":0.658771276473999,"y":0.471692949533463,"z":-1.19209289550781E-07,"font":0,"fontSize":48}},"p3":{"x":-0.181682392954826,"y":0.0616702474653721,"z":-1.19209289550781E-07,"tension":-0.897152185440063,"bias":0.0485824681818485,"continuity":0,"index":3,"pointType":0,"word":"","text":{"x":0.318317592144012,"y":0.0616702474653721,"z":-1.19209289550781E-07,"font":0,"fontSize":48}},"p4":{"x":-0.0284111239016056,"y":-0.285933077335358,"z":-1.19209289550781E-07,"tension":0,"bias":0,"continuity":0,"index":4,"pointType":2,"word":"","text":{"x":0.471588879823685,"y":-0.285933077335358,"z":-1.19209289550781E-07,"font":0,"fontSize":48}},"p5":{"x":0.499901413917542,"y":0.0891622379422188,"z":-1.19209289550781E-07,"tension":1,"bias":0.131458923220634,"continuity":0,"index":5,"pointType":2,"word":"","text":{"x":0.999901413917542,"y":0.0891622379422188,"z":-1.19209289550781E-07,"font":0,"fontSize":48}},"p6":{"x":-0.00133392214775085,"y":0.0961726456880569,"z":-1.19209289550781E-07,"tension":1,"bias":0,"continuity":0,"index":6,"pointType":3,"word":"","text":{"x":0.498666077852249,"y":0.0961726456880569,"z":-1.19209289550781E-07,"font":0,"fontSize":48}},"p7":{"x":0.563148736953735,"y":0.576553046703339,"z":-1.19209289550781E-07,"tension":-0.759882271289825,"bias":-0.0336361713707447,"continuity":0,"index":7,"pointType":2,"word":"","text":{"x":1.06314873695374,"y":0.576553046703339,"z":-1.19209289550781E-07,"font":0,"fontSize":48}},"p8":{"x":0.750222206115723,"y":0.272557824850082,"z":-1.19209289550781E-07,"tension":-1,"bias":0.089285746216774,"continuity":0,"index":8,"pointType":0,"word":"","text":{"x":1.25022220611572,"y":0.272557824850082,"z":-1.19209289550781E-07,"font":0,"fontSize":48}},"splineCount":3,"spline0":{"closed":false,"numPoints":4,"lineTexture":0,"points":{"p0":1,"p1":4,"p2":3,"p3":2}},"spline1":{"closed":false,"numPoints":3,"lineTexture":0,"points":{"p0":5,"p1":6,"p2":0}},"spline2":{"closed":false,"numPoints":4,"lineTexture":0,"points":{"p0":2,"p1":7,"p2":8,"p3":5}}}