{"name":"4","pointCount":12,"p0":{"x":-0.0933883264660835,"y":1.21079087257385,"z":-1.19209289550781E-07,"tension":0,"bias":0,"continuity":0,"index":0,"pointType":6,"word":"","text":{"x":0.406611680984497,"y":1.21079087257385,"z":-1.19209289550781E-07,"font":0,"fontSize":48}},"p1":{"x":-0.00382460653781891,"y":-0.549926102161407,"z":-1.19209289550781E-07,"tension":0,"bias":0,"continuity":0,"index":1,"pointType":5,"word":"","text":{"x":0.496175408363342,"y":-0.549926102161407,"z":-1.19209289550781E-07,"font":0,"fontSize":48}},"p2":{"x":0.241560623049736,"y":0.345180124044418,"z":-1.19209289550781E-07,"tension":-0.521637499332428,"bias":0.174528881907463,"continuity":0,"index":2,"pointType":3,"word":"","text":{"x":0.741560637950897,"y":0.345180124044418,"z":-1.19209289550781E-07,"font":0,"fontSize":48}},"p3":{"x":-0.181682392954826,"y":0.0591530539095402,"z":-1.19209289550781E-07,"tension":-0.897152185440063,"bias":0.0485824681818485,"continuity":0,"index":3,"pointType":2,"word":"","text":{"x":0.318317592144012,"y":0.0591530539095402,"z":-1.19209289550781E-07,"font":0,"fontSize":48}},"p4":{"x":-0.028411041945219,"y":-0.285931766033173,"z":-1.19209289550781E-07,"tension":0,"bias":0,"continuity":0,"index":4,"pointType":0,"word":"","text":{"x":0.471588969230652,"y":-0.285931766033173,"z":-1.19209289550781E-07,"font":0,"fontSize":48}},"p5":{"x":0.485315918922424,"y":0.338223159313202,"z":-1.19209289550781E-07,"tension":0,"bias":0,"continuity":0,"index":5,"pointType":2,"word":"","text":{"x":0.985315918922424,"y":0.338223159313202,"z":-1.19209289550781E-07,"font":0,"fontSize":48}},"p6":{"x":0.493487894535065,"y":0.0715385526418686,"z":-1.19209289550781E-07,"tension":1,"bias":0,"continuity":0,"index":6,"pointType":0,"word":"","text":{"x":0.993487894535065,"y":0.0715385526418686,"z":-1.19209289550781E-07,"font":0,"fontSize":48}},"p7":{"x":-0.091392882168293,"y":0.0810795053839684,"z":-1.19209289550781E-07,"tension":1,"bias":0,"continuity":0,"index":7,"pointType":0,"word":"","text":{"x":0.408607125282288,"y":0.0810795053839684,"z":-1.19209289550781E-07,"font":0,"fontSize":48}},"p8":{"x":-0.168161854147911,"y":0.46914529800415,"z":-1.19209289550781E-07,"tension":1,"bias":0,"continuity":0,"index":8,"pointType":0,"word":"","text":{"x":0.331838130950928,"y":0.46914529800415,"z":-1.19209289550781E-07,"font":0,"fontSize":48}},"p9":{"x":0.183840826153755,"y":0.642200291156769,"z":-1.19209289550781E-07,"tension":1,"bias":0,"continuity":0,"index":9,"pointType":0,"word":"","text":{"x":0.683840811252594,"y":0.642200291156769,"z":-1.19209289550781E-07,"font":0,"fontSize":48}},"p10":{"x":-0.148872867226601,"y":0.857016921043396,"z":-1.19209289550781E-07,"tension":1,"bias":0,"continuity":0,"index":10,"pointType":0,"word":"","text":{"x":0.351127147674561,"y":0.857016921043396,"z":-1.19209289550781E-07,"font":0,"fontSize":48}},"p11":{"x":0.179241865873337,"y":1.00092589855194,"z":-1.19209289550781E-07,"tension":1,"bias":0,"continuity":0,"index":11,"pointType":0,"word":"","text":{"x":0.679241895675659,"y":1.00092589855194,"z":-1.19209289550781E-07,"font":0,"fontSize":48}},"splineCount":5,"spline0":{"closed":false,"numPoints":4,"lineTexture":0,"points":{"p0":1,"p1":4,"p2":3,"p3":2}},"spline1":{"closed":false,"numPoints":3,"lineTexture":0,"points":{"p0":2,"p1":5,"p2":6}},"spline2":{"closed":false,"numPoints":5,"lineTexture":0,"points":{"p0":8,"p1":9,"p2":10,"p3":11,"p4":0}},"spline3":{"closed":false,"numPoints":2,"lineTexture":0,"points":{"p0":2,"p1":8}},"spline4":{"closed":false,"numPoints":3,"lineTexture":0,"points":{"p0":6,"p1":7,"p2":2}}}