{"name":"4","pointCount":14,"p0":{"x":0.00478609837591648,"y":0.752644062042236,"z":-1.19209289550781E-07,"tension":0,"bias":0,"continuity":0,"index":0,"pointType":6,"word":"wound","text":{"x":0.11390009522438,"y":0.759057283401489,"z":-1.19209289550781E-07,"font":3,"fontSize":48}},"p1":{"x":-0.00382460653781891,"y":-0.549926102161407,"z":-1.19209289550781E-07,"tension":0,"bias":0,"continuity":0,"index":1,"pointType":5,"word":"an","text":{"x":0.134945422410965,"y":-0.548481225967407,"z":-1.19209289550781E-07,"font":3,"fontSize":48}},"p2":{"x":0.241527527570724,"y":0.345154136419296,"z":-1.19209289550781E-07,"tension":-0.521637499332428,"bias":0.174528881907463,"continuity":0,"index":2,"pointType":0,"word":"to","text":{"x":0.113384127616882,"y":0.243892937898636,"z":-1.19209289550781E-07,"font":3,"fontSize":48}},"p3":{"x":-0.181682392954826,"y":0.0616702474653721,"z":-1.19209289550781E-07,"tension":-0.897152185440063,"bias":0.0485824681818485,"continuity":0,"index":3,"pointType":2,"word":"","text":{"x":0.318317592144012,"y":0.0616702474653721,"z":-1.19209289550781E-07,"font":0,"fontSize":48}},"p4":{"x":-0.0284111239016056,"y":-0.285933077335358,"z":-1.19209289550781E-07,"tension":0,"bias":0,"continuity":0,"index":4,"pointType":0,"word":"begins","text":{"x":0.107994183897972,"y":-0.2789666056633,"z":-1.19209289550781E-07,"font":3,"fontSize":48}},"p5":{"x":0.485315918922424,"y":0.338223159313202,"z":-1.19209289550781E-07,"tension":0,"bias":0,"continuity":0,"index":5,"pointType":2,"word":"","text":{"x":0.985315918922424,"y":0.338223159313202,"z":-1.19209289550781E-07,"font":0,"fontSize":48}},"p6":{"x":0.0190544445067644,"y":0.0875741168856621,"z":-1.19209289550781E-07,"tension":1,"bias":0.141570433974266,"continuity":0,"index":6,"pointType":3,"word":"close","text":{"x":0.110689595341682,"y":0.133391737937927,"z":-1.19209289550781E-07,"font":3,"fontSize":48}},"p7":{"x":0.496004104614258,"y":0.0891622379422188,"z":-1.19209289550781E-07,"tension":1,"bias":0,"continuity":0,"index":7,"pointType":0,"word":"","text":{"x":0.996004104614258,"y":0.0891622379422188,"z":-1.19209289550781E-07,"font":0,"fontSize":48}},"p8":{"x":-0.166911393404007,"y":0.1037452891469,"z":-1.19209289550781E-07,"tension":1,"bias":0,"continuity":0,"index":8,"pointType":0,"word":"","text":{"x":0.333088606595993,"y":0.1037452891469,"z":-1.19209289550781E-07,"font":0,"fontSize":48}},"p9":{"x":0.156507030129433,"y":0.22772216796875,"z":-1.19209289550781E-07,"tension":1,"bias":0,"continuity":0,"index":9,"pointType":0,"word":"","text":{"x":0.656507015228271,"y":0.22772216796875,"z":-1.19209289550781E-07,"font":0,"fontSize":48}},"p10":{"x":-0.18577729165554,"y":0.338223576545715,"z":-1.19209289550781E-07,"tension":1,"bias":0,"continuity":0,"index":10,"pointType":0,"word":"","text":{"x":0.314222693443298,"y":0.338223576545715,"z":-1.19209289550781E-07,"font":0,"fontSize":48}},"p11":{"x":0.151116132736206,"y":0.443334370851517,"z":-1.19209289550781E-07,"tension":1,"bias":0,"continuity":0,"index":11,"pointType":0,"word":"","text":{"x":0.651116132736206,"y":0.443334370851517,"z":-1.19209289550781E-07,"font":0,"fontSize":48}},"p12":{"x":-0.174045771360397,"y":0.575080454349518,"z":-1.19209289550781E-07,"tension":1,"bias":0,"continuity":0,"index":12,"pointType":0,"word":"","text":{"x":0.325954228639603,"y":0.575080454349518,"z":-1.19209289550781E-07,"font":0,"fontSize":48}},"p13":{"x":0.156586304306984,"y":0.640953481197357,"z":-1.19209289550781E-07,"tension":1,"bias":0,"continuity":0,"index":13,"pointType":0,"word":"","text":{"x":0.656586289405823,"y":0.640953481197357,"z":-1.19209289550781E-07,"font":0,"fontSize":48}},"splineCount":3,"spline0":{"closed":false,"numPoints":4,"lineTexture":0,"points":{"p0":1,"p1":4,"p2":3,"p3":2}},"spline1":{"closed":false,"numPoints":5,"lineTexture":0,"points":{"p0":2,"p1":5,"p2":7,"p3":6,"p4":0}},"spline2":{"closed":false,"numPoints":8,"lineTexture":0,"points":{"p0":6,"p1":8,"p2":9,"p3":10,"p4":11,"p5":12,"p6":13,"p7":0}}}