{"name":"4","pointCount":13,"p0":{"x":-0.124567225575447,"y":1.30043041706085,"z":-1.19209289550781E-07,"tension":0,"bias":0,"continuity":0,"index":0,"pointType":6,"word":"","text":{"x":0.375432789325714,"y":1.30043041706085,"z":-1.19209289550781E-07,"font":0,"fontSize":48}},"p1":{"x":-0.00382460653781891,"y":-0.549926102161407,"z":-1.19209289550781E-07,"tension":0,"bias":0,"continuity":0,"index":1,"pointType":5,"word":"","text":{"x":0.496175408363342,"y":-0.549926102161407,"z":-1.19209289550781E-07,"font":0,"fontSize":48}},"p2":{"x":0.186997428536415,"y":0.473793417215347,"z":-1.19209289550781E-07,"tension":-0.588650166988373,"bias":0.222330957651138,"continuity":0,"index":2,"pointType":3,"word":"","text":{"x":0.686997413635254,"y":0.473793417215347,"z":-1.19209289550781E-07,"font":0,"fontSize":48}},"p3":{"x":-0.181682392954826,"y":0.0591530539095402,"z":-1.19209289550781E-07,"tension":-0.897152185440063,"bias":0.0485824681818485,"continuity":0,"index":3,"pointType":2,"word":"","text":{"x":0.318317592144012,"y":0.0591530539095402,"z":-1.19209289550781E-07,"font":0,"fontSize":48}},"p4":{"x":-0.028411041945219,"y":-0.285931766033173,"z":-1.19209289550781E-07,"tension":0,"bias":0,"continuity":0,"index":4,"pointType":0,"word":"","text":{"x":0.471588969230652,"y":-0.285931766033173,"z":-1.19209289550781E-07,"font":0,"fontSize":48}},"p5":{"x":0.668492138385773,"y":0.55647599697113,"z":-1.19209289550781E-07,"tension":-0.42946857213974,"bias":0.0655060112476349,"continuity":0,"index":5,"pointType":2,"word":"","text":{"x":1.16849207878113,"y":0.55647599697113,"z":-1.19209289550781E-07,"font":0,"fontSize":48}},"p6":{"x":0.555846035480499,"y":0.028667688369751,"z":-1.19209289550781E-07,"tension":-0.277911067008972,"bias":0.0278828889131546,"continuity":0,"index":6,"pointType":2,"word":"","text":{"x":1.05584597587585,"y":0.028667688369751,"z":-1.19209289550781E-07,"font":0,"fontSize":48}},"p7":{"x":0.243781328201294,"y":0.135642826557159,"z":-1.19209289550781E-07,"tension":-0.305603593587875,"bias":-1.66487407113891E-05,"continuity":0,"index":7,"pointType":0,"word":"","text":{"x":0.743781328201294,"y":0.135642826557159,"z":-1.19209289550781E-07,"font":0,"fontSize":48}},"p8":{"x":-0.175956606864929,"y":0.476940095424652,"z":-1.19209289550781E-07,"tension":1,"bias":0,"continuity":0,"index":8,"pointType":0,"word":"","text":{"x":0.324043393135071,"y":0.476940095424652,"z":-1.19209289550781E-07,"font":0,"fontSize":48}},"p9":{"x":0.215019896626472,"y":0.751326560974121,"z":-1.19209289550781E-07,"tension":1,"bias":0,"continuity":0,"index":9,"pointType":0,"word":"","text":{"x":0.715019881725311,"y":0.751326560974121,"z":-1.19209289550781E-07,"font":0,"fontSize":48}},"p10":{"x":-0.148872867226601,"y":0.950553834438324,"z":-1.19209289550781E-07,"tension":1,"bias":0,"continuity":0,"index":10,"pointType":0,"word":"","text":{"x":0.351127147674561,"y":0.950553834438324,"z":-1.19209289550781E-07,"font":0,"fontSize":48}},"p11":{"x":0.218215763568878,"y":1.16071808338165,"z":-1.19209289550781E-07,"tension":1,"bias":0,"continuity":0,"index":11,"pointType":0,"word":"","text":{"x":0.718215763568878,"y":1.16071808338165,"z":-1.19209289550781E-07,"font":0,"fontSize":48}},"p12":{"x":0.888144850730896,"y":0.222600817680359,"z":-1.19209289550781E-07,"tension":-0.852879405021667,"bias":0.162654116749763,"continuity":0,"index":12,"pointType":0,"word":"","text":{"x":1.3881448507309,"y":0.222600817680359,"z":-1.19209289550781E-07,"font":0,"fontSize":48}},"splineCount":5,"spline0":{"closed":false,"numPoints":4,"lineTexture":0,"points":{"p0":1,"p1":4,"p2":3,"p3":2}},"spline1":{"closed":false,"numPoints":4,"lineTexture":0,"points":{"p0":2,"p1":5,"p2":12,"p3":6}},"spline2":{"closed":false,"numPoints":5,"lineTexture":0,"points":{"p0":8,"p1":9,"p2":10,"p3":11,"p4":0}},"spline3":{"closed":false,"numPoints":2,"lineTexture":0,"points":{"p0":2,"p1":8}},"spline4":{"closed":false,"numPoints":3,"lineTexture":0,"points":{"p0":6,"p1":7,"p2":2}}}