{"name":"5","pointCount":11,"p0":{"x":-0.161321327090263,"y":1.27984726428986,"z":-1.19209289550781E-07,"tension":0,"bias":0,"continuity":0,"index":0,"pointType":6,"word":"","text":{"x":0.338678658008575,"y":1.27984726428986,"z":-1.19209289550781E-07,"font":0,"fontSize":48}},"p1":{"x":-0.00382460653781891,"y":-0.549926102161407,"z":-1.19209289550781E-07,"tension":0,"bias":0,"continuity":0,"index":1,"pointType":5,"word":"","text":{"x":0.496175408363342,"y":-0.549926102161407,"z":-1.19209289550781E-07,"font":0,"fontSize":48}},"p2":{"x":-0.109247773885727,"y":0.500430583953857,"z":-1.19209289550781E-07,"tension":0.166078373789787,"bias":0.0488763116300106,"continuity":0,"index":2,"pointType":2,"word":"","text":{"x":0.390752226114273,"y":0.500430583953857,"z":-1.19209289550781E-07,"font":0,"fontSize":48}},"p3":{"x":-0.0301822125911713,"y":-0.109003782272339,"z":-1.19209289550781E-07,"tension":0,"bias":0,"continuity":0,"index":3,"pointType":2,"word":"","text":{"x":0.469817787408829,"y":-0.109003782272339,"z":-1.19209289550781E-07,"font":0,"fontSize":48}},"p4":{"x":-0.236291587352753,"y":0.34419047832489,"z":-1.19209289550781E-07,"tension":-0.526050329208374,"bias":0,"continuity":0,"index":4,"pointType":2,"word":"","text":{"x":0.263708412647247,"y":0.34419047832489,"z":-1.19209289550781E-07,"font":0,"fontSize":48}},"p5":{"x":0.129625514149666,"y":0.641007900238037,"z":-1.19209289550781E-07,"tension":-0.689911186695099,"bias":-0.0144508723169565,"continuity":0,"index":5,"pointType":2,"word":"","text":{"x":0.629625499248505,"y":0.641007900238037,"z":-1.19209289550781E-07,"font":0,"fontSize":48}},"p6":{"x":0.49970555305481,"y":0.342709541320801,"z":-1.19209289550781E-07,"tension":-0.999982237815857,"bias":-0.107897512614727,"continuity":0,"index":6,"pointType":3,"word":"","text":{"x":0.99970555305481,"y":0.342709541320801,"z":-1.19209289550781E-07,"font":0,"fontSize":48}},"p7":{"x":0.200309798121452,"y":0.0770035982131958,"z":-1.19209289550781E-07,"tension":-0.643973529338837,"bias":0.471367746591568,"continuity":0,"index":7,"pointType":2,"word":"","text":{"x":0.700309813022614,"y":0.0770035982131958,"z":-1.19209289550781E-07,"font":0,"fontSize":48}},"p8":{"x":0.995222985744476,"y":0.786390483379364,"z":-1.19209289550781E-07,"tension":0,"bias":0,"continuity":0,"index":8,"pointType":2,"word":"","text":{"x":1.49522304534912,"y":0.786390483379364,"z":-1.19209289550781E-07,"font":0,"fontSize":48}},"p9":{"x":0.974437534809113,"y":-0.17862106859684,"z":-1.19209289550781E-07,"tension":-0.432377934455872,"bias":0.0228238124400377,"continuity":0,"index":9,"pointType":2,"word":"","text":{"x":1.47443747520447,"y":-0.17862106859684,"z":-1.19209289550781E-07,"font":0,"fontSize":48}},"p10":{"x":1.45248281955719,"y":0.319855481386185,"z":-1.19209289550781E-07,"tension":-0.999999642372131,"bias":-0.00188946118578315,"continuity":0,"index":10,"pointType":0,"word":"","text":{"x":1.95248281955719,"y":0.319855481386185,"z":-1.19209289550781E-07,"font":0,"fontSize":48}},"splineCount":2,"spline0":{"closed":false,"numPoints":8,"lineTexture":0,"points":{"p0":1,"p1":3,"p2":4,"p3":5,"p4":6,"p5":7,"p6":2,"p7":0}},"spline1":{"closed":true,"numPoints":4,"lineTexture":0,"points":{"p0":9,"p1":10,"p2":8,"p3":6}}}