{"name":"6","pointCount":13,"p0":{"x":0.11075584590435,"y":1.00632762908936,"z":-1.19209289550781E-07,"tension":0,"bias":0,"continuity":0,"index":0,"pointType":1,"word":"","text":{"x":0.610755860805511,"y":1.00632762908936,"z":-1.19209289550781E-07,"font":0,"fontSize":48}},"p1":{"x":-0.00382460653781891,"y":-0.549926102161407,"z":-1.19209289550781E-07,"tension":0,"bias":0,"continuity":0,"index":1,"pointType":5,"word":"","text":{"x":-0.35524570941925,"y":-0.751649081707001,"z":-1.19209289550781E-07,"font":4,"fontSize":72}},"p2":{"x":-0.0301822125911713,"y":-0.109003782272339,"z":-1.19209289550781E-07,"tension":0,"bias":0,"continuity":0,"index":2,"pointType":2,"word":"","text":{"x":0.469817787408829,"y":-0.109003782272339,"z":-1.19209289550781E-07,"font":0,"fontSize":48}},"p3":{"x":-0.285104483366013,"y":0.48001754283905,"z":-1.19209289550781E-07,"tension":-0.526050329208374,"bias":0,"continuity":0,"index":3,"pointType":2,"word":"","text":{"x":0.214895516633987,"y":0.48001754283905,"z":-1.19209289550781E-07,"font":0,"fontSize":48}},"p4":{"x":0.490585774183273,"y":0.313726484775543,"z":-1.19209289550781E-07,"tension":-0.930187463760376,"bias":-0.0169957894831896,"continuity":0,"index":4,"pointType":2,"word":"","text":{"x":0.990585803985596,"y":0.313726484775543,"z":-1.19209289550781E-07,"font":0,"fontSize":48}},"p5":{"x":0.994236767292023,"y":0.786467730998993,"z":-1.19209289550781E-07,"tension":0,"bias":0,"continuity":0,"index":5,"pointType":3,"word":"","text":{"x":1.49423670768738,"y":0.786467730998993,"z":-1.19209289550781E-07,"font":0,"fontSize":48}},"p6":{"x":0.974440336227417,"y":-0.178621768951416,"z":-1.19209289550781E-07,"tension":-0.432377934455872,"bias":0.0228238124400377,"continuity":0,"index":6,"pointType":0,"word":"","text":{"x":1.47444033622742,"y":-0.178621768951416,"z":-1.19209289550781E-07,"font":0,"fontSize":48}},"p7":{"x":1.45252072811127,"y":0.319856911897659,"z":-1.19209289550781E-07,"tension":-0.999999642372131,"bias":-0.00188946118578315,"continuity":0,"index":7,"pointType":0,"word":"","text":{"x":1.95252072811127,"y":0.319856911897659,"z":-1.19209289550781E-07,"font":0,"fontSize":48}},"p8":{"x":0.979949235916138,"y":0.333050638437271,"z":-1.19209289550781E-07,"tension":0,"bias":0,"continuity":0,"index":8,"pointType":2,"word":"","text":{"x":1.47994923591614,"y":0.333050638437271,"z":-1.19209289550781E-07,"font":0,"fontSize":48}},"p9":{"x":0.857213199138641,"y":-0.631992936134338,"z":-1.19209289550781E-07,"tension":-0.479806423187256,"bias":0.18764029443264,"continuity":0,"index":9,"pointType":2,"word":"","text":{"x":1.35721325874329,"y":-0.631992936134338,"z":-1.19209289550781E-07,"font":0,"fontSize":48}},"p10":{"x":0.214513093233109,"y":-0.557756721973419,"z":-1.19209289550781E-07,"tension":0,"bias":0,"continuity":0,"index":10,"pointType":2,"word":"","text":{"x":0.714513063430786,"y":-0.557756721973419,"z":-1.19209289550781E-07,"font":0,"fontSize":48}},"p11":{"x":0.269250273704529,"y":0.716174066066742,"z":-1.19209289550781E-07,"tension":0,"bias":0,"continuity":0,"index":11,"pointType":2,"word":"","text":{"x":0.769250273704529,"y":0.716174066066742,"z":-1.19209289550781E-07,"font":0,"fontSize":48}},"p12":{"x":0.987558782100677,"y":1.1061224937439,"z":-1.19209289550781E-07,"tension":0,"bias":0,"continuity":0,"index":12,"pointType":6,"word":"","text":{"x":1.48755884170532,"y":1.1061224937439,"z":-1.19209289550781E-07,"font":0,"fontSize":48}},"splineCount":4,"spline0":{"closed":false,"numPoints":5,"lineTexture":0,"points":{"p0":1,"p1":2,"p2":3,"p3":11,"p4":4}},"spline1":{"closed":true,"numPoints":4,"lineTexture":0,"points":{"p0":6,"p1":7,"p2":5,"p3":4}},"spline2":{"closed":false,"numPoints":3,"lineTexture":0,"points":{"p0":5,"p1":8,"p2":6}},"spline3":{"closed":false,"numPoints":4,"lineTexture":0,"points":{"p0":6,"p1":9,"p2":10,"p3":0}}}