{"name":"6","pointCount":13,"p0":{"x":0.110755495727062,"y":1.00631642341614,"z":-1.19209289550781E-07,"tension":0,"bias":0,"continuity":0,"index":0,"pointType":6,"word":"","text":{"x":0.610755503177643,"y":1.00631642341614,"z":-1.19209289550781E-07,"font":0,"fontSize":48}},"p1":{"x":-0.00382460653781891,"y":-0.549926102161407,"z":-1.19209289550781E-07,"tension":0,"bias":0,"continuity":0,"index":1,"pointType":5,"word":"","text":{"x":0.496175408363342,"y":-0.549926102161407,"z":-1.19209289550781E-07,"font":0,"fontSize":48}},"p2":{"x":-0.0746406614780426,"y":0.470767289400101,"z":-1.19209289550781E-07,"tension":0.166078373789787,"bias":0.0488763116300106,"continuity":0,"index":2,"pointType":2,"word":"","text":{"x":0.425359338521957,"y":0.470767289400101,"z":-1.19209289550781E-07,"font":0,"fontSize":48}},"p3":{"x":-0.0301822125911713,"y":-0.109003782272339,"z":-1.19209289550781E-07,"tension":0,"bias":0,"continuity":0,"index":3,"pointType":2,"word":"","text":{"x":0.469817787408829,"y":-0.109003782272339,"z":-1.19209289550781E-07,"font":0,"fontSize":48}},"p4":{"x":-0.236291587352753,"y":0.34419047832489,"z":-1.19209289550781E-07,"tension":-0.526050329208374,"bias":0,"continuity":0,"index":4,"pointType":2,"word":"","text":{"x":0.263708412647247,"y":0.34419047832489,"z":-1.19209289550781E-07,"font":0,"fontSize":48}},"p5":{"x":0.129625514149666,"y":0.641007900238037,"z":-1.19209289550781E-07,"tension":-0.689911186695099,"bias":-0.0144508723169565,"continuity":0,"index":5,"pointType":2,"word":"","text":{"x":0.629625499248505,"y":0.641007900238037,"z":-1.19209289550781E-07,"font":0,"fontSize":48}},"p6":{"x":0.494760364294052,"y":0.342561691999435,"z":-1.19209289550781E-07,"tension":-0.999982237815857,"bias":-0.107897512614727,"continuity":0,"index":6,"pointType":2,"word":"","text":{"x":0.994760394096375,"y":0.342561691999435,"z":-1.19209289550781E-07,"font":0,"fontSize":48}},"p7":{"x":0.994603514671326,"y":0.78644323348999,"z":-1.19209289550781E-07,"tension":0,"bias":0,"continuity":0,"index":7,"pointType":3,"word":"","text":{"x":1.49460351467133,"y":0.78644323348999,"z":-1.19209289550781E-07,"font":0,"fontSize":48}},"p8":{"x":0.974440336227417,"y":-0.178621768951416,"z":-1.19209289550781E-07,"tension":-0.432377934455872,"bias":0.0228238124400377,"continuity":0,"index":8,"pointType":0,"word":"","text":{"x":1.47444033622742,"y":-0.178621768951416,"z":-1.19209289550781E-07,"font":0,"fontSize":48}},"p9":{"x":1.45252072811127,"y":0.319856911897659,"z":-1.19209289550781E-07,"tension":-0.999999642372131,"bias":-0.00188946118578315,"continuity":0,"index":9,"pointType":0,"word":"","text":{"x":1.95252072811127,"y":0.319856911897659,"z":-1.19209289550781E-07,"font":0,"fontSize":48}},"p10":{"x":0.979949235916138,"y":0.333050638437271,"z":-1.19209289550781E-07,"tension":0,"bias":0,"continuity":0,"index":10,"pointType":2,"word":"","text":{"x":1.47994923591614,"y":0.333050638437271,"z":-1.19209289550781E-07,"font":0,"fontSize":48}},"p11":{"x":0.857213199138641,"y":-0.631992936134338,"z":-1.19209289550781E-07,"tension":-0.479806423187256,"bias":0.18764029443264,"continuity":0,"index":11,"pointType":0,"word":"","text":{"x":1.35721325874329,"y":-0.631992936134338,"z":-1.19209289550781E-07,"font":0,"fontSize":48}},"p12":{"x":0.214513093233109,"y":-0.557756721973419,"z":-1.19209289550781E-07,"tension":0,"bias":0,"continuity":0,"index":12,"pointType":2,"word":"","text":{"x":0.714513063430786,"y":-0.557756721973419,"z":-1.19209289550781E-07,"font":0,"fontSize":48}},"splineCount":4,"spline0":{"closed":false,"numPoints":5,"lineTexture":0,"points":{"p0":1,"p1":3,"p2":4,"p3":5,"p4":6}},"spline1":{"closed":true,"numPoints":4,"lineTexture":0,"points":{"p0":8,"p1":9,"p2":7,"p3":6}},"spline2":{"closed":false,"numPoints":3,"lineTexture":0,"points":{"p0":7,"p1":10,"p2":8}},"spline3":{"closed":false,"numPoints":4,"lineTexture":0,"points":{"p0":8,"p1":11,"p2":12,"p3":0}}}