{"name":"6","pointCount":10,"p0":{"x":-0.00382460653781891,"y":-0.549926102161407,"z":-1.19209289550781E-07,"tension":0,"bias":0,"continuity":0,"index":0,"pointType":5,"word":"","text":{"x":0.496175408363342,"y":-0.549926102161407,"z":-1.19209289550781E-07,"font":0,"fontSize":48}},"p1":{"x":-0.0301822125911713,"y":-0.109003782272339,"z":-1.19209289550781E-07,"tension":0,"bias":0,"continuity":0,"index":1,"pointType":2,"word":"","text":{"x":0.469817787408829,"y":-0.109003782272339,"z":-1.19209289550781E-07,"font":0,"fontSize":48}},"p2":{"x":-0.249193131923676,"y":0.369993954896927,"z":-1.19209289550781E-07,"tension":-0.324342459440231,"bias":0.0710750892758369,"continuity":0,"index":2,"pointType":2,"word":"","text":{"x":0.250806868076324,"y":0.369993954896927,"z":-1.19209289550781E-07,"font":0,"fontSize":48}},"p3":{"x":0.124464884400368,"y":0.687454044818878,"z":-1.19209289550781E-07,"tension":-0.62738448381424,"bias":-0.032541286200285,"continuity":0,"index":3,"pointType":2,"word":"","text":{"x":0.624464869499207,"y":0.687454044818878,"z":-1.19209289550781E-07,"font":0,"fontSize":48}},"p4":{"x":0.499706834554672,"y":0.342708259820938,"z":-1.19209289550781E-07,"tension":-0.999982237815857,"bias":-0.107897512614727,"continuity":0,"index":4,"pointType":3,"word":"","text":{"x":0.999706864356995,"y":0.342708259820938,"z":-1.19209289550781E-07,"font":0,"fontSize":48}},"p5":{"x":0.125479936599731,"y":-0.0545937567949295,"z":-1.19209289550781E-07,"tension":-0.42642930150032,"bias":-0.0551534779369831,"continuity":0,"index":5,"pointType":2,"word":"","text":{"x":0.625479936599731,"y":-0.0545937567949295,"z":-1.19209289550781E-07,"font":0,"fontSize":48}},"p6":{"x":0.684783697128296,"y":0.512474775314331,"z":-1.19209289550781E-07,"tension":0,"bias":0,"continuity":0,"index":6,"pointType":0,"word":"","text":{"x":1.1847836971283,"y":0.512474775314331,"z":-1.19209289550781E-07,"font":0,"fontSize":48}},"p7":{"x":0.687570571899414,"y":0.142738208174706,"z":-1.19209289550781E-07,"tension":-0.432377934455872,"bias":0.0228238124400377,"continuity":0,"index":7,"pointType":0,"word":"","text":{"x":1.18757057189941,"y":0.142738208174706,"z":-1.19209289550781E-07,"font":0,"fontSize":48}},"p8":{"x":0.880450844764709,"y":0.332836985588074,"z":-1.19209289550781E-07,"tension":-0.999999642372131,"bias":-0.00188946118578315,"continuity":0,"index":8,"pointType":0,"word":"","text":{"x":1.38045084476471,"y":0.332836985588074,"z":-1.19209289550781E-07,"font":0,"fontSize":48}},"p9":{"x":-0.211587488651276,"y":0.189654529094696,"z":-1.19209289550781E-07,"tension":0,"bias":0,"continuity":0,"index":9,"pointType":2,"word":"","text":{"x":0.288412511348724,"y":0.189654529094696,"z":-1.19209289550781E-07,"font":0,"fontSize":48}},"splineCount":3,"spline0":{"closed":false,"numPoints":7,"lineTexture":0,"points":{"p0":0,"p1":1,"p2":2,"p3":3,"p4":4,"p5":5,"p6":9}},"spline1":{"closed":true,"numPoints":4,"lineTexture":0,"points":{"p0":7,"p1":8,"p2":6,"p3":4}},"spline2":{"closed":false,"numPoints":2,"lineTexture":0,"points":{"p0":9,"p1":2}}}