{"name":"6","pointCount":11,"p0":{"x":-0.011655867099762,"y":-0.549925982952118,"z":-1.19209289550781E-07,"tension":0,"bias":0,"continuity":0,"index":0,"pointType":5,"word":"","text":{"x":0.488344132900238,"y":-0.549925982952118,"z":-1.19209289550781E-07,"font":0,"fontSize":48}},"p1":{"x":-0.0380134582519531,"y":-0.109003722667694,"z":-1.19209289550781E-07,"tension":0,"bias":0,"continuity":0,"index":1,"pointType":2,"word":"","text":{"x":0.461986541748047,"y":-0.109003722667694,"z":-1.19209289550781E-07,"font":0,"fontSize":48}},"p2":{"x":-0.257024347782135,"y":0.369993925094604,"z":-1.19209289550781E-07,"tension":-0.324342459440231,"bias":0.0710750892758369,"continuity":0,"index":2,"pointType":2,"word":"","text":{"x":0.242975652217865,"y":0.369993925094604,"z":-1.19209289550781E-07,"font":0,"fontSize":48}},"p3":{"x":0.116633594036102,"y":0.687454044818878,"z":-1.19209289550781E-07,"tension":-0.62738448381424,"bias":-0.032541286200285,"continuity":0,"index":3,"pointType":2,"word":"","text":{"x":0.616633594036102,"y":0.687454044818878,"z":-1.19209289550781E-07,"font":0,"fontSize":48}},"p4":{"x":0.554527282714844,"y":0.319213956594467,"z":-1.19209289550781E-07,"tension":-0.999982237815857,"bias":-0.107897512614727,"continuity":0,"index":4,"pointType":3,"word":"","text":{"x":1.05452728271484,"y":0.319213956594467,"z":-1.19209289550781E-07,"font":0,"fontSize":48}},"p5":{"x":0.117648661136627,"y":-0.0545937418937683,"z":-1.19209289550781E-07,"tension":-0.42642930150032,"bias":-0.0551534779369831,"continuity":0,"index":5,"pointType":2,"word":"","text":{"x":0.617648661136627,"y":-0.0545937418937683,"z":-1.19209289550781E-07,"font":0,"fontSize":48}},"p6":{"x":0.747435450553894,"y":0.488980531692505,"z":-1.19209289550781E-07,"tension":0,"bias":0,"continuity":0,"index":6,"pointType":0,"word":"","text":{"x":1.24743545055389,"y":0.488980531692505,"z":-1.19209289550781E-07,"font":0,"fontSize":48}},"p7":{"x":0.750222325325012,"y":0.119243904948235,"z":-1.19209289550781E-07,"tension":-0.432377934455872,"bias":0.0228238124400377,"continuity":0,"index":7,"pointType":0,"word":"","text":{"x":1.25022232532501,"y":0.119243904948235,"z":-1.19209289550781E-07,"font":0,"fontSize":48}},"p8":{"x":0.943102240562439,"y":0.309342682361603,"z":-1.19209289550781E-07,"tension":-0.999999642372131,"bias":-0.00188946118578315,"continuity":0,"index":8,"pointType":0,"word":"","text":{"x":1.44310224056244,"y":0.309342682361603,"z":-1.19209289550781E-07,"font":0,"fontSize":48}},"p9":{"x":-0.219418585300446,"y":0.189654529094696,"z":-1.19209289550781E-07,"tension":0,"bias":0,"continuity":0,"index":9,"pointType":2,"word":"","text":{"x":0.280581414699554,"y":0.189654529094696,"z":-1.19209289550781E-07,"font":0,"fontSize":48}},"p10":{"x":0.944284617900848,"y":1.0251008272171,"z":-1.19209289550781E-07,"tension":0,"bias":0,"continuity":0,"index":10,"pointType":6,"word":"","text":{"x":1.44428467750549,"y":1.0251008272171,"z":-1.19209289550781E-07,"font":0,"fontSize":48}},"splineCount":4,"spline0":{"closed":false,"numPoints":7,"lineTexture":0,"points":{"p0":0,"p1":1,"p2":2,"p3":3,"p4":4,"p5":5,"p6":9}},"spline1":{"closed":true,"numPoints":4,"lineTexture":0,"points":{"p0":7,"p1":8,"p2":6,"p3":4}},"spline2":{"closed":false,"numPoints":2,"lineTexture":0,"points":{"p0":9,"p1":2}},"spline3":{"closed":false,"numPoints":2,"lineTexture":0,"points":{"p0":8,"p1":10}}}