{"name":"8","pointCount":17,"p0":{"x":-0.0286777019500732,"y":0.385176658630371,"z":-1.19209289550781E-07,"tension":1,"bias":0,"continuity":0,"index":0,"pointType":5,"word":"","collect":false,"text":{"x":0.471322298049927,"y":0.385176658630371,"z":-1.19209289550781E-07,"font":0,"fontSize":48}},"p1":{"x":0.392329454421997,"y":0.146271586418152,"z":-1.19209289550781E-07,"tension":-0.757714748382568,"bias":0.120296843349934,"continuity":0,"index":1,"pointType":2,"word":"","collect":false,"text":{"x":0.892329454421997,"y":0.146271586418152,"z":-1.19209289550781E-07,"font":0,"fontSize":48}},"p2":{"x":0.366475582122803,"y":-0.634516716003418,"z":-1.19209289550781E-07,"tension":-0.210968777537346,"bias":-0.149873003363609,"continuity":0,"index":2,"pointType":0,"word":"","collect":false,"text":{"x":0.866475582122803,"y":-0.634516716003418,"z":-1.19209289550781E-07,"font":0,"fontSize":48}},"p3":{"x":0.044762134552002,"y":-1.45336389541626,"z":-1.19209289550781E-07,"tension":0,"bias":0,"continuity":0,"index":3,"pointType":0,"word":"","collect":false,"text":{"x":0.544762134552002,"y":-1.45336389541626,"z":-1.19209289550781E-07,"font":0,"fontSize":48}},"p4":{"x":1.04583883285522,"y":-2.07261657714844,"z":-1.19209289550781E-07,"tension":0,"bias":0,"continuity":0,"index":4,"pointType":0,"word":"","collect":false,"text":{"x":1.54583883285522,"y":-2.07261657714844,"z":-1.19209289550781E-07,"font":0,"fontSize":48}},"p5":{"x":2.87871599197388,"y":-2.87394046783447,"z":-1.19209289550781E-07,"tension":0,"bias":0,"continuity":0,"index":5,"pointType":1,"word":"","collect":false,"text":{"x":3.37871599197388,"y":-2.87394046783447,"z":-1.19209289550781E-07,"font":0,"fontSize":48}},"p6":{"x":1.51855945587158,"y":-2.7356424331665,"z":-1.19209289550781E-07,"tension":0,"bias":0,"continuity":0,"index":6,"pointType":0,"word":"","collect":false,"text":{"x":2.01855945587158,"y":-2.7356424331665,"z":-1.19209289550781E-07,"font":0,"fontSize":48}},"p7":{"x":0.649215221405029,"y":-3.51453399658203,"z":-1.19209289550781E-07,"tension":0,"bias":0,"continuity":0,"index":7,"pointType":0,"word":"","collect":false,"text":{"x":1.14921522140503,"y":-3.51453399658203,"z":-1.19209289550781E-07,"font":0,"fontSize":48}},"p8":{"x":-0.478575229644775,"y":-3.21993064880371,"z":-1.19209289550781E-07,"tension":0,"bias":0,"continuity":0,"index":8,"pointType":0,"word":"","collect":false,"text":{"x":0.0214247703552246,"y":-3.21993064880371,"z":-1.19209289550781E-07,"font":0,"fontSize":48}},"p9":{"x":-0.662721872329712,"y":-1.40533208847046,"z":-1.19209289550781E-07,"tension":0,"bias":0,"continuity":0,"index":9,"pointType":1,"word":"","collect":false,"text":{"x":-0.162721872329712,"y":-1.40533208847046,"z":-1.19209289550781E-07,"font":0,"fontSize":48}},"p10":{"x":2.14186429977417,"y":-3.40825843811035,"z":-1.19209289550781E-07,"tension":0,"bias":0,"continuity":0,"index":10,"pointType":0,"word":"","collect":false,"text":{"x":2.64186429977417,"y":-3.40825843811035,"z":-1.19209289550781E-07,"font":0,"fontSize":48}},"p11":{"x":3.35744094848633,"y":-2.39727210998535,"z":-1.19209289550781E-07,"tension":0,"bias":0,"continuity":0,"index":11,"pointType":0,"word":"","collect":false,"text":{"x":3.85744094848633,"y":-2.39727210998535,"z":-1.19209289550781E-07,"font":0,"fontSize":48}},"p12":{"x":-0.65632963180542,"y":0.321640491485596,"z":-1.19209289550781E-07,"tension":0,"bias":0,"continuity":0,"index":12,"pointType":6,"word":"","collect":false,"text":{"x":-0.15632963180542,"y":0.321640491485596,"z":-1.19209289550781E-07,"font":0,"fontSize":48}},"p13":{"x":3.91253042221069,"y":-1.49984455108643,"z":-1.19209289550781E-07,"tension":-0.600525081157684,"bias":0.00516294501721859,"continuity":0,"index":13,"pointType":2,"word":"","collect":false,"text":{"x":4.41253042221069,"y":-1.49984455108643,"z":-1.19209289550781E-07,"font":0,"fontSize":48}},"p14":{"x":3.08891820907593,"y":-0.558629512786865,"z":-1.19209289550781E-07,"tension":0.174878790974617,"bias":-0.336403429508209,"continuity":0,"index":14,"pointType":2,"word":"","collect":false,"text":{"x":3.58891820907593,"y":-0.558629512786865,"z":-1.19209289550781E-07,"font":0,"fontSize":48}},"p15":{"x":2.05475664138794,"y":-0.751512765884399,"z":-1.19209289550781E-07,"tension":0,"bias":0,"continuity":0,"index":15,"pointType":2,"word":"","collect":false,"text":{"x":2.55475664138794,"y":-0.751512765884399,"z":-1.19209289550781E-07,"font":0,"fontSize":48}},"p16":{"x":1.14913892745972,"y":-1.69274377822876,"z":-1.19209289550781E-07,"tension":0,"bias":0,"continuity":0,"index":16,"pointType":2,"word":"","collect":false,"text":{"x":1.64913892745972,"y":-1.69274377822876,"z":-1.19209289550781E-07,"font":0,"fontSize":48}},"splineCount":5,"unlockType":1,"speed":6.18572998046875,"acceleration":0,"maxSpeed":3,"time":0,"laps":0,"startSpeed":0,"text":"","title":"8","forceOrder":false,"camera":{"lockX":false,"lockY":false,"lockZ":false,"x":1.62490427494049,"y":-1.56467866897583,"z":-1.19209289550781E-07,"setPos":false,"fov":40},"spline0":{"order":0,"closed":false,"numPoints":5,"type":0,"lineTexture":0,"lineWidth":1,"bidirectional":false,"speed":0,"points":{"p0":0,"p1":1,"p2":2,"p3":3,"p4":4}},"spline1":{"order":1,"closed":false,"numPoints":2,"type":0,"lineTexture":0,"lineWidth":1,"bidirectional":false,"speed":0,"points":{"p0":4,"p1":6}},"spline2":{"order":2,"closed":false,"numPoints":4,"type":0,"lineTexture":3,"lineWidth":1,"bidirectional":false,"speed":0,"points":{"p0":6,"p1":7,"p2":8,"p3":9}},"spline3":{"order":3,"closed":false,"numPoints":3,"type":0,"lineTexture":0,"lineWidth":1,"bidirectional":false,"speed":0,"points":{"p0":6,"p1":10,"p2":5}},"spline4":{"order":4,"closed":false,"numPoints":6,"type":0,"lineTexture":1,"lineWidth":1,"bidirectional":false,"speed":0,"points":{"p0":11,"p1":13,"p2":14,"p3":15,"p4":16,"p5":4}}}