{"name":"bits","pointCount":10,"p0":{"x":0.000500202178955078,"y":-0.549926042556763,"z":-1.19209289550781E-07,"tension":0,"bias":0,"continuity":0,"index":0,"pointType":6,"word":"","collect":false,"text":{"x":0.500500202178955,"y":-0.549926042556763,"z":-1.19209289550781E-07,"font":0,"fontSize":48}},"p1":{"x":0.172754764556885,"y":-0.22000789642334,"z":-1.19209289550781E-07,"tension":0,"bias":0,"continuity":0,"index":1,"pointType":2,"word":"","collect":false,"text":{"x":0.672754764556885,"y":-0.22000789642334,"z":-1.19209289550781E-07,"font":0,"fontSize":48}},"p2":{"x":0.193567276000977,"y":0.213583469390869,"z":-1.19209289550781E-07,"tension":-0.298218280076981,"bias":0.171669214963913,"continuity":0,"index":2,"pointType":2,"word":"","collect":false,"text":{"x":0.693567276000977,"y":0.213583469390869,"z":-1.19209289550781E-07,"font":0,"fontSize":48}},"p3":{"x":0.599408626556396,"y":0.26561450958252,"z":-1.19209289550781E-07,"tension":0.0388625971972942,"bias":-0.461034446954727,"continuity":0,"index":3,"pointType":2,"word":"","collect":false,"text":{"x":1.0994086265564,"y":0.26561450958252,"z":-1.19209289550781E-07,"font":0,"fontSize":48}},"p4":{"x":1.13359355926514,"y":0.00545930862426758,"z":-1.19209289550781E-07,"tension":0,"bias":0,"continuity":0,"index":4,"pointType":1,"word":"","collect":false,"text":{"x":1.63359355926514,"y":0.00545930862426758,"z":-1.19209289550781E-07,"font":0,"fontSize":48}},"p5":{"x":1.51958036422729,"y":-0.233007192611694,"z":-1.19209289550781E-07,"tension":0,"bias":0,"continuity":0,"index":5,"pointType":3,"word":"","collect":false,"text":{"x":2.01958036422729,"y":-0.233007192611694,"z":-1.19209289550781E-07,"font":0,"fontSize":48}},"p6":{"x":1.5292820930481,"y":-0.800740242004395,"z":-1.19209289550781E-07,"tension":0,"bias":0,"continuity":0,"index":6,"pointType":1,"word":"","collect":false,"text":{"x":2.0292820930481,"y":-0.800740242004395,"z":-1.19209289550781E-07,"font":0,"fontSize":48}},"p7":{"x":1.06759071350098,"y":-1.34183216094971,"z":-1.19209289550781E-07,"tension":0,"bias":0,"continuity":0,"index":7,"pointType":1,"word":"","collect":false,"text":{"x":1.56759071350098,"y":-1.34183216094971,"z":-1.19209289550781E-07,"font":0,"fontSize":48}},"p8":{"x":0.262494564056396,"y":-1.02554416656494,"z":-1.19209289550781E-07,"tension":0,"bias":0,"continuity":0,"index":8,"pointType":1,"word":"","collect":false,"text":{"x":0.762494564056396,"y":-1.02554416656494,"z":-1.19209289550781E-07,"font":0,"fontSize":48}},"p9":{"x":0.886444091796875,"y":-0.703505754470825,"z":-1.19209289550781E-07,"tension":0,"bias":0,"continuity":0,"index":9,"pointType":1,"word":"","collect":false,"text":{"x":1.38644409179688,"y":-0.703505754470825,"z":-1.19209289550781E-07,"font":0,"fontSize":48}},"splineCount":2,"unlockType":0,"speed":0,"acceleration":0,"maxSpeed":3,"time":0,"laps":1,"startSpeed":0.891278088092804,"text":"","title":"bits","forceOrder":false,"camera":{"lockX":false,"lockY":false,"lockZ":false,"x":0.764891147613525,"y":-0.538108825683594,"z":-1.19209289550781E-07,"setPos":false,"fov":40},"spline0":{"order":0,"closed":false,"numPoints":5,"type":0,"lineTexture":0,"lineWidth":1,"bidirectional":false,"speed":0,"points":{"p0":0,"p1":1,"p2":2,"p3":3,"p4":4}},"spline1":{"order":1,"closed":false,"numPoints":2,"type":0,"lineTexture":0,"lineWidth":1,"bidirectional":false,"speed":0,"points":{"p0":5,"p1":6}}}