{"name":"Boxes","pointCount":16,"p0":{"x":-2.36117362976074,"y":0.0551348924636841,"z":-1.19209289550781E-07,"tension":1,"bias":0,"continuity":0,"index":0,"pointType":2,"word":"","text":{"x":0,"y":0,"z":0,"font":0,"fontSize":0}},"p1":{"x":-2.36916422843933,"y":-0.453065007925034,"z":-1.19209289550781E-07,"tension":1,"bias":0,"continuity":0,"index":1,"pointType":2,"word":"","text":{"x":0,"y":0,"z":0,"font":0,"fontSize":0}},"p2":{"x":-1.82260918617249,"y":-0.464251786470413,"z":-1.19209289550781E-07,"tension":1,"bias":0,"continuity":0,"index":2,"pointType":2,"word":"","text":{"x":0,"y":0,"z":0,"font":0,"fontSize":0}},"p3":{"x":-1.81621706485748,"y":0.04714435338974,"z":-1.19209289550781E-07,"tension":1,"bias":0,"continuity":0,"index":3,"pointType":2,"word":"","text":{"x":0,"y":0,"z":0,"font":0,"fontSize":0}},"p4":{"x":-1.81941318511963,"y":-0.213637217879295,"z":-1.19209289550781E-07,"tension":0,"bias":0,"continuity":0,"index":4,"pointType":3,"word":"","text":{"x":0,"y":0,"z":0,"font":0,"fontSize":0}},"p5":{"x":-1.38731288909912,"y":-0.216668337583542,"z":-1.19209289550781E-07,"tension":0,"bias":0,"continuity":0,"index":5,"pointType":2,"word":"","text":{"x":0,"y":0,"z":0,"font":0,"fontSize":0}},"p6":{"x":-1.38222920894623,"y":0.45435556769371,"z":-1.19209289550781E-07,"tension":0,"bias":0,"continuity":0,"index":6,"pointType":2,"word":"","text":{"x":0,"y":0,"z":0,"font":0,"fontSize":0}},"p7":{"x":-2.12442207336426,"y":0.464522570371628,"z":-1.19209289550781E-07,"tension":0,"bias":0,"continuity":0,"index":7,"pointType":2,"word":"","text":{"x":0,"y":0,"z":0,"font":0,"fontSize":0}},"p8":{"x":-2.13713097572327,"y":-0.849565804004669,"z":-1.19209289550781E-07,"tension":0,"bias":0,"continuity":0,"index":8,"pointType":2,"word":"","text":{"x":0,"y":0,"z":0,"font":0,"fontSize":0}},"p9":{"x":-1.02638304233551,"y":-0.869899868965149,"z":-1.19209289550781E-07,"tension":0,"bias":0,"continuity":0,"index":9,"pointType":2,"word":"","text":{"x":0,"y":0,"z":0,"font":0,"fontSize":0}},"p10":{"x":-1.03400838375092,"y":-0.481010943651199,"z":-1.19209289550781E-07,"tension":0,"bias":0,"continuity":0,"index":10,"pointType":0,"word":"","text":{"x":0,"y":0,"z":0,"font":0,"fontSize":0}},"p11":{"x":-1.03146684169769,"y":0.278974384069443,"z":-1.19209289550781E-07,"tension":0,"bias":0,"continuity":0,"index":11,"pointType":2,"word":"","text":{"x":0,"y":0,"z":0,"font":0,"fontSize":0}},"p12":{"x":-1.54744327068329,"y":0.2815161049366,"z":-1.19209289550781E-07,"tension":0,"bias":0,"continuity":0,"index":12,"pointType":2,"word":"","text":{"x":0,"y":0,"z":0,"font":0,"fontSize":0}},"p13":{"x":-1.56015193462372,"y":-0.796188950538635,"z":-1.19209289550781E-07,"tension":0,"bias":0,"continuity":0,"index":13,"pointType":2,"word":"","text":{"x":0,"y":0,"z":0,"font":0,"fontSize":0}},"p14":{"x":-0.640036225318909,"y":-0.808897614479065,"z":-1.19209289550781E-07,"tension":0,"bias":0,"continuity":0,"index":14,"pointType":2,"word":"","text":{"x":0,"y":0,"z":0,"font":0,"fontSize":0}},"p15":{"x":-0.650203108787537,"y":0.0375073961913586,"z":-1.19209289550781E-07,"tension":0,"bias":0,"continuity":0,"index":15,"pointType":2,"word":"","text":{"x":0,"y":0,"z":0,"font":0,"fontSize":0}},"splineCount":14,"spline0":{"closed":true,"numPoints":5,"lineTexture":0,"points":{"p0":0,"p1":1,"p2":2,"p3":4,"p4":3}},"spline1":{"closed":false,"numPoints":2,"lineTexture":0,"points":{"p0":4,"p1":5}},"spline2":{"closed":false,"numPoints":2,"lineTexture":0,"points":{"p0":5,"p1":6}},"spline3":{"closed":false,"numPoints":2,"lineTexture":0,"points":{"p0":6,"p1":7}},"spline4":{"closed":false,"numPoints":2,"lineTexture":0,"points":{"p0":7,"p1":8}},"spline5":{"closed":false,"numPoints":2,"lineTexture":0,"points":{"p0":8,"p1":9}},"spline6":{"closed":false,"numPoints":2,"lineTexture":0,"points":{"p0":9,"p1":10}},"spline7":{"closed":false,"numPoints":2,"lineTexture":0,"points":{"p0":10,"p1":2}},"spline8":{"closed":false,"numPoints":2,"lineTexture":0,"points":{"p0":10,"p1":11}},"spline9":{"closed":false,"numPoints":2,"lineTexture":0,"points":{"p0":11,"p1":12}},"spline10":{"closed":false,"numPoints":2,"lineTexture":0,"points":{"p0":12,"p1":13}},"spline11":{"closed":false,"numPoints":2,"lineTexture":0,"points":{"p0":13,"p1":14}},"spline12":{"closed":false,"numPoints":2,"lineTexture":0,"points":{"p0":14,"p1":15}},"spline13":{"closed":false,"numPoints":2,"lineTexture":0,"points":{"p0":15,"p1":3}}}