{"name":"city","pointCount":37,"p0":{"x":-0.234344482421875,"y":-0.210150241851807,"z":-0.590678155422211,"tension":1,"bias":0,"continuity":0,"index":0,"pointType":6,"word":"","collect":false,"text":{"x":0.265655517578125,"y":-0.210150241851807,"z":-0.590678155422211,"font":0,"fontSize":48}},"p1":{"x":-0.158618927001953,"y":-0.208756446838379,"z":-0.590678155422211,"tension":1,"bias":0,"continuity":0,"index":1,"pointType":2,"word":"","collect":false,"text":{"x":0.341381072998047,"y":-0.208756446838379,"z":-0.590678155422211,"font":0,"fontSize":48}},"p2":{"x":-0.158619165420532,"y":-0.325418949127197,"z":-0.590678155422211,"tension":1,"bias":0,"continuity":0,"index":2,"pointType":2,"word":"","collect":false,"text":{"x":0.341380834579468,"y":-0.325418949127197,"z":-0.590678155422211,"font":0,"fontSize":48}},"p3":{"x":-0.233397245407104,"y":-0.326085567474365,"z":-0.590678155422211,"tension":1,"bias":0,"continuity":0,"index":3,"pointType":2,"word":"","collect":false,"text":{"x":0.266602754592896,"y":-0.326085567474365,"z":-0.590678155422211,"font":0,"fontSize":48}},"p4":{"x":-0.397187232971191,"y":-0.229851722717285,"z":-0.795318007469177,"tension":0,"bias":0,"continuity":0,"index":4,"pointType":0,"word":"","collect":false,"text":{"x":0.102812767028809,"y":-0.229851722717285,"z":-0.795318007469177,"font":0,"fontSize":48}},"p5":{"x":-0.235137462615967,"y":-0.0946803092956543,"z":-0.590678155422211,"tension":1,"bias":0,"continuity":0,"index":5,"pointType":2,"word":"","collect":false,"text":{"x":0.264862537384033,"y":-0.0946803092956543,"z":-0.590678155422211,"font":0,"fontSize":48}},"p6":{"x":-0.079838752746582,"y":-0.0899744033813477,"z":-0.590678155422211,"tension":1,"bias":0,"continuity":0,"index":6,"pointType":2,"word":"","collect":false,"text":{"x":0.420161247253418,"y":-0.0899744033813477,"z":-0.590678155422211,"font":0,"fontSize":48}},"p7":{"x":-0.0786623954772949,"y":-0.322922468185425,"z":-0.590678155422211,"tension":1,"bias":0,"continuity":0,"index":7,"pointType":2,"word":"","collect":false,"text":{"x":0.421337604522705,"y":-0.322922468185425,"z":-0.590678155422211,"font":0,"fontSize":48}},"p8":{"x":-0.118640661239624,"y":-0.324170827865601,"z":-0.590678155422211,"tension":0,"bias":0,"continuity":0,"index":8,"pointType":2,"word":"","collect":false,"text":{"x":0.381359338760376,"y":-0.324170827865601,"z":-0.590678155422211,"font":0,"fontSize":48}},"p9":{"x":-0.11998987197876,"y":-0.375828266143799,"z":-0.590678155422211,"tension":1,"bias":0,"continuity":0,"index":9,"pointType":2,"word":"","collect":false,"text":{"x":0.38001012802124,"y":-0.375828266143799,"z":-0.590678155422211,"font":0,"fontSize":48}},"p10":{"x":-0.504668235778809,"y":-0.386881351470947,"z":-0.590678155422211,"tension":1,"bias":0,"continuity":0,"index":10,"pointType":2,"word":"","collect":false,"text":{"x":-0.00466823577880859,"y":-0.386881351470947,"z":-0.590678155422211,"font":0,"fontSize":48}},"p11":{"x":-0.499541759490967,"y":-0.0295047760009766,"z":-0.590678155422211,"tension":1,"bias":0,"continuity":0,"index":11,"pointType":2,"word":"","collect":false,"text":{"x":0.000458240509033203,"y":-0.0295047760009766,"z":-0.590678155422211,"font":0,"fontSize":48}},"p12":{"x":-0.0790162086486816,"y":-0.0196075439453125,"z":-0.590678155422211,"tension":1,"bias":0,"continuity":0,"index":12,"pointType":2,"word":"","collect":false,"text":{"x":0.420983791351318,"y":-0.0196075439453125,"z":-0.590678155422211,"font":0,"fontSize":48}},"p13":{"x":-0.504668235778809,"y":-0.203142166137695,"z":-0.573369145393372,"tension":0,"bias":0,"continuity":0,"index":13,"pointType":2,"word":"","collect":false,"text":{"x":-0.00466823577880859,"y":-0.203142166137695,"z":-0.573369145393372,"font":0,"fontSize":48}},"p14":{"x":-0.681274890899658,"y":-0.0333390235900879,"z":-0.590678155422211,"tension":1,"bias":0,"continuity":0,"index":14,"pointType":2,"word":"","collect":false,"text":{"x":-0.181274890899658,"y":-0.0333390235900879,"z":-0.590678155422211,"font":0,"fontSize":48}},"p15":{"x":-0.684002637863159,"y":-0.165432929992676,"z":-0.590678155422211,"tension":1,"bias":0,"continuity":0,"index":15,"pointType":2,"word":"","collect":false,"text":{"x":-0.184002637863159,"y":-0.165432929992676,"z":-0.590678155422211,"font":0,"fontSize":48}},"p16":{"x":-0.530843257904053,"y":-0.162596464157104,"z":-0.590678155422211,"tension":1,"bias":0,"continuity":0,"index":16,"pointType":2,"word":"","collect":false,"text":{"x":-0.0308432579040527,"y":-0.162596464157104,"z":-0.590678155422211,"font":0,"fontSize":48}},"p17":{"x":-0.533071994781494,"y":-0.239581823348999,"z":-0.438313126564026,"tension":1,"bias":0,"continuity":0,"index":17,"pointType":2,"word":"","collect":false,"text":{"x":-0.0330719947814941,"y":-0.239581823348999,"z":-0.438313126564026,"font":0,"fontSize":48}},"p18":{"x":-0.690101861953735,"y":-0.238054275512695,"z":-0.365369141101837,"tension":1,"bias":0,"continuity":0,"index":18,"pointType":2,"word":"","collect":false,"text":{"x":-0.190101861953735,"y":-0.238054275512695,"z":-0.365369141101837,"font":0,"fontSize":48}},"p19":{"x":-0.688873767852783,"y":-0.302247047424316,"z":-0.365369141101837,"tension":1,"bias":0,"continuity":0,"index":19,"pointType":2,"word":"","collect":false,"text":{"x":-0.188873767852783,"y":-0.302247047424316,"z":-0.365369141101837,"font":0,"fontSize":48}},"p20":{"x":-0.537644624710083,"y":-0.297651290893555,"z":-0.365369141101837,"tension":1,"bias":0,"continuity":0,"index":20,"pointType":2,"word":"","collect":false,"text":{"x":-0.037644624710083,"y":-0.297651290893555,"z":-0.365369141101837,"font":0,"fontSize":48}},"p21":{"x":-0.543188571929932,"y":-0.365082263946533,"z":-0.206080108880997,"tension":1,"bias":0,"continuity":0,"index":21,"pointType":2,"word":"","collect":false,"text":{"x":-0.0431885719299316,"y":-0.365082263946533,"z":-0.206080108880997,"font":0,"fontSize":48}},"p22":{"x":-0.689870357513428,"y":-0.363293886184692,"z":-0.137062191963196,"tension":1,"bias":0,"continuity":0,"index":22,"pointType":2,"word":"","collect":false,"text":{"x":-0.189870357513428,"y":-0.363293886184692,"z":-0.137062191963196,"font":0,"fontSize":48}},"p23":{"x":-0.687873840332031,"y":-0.426178932189941,"z":-0.137062191963196,"tension":1,"bias":0,"continuity":0,"index":23,"pointType":2,"word":"","collect":false,"text":{"x":-0.187873840332031,"y":-0.426178932189941,"z":-0.137062191963196,"font":0,"fontSize":48}},"p24":{"x":-0.538147449493408,"y":-0.424182653427124,"z":-0.137062191963196,"tension":1,"bias":0,"continuity":0,"index":24,"pointType":2,"word":"","collect":false,"text":{"x":-0.0381474494934082,"y":-0.424182653427124,"z":-0.137062191963196,"font":0,"fontSize":48}},"p25":{"x":-0.532158374786377,"y":-0.55095100402832,"z":-0.177226215600967,"tension":1,"bias":0,"continuity":0,"index":25,"pointType":2,"word":"","collect":false,"text":{"x":-0.032158374786377,"y":-0.55095100402832,"z":-0.177226215600967,"font":0,"fontSize":48}},"p26":{"x":-0.900852918624878,"y":-0.552206039428711,"z":-0.177226215600967,"tension":1,"bias":0,"continuity":0,"index":26,"pointType":2,"word":"","collect":false,"text":{"x":-0.400852918624878,"y":-0.552206039428711,"z":-0.177226215600967,"font":0,"fontSize":48}},"p27":{"x":-0.895378112792969,"y":-0.402297496795654,"z":-0.185004383325577,"tension":1,"bias":0,"continuity":0,"index":27,"pointType":2,"word":"","collect":false,"text":{"x":-0.395378112792969,"y":-0.402297496795654,"z":-0.185004383325577,"font":0,"fontSize":48}},"p28":{"x":-0.75252628326416,"y":-0.401645183563232,"z":-0.154864341020584,"tension":1,"bias":0,"continuity":0,"index":28,"pointType":2,"word":"","collect":false,"text":{"x":-0.25252628326416,"y":-0.401645183563232,"z":-0.154864341020584,"font":0,"fontSize":48}},"p29":{"x":-0.752517700195313,"y":-0.336678981781006,"z":0.0959356278181076,"tension":1,"bias":0,"continuity":0,"index":29,"pointType":2,"word":"","collect":false,"text":{"x":-0.252517700195313,"y":-0.336678981781006,"z":0.0959356278181076,"font":0,"fontSize":48}},"p30":{"x":-0.917427539825439,