{"name":"crystal1","pointCount":20,"p0":{"x":0.0711009949445724,"y":0.574816048145294,"z":-1.19209289550781E-07,"tension":1,"bias":0,"continuity":0,"index":0,"pointType":0,"word":"","text":{"x":0.571101009845734,"y":0.574816048145294,"z":-1.19209289550781E-07,"font":0,"fontSize":48}},"p1":{"x":-0.862688481807709,"y":-0.155834853649139,"z":-1.19209289550781E-07,"tension":1,"bias":0,"continuity":0,"index":1,"pointType":0,"word":"","text":{"x":-0.362688481807709,"y":-0.155834853649139,"z":-1.19209289550781E-07,"font":0,"fontSize":48}},"p2":{"x":-0.0576699748635292,"y":-1.09678852558136,"z":-1.19209289550781E-07,"tension":1,"bias":0,"continuity":0,"index":2,"pointType":0,"word":"","text":{"x":0.442330032587051,"y":-1.09678852558136,"z":-1.19209289550781E-07,"font":0,"fontSize":48}},"p3":{"x":0.815993428230286,"y":-0.227807149291039,"z":-1.19209289550781E-07,"tension":1,"bias":0,"continuity":0,"index":3,"pointType":0,"word":"","text":{"x":1.31599342823029,"y":-0.227807149291039,"z":-1.19209289550781E-07,"font":0,"fontSize":48}},"p4":{"x":-0.500247478485107,"y":0.417243003845215,"z":-1.19209289550781E-07,"tension":1,"bias":0,"continuity":0,"index":4,"pointType":0,"word":"","text":{"x":-0.000247478485107422,"y":0.417243003845215,"z":-1.19209289550781E-07,"font":0,"fontSize":48}},"p5":{"x":-0.773960888385773,"y":-0.809221386909485,"z":-1.19209289550781E-07,"tension":1,"bias":0,"continuity":0,"index":5,"pointType":0,"word":"","text":{"x":-0.273960888385773,"y":-0.809221386909485,"z":-1.19209289550781E-07,"font":0,"fontSize":48}},"p6":{"x":0.526724457740784,"y":-0.974127531051636,"z":-1.19209289550781E-07,"tension":1,"bias":0,"continuity":0,"index":6,"pointType":0,"word":"","text":{"x":1.02672445774078,"y":-0.974127531051636,"z":-1.19209289550781E-07,"font":0,"fontSize":48}},"p7":{"x":0.52777224779129,"y":0.348849385976791,"z":-1.19209289550781E-07,"tension":1,"bias":0,"continuity":0,"index":7,"pointType":0,"word":"","text":{"x":1.02777218818665,"y":0.348849385976791,"z":-1.19209289550781E-07,"font":0,"fontSize":48}},"p8":{"x":-0.742367386817932,"y":0.137157768011093,"z":-1.19209289550781E-07,"tension":1,"bias":0,"continuity":0,"index":8,"pointType":0,"word":"","text":{"x":-0.242367386817932,"y":0.137157768011093,"z":-1.19209289550781E-07,"font":0,"fontSize":48}},"p9":{"x":-0.328157275915146,"y":-1.06667304039001,"z":-1.19209289550781E-07,"tension":1,"bias":0,"continuity":0,"index":9,"pointType":0,"word":"","text":{"x":0.171842724084854,"y":-1.06667304039001,"z":-1.19209289550781E-07,"font":0,"fontSize":48}},"p10":{"x":0.845256209373474,"y":-0.511260211467743,"z":-1.19209289550781E-07,"tension":1,"bias":0,"continuity":0,"index":10,"pointType":0,"word":"","text":{"x":1.34525620937347,"y":-0.511260211467743,"z":-1.19209289550781E-07,"font":0,"fontSize":48}},"p11":{"x":0.299722522497177,"y":0.497707068920136,"z":-1.19209289550781E-07,"tension":1,"bias":0,"continuity":0,"index":11,"pointType":0,"word":"","text":{"x":0.7997225522995,"y":0.497707068920136,"z":-1.19209289550781E-07,"font":0,"fontSize":48}},"p12":{"x":-0.84861958026886,"y":-0.50068610906601,"z":-1.19209289550781E-07,"tension":1,"bias":0,"continuity":0,"index":12,"pointType":0,"word":"","text":{"x":-0.34861958026886,"y":-0.50068610906601,"z":-1.19209289550781E-07,"font":0,"fontSize":48}},"p13":{"x":0.215633600950241,"y":-1.03949511051178,"z":-1.19209289550781E-07,"tension":1,"bias":0,"continuity":0,"index":13,"pointType":0,"word":"","text":{"x":0.715633630752563,"y":-1.03949511051178,"z":-1.19209289550781E-07,"font":0,"fontSize":48}},"p14":{"x":0.749791502952576,"y":-0.0011475682258606,"z":-1.19209289550781E-07,"tension":1,"bias":0,"continuity":0,"index":14,"pointType":0,"word":"","text":{"x":1.24979150295258,"y":-0.0011475682258606,"z":-1.19209289550781E-07,"font":0,"fontSize":48}},"p15":{"x":-0.26928985118866,"y":0.549047708511353,"z":-1.19209289550781E-07,"tension":1,"bias":0,"continuity":0,"index":15,"pointType":0,"word":"","text":{"x":0.23071014881134,"y":0.549047708511353,"z":-1.19209289550781E-07,"font":0,"fontSize":48}},"p16":{"x":-0.591178894042969,"y":-0.972609043121338,"z":-1.19209289550781E-07,"tension":1,"bias":0,"continuity":0,"index":16,"pointType":0,"word":"","text":{"x":-0.0911788940429688,"y":-0.972609043121338,"z":-1.19209289550781E-07,"font":0,"fontSize":48}},"p17":{"x":0.731915652751923,"y":-0.756854593753815,"z":-1.19209289550781E-07,"tension":1,"bias":0,"continuity":0,"index":17,"pointType":0,"word":"","text":{"x":1.23191571235657,"y":-0.756854593753815,"z":-1.19209289550781E-07,"font":0,"fontSize":48}},"p18":{"x":-0.950753211975098,"y":0.648217141628265,"z":-1.19209289550781E-07,"tension":0,"bias":0,"continuity":0,"index":18,"pointType":5,"word":"","text":{"x":-0.450753211975098,"y":0.648217141628265,"z":-1.19209289550781E-07,"font":0,"fontSize":48}},"p19":{"x":0.00172068923711777,"y":-0.39001202583313,"z":0.70121306180954,"tension":0,"bias":0,"continuity":0,"index":19,"pointType":6,"word":"","text":{"x":0.501720666885376,"y":-0.39001202583313,"z":0.70121306180954,"font":0,"fontSize":48}},"fixedCamera":true,"fov":40,"splineCount":20,"unlockType":0,"score":1,"spline0":{"closed":true,"numPoints":18,"lineTexture":0,"points":{"p0":0,"p1":1,"p2":2,"p3":3,"p4":4,"p5":5,"p6":6,"p7":7,"p8":8,"p9":9,"p10":10,"p11":11,"p12":12,"p13":13,"p14":14,"p15":15,"p16":16,"p17":17}},"spline1":{"closed":false,"numPoints":2,"lineTexture":0,"points":{"p0":18,"p1":8}},"spline2":{"closed":false,"numPoints":2,"lineTexture":1,"points":{"p0":19,"p1":3}},"spline3":{"closed":false,"numPoints":2,"lineTexture":1,"points":{"p0":0,"p1":19}},"spline4":{"closed":false,"numPoints":2,"lineTexture":1,"points":{"p0":15,"p1":19}},"spline5":{"closed":false,"numPoints":2,"lineTexture":1,"points":{"p0":4,"p1":19}},"spline6":{"closed":false,"numPoints":2,"lineTexture":1,"points":{"p0":1,"p1":19}},"spline7":{"closed":false,"numPoints":2,"lineTexture":1,"points":{"p0":12,"p1":19}},"spline8":{"closed":false,"numPoints":2,"lineTexture":1,"points":{"p0":5,"p1":19}},"spline9":{"closed":false,"numPoints":2,"lineTexture":1,"points":{"p0":16,"p1":19}},"spline10":{"closed":false,"numPoints":2,"lineTexture":1,"points":{"p0":9,"p1":19}},"spline11":{"closed":false,"numPoints":2,"lineTexture":1,"points":{"p0":2,"p1":19}},"spline12":{"closed":false,"numPoints":2,"lineTexture":1,"points":{"p0":13,"p1":19}},"spline13":{"closed":false,"numPoints":2,"lineTexture":1,"points":{"p0":6,"p1":19}},"spline14":{"closed":false,"numPoints":2,"lineTexture":1,"points":{"p0":17,"p1":19}},"spline15":{"closed":false,"numPoints":2,"lineTexture":1,"points":{"p0":10,"p1":19}},"spline16":{"closed":false,"numPoints":2,"lineTexture":1,"points":{"p0":14,"p1":19}},"spline17":{"closed":false,"numPoints":2,"lineTexture":1,"points":{"p0":7,"p1":19}},"spline18":{"closed":false,"numPoints":2,"lineTexture":1,"points":{"p0":11,"p1":19}},"spline19":{"closed":false,"numPoints":2,"lineTexture":1,"points":{"p0":8,"p1":19}}}