{"name":"Editor","pointCount":21,"p0":{"x":-1.79078507423401,"y":0.13696052134037,"z":0,"tension":0,"bias":0,"continuity":0,"index":0,"pointType":0},"p1":{"x":-2.15745162963867,"y":-0.111078217625618,"z":0,"tension":0,"bias":0,"continuity":0,"index":1,"pointType":0},"p2":{"x":-2.15529417991638,"y":-0.365587502717972,"z":0,"tension":0,"bias":0,"continuity":0,"index":2,"pointType":0},"p3":{"x":-1.76058793067932,"y":-0.365587502717972,"z":0,"tension":0,"bias":0,"continuity":0,"index":3,"pointType":0},"p4":{"x":-2.14451003074646,"y":0.0787253081798553,"z":0,"tension":0,"bias":0,"continuity":0,"index":4,"pointType":0},"p5":{"x":-2.27392172813416,"y":0.095980167388916,"z":0,"tension":0,"bias":0,"continuity":0,"index":5,"pointType":0},"p6":{"x":-2.51117467880249,"y":-0.238332897424698,"z":0,"tension":0,"bias":0,"continuity":0,"index":6,"pointType":0},"p7":{"x":-2.5974497795105,"y":-0.337548404932022,"z":0,"tension":0,"bias":0,"continuity":0,"index":7,"pointType":0},"p8":{"x":-2.65999913215637,"y":0.0420587323606014,"z":0,"tension":0,"bias":0,"continuity":0,"index":8,"pointType":0},"p9":{"x":-2.68372464179993,"y":-0.47343048453331,"z":0,"tension":0,"bias":0,"continuity":0,"index":9,"pointType":0},"p10":{"x":-2.34941053390503,"y":-0.0312744565308094,"z":0,"tension":0,"bias":0,"continuity":0,"index":10,"pointType":0},"p11":{"x":-2.10352873802185,"y":-0.223234862089157,"z":0,"tension":0,"bias":0,"continuity":0,"index":11,"pointType":0},"p12":{"x":-2.31705832481384,"y":-0.337548404932022,"z":0,"tension":0,"bias":0,"continuity":0,"index":12,"pointType":0},"p13":{"x":-1.42843294143677,"y":0.0420587323606014,"z":0,"tension":0,"bias":0,"continuity":0,"index":13,"pointType":0},"p14":{"x":-1.08333480358124,"y":0.130489975214005,"z":0,"tension":0,"bias":0,"continuity":0,"index":14,"pointType":0},"p15":{"x":-1.2752959728241,"y":-0.29009747505188,"z":0,"tension":0,"bias":0,"continuity":0,"index":15,"pointType":0},"p16":{"x":-1.39176619052887,"y":0.16931340098381,"z":0,"tension":0,"bias":0,"continuity":0,"index":16,"pointType":0},"p17":{"x":-1.34000086784363,"y":0.415195256471634,"z":0,"tension":0,"bias":0,"continuity":0,"index":17,"pointType":0},"p18":{"x":-1.50823640823364,"y":-0.16068597137928,"z":0,"tension":0,"bias":0,"continuity":0,"index":18,"pointType":0},"p19":{"x":-1.27313876152039,"y":0.0420587323606014,"z":0,"tension":0,"bias":0,"continuity":0,"index":19,"pointType":0},"p20":{"x":-1.71098160743713,"y":0.335391521453857,"z":0,"tension":0,"bias":0,"continuity":0,"index":20,"pointType":0},"splineCount":7,"spline0":{"closed":false,"numPoints":6,"points":{"p0":0,"p1":1,"p2":2,"p3":3,"p4":4,"p5":5}},"spline1":{"closed":true,"numPoints":3,"points":{"p0":6,"p1":7,"p2":8}},"spline2":{"closed":false,"numPoints":2,"points":{"p0":8,"p1":9}},"spline3":{"closed":false,"numPoints":4,"points":{"p0":10,"p1":2,"p2":11,"p3":12}},"spline4":{"closed":false,"numPoints":2,"points":{"p0":12,"p1":2}},"spline5":{"closed":false,"numPoints":5,"points":{"p0":13,"p1":14,"p2":15,"p3":16,"p4":17}},"spline6":{"closed":false,"numPoints":3,"points":{"p0":18,"p1":19,"p2":20}}}