{"name":"first","pointCount":21,"p0":{"x":1.67814111709595,"y":0.531309247016907,"z":-1.19209289550781E-07,"tension":0,"bias":0,"continuity":0,"index":0,"pointType":6,"word":"","collect":false,"text":{"x":2.17814111709595,"y":0.531309247016907,"z":-1.19209289550781E-07,"font":0,"fontSize":48}},"p1":{"x":2.8395733833313,"y":0.534111738204956,"z":-1.19209289550781E-07,"tension":1,"bias":-0.029532078653574,"continuity":0,"index":1,"pointType":0,"word":"","collect":false,"text":{"x":3.3395733833313,"y":0.534111738204956,"z":-1.19209289550781E-07,"font":0,"fontSize":48}},"p2":{"x":2.83810663223267,"y":0.809733629226685,"z":-1.19209289550781E-07,"tension":1,"bias":-0.0416476354002953,"continuity":0,"index":2,"pointType":2,"word":"","collect":false,"text":{"x":3.33810663223267,"y":0.809733629226685,"z":-1.19209289550781E-07,"font":0,"fontSize":48}},"p3":{"x":3.36480093002319,"y":0.815335750579834,"z":-1.19209289550781E-07,"tension":1,"bias":0.0597822777926922,"continuity":0,"index":3,"pointType":2,"word":"","collect":false,"text":{"x":3.86480093002319,"y":0.815335750579834,"z":-1.19209289550781E-07,"font":0,"fontSize":48}},"p4":{"x":3.37105464935303,"y":0.248835563659668,"z":-1.19209289550781E-07,"tension":1,"bias":-2.1933929019724E-05,"continuity":0,"index":4,"pointType":2,"word":"","collect":false,"text":{"x":3.87105464935303,"y":0.248835563659668,"z":-1.19209289550781E-07,"font":0,"fontSize":48}},"p5":{"x":2.83838987350464,"y":0.233945369720459,"z":-1.19209289550781E-07,"tension":1,"bias":0.00550759863108397,"continuity":0,"index":5,"pointType":2,"word":"","collect":false,"text":{"x":3.33838987350464,"y":0.233945369720459,"z":-1.19209289550781E-07,"font":0,"fontSize":48}},"p6":{"x":3.10145139694214,"y":0.812532424926758,"z":-1.19209289550781E-07,"tension":0,"bias":0,"continuity":0,"index":6,"pointType":0,"word":"","collect":false,"text":{"x":3.60145139694214,"y":0.812532424926758,"z":-1.19209289550781E-07,"font":0,"fontSize":48}},"p7":{"x":3.09453344345093,"y":-0.307876348495483,"z":-1.19209289550781E-07,"tension":0,"bias":0,"continuity":0,"index":7,"pointType":0,"word":"","collect":false,"text":{"x":3.59453344345093,"y":-0.307876348495483,"z":-1.19209289550781E-07,"font":0,"fontSize":48}},"p8":{"x":3.30387830734253,"y":-0.306837797164917,"z":-1.19209289550781E-07,"tension":1,"bias":0.0136876814067364,"continuity":0,"index":8,"pointType":2,"word":"","collect":false,"text":{"x":3.80387830734253,"y":-0.306837797164917,"z":-1.19209289550781E-07,"font":0,"fontSize":48}},"p9":{"x":3.30243635177612,"y":0.0733582973480225,"z":-1.19209289550781E-07,"tension":1,"bias":-0.0652312487363815,"continuity":0,"index":9,"pointType":2,"word":"","collect":false,"text":{"x":3.80243635177612,"y":0.0733582973480225,"z":-1.19209289550781E-07,"font":0,"fontSize":48}},"p10":{"x":2.90788555145264,"y":0.0668652057647705,"z":-1.19209289550781E-07,"tension":1,"bias":0.0104451421648264,"continuity":0,"index":10,"pointType":2,"word":"","collect":false,"text":{"x":3.40788555145264,"y":0.0668652057647705,"z":-1.19209289550781E-07,"font":0,"fontSize":48}},"p11":{"x":2.91161108016968,"y":-0.306074142456055,"z":-1.19209289550781E-07,"tension":0.999997556209564,"bias":0.0244964137673378,"continuity":0,"index":11,"pointType":2,"word":"","collect":false,"text":{"x":3.41161108016968,"y":-0.306074142456055,"z":-1.19209289550781E-07,"font":0,"fontSize":48}},"p12":{"x":2.52130508422852,"y":0.531503796577454,"z":-1.19209289550781E-07,"tension":1,"bias":-0.0652276128530502,"continuity":0,"index":12,"pointType":1,"word":"","collect":false,"text":{"x":3.02130508422852,"y":0.531503796577454,"z":-1.19209289550781E-07,"font":0,"fontSize":48}},"p13":{"x":3.30315732955933,"y":-0.116739749908447,"z":-1.19209289550781E-07,"tension":0,"bias":0,"continuity":0,"index":13,"pointType":0,"word":"","collect":false,"text":{"x":3.80315732955933,"y":-0.116739749908447,"z":-1.19209289550781E-07,"font":0,"fontSize":48}},"p14":{"x":2.39262866973877,"y":-0.112135410308838,"z":-1.19209289550781E-07,"tension":0,"bias":0,"continuity":0,"index":14,"pointType":0,"word":"","collect":false,"text":{"x":2.89262866973877,"y":-0.112135410308838,"z":-1.19209289550781E-07,"font":0,"fontSize":48}},"p15":{"x":2.39262819290161,"y":0.0409469604492188,"z":-1.19209289550781E-07,"tension":1,"bias":-0.0539087951183319,"continuity":0,"index":15,"pointType":2,"word":"","collect":false,"text":{"x":2.89262819290161,"y":0.0409469604492188,"z":-1.19209289550781E-07,"font":0,"fontSize":48}},"p16":{"x":2.65209054946899,"y":0.0409470796585083,"z":-1.19209289550781E-07,"tension":1,"bias":0.117212355136871,"continuity":0,"index":16,"pointType":2,"word":"","collect":false,"text":{"x":3.15209054946899,"y":0.0409470796585083,"z":-1.19209289550781E-07,"font":0,"fontSize":48}},"p17":{"x":2.64949560165405,"y":-0.24186635017395,"z":-1.19209289550781E-07,"tension":1,"bias":0.0178922060877085,"continuity":0,"index":17,"pointType":2,"word":"","collect":false,"text":{"x":3.14949560165405,"y":-0.24186635017395,"z":-1.19209289550781E-07,"font":0,"fontSize":48}},"p18":{"x":2.39522314071655,"y":-0.249650001525879,"z":-1.19209289550781E-07,"tension":1,"bias":-0.0829949826002121,"continuity":0,"index":18,"pointType":2,"word":"","collect":false,"text":{"x":2.89522314071655,"y":-0.249650001525879,"z":-1.19209289550781E-07,"font":0,"fontSize":48}},"p19":{"x":2.5223593711853,"y":-0.245758295059204,"z":-1.19209289550781E-07,"tension":0,"bias":0,"continuity":0,"index":19,"pointType":0,"word":"","collect":false,"text":{"x":3.0223593711853,"y":-0.245758295059204,"z":-1.19209289550781E-07,"font":0,"fontSize":48}},"p20":{"x":2.54981708526611,"y":1.15529096126556,"z":-1.19209289550781E-07,"tension":0,"bias":0,"continuity":0,"index":20,"pointType":6,"word":"","collect":false,"text":{"x":3.04981708526611,"y":1.15529096126556,"z":-1.19209289550781E-07,"font":0,"fontSize":48}},"splineCount":7,"unlockType":0,"speed":0,"acceleration":0,"maxSpeed":3,"time":0,"laps":0,"startSpeed":0,"text":"","title":"first","forceOrder":false,"camera":{"lockX":false,"lockY":false,"lockZ":false,"x":2.52459788322449,"y":0.42370730638504,"z":-1.19209289550781E-07,"setPos":false,"fov":40},"spline0":{"order":0,"closed":false,"numPoints":3,"type":0,"lineTexture":0,"lineWidth":1,"bidirectional":false,"speed":0,"points":{"p0":0,"p1":12,"p2":1}},"spline1":{"order":1,"closed":true,"numPoints":6,"type":0,"lineTexture":3,"lineWidth":1,"bidirectional":false,"speed":0,"points":{"p0":5,"p1":4,"p2":3,"p3":6,"p4":2,"p5":1}},"spline2":{"order":2,"closed":false,"numPoints":2,"type":0,"lineTexture":0,"lineWidth":1,"bidirectional":false,"speed":0,"points":{"p0":6,"p1":7}},"spline3":{"order":3,"closed":true,"numPoints":6,"type":0,"lineTexture":3,"lineWidth":1,"bidirectional":false,"speed":0,"points":{"p0":7,"p1":8,"p2":13,"p3":9,"p4":10,"p5":11}},"spline4":{"order":4,"closed":false,"numPoints":2,"type":0,"lineTexture":0,"lineWidth":1,"bidirectional":false,"speed":0,"points":{"p0":13,"p1":14}},"spline5":{"order":5,"closed":true,"numPoints":6,"type":0,"lineTexture":1,"lineWidth":1,"bidirectional":false,"speed":0,"points":{"p0":18,"p1":19,"p2":17,"p3":16,"p4":15,"p5":14}},"spline6":{"order":6,"closed":false,"numPoints":2,"type":0,"lineTexture":0,"lineWidth":1,"bidirectional":false,"speed":0,"points":{"p0":19,"p1":12}}}