{"name":"first","pointCount":21,"p0":{"x":1.67814111709595,"y":0.531309247016907,"z":-1.19209289550781E-07,"tension":0,"bias":0,"continuity":0,"index":0,"pointType":5,"word":"","text":{"x":2.17814111709595,"y":0.531309247016907,"z":-1.19209289550781E-07,"font":0,"fontSize":48}},"p1":{"x":2.8395733833313,"y":0.534111678600311,"z":-1.19209289550781E-07,"tension":1,"bias":-0.029532078653574,"continuity":0,"index":1,"pointType":0,"word":"","text":{"x":3.3395733833313,"y":0.534111678600311,"z":-1.19209289550781E-07,"font":0,"fontSize":48}},"p2":{"x":2.83810687065125,"y":0.80973356962204,"z":-1.19209289550781E-07,"tension":1,"bias":-0.0416476354002953,"continuity":0,"index":2,"pointType":2,"word":"","text":{"x":3.33810687065125,"y":0.80973356962204,"z":-1.19209289550781E-07,"font":0,"fontSize":48}},"p3":{"x":3.36480069160461,"y":0.815335810184479,"z":-1.19209289550781E-07,"tension":1,"bias":0.0597822777926922,"continuity":0,"index":3,"pointType":2,"word":"","text":{"x":3.86480069160461,"y":0.815335810184479,"z":-1.19209289550781E-07,"font":0,"fontSize":48}},"p4":{"x":3.37105464935303,"y":0.248835533857346,"z":-1.19209289550781E-07,"tension":1,"bias":-2.1933929019724E-05,"continuity":0,"index":4,"pointType":2,"word":"","text":{"x":3.87105464935303,"y":0.248835533857346,"z":-1.19209289550781E-07,"font":0,"fontSize":48}},"p5":{"x":2.83838963508606,"y":0.233945339918137,"z":-1.19209289550781E-07,"tension":1,"bias":0.00550759863108397,"continuity":0,"index":5,"pointType":2,"word":"","text":{"x":3.33838963508606,"y":0.233945339918137,"z":-1.19209289550781E-07,"font":0,"fontSize":48}},"p6":{"x":3.10145115852356,"y":0.812532365322113,"z":-1.19209289550781E-07,"tension":0,"bias":0,"continuity":0,"index":6,"pointType":0,"word":"","text":{"x":3.60145115852356,"y":0.812532365322113,"z":-1.19209289550781E-07,"font":0,"fontSize":48}},"p7":{"x":3.09453368186951,"y":-0.307876348495483,"z":-1.19209289550781E-07,"tension":0,"bias":0,"continuity":0,"index":7,"pointType":0,"word":"","text":{"x":3.59453368186951,"y":-0.307876348495483,"z":-1.19209289550781E-07,"font":0,"fontSize":48}},"p8":{"x":3.30387830734253,"y":-0.306837797164917,"z":-1.19209289550781E-07,"tension":1,"bias":0.0136876814067364,"continuity":0,"index":8,"pointType":2,"word":"","text":{"x":3.80387830734253,"y":-0.306837797164917,"z":-1.19209289550781E-07,"font":0,"fontSize":48}},"p9":{"x":3.30243635177612,"y":0.0733582377433777,"z":-1.19209289550781E-07,"tension":1,"bias":-0.0652312487363815,"continuity":0,"index":9,"pointType":2,"word":"","text":{"x":3.80243635177612,"y":0.0733582377433777,"z":-1.19209289550781E-07,"font":0,"fontSize":48}},"p10":{"x":2.90788555145264,"y":0.0668651461601257,"z":-1.19209289550781E-07,"tension":1,"bias":0.0104451421648264,"continuity":0,"index":10,"pointType":2,"word":"","text":{"x":3.40788555145264,"y":0.0668651461601257,"z":-1.19209289550781E-07,"font":0,"fontSize":48}},"p11":{"x":2.9116108417511,"y":-0.306074142456055,"z":-1.19209289550781E-07,"tension":0.999997556209564,"bias":0.0244964137673378,"continuity":0,"index":11,"pointType":2,"word":"","text":{"x":3.4116108417511,"y":-0.306074142456055,"z":-1.19209289550781E-07,"font":0,"fontSize":48}},"p12":{"x":2.52130508422852,"y":0.531503796577454,"z":-1.19209289550781E-07,"tension":1,"bias":-0.0652276128530502,"continuity":0,"index":12,"pointType":1,"word":"","text":{"x":3.02130508422852,"y":0.531503796577454,"z":-1.19209289550781E-07,"font":0,"fontSize":48}},"p13":{"x":3.30315732955933,"y":-0.116739749908447,"z":-1.19209289550781E-07,"tension":0,"bias":0,"continuity":0,"index":13,"pointType":0,"word":"","text":{"x":3.80315732955933,"y":-0.116739749908447,"z":-1.19209289550781E-07,"font":0,"fontSize":48}},"p14":{"x":2.39262866973877,"y":-0.112135410308838,"z":-1.19209289550781E-07,"tension":0,"bias":0,"continuity":0,"index":14,"pointType":0,"word":"","text":{"x":2.89262866973877,"y":-0.112135410308838,"z":-1.19209289550781E-07,"font":0,"fontSize":48}},"p15":{"x":2.39262843132019,"y":0.0409469604492188,"z":-1.19209289550781E-07,"tension":1,"bias":-0.0539087951183319,"continuity":0,"index":15,"pointType":2,"word":"","text":{"x":2.89262843132019,"y":0.0409469604492188,"z":-1.19209289550781E-07,"font":0,"fontSize":48}},"p16":{"x":2.65209054946899,"y":0.040947038680315,"z":-1.19209289550781E-07,"tension":1,"bias":0.117212355136871,"continuity":0,"index":16,"pointType":2,"word":"","text":{"x":3.15209054946899,"y":0.040947038680315,"z":-1.19209289550781E-07,"font":0,"fontSize":48}},"p17":{"x":2.64949584007263,"y":-0.241866260766983,"z":-1.19209289550781E-07,"tension":1,"bias":0.0178922060877085,"continuity":0,"index":17,"pointType":2,"word":"","text":{"x":3.14949584007263,"y":-0.241866260766983,"z":-1.19209289550781E-07,"font":0,"fontSize":48}},"p18":{"x":2.39522337913513,"y":-0.249650120735168,"z":-1.19209289550781E-07,"tension":1,"bias":-0.0829949826002121,"continuity":0,"index":18,"pointType":2,"word":"","text":{"x":2.89522337913513,"y":-0.249650120735168,"z":-1.19209289550781E-07,"font":0,"fontSize":48}},"p19":{"x":2.52235960960388,"y":-0.245758190751076,"z":-1.19209289550781E-07,"tension":0,"bias":0,"continuity":0,"index":19,"pointType":0,"word":"","text":{"x":3.02235960960388,"y":-0.245758190751076,"z":-1.19209289550781E-07,"font":0,"fontSize":48}},"p20":{"x":2.54981708526611,"y":1.15529096126556,"z":-1.19209289550781E-07,"tension":0,"bias":0,"continuity":0,"index":20,"pointType":6,"word":"","text":{"x":3.04981708526611,"y":1.15529096126556,"z":-1.19209289550781E-07,"font":0,"fontSize":48}},"fixedCamera":false,"fov":40,"splineCount":7,"unlockType":0,"score":1,"spline0":{"closed":false,"numPoints":3,"lineTexture":0,"points":{"p0":0,"p1":12,"p2":1}},"spline1":{"closed":true,"numPoints":6,"lineTexture":3,"points":{"p0":5,"p1":4,"p2":3,"p3":6,"p4":2,"p5":1}},"spline2":{"closed":false,"numPoints":2,"lineTexture":0,"points":{"p0":6,"p1":7}},"spline3":{"closed":true,"numPoints":6,"lineTexture":3,"points":{"p0":7,"p1":8,"p2":13,"p3":9,"p4":10,"p5":11}},"spline4":{"closed":false,"numPoints":2,"lineTexture":0,"points":{"p0":13,"p1":14}},"spline5":{"closed":true,"numPoints":6,"lineTexture":1,"points":{"p0":18,"p1":19,"p2":17,"p3":16,"p4":15,"p5":14}},"spline6":{"closed":false,"numPoints":2,"lineTexture":0,"points":{"p0":19,"p1":12}}}