{"name":"Hook","pointCount":53,"p0":{"x":-2.61470532417297,"y":0.0890964716672897,"z":-1.19209289550781E-07,"tension":0,"bias":0,"continuity":0,"index":0,"pointType":2},"p1":{"x":-2.27904367446899,"y":0.0284347645938396,"z":-1.19209289550781E-07,"tension":1,"bias":0,"continuity":0,"index":1,"pointType":2},"p2":{"x":-2.12536764144897,"y":-0.0261607579886913,"z":-1.19209289550781E-07,"tension":1,"bias":0,"continuity":0,"index":2,"pointType":2},"p3":{"x":-1.8463237285614,"y":0.0345008932054043,"z":-1.19209289550781E-07,"tension":1,"bias":0,"continuity":0,"index":3,"pointType":2},"p4":{"x":-1.62667977809906,"y":0.00939890742301941,"z":-1.19209289550781E-07,"tension":0,"bias":0,"continuity":0,"index":4,"pointType":2},"p5":{"x":-1.10811913013458,"y":-0.142039224505425,"z":-1.19209289550781E-07,"tension":0,"bias":0,"continuity":0,"index":5,"pointType":2},"p6":{"x":-0.0801759958267212,"y":-0.238408952951431,"z":-1.19209289550781E-07,"tension":1,"bias":0,"continuity":0,"index":6,"pointType":2},"p7":{"x":0.548521339893341,"y":-0.109916150569916,"z":-1.19209289550781E-07,"tension":1,"bias":0,"continuity":0,"index":7,"pointType":2},"p8":{"x":0.736671805381775,"y":0.0690560340881348,"z":-1.19209289550781E-07,"tension":0,"bias":0,"continuity":0,"index":8,"pointType":2},"p9":{"x":0.883520603179932,"y":0.105768382549286,"z":-1.19209289550781E-07,"tension":0,"bias":0,"continuity":0,"index":9,"pointType":0},"p10":{"x":0.961534380912781,"y":0.174603790044785,"z":-1.19209289550781E-07,"tension":0,"bias":0,"continuity":0,"index":10,"pointType":2},"p11":{"x":0.901876926422119,"y":0.339808911085129,"z":-1.19209289550781E-07,"tension":0,"bias":0,"continuity":0,"index":11,"pointType":2},"p12":{"x":1.07625985145569,"y":0.404055505990982,"z":-1.19209289550781E-07,"tension":0,"bias":0,"continuity":0,"index":12,"pointType":0},"p13":{"x":1.24146509170532,"y":0.550904393196106,"z":-1.19209289550781E-07,"tension":0,"bias":0,"continuity":0,"index":13,"pointType":2},"p14":{"x":1.41270983219147,"y":0.741710901260376,"z":-1.19209289550781E-07,"tension":0,"bias":0,"continuity":0,"index":14,"pointType":2},"p15":{"x":1.51199448108673,"y":0.876331567764282,"z":-1.19209289550781E-07,"tension":0,"bias":0,"continuity":0,"index":15,"pointType":2},"p16":{"x":1.29025387763977,"y":1.12676858901978,"z":-1.19209289550781E-07,"tension":0,"bias":0,"continuity":0,"index":16,"pointType":2},"p17":{"x":1.16156613826752,"y":1.25111019611359,"z":-1.19209289550781E-07,"tension":1,"bias":0,"continuity":0,"index":17,"pointType":2},"p18":{"x":1.19767105579376,"y":1.39191162586212,"z":-1.19209289550781E-07,"tension":1,"bias":0,"continuity":0,"index":18,"pointType":2},"p19":{"x":1.80352747440338,"y":0.861661672592163,"z":-1.19209289550781E-07,"tension":1,"bias":0,"continuity":0,"index":19,"pointType":2},"p20":{"x":1.87461757659912,"y":0.433263659477234,"z":-1.19209289550781E-07,"tension":1,"bias":0,"continuity":0,"index":20,"pointType":0},"p21":{"x":2.13134455680847,"y":0.247375816106796,"z":-1.19209289550781E-07,"tension":1,"bias":0,"continuity":0,"index":21,"pointType":2},"p22":{"x":2.49769711494446,"y":0.195482358336449,"z":-1.19209289550781E-07,"tension":1,"bias":0,"continuity":0,"index":22,"pointType":2},"p23":{"x":2.70795035362244,"y":0.268459618091583,"z":-1.19209289550781E-07,"tension":0,"bias":0,"continuity":0,"index":23,"pointType":2},"p24":{"x":2.68286895751953,"y":0.682581126689911,"z":-1.19209289550781E-07,"tension":0,"bias":0,"continuity":0,"index":24,"pointType":2},"p25":{"x":2.47887945175171,"y":1.16990458965302,"z":-1.19209289550781E-07,"tension":1,"bias":0,"continuity":0,"index":25,"pointType":2},"p26":{"x":1.74048447608948,"y":1.43361711502075,"z":-1.19209289550781E-07,"tension":0,"bias":0,"continuity":0,"index":26,"pointType":2},"p27":{"x":1.48336482048035,"y":1.49954521656036,"z":-1.19209289550781E-07,"tension":0,"bias":0,"continuity":0,"index":27,"pointType":2},"p28":{"x":1.43062198162079,"y":1.65777266025543,"z":-1.19209289550781E-07,"tension":0,"bias":0,"continuity":0,"index":28,"pointType":2},"p29":{"x":1.6218136548996,"y":1.65777266025543,"z":-1.19209289550781E-07,"tension":0,"bias":0,"continuity":0,"index":29,"pointType":2},"p30":{"x":2.74918460845947,"y":1.34791040420532,"z":-1.19209289550781E-07,"tension":1,"bias":0,"continuity":0,"index":30,"pointType":2},"p31":{"x":3.13816022872925,"y":0.504030287265778,"z":-1.19209289550781E-07,"tension":1,"bias":0,"continuity":0,"index":31,"pointType":2},"p32":{"x":2.94696807861328,"y":-0.418963491916656,"z":-1.19209289550781E-07,"tension":1,"bias":0,"continuity":0,"index":32,"pointType":2},"p33":{"x":2.37339425086975,"y":-0.709046900272369,"z":-1.19209289550781E-07,"tension":0,"bias":0,"continuity":0,"index":33,"pointType":2},"p34":{"x":1.79322683811188,"y":-0.458520174026489,"z":-1.19209289550781E-07,"tension":0,"bias":0,"continuity":0,"index":34,"pointType":2},"p35":{"x":1.53825461864471,"y":-0.0284752212464809,"z":-1.19209289550781E-07,"tension":0,"bias":0,"continuity":0,"index":35,"pointType":0},"p36":{"x":0.369602978229523,"y":-0.733876049518585,"z":-1.19209289550781E-07,"tension":0,"bias":0,"continuity":0,"index":36,"pointType":2},"p37":{"x":0.0859736800193787,"y":-1.16086661815643,"z":-1.19209289550781E-07,"tension":0,"bias":0,"continuity":0,"index":37,"pointType":2},"p38":{"x":-2.08390879631042,"y":-0.537228107452393,"z":-1.19209289550781E-07,"tension":0,"bias":0,"continuity":0,"index":38,"pointType":2},"p39":{"x":-3.23919296264648,"y":-0.557412385940552,"z":-1.19209289550781E-07,"tension":0,"bias":0,"continuity":0,"index":39,"pointType":2},"p40":{"x":3.02075624465942,"y":-1.42108678817749,"z":-1.19209289550781E-07,"tension":0,"bias":0,"continuity":0,"index":40,"pointType":0},"p41":{"x":3.71650075912476,"y":-1.70808160305023,"z":-1.19209289550781E-07,"tension":0,"bias":0,"continuity":0,"index":41,"pointType":0},"p42":{"x":4.56524276733398,"y":-1.55718111991882,"z":-1.19209289550781E-07,"tension":1,"bias":0,"continuity":0,"index":42,"pointType":0},"p43":{"x":4.35136842727661,"y":0.840082705020905,"z":-1.19209289550781E-07,"tension":1,"bias":0,"continuity":0,"index":43,"pointType":0},"p44":{"x":3.35123515129089,"y":1.92612707614899,"z":-1.19209289550781E-07,"tension":0,"bias":0,"continuity":0,"index":44,"pointType":0},"p45":{"x":1.26188564300537,"y":1.98544120788574,"z":-1.19209289550781E-07,"tension":0,"bias":0,"continuity":0,"index":45,"pointType":0},"p46":{"x":0.534632205963135,"y":1.66975462436676,"z":-1.19209289550781E-07,"tension":1,"bias":0,"continuity":0,"index":46,"pointType":0},"p47":{"x":0.512285590171814,"y":1.97392153739929,"z":-1.19209289550781E-07,"tension":1,"bias":0,"continuity":0,"index":47,"pointType":0},"p48":{"x":1.51718235015869,"y":2.47854948043823,"z":-1.19209289550781E-07,"tension":1,"bias":0,"continuity":0,"index":48,"pointType":0},"p49":{"x":3.54371213912964,"y":2.35602784156799,"z":-1.19209289550781E-07,"tension":0.582652628421783,"bias":0.567680358886719,"continuity":0,"index":49,"pointType":0},"p50":{"x":5.2459831237793,"y":0.134866118431091,"z":-1.19209289550781E-07,"tension":0,"bias":0,"continuity":0,"index":50,"pointType":0},"p51":{"x":5.24247932434082,"y":-1.73475885391235,"z":-1.19209289550781E-07,"tension":0,"bias":0,"continuity":0,"index":51,"pointType":0},"p52":{"x":2.12501525878906,"y":-2.96123433113098,"z":-1.19209289550781E-07,"tension":0,"bias":0,"continuity":0,"index":52,"pointType":0},"splineCount":5,"spline0":{"closed":false,"numPoints":4,"points":{"p0":0,"p1":1,"p2":2,"p3":3}},"spline1":{"closed":false,"numPoints":9,"points":{"p0":3,"p1":4,"p2":5,"p3":6,"p4":7,"p5":8,"p6":9,"p7":10,"p8":12}},"spline2":{"closed":false,"numPoints":31,"points":{"p0":9,"p1":11,"p2":12,"p3":13,"p4":14,"p5":15,"p6":16,"p7":17,"p8":18,"p9":19,"p10":20,"p11":21,"p12":22,"p13":23,"p14":24,"p15":25,"p16":26,"p17":27,"p18":28,"p19":29,"p20":30,"p21":31,"p22":32,"p23":33,"p24":34,"p25":35,"p26":36,"p27":37,"p28":38,"p29":39,"p30":0}},"spline3":{"closed":false,"numPoints":2,"points":{"p0":20,"p1":35}},