{"name":"intro02","pointCount":8,"p0":{"x":-0.0435078144073486,"y":1.14251482486725,"z":-1.19209289550781E-07,"tension":0,"bias":0,"continuity":0,"index":0,"pointType":5,"word":"follow the line","collect":false,"text":{"x":-0.16961407661438,"y":1.27295398712158,"z":-1.19209289550781E-07,"font":0,"fontSize":48}},"p1":{"x":0.18596887588501,"y":-0.107144832611084,"z":-1.19209289550781E-07,"tension":-0.438987851142883,"bias":0.31802436709404,"continuity":0,"index":1,"pointType":2,"word":"","collect":false,"text":{"x":0.68596887588501,"y":-0.107144832611084,"z":-1.19209289550781E-07,"font":0,"fontSize":48}},"p2":{"x":1.14732694625854,"y":-0.472515344619751,"z":-1.19209289550781E-07,"tension":1,"bias":0.0133177917450666,"continuity":0,"index":2,"pointType":2,"word":"","collect":false,"text":{"x":1.64732694625854,"y":-0.472515344619751,"z":-1.19209289550781E-07,"font":0,"fontSize":48}},"p3":{"x":-0.0487613677978516,"y":0.706355571746826,"z":-1.19209289550781E-07,"tension":-0.156230330467224,"bias":1,"continuity":0,"index":3,"pointType":2,"word":"","collect":false,"text":{"x":0.451238632202148,"y":0.706355571746826,"z":-1.19209289550781E-07,"font":0,"fontSize":48}},"p4":{"x":2.00362777709961,"y":-0.853656053543091,"z":-1.19209289550781E-07,"tension":-0.750451147556305,"bias":-0.0343973971903324,"continuity":0,"index":4,"pointType":2,"word":"","collect":false,"text":{"x":2.50362777709961,"y":-0.853656053543091,"z":-1.19209289550781E-07,"font":0,"fontSize":48}},"p5":{"x":1.83626985549927,"y":-1.78777122497559,"z":-1.19209289550781E-07,"tension":-0.560928881168365,"bias":0.0023100390098989,"continuity":0,"index":5,"pointType":2,"word":"","collect":false,"text":{"x":2.33626985549927,"y":-1.78777122497559,"z":-1.19209289550781E-07,"font":0,"fontSize":48}},"p6":{"x":0.658222675323486,"y":-2.04169034957886,"z":-1.19209289550781E-07,"tension":-0.787237405776978,"bias":0,"continuity":0,"index":6,"pointType":2,"word":"","collect":false,"text":{"x":1.15822267532349,"y":-2.04169034957886,"z":-1.19209289550781E-07,"font":0,"fontSize":48}},"p7":{"x":0.769506454467773,"y":-1.04284000396729,"z":-1.19209289550781E-07,"tension":0,"bias":0,"continuity":0,"index":7,"pointType":6,"word":"","collect":false,"text":{"x":1.26950645446777,"y":-1.04284000396729,"z":-1.19209289550781E-07,"font":0,"fontSize":48}},"splineCount":1,"unlockType":1,"speed":0,"acceleration":0,"maxSpeed":3,"time":0,"laps":0,"startSpeed":0,"text":"","title":"intro02","forceOrder":false,"camera":{"lockX":false,"lockY":false,"lockZ":false,"x":0.977433204650879,"y":-0.449587762355804,"z":-1.19209289550781E-07,"setPos":false,"fov":40},"spline0":{"order":0,"closed":false,"numPoints":8,"type":0,"lineTexture":0,"lineWidth":1,"bidirectional":false,"speed":0,"points":{"p0":0,"p1":3,"p2":1,"p3":2,"p4":4,"p5":5,"p6":6,"p7":7}}}