{"name":"Intro2","pointCount":21,"p0":{"x":-0.0725202038884163,"y":1.4742636680603,"z":-1.19209289550781E-07,"tension":0,"bias":0,"continuity":0,"index":0,"pointType":5,"word":"rule 1.","text":{"x":0.0801174268126488,"y":1.47502303123474,"z":-1.19209289550781E-07,"font":2,"fontSize":108}},"p1":{"x":-0.0717886388301849,"y":0.412798225879669,"z":-1.19209289550781E-07,"tension":1,"bias":-0.436000794172287,"continuity":0,"index":1,"pointType":0,"word":"stop","text":{"x":-0.00290939211845398,"y":0.719755947589874,"z":-1.19209289550781E-07,"font":0,"fontSize":364}},"p2":{"x":-0.30201318860054,"y":-0.0271944999694824,"z":-1.19209289550781E-07,"tension":1,"bias":0,"continuity":0,"index":2,"pointType":0,"word":"","text":{"x":0.19798681139946,"y":-0.0271944999694824,"z":-1.19209289550781E-07,"font":0,"fontSize":48}},"p3":{"x":-0.302864611148834,"y":0.541262567043304,"z":-1.19209289550781E-07,"tension":1,"bias":0,"continuity":0,"index":3,"pointType":0,"word":"","text":{"x":0.197135388851166,"y":0.541262567043304,"z":-1.19209289550781E-07,"font":0,"fontSize":48}},"p4":{"x":0.0972493216395378,"y":0.278398871421814,"z":-1.19209289550781E-07,"tension":1,"bias":0,"continuity":0,"index":4,"pointType":2,"word":"","text":{"x":0.597249329090118,"y":0.278398871421814,"z":-1.19209289550781E-07,"font":0,"fontSize":48}},"p5":{"x":-0.097641684114933,"y":0.119344785809517,"z":-1.19209289550781E-07,"tension":1,"bias":0,"continuity":0,"index":5,"pointType":2,"word":"","text":{"x":0.402358323335648,"y":0.119344785809517,"z":-1.19209289550781E-07,"font":0,"fontSize":48}},"p6":{"x":0.11424121260643,"y":-0.00716069340705872,"z":-1.19209289550781E-07,"tension":1,"bias":0,"continuity":0,"index":6,"pointType":0,"word":"","text":{"x":0.614241242408752,"y":-0.00716069340705872,"z":-1.19209289550781E-07,"font":0,"fontSize":48}},"p7":{"x":0.258439004421234,"y":0.321329414844513,"z":-1.19209289550781E-07,"tension":1,"bias":0,"continuity":0,"index":7,"pointType":0,"word":"","text":{"x":0.758439004421234,"y":0.321329414844513,"z":-1.19209289550781E-07,"font":0,"fontSize":48}},"p8":{"x":0.142433047294617,"y":0.490131676197052,"z":-1.19209289550781E-07,"tension":1,"bias":0,"continuity":0,"index":8,"pointType":2,"word":"","text":{"x":0.642433047294617,"y":0.490131676197052,"z":-1.19209289550781E-07,"font":0,"fontSize":48}},"p9":{"x":-0.126490890979767,"y":0.294732660055161,"z":-1.19209289550781E-07,"tension":1,"bias":0,"continuity":0,"index":9,"pointType":2,"word":"","text":{"x":0.373509109020233,"y":0.294732660055161,"z":-1.19209289550781E-07,"font":0,"fontSize":48}},"p10":{"x":0.160115450620651,"y":-0.0748499259352684,"z":-1.19209289550781E-07,"tension":-1,"bias":-0.196170568466187,"continuity":0,"index":10,"pointType":2,"word":"","text":{"x":0.660115480422974,"y":-0.0748499259352684,"z":-1.19209289550781E-07,"font":0,"fontSize":48}},"p11":{"x":-0.354530900716782,"y":0.110853165388107,"z":-1.19209289550781E-07,"tension":-1,"bias":0.0483618415892124,"continuity":0,"index":11,"pointType":2,"word":"","text":{"x":0.145469099283218,"y":0.110853165388107,"z":-1.19209289550781E-07,"font":0,"fontSize":48}},"p12":{"x":-0.350833564996719,"y":-0.197244182229042,"z":-1.19209289550781E-07,"tension":0,"bias":0,"continuity":0,"index":12,"pointType":2,"word":"","text":{"x":0.149166435003281,"y":-0.197244182229042,"z":-1.19209289550781E-07,"font":0,"fontSize":48}},"p13":{"x":0.267174482345581,"y":0.21716246008873,"z":-1.19209289550781E-07,"tension":-0.999994993209839,"bias":-0.0605621486902237,"continuity":0,"index":13,"pointType":2,"word":"","text":{"x":0.767174482345581,"y":0.21716246008873,"z":-1.19209289550781E-07,"font":0,"fontSize":48}},"p14":{"x":0.411856681108475,"y":0.458156645298004,"z":-1.19209289550781E-07,"tension":-1,"bias":-0.0936084985733032,"continuity":0,"index":14,"pointType":2,"word":"","text":{"x":0.911856651306152,"y":0.458156645298004,"z":-1.19209289550781E-07,"font":0,"fontSize":48}},"p15":{"x":0.137912392616272,"y":0.375065803527832,"z":-1.19209289550781E-07,"tension":0,"bias":0,"continuity":0,"index":15,"pointType":2,"word":"","text":{"x":0.637912392616272,"y":0.375065803527832,"z":-1.19209289550781E-07,"font":0,"fontSize":48}},"p16":{"x":-0.399830311536789,"y":0.582022428512573,"z":-1.19209289550781E-07,"tension":-0.927596509456635,"bias":-0.0268088448792696,"continuity":0,"index":16,"pointType":2,"word":"","text":{"x":0.100169688463211,"y":0.582022428512573,"z":-1.19209289550781E-07,"font":0,"fontSize":48}},"p17":{"x":-0.0623088106513023,"y":0.0152244567871094,"z":-1.19209289550781E-07,"tension":0.0483107306063175,"bias":-0.278298020362854,"continuity":0,"index":17,"pointType":2,"word":"","text":{"x":0.437691181898117,"y":0.0152244567871094,"z":-1.19209289550781E-07,"font":0,"fontSize":48}},"p18":{"x":-0.0424340516328812,"y":-0.306012243032455,"z":-1.19209289550781E-07,"tension":0,"bias":0,"continuity":0,"index":18,"pointType":6,"word":"","text":{"x":0.45756596326828,"y":-0.306012243032455,"z":-1.19209289550781E-07,"font":0,"fontSize":48}},"p19":{"x":-0.0679870992898941,"y":0.919986546039581,"z":-1.19209289550781E-07,"tension":0,"bias":0,"continuity":0,"index":19,"pointType":2,"word":"don't","text":{"x":-0.00145828723907471,"y":1.03812766075134,"z":-1.19209289550781E-07,"font":0,"fontSize":364}},"p20":{"x":-0.0673506557941437,"y":1.31642544269562,"z":-1.19209289550781E-07,"tension":0,"bias":0,"continuity":0,"index":20,"pointType":2,"word":"------","text":{"x":0.0801174342632294,"y":1.41244602203369,"z":-1.19209289550781E-07,"font":1,"fontSize":108}},"fixedCamera":true,"fov":53,"splineCount":1,"spline0":{"closed":false,"numPoints":21,"lineTexture":0,"points":{"p0":0,"p1":20,"p2":19,"p3":1,"p4":2,"p5":3,"p6":4,"p7":5,"p8":6,"p9":7,"p10":8,"p11":9,"p12":10,"p13":11,"p14":12,"p15":13,"p16":14,"p17":15,"p18":16,"p19":17,"p20":18}}}