{"name":"line5","pointCount":21,"p0":{"x":-0.056505411863327,"y":1.18874669075012,"z":0.0339426286518574,"tension":0,"bias":0,"continuity":0,"index":0,"pointType":0,"word":"shape","text":{"x":0.336772680282593,"y":2.32220244407654,"z":-0.0530743561685085,"font":4,"fontSize":316}},"p1":{"x":0.234569191932678,"y":1.47544169425964,"z":-0.0530743598937988,"tension":0,"bias":0,"continuity":0,"index":1,"pointType":0,"word":"of","text":{"x":1.63944613933563,"y":2.25380706787109,"z":-0.0530755519866943,"font":3,"fontSize":162}},"p2":{"x":0.0138082802295685,"y":0.701917707920074,"z":-0.0530743598937988,"tension":0,"bias":0,"continuity":0,"index":2,"pointType":5,"word":"","text":{"x":0.513808250427246,"y":0.701917707920074,"z":-0.0530743598937988,"font":0,"fontSize":48}},"p3":{"x":1.04627430438995,"y":1.69737792015076,"z":-0.0530743598937988,"tension":0,"bias":0,"continuity":0,"index":3,"pointType":0,"word":"least","text":{"x":2.10585713386536,"y":2.31740808486938,"z":-0.0530755519866943,"font":3,"fontSize":363}},"p4":{"x":1.72599172592163,"y":1.24000859260559,"z":-0.0530743598937988,"tension":0,"bias":0,"continuity":0,"index":4,"pointType":0,"word":"resistance","text":{"x":3.3354868888855,"y":2.30680799484253,"z":-0.0530755519866943,"font":3,"fontSize":364}},"p5":{"x":2.29666113853455,"y":0.218559265136719,"z":-0.0530755519866943,"tension":0,"bias":0,"continuity":0,"index":5,"pointType":0,"word":"","text":{"x":2.79666113853455,"y":0.218559265136719,"z":-0.0530755519866943,"font":0,"fontSize":48}},"p6":{"x":2.31786179542542,"y":-0.979269623756409,"z":-0.0530755519866943,"tension":0,"bias":0,"continuity":0,"index":6,"pointType":0,"word":"","text":{"x":2.81786179542542,"y":-0.979269623756409,"z":-0.0530755519866943,"font":0,"fontSize":48}},"p7":{"x":3.35534930229187,"y":-1.44376909732819,"z":-0.0868755504488945,"tension":0,"bias":0,"continuity":0,"index":7,"pointType":0,"word":"","text":{"x":3.85534930229187,"y":-1.44376909732819,"z":-0.0868755504488945,"font":0,"fontSize":48}},"p8":{"x":5.12099313735962,"y":-0.584147453308105,"z":0.209353730082512,"tension":0,"bias":0,"continuity":0,"index":8,"pointType":0,"word":"","text":{"x":5.62099313735962,"y":-0.584147453308105,"z":0.209353730082512,"font":0,"fontSize":48}},"p9":{"x":2.70197939872742,"y":1.52034282684326,"z":0.300542652606964,"tension":0,"bias":0,"continuity":0,"index":9,"pointType":0,"word":"","text":{"x":3.20197939872742,"y":1.52034282684326,"z":0.300542652606964,"font":0,"fontSize":48}},"p10":{"x":1.17476344108582,"y":0.183896899223328,"z":0.55929172039032,"tension":0,"bias":0,"continuity":0,"index":10,"pointType":0,"word":"","text":{"x":1.67476344108582,"y":0.183896899223328,"z":0.55929172039032,"font":0,"fontSize":48}},"p11":{"x":1.86541986465454,"y":-2.49171376228333,"z":1.29280543327332,"tension":0,"bias":0,"continuity":0,"index":11,"pointType":0,"word":"","text":{"x":2.36541986465454,"y":-2.49171376228333,"z":1.29280543327332,"font":0,"fontSize":48}},"p12":{"x":3.64052081108093,"y":-5.00663089752197,"z":1.52123296260834,"tension":0,"bias":0,"continuity":0,"index":12,"pointType":0,"word":"","text":{"x":4.14052104949951,"y":-5.00663089752197,"z":1.52123296260834,"font":0,"fontSize":48}},"p13":{"x":6.38840055465698,"y":-4.03781223297119,"z":1.27956795692444,"tension":0,"bias":0,"continuity":0,"index":13,"pointType":0,"word":"","text":{"x":6.88840055465698,"y":-4.03781223297119,"z":1.27956795692444,"font":0,"fontSize":48}},"p14":{"x":5.79238319396973,"y":-2.6215615272522,"z":1.52123296260834,"tension":0,"bias":0,"continuity":0,"index":14,"pointType":0,"word":"","text":{"x":6.29238319396973,"y":-2.6215615272522,"z":1.52123296260834,"font":0,"fontSize":48}},"p15":{"x":3.47091507911682,"y":-2.31415224075317,"z":1.52123296260834,"tension":0,"bias":0,"continuity":0,"index":15,"pointType":0,"word":"","text":{"x":3.97091507911682,"y":-2.31415224075317,"z":1.52123296260834,"font":0,"fontSize":48}},"p16":{"x":2.02927303314209,"y":-4.07380390167236,"z":1.52123296260834,"tension":0,"bias":0,"continuity":0,"index":16,"pointType":0,"word":"","text":{"x":2.52927303314209,"y":-4.07380390167236,"z":1.52123296260834,"font":0,"fontSize":48}},"p17":{"x":3.48151540756226,"y":-6.43767261505127,"z":1.52123296260834,"tension":0,"bias":0,"continuity":0,"index":17,"pointType":0,"word":"","text":{"x":3.98151540756226,"y":-6.43767261505127,"z":1.52123296260834,"font":0,"fontSize":48}},"p18":{"x":6.35419893264771,"y":-5.93945789337158,"z":1.52123296260834,"tension":0,"bias":0,"continuity":0,"index":18,"pointType":0,"word":"","text":{"x":6.85419893264771,"y":-5.93945789337158,"z":1.52123296260834,"font":0,"fontSize":48}},"p19":{"x":5.90898656845093,"y":-3.6391909122467,"z":1.52123296260834,"tension":0,"bias":0,"continuity":0,"index":19,"pointType":0,"word":"","text":{"x":6.40898656845093,"y":-3.6391909122467,"z":1.52123296260834,"font":0,"fontSize":48}},"p20":{"x":3.92672896385193,"y":-3.26818037033081,"z":1.52123296260834,"tension":0,"bias":0,"continuity":0,"index":20,"pointType":6,"word":"","text":{"x":4.42672920227051,"y":-3.26818037033081,"z":1.52123296260834,"font":0,"fontSize":48}},"fixedCamera":false,"fov":101,"splineCount":1,"unlockType":0,"score":1,"spline0":{"closed":false,"numPoints":21,"lineTexture":0,"points":{"p0":2,"p1":0,"p2":1,"p3":3,"p4":4,"p5":5,"p6":6,"p7":7,"p8":8,"p9":9,"p10":10,"p11":11,"p12":12,"p13":13,"p14":14,"p15":15,"p16":16,"p17":17,"p18":18,"p19":19,"p20":20}}}