{"name":"playground","pointCount":19,"p0":{"x":-0.0286782030016184,"y":0.385177999734879,"z":-1.19209289550781E-07,"tension":1,"bias":0,"continuity":0,"index":0,"pointType":5,"word":"","text":{"x":0.471321791410446,"y":0.385177999734879,"z":-1.19209289550781E-07,"font":0,"fontSize":48}},"p1":{"x":0.392329454421997,"y":0.146271616220474,"z":-1.19209289550781E-07,"tension":-0.757714748382568,"bias":0.120296843349934,"continuity":0,"index":1,"pointType":0,"word":"","text":{"x":0.892329454421997,"y":0.146271616220474,"z":-1.19209289550781E-07,"font":0,"fontSize":48}},"p2":{"x":0.366477012634277,"y":-0.634513974189758,"z":-1.19209289550781E-07,"tension":-0.210968777537346,"bias":-0.149873003363609,"continuity":0,"index":2,"pointType":0,"word":"","text":{"x":0.866477012634277,"y":-0.634513974189758,"z":-1.19209289550781E-07,"font":0,"fontSize":48}},"p3":{"x":0.0447643250226974,"y":-1.45335853099823,"z":-1.19209289550781E-07,"tension":0,"bias":0,"continuity":0,"index":3,"pointType":0,"word":"","text":{"x":0.544764339923859,"y":-1.45335853099823,"z":-1.19209289550781E-07,"font":0,"fontSize":48}},"p4":{"x":1.04586613178253,"y":-2.0725564956665,"z":-1.19209289550781E-07,"tension":0,"bias":0,"continuity":0,"index":4,"pointType":0,"word":"","text":{"x":1.54586613178253,"y":-2.0725564956665,"z":-1.19209289550781E-07,"font":0,"fontSize":48}},"p5":{"x":2.68243265151978,"y":-3.07022833824158,"z":-1.19209289550781E-07,"tension":0,"bias":0,"continuity":0,"index":5,"pointType":1,"word":"","text":{"x":3.18243265151978,"y":-3.07022833824158,"z":-1.19209289550781E-07,"font":0,"fontSize":48}},"p6":{"x":1.51694858074188,"y":-2.73394823074341,"z":-1.19209289550781E-07,"tension":0,"bias":0,"continuity":0,"index":6,"pointType":0,"word":"","text":{"x":2.01694869995117,"y":-2.73394823074341,"z":-1.19209289550781E-07,"font":0,"fontSize":48}},"p7":{"x":0.64921510219574,"y":-3.51453423500061,"z":-1.19209289550781E-07,"tension":0,"bias":0,"continuity":0,"index":7,"pointType":0,"word":"","text":{"x":1.14921510219574,"y":-3.51453423500061,"z":-1.19209289550781E-07,"font":0,"fontSize":48}},"p8":{"x":-0.379727154970169,"y":-3.34999370574951,"z":-1.19209289550781E-07,"tension":0,"bias":0,"continuity":0,"index":8,"pointType":0,"word":"","text":{"x":0.120272845029831,"y":-3.34999370574951,"z":-1.19209289550781E-07,"font":0,"fontSize":48}},"p9":{"x":-0.593284785747528,"y":-1.54283118247986,"z":-1.19209289550781E-07,"tension":0,"bias":0,"continuity":0,"index":9,"pointType":1,"word":"","text":{"x":-0.0932847857475281,"y":-1.54283118247986,"z":-1.19209289550781E-07,"font":0,"fontSize":48}},"p10":{"x":2.14185333251953,"y":-3.40824794769287,"z":-1.19209289550781E-07,"tension":0,"bias":0,"continuity":0,"index":10,"pointType":0,"word":"","text":{"x":2.64185333251953,"y":-3.40824794769287,"z":-1.19209289550781E-07,"font":0,"fontSize":48}},"p11":{"x":3.5645534992218,"y":-2.54613423347473,"z":-1.19209289550781E-07,"tension":0,"bias":0,"continuity":0,"index":11,"pointType":0,"word":"","text":{"x":4.06455326080322,"y":-2.54613423347473,"z":-1.19209289550781E-07,"font":0,"fontSize":48}},"p12":{"x":4.41817474365234,"y":-2.28034830093384,"z":-1.19209289550781E-07,"tension":0,"bias":0,"continuity":0,"index":12,"pointType":2,"word":"","text":{"x":4.91817474365234,"y":-2.28034830093384,"z":-1.19209289550781E-07,"font":0,"fontSize":48}},"p13":{"x":-0.65632951259613,"y":0.321640491485596,"z":-1.19209289550781E-07,"tension":0,"bias":0,"continuity":0,"index":13,"pointType":6,"word":"","text":{"x":-0.15632951259613,"y":0.321640491485596,"z":-1.19209289550781E-07,"font":0,"fontSize":48}},"p14":{"x":-0.158277690410614,"y":-0.476458072662354,"z":-1.19209289550781E-07,"tension":0,"bias":0,"continuity":0,"index":14,"pointType":2,"word":"","text":{"x":0.341722309589386,"y":-0.476458072662354,"z":-1.19209289550781E-07,"font":0,"fontSize":48}},"p15":{"x":4.39002752304077,"y":-1.08221554756165,"z":-1.19209289550781E-07,"tension":0,"bias":0,"continuity":0,"index":15,"pointType":2,"word":"","text":{"x":4.89002752304077,"y":-1.08221554756165,"z":-1.19209289550781E-07,"font":0,"fontSize":48}},"p16":{"x":3.01125073432922,"y":-0.532740116119385,"z":-1.19209289550781E-07,"tension":0,"bias":0,"continuity":0,"index":16,"pointType":2,"word":"","text":{"x":3.51125073432922,"y":-0.532740116119385,"z":-1.19209289550781E-07,"font":0,"fontSize":48}},"p17":{"x":2.05475640296936,"y":-0.751512765884399,"z":-1.19209289550781E-07,"tension":0,"bias":0,"continuity":0,"index":17,"pointType":2,"word":"","text":{"x":2.55475640296936,"y":-0.751512765884399,"z":-1.19209289550781E-07,"font":0,"fontSize":48}},"p18":{"x":1.1491391658783,"y":-1.69274377822876,"z":-1.19209289550781E-07,"tension":0,"bias":0,"continuity":0,"index":18,"pointType":0,"word":"","text":{"x":1.6491391658783,"y":-1.69274377822876,"z":-1.19209289550781E-07,"font":0,"fontSize":48}},"splineCount":5,"spline0":{"closed":false,"numPoints":5,"lineTexture":0,"points":{"p0":0,"p1":1,"p2":2,"p3":3,"p4":4}},"spline1":{"closed":false,"numPoints":2,"lineTexture":3,"points":{"p0":4,"p1":6}},"spline2":{"closed":false,"numPoints":4,"lineTexture":0,"points":{"p0":6,"p1":7,"p2":8,"p3":9}},"spline3":{"closed":false,"numPoints":3,"lineTexture":3,"points":{"p0":6,"p1":10,"p2":5}},"spline4":{"closed":false,"numPoints":7,"lineTexture":0,"points":{"p0":11,"p1":12,"p2":15,"p3":16,"p4":17,"p5":18,"p6":4}}}