{"name":"Sprial","pointCount":22,"p0":{"x":-0.046509712934494,"y":0.00894429814070463,"z":-1.19209289550781E-07,"tension":0,"bias":0,"continuity":0,"index":0,"pointType":2,"word":"","text":{"x":0,"y":0,"z":0,"font":0,"fontSize":0}},"p1":{"x":-0.143103212118149,"y":-0.112696640193462,"z":-1.19209289550781E-07,"tension":0,"bias":0,"continuity":0,"index":1,"pointType":5,"word":"","text":{"x":0,"y":0,"z":0,"font":0,"fontSize":0}},"p2":{"x":-0.0429309792816639,"y":-0.245066195726395,"z":-1.19209289550781E-07,"tension":0,"bias":0,"continuity":0,"index":2,"pointType":2,"word":"","text":{"x":0,"y":0,"z":0,"font":0,"fontSize":0}},"p3":{"x":0.153837606310844,"y":-0.22360061109066,"z":-1.19209289550781E-07,"tension":0,"bias":0,"continuity":0,"index":3,"pointType":2,"word":"","text":{"x":0,"y":0,"z":0,"font":0,"fontSize":0}},"p4":{"x":0.232544660568237,"y":-0.0304094590246677,"z":-1.19209289550781E-07,"tension":0,"bias":0,"continuity":0,"index":4,"pointType":2,"word":"","text":{"x":0,"y":0,"z":0,"font":0,"fontSize":0}},"p5":{"x":0.0894395634531975,"y":0.194979727268219,"z":-1.19209289550781E-07,"tension":0,"bias":0,"continuity":0,"index":5,"pointType":2,"word":"","text":{"x":0,"y":0,"z":0,"font":0,"fontSize":0}},"p6":{"x":-0.168149545788765,"y":0.194981306791306,"z":-1.19209289550781E-07,"tension":0,"bias":0,"continuity":0,"index":6,"pointType":2,"word":"","text":{"x":0,"y":0,"z":0,"font":0,"fontSize":0}},"p7":{"x":-0.350601553916931,"y":-0.0840801447629929,"z":-1.19209289550781E-07,"tension":0,"bias":0,"continuity":0,"index":7,"pointType":2,"word":"","text":{"x":0,"y":0,"z":0,"font":0,"fontSize":0}},"p8":{"x":-0.182456940412521,"y":-0.359550029039383,"z":-1.19209289550781E-07,"tension":0,"bias":0,"continuity":0,"index":8,"pointType":2,"word":"","text":{"x":0,"y":0,"z":0,"font":0,"fontSize":0}},"p9":{"x":0.282631516456604,"y":-0.334506809711456,"z":-1.19209289550781E-07,"tension":0,"bias":0,"continuity":0,"index":9,"pointType":2,"word":"","text":{"x":0,"y":0,"z":0,"font":0,"fontSize":0}},"p10":{"x":0.4078548848629,"y":0.0876577571034431,"z":-1.19209289550781E-07,"tension":0,"bias":0,"continuity":0,"index":10,"pointType":2,"word":"","text":{"x":0,"y":0,"z":0,"font":0,"fontSize":0}},"p11":{"x":0.04293118044734,"y":0.413213908672333,"z":-1.19209289550781E-07,"tension":0,"bias":0,"continuity":0,"index":11,"pointType":2,"word":"","text":{"x":0,"y":0,"z":0,"font":0,"fontSize":0}},"p12":{"x":-0.443623632192612,"y":0.245064854621887,"z":-1.19209289550781E-07,"tension":0,"bias":0,"continuity":0,"index":12,"pointType":2,"word":"","text":{"x":0,"y":0,"z":0,"font":0,"fontSize":0}},"p13":{"x":-0.511606335639954,"y":-0.320207417011261,"z":-1.19209289550781E-07,"tension":0,"bias":0,"continuity":0,"index":13,"pointType":2,"word":"","text":{"x":0,"y":0,"z":0,"font":0,"fontSize":0}},"p14":{"x":0.128794312477112,"y":-0.660069704055786,"z":-1.19209289550781E-07,"tension":0,"bias":0,"continuity":0,"index":14,"pointType":2,"word":"","text":{"x":0,"y":0,"z":0,"font":0,"fontSize":0}},"p15":{"x":0.661899626255035,"y":-0.194968417286873,"z":-1.19209289550781E-07,"tension":0,"bias":0,"continuity":0,"index":15,"pointType":2,"word":"","text":{"x":0,"y":0,"z":0,"font":0,"fontSize":0}},"p16":{"x":0.321982532739639,"y":0.595672905445099,"z":-1.19209289550781E-07,"tension":0,"bias":0,"continuity":0,"index":16,"pointType":2,"word":"","text":{"x":0,"y":0,"z":0,"font":0,"fontSize":0}},"p17":{"x":-0.647625029087067,"y":0.534834325313568,"z":-1.19209289550781E-07,"tension":0,"bias":0,"continuity":0,"index":17,"pointType":2,"word":"","text":{"x":0,"y":0,"z":0,"font":0,"fontSize":0}},"p18":{"x":-0.837155401706696,"y":-0.538431286811829,"z":-1.19209289550781E-07,"tension":0,"bias":0,"continuity":0,"index":18,"pointType":2,"word":"","text":{"x":0,"y":0,"z":0,"font":0,"fontSize":0}},"p19":{"x":0.0858626291155815,"y":-0.88545835018158,"z":-1.19209289550781E-07,"tension":0,"bias":0,"continuity":0,"index":19,"pointType":2,"word":"","text":{"x":0,"y":0,"z":0,"font":0,"fontSize":0}},"p20":{"x":0.6403928399086,"y":-0.738771498203278,"z":-1.19209289550781E-07,"tension":0,"bias":0,"continuity":0,"index":20,"pointType":2,"word":"","text":{"x":0,"y":0,"z":0,"font":0,"fontSize":0}},"p21":{"x":0.468664258718491,"y":-0.166357725858688,"z":-1.19209289550781E-07,"tension":0,"bias":0,"continuity":0,"index":21,"pointType":2,"word":"","text":{"x":0,"y":0,"z":0,"font":0,"fontSize":0}},"fixedCamera":false,"fov":40,"splineCount":1,"unlockType":0,"score":1,"spline0":{"closed":true,"numPoints":22,"lineTexture":0,"points":{"p0":0,"p1":1,"p2":2,"p3":3,"p4":4,"p5":5,"p6":6,"p7":7,"p8":8,"p9":9,"p10":10,"p11":11,"p12":12,"p13":13,"p14":14,"p15":15,"p16":16,"p17":17,"p18":18,"p19":19,"p20":20,"p21":21}}}