{"name":"Tutorial","pointCount":25,"p0":{"x":-2.55830121040344,"y":1.36908268928528,"z":-1.19209289550781E-07,"tension":0,"bias":0,"continuity":0,"index":0,"pointType":2},"p1":{"x":-2.54018759727478,"y":1.04933547973633,"z":-1.19209289550781E-07,"tension":0,"bias":0,"continuity":0,"index":1,"pointType":2},"p2":{"x":-2.37716722488403,"y":0.676246166229248,"z":-1.19209289550781E-07,"tension":0,"bias":0,"continuity":0,"index":2,"pointType":2},"p3":{"x":-2.58512020111084,"y":0.35429459810257,"z":-1.19209289550781E-07,"tension":0,"bias":0,"continuity":0,"index":3,"pointType":2},"p4":{"x":-2.61644077301025,"y":-0.127239152789116,"z":-1.19209289550781E-07,"tension":1,"bias":0,"continuity":0,"index":4,"pointType":2},"p5":{"x":-2.62502312660217,"y":-0.452599287033081,"z":-1.19209289550781E-07,"tension":1,"bias":0,"continuity":0,"index":5,"pointType":3},"p6":{"x":-2.17717981338501,"y":-0.463219314813614,"z":-1.19209289550781E-07,"tension":1,"bias":0,"continuity":0,"index":6,"pointType":2},"p7":{"x":-2.16385936737061,"y":-0.946489691734314,"z":-1.19209289550781E-07,"tension":1,"bias":0,"continuity":0,"index":7,"pointType":2},"p8":{"x":-2.61090302467346,"y":-0.946578025817871,"z":-1.19209289550781E-07,"tension":1,"bias":0,"continuity":0,"index":8,"pointType":2},"p9":{"x":-2.61763048171997,"y":-0.712621986865997,"z":-1.19209289550781E-07,"tension":1,"bias":0,"continuity":0,"index":9,"pointType":0},"p10":{"x":-2.06932830810547,"y":-0.709426879882813,"z":-1.19209289550781E-07,"tension":0,"bias":0,"continuity":0,"index":10,"pointType":2},"p11":{"x":-1.47429656982422,"y":-0.709181666374207,"z":-1.19209289550781E-07,"tension":0,"bias":0,"continuity":0,"index":11,"pointType":1},"p12":{"x":-0.860263824462891,"y":-0.686925828456879,"z":-1.19209289550781E-07,"tension":0,"bias":0,"continuity":0,"index":12,"pointType":2},"p13":{"x":-0.592137634754181,"y":-0.402003467082977,"z":-1.19209289550781E-07,"tension":1,"bias":0,"continuity":0,"index":13,"pointType":2},"p14":{"x":-0.599435687065125,"y":-0.964597463607788,"z":-1.19209289550781E-07,"tension":0,"bias":0,"continuity":0,"index":14,"pointType":2},"p15":{"x":-0.332911312580109,"y":-0.715894162654877,"z":-1.19209289550781E-07,"tension":0,"bias":0,"continuity":0,"index":15,"pointType":3},"p16":{"x":0.301386117935181,"y":-0.740509569644928,"z":-1.19209289550781E-07,"tension":0.500967919826508,"bias":0.262900769710541,"continuity":0,"index":16,"pointType":2},"p17":{"x":0.293531745672226,"y":-0.235160157084465,"z":-1.19209289550781E-07,"tension":0,"bias":0,"continuity":0,"index":17,"pointType":1},"p18":{"x":-1.01244628429413,"y":-0.00224967487156391,"z":-1.19209289550781E-07,"tension":0,"bias":0,"continuity":0,"index":18,"pointType":2},"p19":{"x":-1.23517978191376,"y":1.61610770225525,"z":-1.19209289550781E-07,"tension":0,"bias":0,"continuity":0,"index":19,"pointType":3},"p20":{"x":-2.44292807579041,"y":1.67544531822205,"z":-1.19209289550781E-07,"tension":0,"bias":0,"continuity":0,"index":20,"pointType":2},"p21":{"x":0.2300626039505,"y":0.494190454483032,"z":-1.19209289550781E-07,"tension":0,"bias":0,"continuity":0,"index":21,"pointType":0},"p22":{"x":0.100607752799988,"y":0.945432603359222,"z":-1.19209289550781E-07,"tension":0,"bias":0,"continuity":0,"index":22,"pointType":2},"p23":{"x":-0.687216401100159,"y":0.845567584037781,"z":-1.19209289550781E-07,"tension":0,"bias":0,"continuity":0,"index":23,"pointType":2},"p24":{"x":-0.860811412334442,"y":1.19753277301788,"z":-1.19209289550781E-07,"tension":0,"bias":0,"continuity":0,"index":24,"pointType":1},"splineCount":10,"spline0":{"closed":false,"numPoints":6,"points":{"p0":0,"p1":1,"p2":2,"p3":3,"p4":4,"p5":5}},"spline1":{"closed":false,"numPoints":5,"points":{"p0":5,"p1":6,"p2":7,"p3":8,"p4":9}},"spline2":{"closed":false,"numPoints":3,"points":{"p0":9,"p1":10,"p2":11}},"spline3":{"closed":false,"numPoints":2,"points":{"p0":9,"p1":5}},"spline4":{"closed":true,"numPoints":2,"points":{"p0":12,"p1":13}},"spline5":{"closed":false,"numPoints":3,"points":{"p0":12,"p1":14,"p2":15}},"spline6":{"closed":false,"numPoints":3,"points":{"p0":13,"p1":15,"p2":16}},"spline7":{"closed":false,"numPoints":5,"points":{"p0":17,"p1":18,"p2":19,"p3":20,"p4":0}},"spline8":{"closed":false,"numPoints":2,"points":{"p0":16,"p1":17}},"spline9":{"closed":false,"numPoints":4,"points":{"p0":21,"p1":22,"p2":23,"p3":24}}}