{"name":"Untitled","pointCount":12,"p0":{"x":-1.16370010375977,"y":0.248538494110107,"z":0,"tension":0,"bias":0,"continuity":0,"index":0,"pointType":6,"word":"","collect":false,"text":{"x":-0.663700103759766,"y":0.248538494110107,"z":0,"font":0,"fontSize":48}},"p1":{"x":-0.759102582931519,"y":0.664696216583252,"z":0,"tension":0,"bias":0,"continuity":0,"index":1,"pointType":0,"word":"","collect":false,"text":{"x":-0.259102582931519,"y":0.664696216583252,"z":0,"font":0,"fontSize":48}},"p2":{"x":-0.0963332653045654,"y":0.788002252578735,"z":0,"tension":0,"bias":0,"continuity":0,"index":2,"pointType":0,"word":"","collect":false,"text":{"x":0.403666734695435,"y":0.788002252578735,"z":0,"font":0,"fontSize":48}},"p3":{"x":0.581849575042725,"y":0.341017842292786,"z":0,"tension":0,"bias":0,"continuity":0,"index":3,"pointType":1,"word":"","collect":false,"text":{"x":1.08184957504272,"y":0.341017842292786,"z":0,"font":0,"fontSize":48}},"p4":{"x":0.886260986328125,"y":-0.236978530883789,"z":0,"tension":0,"bias":0,"continuity":0,"index":4,"pointType":3,"word":"","collect":false,"text":{"x":1.38626098632813,"y":-0.236978530883789,"z":0,"font":0,"fontSize":48}},"p5":{"x":0.631941318511963,"y":-0.811121940612793,"z":0,"tension":0,"bias":0,"continuity":0,"index":5,"pointType":2,"word":"","collect":false,"text":{"x":1.13194131851196,"y":-0.811121940612793,"z":0,"font":0,"fontSize":48}},"p6":{"x":1.30627155303955,"y":-1.08085441589355,"z":0,"tension":0,"bias":0,"continuity":0,"index":6,"pointType":2,"word":"","collect":false,"text":{"x":1.80627155303955,"y":-1.08085441589355,"z":0,"font":0,"fontSize":48}},"p7":{"x":1.83417510986328,"y":-0.406524181365967,"z":0,"tension":0,"bias":0,"continuity":0,"index":7,"pointType":2,"word":"","collect":false,"text":{"x":2.33417510986328,"y":-0.406524181365967,"z":0,"font":0,"fontSize":48}},"p8":{"x":1.71086883544922,"y":0.225418925285339,"z":0,"tension":0,"bias":0,"continuity":0,"index":8,"pointType":2,"word":"","collect":false,"text":{"x":2.21086883544922,"y":0.225418925285339,"z":0,"font":0,"fontSize":48}},"p9":{"x":1.04424715042114,"y":1.04617416858673,"z":0,"tension":0,"bias":0,"continuity":0,"index":9,"pointType":2,"word":"","collect":false,"text":{"x":1.54424715042114,"y":1.04617416858673,"z":0,"font":0,"fontSize":48}},"p10":{"x":-0.134866237640381,"y":-0.1522057056427,"z":0,"tension":0,"bias":0,"continuity":0,"index":10,"pointType":0,"word":"","collect":false,"text":{"x":0.365133762359619,"y":-0.1522057056427,"z":0,"font":0,"fontSize":48}},"p11":{"x":-0.928648471832275,"y":-0.310191869735718,"z":0,"tension":0,"bias":0,"continuity":0,"index":11,"pointType":0,"word":"","collect":false,"text":{"x":-0.428648471832275,"y":-0.310191869735718,"z":0,"font":0,"fontSize":48}},"splineCount":2,"unlockType":0,"speed":1,"acceleration":0.205773934721947,"maxSpeed":3,"time":1,"laps":6,"startSpeed":0.480535894632339,"text":"","title":"Untitled","forceOrder":false,"camera":{"lockX":true,"lockY":true,"lockZ":false,"x":0.335237503051758,"y":-0.0173401236534119,"z":0,"setPos":false,"fov":60},"spline0":{"order":0,"closed":false,"numPoints":4,"type":0,"lineTexture":0,"lineWidth":1,"bidirectional":true,"speed":0,"points":{"p0":0,"p1":1,"p2":2,"p3":3}},"spline1":{"order":1,"closed":false,"numPoints":9,"type":0,"lineTexture":0,"lineWidth":1,"bidirectional":true,"speed":0,"points":{"p0":4,"p1":5,"p2":6,"p3":7,"p4":8,"p5":9,"p6":10,"p7":11,"p8":0}}}