{"name":"Body2","pointCount":49,"p0":{"x":-2.11112809181213,"y":0.287571310997009,"z":-1.19209289550781E-07,"tension":0.662031292915344,"bias":0.0998342111706734,"continuity":0,"index":0,"pointType":6,"word":"","text":{"x":-1.61112809181213,"y":0.287571310997009,"z":-1.19209289550781E-07,"font":0,"fontSize":48}},"p1":{"x":-1.92652606964111,"y":-0.0622076988220215,"z":-1.19209289550781E-07,"tension":-0.768696904182434,"bias":0.467871963977814,"continuity":0,"index":1,"pointType":2,"word":"","text":{"x":-1.42652606964111,"y":-0.0622076988220215,"z":-1.19209289550781E-07,"font":0,"fontSize":48}},"p2":{"x":-2.09078073501587,"y":0.0287786722183228,"z":-1.19209289550781E-07,"tension":-0.236185297369957,"bias":0.0121855260804296,"continuity":0,"index":2,"pointType":2,"word":"","text":{"x":-1.59078073501587,"y":0.0287786722183228,"z":-1.19209289550781E-07,"font":0,"fontSize":48}},"p3":{"x":-2.26449012756348,"y":-0.0551228523254395,"z":-1.19209289550781E-07,"tension":-0.85274875164032,"bias":0.197579234838486,"continuity":0,"index":3,"pointType":2,"word":"","text":{"x":-1.76449012756348,"y":-0.0551228523254395,"z":-1.19209289550781E-07,"font":0,"fontSize":48}},"p4":{"x":-2.26449060440063,"y":0.172945857048035,"z":-1.19209289550781E-07,"tension":-0.472973227500916,"bias":0.070555604994297,"continuity":0,"index":4,"pointType":2,"word":"","text":{"x":-1.76449060440063,"y":0.172945857048035,"z":-1.19209289550781E-07,"font":0,"fontSize":48}},"p5":{"x":-2.21368002891541,"y":-0.184768199920654,"z":-1.19209289550781E-07,"tension":0,"bias":0,"continuity":0,"index":5,"pointType":1,"word":"","text":{"x":-1.71368002891541,"y":-0.184768199920654,"z":-1.19209289550781E-07,"font":0,"fontSize":48}},"p6":{"x":-2.04280543327332,"y":-0.590627193450928,"z":-1.19209289550781E-07,"tension":0.891041815280914,"bias":-0.100103594362736,"continuity":0,"index":6,"pointType":0,"word":"","text":{"x":-1.54280543327332,"y":-0.590627193450928,"z":-1.19209289550781E-07,"font":0,"fontSize":48}},"p7":{"x":-1.92463839054108,"y":-0.81629467010498,"z":-1.19209289550781E-07,"tension":-0.502844274044037,"bias":0.267130821943283,"continuity":0,"index":7,"pointType":2,"word":"","text":{"x":-1.42463839054108,"y":-0.81629467010498,"z":-1.19209289550781E-07,"font":0,"fontSize":48}},"p8":{"x":-1.83046996593475,"y":-0.669681549072266,"z":-1.19209289550781E-07,"tension":0.196603000164032,"bias":-0.143770858645439,"continuity":0,"index":8,"pointType":2,"word":"","text":{"x":-1.33046996593475,"y":-0.669681549072266,"z":-1.19209289550781E-07,"font":0,"fontSize":48}},"p9":{"x":-2.05205988883972,"y":-0.287163257598877,"z":-1.19209289550781E-07,"tension":-0.74513179063797,"bias":0.0630486607551575,"continuity":0,"index":9,"pointType":2,"word":"","text":{"x":-1.55205988883972,"y":-0.287163257598877,"z":-1.19209289550781E-07,"font":0,"fontSize":48}},"p10":{"x":-1.94571316242218,"y":0.192258238792419,"z":-1.19209289550781E-07,"tension":-0.305873811244965,"bias":0.00329942884854972,"continuity":0,"index":10,"pointType":2,"word":"","text":{"x":-1.44571316242218,"y":0.192258238792419,"z":-1.19209289550781E-07,"font":0,"fontSize":48}},"p11":{"x":-2.20616364479065,"y":-0.783924579620361,"z":-1.19209289550781E-07,"tension":-0.900460839271545,"bias":-0.871056437492371,"continuity":0,"index":11,"pointType":2,"word":"","text":{"x":-1.70616364479065,"y":-0.783924579620361,"z":-1.19209289550781E-07,"font":0,"fontSize":48}},"p12":{"x":-2.30862402915955,"y":-0.599157810211182,"z":-1.19209289550781E-07,"tension":-0.622845232486725,"bias":-0.112222008407116,"continuity":0,"index":12,"pointType":2,"word":"","text":{"x":-1.80862402915955,"y":-0.599157810211182,"z":-1.19209289550781E-07,"font":0,"fontSize":48}},"p13":{"x":-2.00615382194519,"y":-0.706317901611328,"z":-1.19209289550781E-07,"tension":0.0417390204966068,"bias":-0.232571318745613,"continuity":0,"index":13,"pointType":2,"word":"","text":{"x":-1.50615382194519,"y":-0.706317901611328,"z":-1.19209289550781E-07,"font":0,"fontSize":48}},"p14":{"x":-2.09302067756653,"y":-0.523615837097168,"z":-1.19209289550781E-07,"tension":0,"bias":0,"continuity":0,"index":14,"pointType":2,"word":"","text":{"x":-1.59302067756653,"y":-0.523615837097168,"z":-1.19209289550781E-07,"font":0,"fontSize":48}},"p15":{"x":-2.03367114067078,"y":-0.455890655517578,"z":-1.19209289550781E-07,"tension":-0.019999086856842,"bias":0.58000111579895,"continuity":0,"index":15,"pointType":2,"word":"","text":{"x":-1.53367114067078,"y":-0.455890655517578,"z":-1.19209289550781E-07,"font":0,"fontSize":48}},"p16":{"x":-1.92455172538757,"y":-0.654025077819824,"z":-1.19209289550781E-07,"tension":0,"bias":0,"continuity":0,"index":16,"pointType":2,"word":"","text":{"x":-1.42455172538757,"y":-0.654025077819824,"z":-1.19209289550781E-07,"font":0,"fontSize":48}},"p17":{"x":-2.11166834831238,"y":-1.2564754486084,"z":-1.19209289550781E-07,"tension":-0.0180279370397329,"bias":-0.185915559530258,"continuity":0,"index":17,"pointType":0,"word":"","text":{"x":-1.61166834831238,"y":-1.2564754486084,"z":-1.19209289550781E-07,"font":0,"fontSize":48}},"p18":{"x":-2.15280747413635,"y":-1.4838240146637,"z":-1.19209289550781E-07,"tension":0,"bias":0,"continuity":0,"index":18,"pointType":2,"word":"","text":{"x":-1.65280747413635,"y":-1.4838240146637,"z":-1.19209289550781E-07,"font":0,"fontSize":48}},"p19":{"x":-1.80313193798065,"y":-1.68160676956177,"z":-1.19209289550781E-07,"tension":-0.778659820556641,"bias":-0.0645929053425789,"continuity":0,"index":19,"pointType":2,"word":"","text":{"x":-1.30313193798065,"y":-1.68160676956177,"z":-1.19209289550781E-07,"font":0,"fontSize":48}},"p20":{"x":-1.89958155155182,"y":-1.28804397583008,"z":-1.19209289550781E-07,"tension":0,"bias":0,"continuity":0,"index":20,"pointType":2,"word":"","text":{"x":-1.39958155155182,"y":-1.28804397583008,"z":-1.19209289550781E-07,"font":0,"fontSize":48}},"p21":{"x":-2.0569441318512,"y":-1.15178918838501,"z":-1.19209289550781E-07,"tension":-0.0276084840297699,"bias":0.348952114582062,"continuity":0,"index":21,"pointType":2,"word":"","text":{"x":-1.5569441318512,"y":-1.15178918838501,"z":-1.19209289550781E-07,"font":0,"fontSize":48}},"p22":{"x":-2.23558664321899,"y":-1.27589273452759,"z":-1.19209289550781E-07,"tension":0,"bias":0,"continuity":0,"index":22,"pointType":2,"word":"","text":{"x":-1.73558664321899,"y":-1.27589273452759,"z":-1.19209289550781E-07,"font":0,"fontSize":48}},"p23":{"x":-2.34857106208801,"y":-1.66322350502014,"z":-1.19209289550781E-07,"tension":0,"bias":0,"continuity":0,"index":23,"pointType":2,"word":"","text":{"x":-1.84857106208801,"y":-1.66322350502014,"z":-1.19209289550781E-07,"font":0,"fontSize":48}},"p24":{"x":-2.21502757072449,"y":-1.73843002319336,"z":-1.19209289550781E-07,"tension":0,"bias":0,"continuity":0,"index":24,"pointType":2,"word":"","text":{"x":-1.71502757072449,"y":-1.73843002319336,"z":-1.19209289550781E-07,"font":0,"fontSize":48}},"p25":{"x":-2.02334094047546,"y":-1.37829160690308,"z":-1.19209289550781E-07,"tension":0,"bias":0,"continuity":0,"index":25,"pointType":2,"word":"","text":{"x":-1.52334094047546,"y":-1.37829160690308,"z":-1.19209289550781E-07,"font":0,"fontSize":48}},"p26":{"x":-1.85902261734009,"y":-1.79028916358948,"z":-1.19209289550781E-07,"tension":0,"bias":0,"continuity":0,"index":26,"pointType":1,"word":"","text":{"x":-1.35902261734009,"y":-1.79028916358948,"z":-1.19209289550781E-07,"font":0,"fontSize":48}},"p27":{"x":-1.98180997371674,"y":-0.928391933441162,"z":-1.19209289550781E-07,"tension":0,"bias":0,"continuity":0,"index":27,"pointType":1,"word":"","text":{"x":-1.48180997371674,"y":-0.928391933441162,"z":-1.19209289550781E-07,"font":0,"fontSize":48}},"p28":{"x":-1.78215825557709,"y":-2.38703155517578,"z":-1.19209289550781E-07,"tension":-0.100162886083126,"bias":0.0126532157883048,"continuity":0,"index":28,"pointType":0,"word":"","text":{"x":-1.28215825557709,"y":-2.38703155517578,"z":-1.19209289550781E-07,"font":0,"fontSize":48}},"p29":{"x":-1.88748669624329,"y":-2.56675434112549,"z":-1.19209289550781E-07,