{"name":"body4","pointCount":31,"p0":{"x":-2.0414764881134,"y":-0.0243964195251465,"z":-1.19209289550781E-07,"tension":0,"bias":0,"continuity":0,"index":0,"pointType":6,"word":"","text":{"x":-1.5414764881134,"y":-0.0243964195251465,"z":-1.19209289550781E-07,"font":0,"fontSize":48}},"p1":{"x":-2.03939533233643,"y":0.170405149459839,"z":-1.19209289550781E-07,"tension":1,"bias":0,"continuity":0,"index":1,"pointType":0,"word":"","text":{"x":-1.53939533233643,"y":0.170405149459839,"z":-1.19209289550781E-07,"font":0,"fontSize":48}},"p2":{"x":-1.8286120891571,"y":0.308823943138123,"z":-1.19209289550781E-07,"tension":0,"bias":0,"continuity":0,"index":2,"pointType":0,"word":"","text":{"x":-1.3286120891571,"y":0.308823943138123,"z":-1.19209289550781E-07,"font":0,"fontSize":48}},"p3":{"x":-1.79089319705963,"y":0.663826704025269,"z":-1.19209289550781E-07,"tension":1,"bias":0,"continuity":0,"index":3,"pointType":0,"word":"","text":{"x":-1.29089319705963,"y":0.663826704025269,"z":-1.19209289550781E-07,"font":0,"fontSize":48}},"p4":{"x":-1.99501979351044,"y":0.916766762733459,"z":-1.19209289550781E-07,"tension":1,"bias":0,"continuity":0,"index":4,"pointType":0,"word":"","text":{"x":-1.49501979351044,"y":0.916766762733459,"z":-1.19209289550781E-07,"font":0,"fontSize":48}},"p5":{"x":-2.26127171516418,"y":0.918985366821289,"z":-1.19209289550781E-07,"tension":0,"bias":0,"continuity":0,"index":5,"pointType":0,"word":"","text":{"x":-1.76127171516418,"y":0.918985366821289,"z":-1.19209289550781E-07,"font":0,"fontSize":48}},"p6":{"x":-2.38330388069153,"y":0.253355145454407,"z":-1.19209289550781E-07,"tension":0,"bias":0,"continuity":0,"index":6,"pointType":3,"word":"","text":{"x":-1.88330388069153,"y":0.253355145454407,"z":-1.19209289550781E-07,"font":0,"fontSize":48}},"p7":{"x":-2.70946288108826,"y":-0.0994300842285156,"z":-1.19209289550781E-07,"tension":1,"bias":0,"continuity":0,"index":7,"pointType":0,"word":"","text":{"x":-2.20946288108826,"y":-0.0994300842285156,"z":-1.19209289550781E-07,"font":0,"fontSize":48}},"p8":{"x":-2.23686528205872,"y":-0.101648330688477,"z":-1.19209289550781E-07,"tension":1,"bias":0,"continuity":0,"index":8,"pointType":0,"word":"","text":{"x":-1.73686528205872,"y":-0.101648330688477,"z":-1.19209289550781E-07,"font":0,"fontSize":48}},"p9":{"x":-2.22799015045166,"y":-0.0195529460906982,"z":-1.19209289550781E-07,"tension":1,"bias":0,"continuity":0,"index":9,"pointType":0,"word":"","text":{"x":-1.72799015045166,"y":-0.0195529460906982,"z":-1.19209289550781E-07,"font":0,"fontSize":48}},"p10":{"x":-2.70280623435974,"y":0.0248217582702637,"z":-1.19209289550781E-07,"tension":0,"bias":0,"continuity":0,"index":10,"pointType":0,"word":"","text":{"x":-2.20280623435974,"y":0.0248217582702637,"z":-1.19209289550781E-07,"font":0,"fontSize":48}},"p11":{"x":-2.13036417961121,"y":0.286635160446167,"z":-1.19209289550781E-07,"tension":0,"bias":0,"continuity":0,"index":11,"pointType":0,"word":"","text":{"x":-1.63036417961121,"y":0.286635160446167,"z":-1.19209289550781E-07,"font":0,"fontSize":48}},"p12":{"x":-1.71545517444611,"y":-0.0683660507202148,"z":-1.19209289550781E-07,"tension":0,"bias":0,"continuity":0,"index":12,"pointType":0,"word":"","text":{"x":-1.21545517444611,"y":-0.0683660507202148,"z":-1.19209289550781E-07,"font":0,"fontSize":48}},"p13":{"x":-1.32495164871216,"y":-0.114960670471191,"z":-1.19209289550781E-07,"tension":-0.208433389663696,"bias":-0.0817074626684189,"continuity":0,"index":13,"pointType":0,"word":"","text":{"x":-0.824951648712158,"y":-0.114960670471191,"z":-1.19209289550781E-07,"font":0,"fontSize":48}},"p14":{"x":-1.70214080810547,"y":0.013728141784668,"z":-1.19209289550781E-07,"tension":-0.228109255433083,"bias":-0.444374799728394,"continuity":0,"index":14,"pointType":0,"word":"","text":{"x":-1.20214080810547,"y":0.013728141784668,"z":-1.19209289550781E-07,"font":0,"fontSize":48}},"p15":{"x":-2.03717660903931,"y":0.36207377910614,"z":-1.19209289550781E-07,"tension":0,"bias":0,"continuity":0,"index":15,"pointType":0,"word":"","text":{"x":-1.53717660903931,"y":0.36207377910614,"z":-1.19209289550781E-07,"font":0,"fontSize":48}},"p16":{"x":-2.07267642021179,"y":0.597263932228088,"z":-1.19209289550781E-07,"tension":0,"bias":0,"continuity":0,"index":16,"pointType":0,"word":"","text":{"x":-1.57267642021179,"y":0.597263932228088,"z":-1.19209289550781E-07,"font":0,"fontSize":48}},"p17":{"x":-1.93746960163116,"y":1.23407530784607,"z":-1.19209289550781E-07,"tension":0,"bias":0,"continuity":0,"index":17,"pointType":0,"word":"","text":{"x":-1.43746960163116,"y":1.23407530784607,"z":-1.19209289550781E-07,"font":0,"fontSize":48}},"p18":{"x":-1.86108124256134,"y":1.49904704093933,"z":-1.19209289550781E-07,"tension":0,"bias":0,"continuity":0,"index":18,"pointType":0,"word":"","text":{"x":-1.36108124256134,"y":1.49904704093933,"z":-1.19209289550781E-07,"font":0,"fontSize":48}},"p19":{"x":-1.89688873291016,"y":1.77356791496277,"z":-1.19209289550781E-07,"tension":0,"bias":0,"continuity":0,"index":19,"pointType":0,"word":"","text":{"x":-1.39688873291016,"y":1.77356791496277,"z":-1.19209289550781E-07,"font":0,"fontSize":48}},"p20":{"x":-2.03534173965454,"y":2.09344363212585,"z":-1.19209289550781E-07,"tension":0,"bias":0,"continuity":0,"index":20,"pointType":0,"word":"","text":{"x":-1.53534173965454,"y":2.09344363212585,"z":-1.19209289550781E-07,"font":0,"fontSize":48}},"p21":{"x":-2.09740734100342,"y":1.9382803440094,"z":-1.19209289550781E-07,"tension":0,"bias":0,"continuity":0,"index":21,"pointType":0,"word":"","text":{"x":-1.59740734100342,"y":1.9382803440094,"z":-1.19209289550781E-07,"font":0,"fontSize":48}},"p22":{"x":-1.7751442193985,"y":1.09084796905518,"z":-1.19209289550781E-07,"tension":0,"bias":0,"continuity":0,"index":22,"pointType":0,"word":"","text":{"x":-1.2751442193985,"y":1.09084796905518,"z":-1.19209289550781E-07,"font":0,"fontSize":48}},"p23":{"x":-1.69636869430542,"y":0.744714021682739,"z":-1.19209289550781E-07,"tension":0,"bias":0,"continuity":0,"index":23,"pointType":0,"word":"","text":{"x":-1.19636869430542,"y":0.744714021682739,"z":-1.19209289550781E-07,"font":0,"fontSize":48}},"p24":{"x":-2.36476612091064,"y":0.76142406463623,"z":-1.19209289550781E-07,"tension":0,"bias":0,"continuity":0,"index":24,"pointType":0,"word":"","text":{"x":-1.86476612091064,"y":0.76142406463623,"z":-1.19209289550781E-07,"font":0,"fontSize":48}},"p25":{"x":-2.33134627342224,"y":1.4727897644043,"z":-1.19209289550781E-07,"tension":0,"bias":0,"continuity":0,"index":25,"pointType":0,"word":"","text":{"x":-1.83134627342224,"y":1.4727897644043,"z":-1.19209289550781E-07,"font":0,"fontSize":48}},"p26":{"x":-2.16185998916626,"y":2.20325255393982,"z":-1.19209289550781E-07,"tension":0,"bias":0,"continuity":0,"index":26,"pointType":0,"word":"","text":{"x":-1.66185998916626,"y":2.20325255393982,"z":-1.19209289550781E-07,"font":0,"fontSize":48}},"p27":{"x":-2.04489040374756,"y":2.34105134010315,"z":-1.19209289550781E-07,"tension":0,"bias":0,"continuity":0,"index":27,"pointType":0,"word":"","text":{"x":-1.54489040374756,"y":2.34105134010315,"z":-1.19209289550781E-07,"font":0,"fontSize":48}},"p28":{"x":-2.10695576667786,"y":1.62317907810211,"z":-1.19209289550781E-07,"tension":0,"bias":0,"continuity":0,"index":28,"pointType":0,"word":"","text":{"x":-1.60695576667786,"y":1.62317907810211,"z":-1.19209289550781E-07,"font":0,"fontSize":48}},"p29":{"x":-2.06773519515991,"y":1.22291994094849,"z":-1.19209289550781E-07,"tension":0,"bias":0,"continuity":0,"index":29,"pointType":0,"word":"","text":{"x":-1.56773519515991,"y":1.22291994094849,"z":-1.19209289550781E-07,"font":0,"fontSize":48}},"p30":{"x":-2.1734037399292,"y":0.420140981674194,"z":-1.19209289550781E-07,"tension":0,"bias":0,"continuity":0,"index":30,"pointType":7,"word":"","text":{"x":-1.6734037399292,"y":0.420140981674194,"z":-1.19209289550781E-07,"font":0,"fontSize":48}},"fixedCamera":true,"fov":74,"splineCount":5,"unlockType":0,"speed":1,"time":1,"laps":1,"startSpeed":0,"text":"how why where","spline0":{"order":0,