{"name":"deeptime","pointCount":41,"p0":{"x":-1.10023927688599,"y":1.43553423881531,"z":0,"tension":0,"bias":0,"continuity":0,"index":0,"pointType":6,"word":"","text":{"x":-0.600239276885986,"y":1.43553423881531,"z":0,"font":0,"fontSize":48}},"p1":{"x":0.182508945465088,"y":1.43190324306488,"z":0,"tension":0,"bias":0,"continuity":0,"index":1,"pointType":5,"word":"","text":{"x":0.682508945465088,"y":1.43190324306488,"z":0,"font":0,"fontSize":48}},"p2":{"x":-1.09587907791138,"y":1.28142786026001,"z":0,"tension":0,"bias":0,"continuity":0,"index":2,"pointType":6,"word":"","text":{"x":-0.595879077911377,"y":1.28142786026001,"z":0,"font":0,"fontSize":48}},"p3":{"x":0.17839241027832,"y":1.28962278366089,"z":0,"tension":0,"bias":0,"continuity":0,"index":3,"pointType":5,"word":"","text":{"x":0.67839241027832,"y":1.28962278366089,"z":0,"font":0,"fontSize":48}},"p4":{"x":-0.866612911224365,"y":1.2931797504425,"z":0,"tension":0,"bias":1,"continuity":0,"index":4,"pointType":2,"word":"","text":{"x":-0.366612911224365,"y":1.2931797504425,"z":0,"font":0,"fontSize":48}},"p5":{"x":-0.630053520202637,"y":1.51181721687317,"z":0,"tension":0,"bias":0,"continuity":0,"index":5,"pointType":2,"word":"","text":{"x":-0.130053520202637,"y":1.51181721687317,"z":0,"font":0,"fontSize":48}},"p6":{"x":-1.10883569717407,"y":1.16922986507416,"z":0,"tension":0,"bias":0,"continuity":0,"index":6,"pointType":6,"word":"","text":{"x":-0.608835697174072,"y":1.16922986507416,"z":0,"font":0,"fontSize":48}},"p7":{"x":-0.790284633636475,"y":1.23884332180023,"z":0,"tension":0,"bias":1,"continuity":0,"index":7,"pointType":2,"word":"","text":{"x":-0.290284633636475,"y":1.23884332180023,"z":0,"font":0,"fontSize":48}},"p8":{"x":-0.62459659576416,"y":1.47663843631744,"z":0,"tension":0,"bias":0,"continuity":0,"index":8,"pointType":2,"word":"","text":{"x":-0.12459659576416,"y":1.47663843631744,"z":0,"font":0,"fontSize":48}},"p9":{"x":-0.515282154083252,"y":1.26526629924774,"z":0,"tension":0,"bias":-0.97999906539917,"continuity":0,"index":9,"pointType":2,"word":"","text":{"x":-0.015282154083252,"y":1.26526629924774,"z":0,"font":0,"fontSize":48}},"p10":{"x":0.199617385864258,"y":1.09675085544586,"z":0,"tension":0,"bias":0,"continuity":0,"index":10,"pointType":5,"word":"","text":{"x":0.699617385864258,"y":1.09675085544586,"z":0,"font":0,"fontSize":48}},"p11":{"x":-0.00780105590820313,"y":1.0864382982254,"z":0,"tension":0,"bias":-1,"continuity":0,"index":11,"pointType":2,"word":"","text":{"x":0.492198944091797,"y":1.0864382982254,"z":0,"font":0,"fontSize":48}},"p12":{"x":-0.185399055480957,"y":1.37473523616791,"z":0,"tension":0,"bias":0,"continuity":0,"index":12,"pointType":2,"word":"","text":{"x":0.314600944519043,"y":1.37473523616791,"z":0,"font":0,"fontSize":48}},"p13":{"x":-1.09661531448364,"y":1.37047803401947,"z":0,"tension":0,"bias":0,"continuity":0,"index":13,"pointType":6,"word":"","text":{"x":-0.596615314483643,"y":1.37047803401947,"z":0,"font":0,"fontSize":48}},"p14":{"x":0.186132907867432,"y":1.36684703826904,"z":0,"tension":0,"bias":0,"continuity":0,"index":14,"pointType":5,"word":"","text":{"x":0.686132907867432,"y":1.36684703826904,"z":0,"font":0,"fontSize":48}},"p15":{"x":-0.386311531066895,"y":1.40663588047028,"z":0,"tension":0,"bias":0,"continuity":0,"index":15,"pointType":2,"word":"","text":{"x":0.113688468933105,"y":1.40663588047028,"z":0,"font":0,"fontSize":48}},"p16":{"x":-0.629346370697021,"y":1.45944535732269,"z":0,"tension":0,"bias":0,"continuity":0,"index":16,"pointType":2,"word":"","text":{"x":-0.129346370697021,"y":1.45944535732269,"z":0,"font":0,"fontSize":48}},"p17":{"x":-0.868625164031982,"y":1.37008714675903,"z":0,"tension":0,"bias":0.060001015663147,"continuity":0,"index":17,"pointType":2,"word":"","text":{"x":-0.368625164031982,"y":1.37008714675903,"z":0,"font":0,"fontSize":48}},"p18":{"x":-0.157264709472656,"y":1.41957199573517,"z":0,"tension":0,"bias":1,"continuity":0,"index":18,"pointType":2,"word":"","text":{"x":0.342735290527344,"y":1.41957199573517,"z":0,"font":0,"fontSize":48}},"p19":{"x":0.0138516426086426,"y":1.36673808097839,"z":0,"tension":0,"bias":0,"continuity":0,"index":19,"pointType":2,"word":"","text":{"x":0.513851642608643,"y":1.36673808097839,"z":0,"font":0,"fontSize":48}},"p20":{"x":-1.09979677200317,"y":1.31640148162842,"z":0,"tension":0,"bias":0,"continuity":0,"index":20,"pointType":6,"word":"","text":{"x":-0.599796772003174,"y":1.31640148162842,"z":0,"font":0,"fontSize":48}},"p21":{"x":-0.78207540512085,"y":1.33148264884949,"z":0,"tension":0,"bias":0.060001015663147,"continuity":0,"index":21,"pointType":2,"word":"","text":{"x":-0.28207540512085,"y":1.33148264884949,"z":0,"font":0,"fontSize":48}},"p22":{"x":-0.598491191864014,"y":1.4703483581543,"z":0,"tension":0,"bias":0,"continuity":0,"index":22,"pointType":2,"word":"","text":{"x":-0.0984911918640137,"y":1.4703483581543,"z":0,"font":0,"fontSize":48}},"p23":{"x":-0.438999891281128,"y":1.3618369102478,"z":0,"tension":0,"bias":0,"continuity":0,"index":23,"pointType":2,"word":"","text":{"x":0.0610001087188721,"y":1.3618369102478,"z":0,"font":0,"fontSize":48}},"p24":{"x":-0.23470664024353,"y":1.40262818336487,"z":0,"tension":0,"bias":1,"continuity":0,"index":24,"pointType":2,"word":"","text":{"x":0.26529335975647,"y":1.40262818336487,"z":0,"font":0,"fontSize":48}},"p25":{"x":-0.0512118339538574,"y":1.36527347564697,"z":0,"tension":0,"bias":0,"continuity":0,"index":25,"pointType":2,"word":"","text":{"x":0.448788166046143,"y":1.36527347564697,"z":0,"font":0,"fontSize":48}},"p26":{"x":0.1829514503479,"y":1.3127703666687,"z":0,"tension":0,"bias":0,"continuity":0,"index":26,"pointType":5,"word":"","text":{"x":0.6829514503479,"y":1.3127703666687,"z":0,"font":0,"fontSize":48}},"p27":{"x":-0.225120544433594,"y":1.38142371177673,"z":0,"tension":0,"bias":0,"continuity":0,"index":27,"pointType":2,"word":"","text":{"x":0.274879455566406,"y":1.38142371177673,"z":0,"font":0,"fontSize":48}},"p28":{"x":-0.53837251663208,"y":1.39437055587769,"z":0,"tension":0,"bias":0,"continuity":0,"index":28,"pointType":2,"word":"","text":{"x":-0.0383725166320801,"y":1.39437055587769,"z":0,"font":0,"fontSize":48}},"p29":{"x":-0.384321212768555,"y":1.31424593925476,"z":0,"tension":0,"bias":0,"continuity":0,"index":29,"pointType":2,"word":"","text":{"x":0.115678787231445,"y":1.31424593925476,"z":0,"font":0,"fontSize":48}},"p30":{"x":0.000312328338623047,"y":1.28103160858154,"z":0,"tension":0,"bias":0,"continuity":0,"index":30,"pointType":2,"word":"","text":{"x":0.500312328338623,"y":1.28103160858154,"z":0,"font":0,"fontSize":48}},"p31":{"x":-0.278997898101807,"y":1.2880185842514,"z":0,"tension":0,"bias":0,"continuity":0,"index":31,"pointType":2,"word":"","text":{"x":0.221002101898193,"y":1.2880185842514,"z":0,"font":0,"fontSize":48}},"p32":{"x":-0.386077404022217,"y":1.10614335536957,"z":0,"tension":0,"bias":0,"continuity":0,"index":32,"pointType":2,"word":"","text":{"x":0.113922595977783,"y":1.10614335536957,"z":0,"font":0,"fontSize":48}},"p33":{"x":-1.08551836013794,"y":1.21335828304291,"z":0,"tension":0,"bias":0,"continuity":0,"index":33,"pointType":6,"word":"","text":{"x":-0.585518360137939,"y":1.21335828304291,"z":0,"font":0,"fontSize":48}},"p34":{"x":-0.856252193450928,"y":1.2251101732254,"z":0,"tension":0,"bias":1,"continuity":0,"index":34,"pointType":2,"word":"","text":{"x":-0.356252193450928,"y":1.2251101732254,"z":0,"font":0,"fontSize":48}},"p35":{"x":-0.648905754089355,"y":1.50891816616058,"z":0,"tension":0,"bias":0,"continuity":0,"index":35,"pointType":2,"word":"","text":{"x":-0.148905754089355,"y":1.50891816616058,"z":0,"font":0,"fontSize":48}},"p36":{"x":-0.528011798858643,"y":1.32630097866058,"z":0,"tension":0,"bias":0,"continuity":0,"index":36,"pointType":2,"word":"","text":{"x":-0.0280117988586426,"y":1.32630097866058,"z":0,"font":0,"fontSize":48}},"p37":{"x":-0.385194778442383,"y":1.15629494190216,"z":0,"tension":0,"bias":0,"continuity":0,"index":37,"pointType":2,"word":"","text":{"x":0.114805221557617,