{"name":"DreamKnot5","pointCount":22,"p0":{"x":-0.300000190734863,"y":-0.700000047683716,"z":0,"tension":-0.599999785423279,"bias":0,"continuity":0,"index":0,"pointType":6,"word":"","text":{"x":0.199999809265137,"y":-0.700000047683716,"z":0,"font":0,"fontSize":48}},"p1":{"x":0.599999904632568,"y":-0.700000047683716,"z":0,"tension":-0.599999785423279,"bias":0,"continuity":0,"index":1,"pointType":2,"word":"","text":{"x":1.09999990463257,"y":-0.700000047683716,"z":0,"font":0,"fontSize":48}},"p2":{"x":0.800000190734863,"y":0,"z":0,"tension":-0.599999785423279,"bias":0,"continuity":0,"index":2,"pointType":2,"word":"","text":{"x":1.30000019073486,"y":0,"z":0,"font":0,"fontSize":48}},"p3":{"x":0.299999952316284,"y":-2.38418579101563E-07,"z":0,"tension":-0.599999785423279,"bias":0,"continuity":0,"index":3,"pointType":2,"word":"","text":{"x":0.799999952316284,"y":-2.38418579101563E-07,"z":0,"font":0,"fontSize":48}},"p4":{"x":0.5,"y":-0.700000286102295,"z":0,"tension":-0.599999785423279,"bias":0,"continuity":0,"index":4,"pointType":2,"word":"","text":{"x":1,"y":-0.700000286102295,"z":0,"font":0,"fontSize":48}},"p5":{"x":1.40000009536743,"y":-0.700000286102295,"z":0,"tension":-0.599999785423279,"bias":0,"continuity":0,"index":5,"pointType":2,"word":"","text":{"x":1.90000009536743,"y":-0.700000286102295,"z":0,"font":0,"fontSize":48}},"p6":{"x":1.59999990463257,"y":-2.38418579101563E-07,"z":0,"tension":-0.599999785423279,"bias":0,"continuity":0,"index":6,"pointType":2,"word":"","text":{"x":2.09999990463257,"y":-2.38418579101563E-07,"z":0,"font":0,"fontSize":48}},"p7":{"x":1.09999990463257,"y":-2.38418579101563E-07,"z":0,"tension":-0.599999785423279,"bias":0,"continuity":0,"index":7,"pointType":2,"word":"","text":{"x":1.59999990463257,"y":-2.38418579101563E-07,"z":0,"font":0,"fontSize":48}},"p8":{"x":1.29999971389771,"y":-0.700000286102295,"z":0,"tension":-0.599999785423279,"bias":0,"continuity":0,"index":8,"pointType":2,"word":"","text":{"x":1.79999971389771,"y":-0.700000286102295,"z":0,"font":0,"fontSize":48}},"p9":{"x":2.20000028610229,"y":-0.700000286102295,"z":0,"tension":-0.599999785423279,"bias":0,"continuity":0,"index":9,"pointType":2,"word":"","text":{"x":2.70000028610229,"y":-0.700000286102295,"z":0,"font":0,"fontSize":48}},"p10":{"x":2.40000009536743,"y":-4.76837158203125E-07,"z":0,"tension":-0.599999785423279,"bias":0,"continuity":0,"index":10,"pointType":2,"word":"","text":{"x":2.90000009536743,"y":-4.76837158203125E-07,"z":0,"font":0,"fontSize":48}},"p11":{"x":1.90000009536743,"y":-4.76837158203125E-07,"z":0,"tension":-0.599999785423279,"bias":0,"continuity":0,"index":11,"pointType":2,"word":"","text":{"x":2.40000009536743,"y":-4.76837158203125E-07,"z":0,"font":0,"fontSize":48}},"p12":{"x":2.09999990463257,"y":-0.700000286102295,"z":0,"tension":-0.599999785423279,"bias":0,"continuity":0,"index":12,"pointType":2,"word":"","text":{"x":2.59999990463257,"y":-0.700000286102295,"z":0,"font":0,"fontSize":48}},"p13":{"x":3.00000047683716,"y":-0.700000524520874,"z":0,"tension":-0.599999785423279,"bias":0,"continuity":0,"index":13,"pointType":2,"word":"","text":{"x":3.50000047683716,"y":-0.700000524520874,"z":0,"font":0,"fontSize":48}},"p14":{"x":3.20000028610229,"y":-4.76837158203125E-07,"z":0,"tension":-0.599999785423279,"bias":0,"continuity":0,"index":14,"pointType":2,"word":"","text":{"x":3.70000028610229,"y":-4.76837158203125E-07,"z":0,"font":0,"fontSize":48}},"p15":{"x":2.70000028610229,"y":-4.76837158203125E-07,"z":0,"tension":-0.599999785423279,"bias":0,"continuity":0,"index":15,"pointType":2,"word":"","text":{"x":3.20000028610229,"y":-4.76837158203125E-07,"z":0,"font":0,"fontSize":48}},"p16":{"x":2.90000009536743,"y":-0.700000524520874,"z":0,"tension":-0.599999785423279,"bias":0,"continuity":0,"index":16,"pointType":2,"word":"","text":{"x":3.40000009536743,"y":-0.700000524520874,"z":0,"font":0,"fontSize":48}},"p17":{"x":3.80000066757202,"y":-0.700000524520874,"z":0,"tension":-0.599999785423279,"bias":0,"continuity":0,"index":17,"pointType":2,"word":"","text":{"x":4.30000066757202,"y":-0.700000524520874,"z":0,"font":0,"fontSize":48}},"p18":{"x":4.00000047683716,"y":-4.76837158203125E-07,"z":0,"tension":-0.599999785423279,"bias":0,"continuity":0,"index":18,"pointType":2,"word":"","text":{"x":4.50000047683716,"y":-4.76837158203125E-07,"z":0,"font":0,"fontSize":48}},"p19":{"x":3.50000047683716,"y":-7.15255737304688E-07,"z":0,"tension":-0.599999785423279,"bias":0,"continuity":0,"index":19,"pointType":2,"word":"","text":{"x":4.00000047683716,"y":-7.15255737304688E-07,"z":0,"font":0,"fontSize":48}},"p20":{"x":3.70000028610229,"y":-0.700000762939453,"z":0,"tension":-0.599999785423279,"bias":0,"continuity":0,"index":20,"pointType":2,"word":"","text":{"x":4.20000028610229,"y":-0.700000762939453,"z":0,"font":0,"fontSize":48}},"p21":{"x":4.60462999343872,"y":-0.700000762939453,"z":0,"tension":-0.599999785423279,"bias":0,"continuity":0,"index":21,"pointType":1,"word":"","text":{"x":5.10462999343872,"y":-0.700000762939453,"z":0,"font":0,"fontSize":48}},"fixedCamera":true,"fov":76,"splineCount":1,"unlockType":0,"speed":0,"time":0,"laps":0,"startSpeed":0,"spline0":{"order":0,"closed":false,"numPoints":22,"type":0,"lineTexture":0,"lineWidth":1,"points":{"p0":0,"p1":1,"p2":2,"p3":3,"p4":4,"p5":5,"p6":6,"p7":7,"p8":8,"p9":9,"p10":10,"p11":11,"p12":12,"p13":13,"p14":14,"p15":15,"p16":16,"p17":17,"p18":18,"p19":19,"p20":20,"p21":21}}}