{"name":"Path","pointCount":29,"p0":{"x":-2.86874604225159,"y":-1.49088406562805,"z":0,"tension":0,"bias":0,"continuity":0,"index":0,"pointType":6,"word":"","text":{"x":-2.36874604225159,"y":-1.49088406562805,"z":0,"font":0,"fontSize":48}},"p1":{"x":-2.59513759613037,"y":0.245720267295837,"z":0,"tension":0,"bias":0,"continuity":0,"index":1,"pointType":6,"word":"","text":{"x":-2.09513759613037,"y":0.245720267295837,"z":0,"font":0,"fontSize":48}},"p2":{"x":-0.269814491271973,"y":-1.00921964645386,"z":0,"tension":0,"bias":0,"continuity":0,"index":2,"pointType":2,"word":"","text":{"x":0.230185508728027,"y":-1.00921964645386,"z":0,"font":0,"fontSize":48}},"p3":{"x":-1.55941379070282,"y":-0.926717758178711,"z":0,"tension":0,"bias":0,"continuity":0,"index":3,"pointType":2,"word":"","text":{"x":-1.05941379070282,"y":-0.926717758178711,"z":0,"font":0,"fontSize":48}},"p4":{"x":-1.80162358283997,"y":-0.55465841293335,"z":0,"tension":0,"bias":0,"continuity":0,"index":4,"pointType":2,"word":"","text":{"x":-1.30162358283997,"y":-0.55465841293335,"z":0,"font":0,"fontSize":48}},"p5":{"x":-1.21067762374878,"y":-0.947074890136719,"z":0,"tension":0,"bias":0,"continuity":0,"index":5,"pointType":2,"word":"","text":{"x":-0.710677623748779,"y":-0.947074890136719,"z":0,"font":0,"fontSize":48}},"p6":{"x":-1.68673837184906,"y":-1.79177308082581,"z":0,"tension":0,"bias":0,"continuity":0,"index":6,"pointType":6,"word":"","text":{"x":-1.18673837184906,"y":-1.79177308082581,"z":0,"font":0,"fontSize":48}},"p7":{"x":-3.21849489212036,"y":0.0477633476257324,"z":0,"tension":0,"bias":0,"continuity":0,"index":7,"pointType":6,"word":"","text":{"x":-2.71849489212036,"y":0.0477633476257324,"z":0,"font":0,"fontSize":48}},"p8":{"x":-2.48765230178833,"y":-1.87460803985596,"z":0,"tension":0,"bias":0,"continuity":0,"index":8,"pointType":6,"word":"","text":{"x":-1.98765230178833,"y":-1.87460803985596,"z":0,"font":0,"fontSize":48}},"p9":{"x":-2.21730041503906,"y":-2.24492645263672,"z":0,"tension":0,"bias":0,"continuity":0,"index":9,"pointType":6,"word":"","text":{"x":-1.71730041503906,"y":-2.24492645263672,"z":0,"font":0,"fontSize":48}},"p10":{"x":-2.30129241943359,"y":-1.32675075531006,"z":0,"tension":0,"bias":0,"continuity":0,"index":10,"pointType":6,"word":"","text":{"x":-1.80129241943359,"y":-1.32675075531006,"z":0,"font":0,"fontSize":48}},"p11":{"x":-2.02396488189697,"y":-0.0386853218078613,"z":0,"tension":0,"bias":0,"continuity":0,"index":11,"pointType":6,"word":"","text":{"x":-1.52396488189697,"y":-0.0386853218078613,"z":0,"font":0,"fontSize":48}},"p12":{"x":-0.757341623306274,"y":-0.977601766586304,"z":0,"tension":0,"bias":0,"continuity":0,"index":12,"pointType":2,"word":"","text":{"x":-0.257341623306274,"y":-0.977601766586304,"z":0,"font":0,"fontSize":48}},"p13":{"x":-1.65612769126892,"y":-0.782963275909424,"z":0,"tension":0,"bias":0,"continuity":0,"index":13,"pointType":2,"word":"","text":{"x":-1.15612769126892,"y":-0.782963275909424,"z":0,"font":0,"fontSize":48}},"p14":{"x":-1.38555955886841,"y":-2.12043762207031,"z":0,"tension":0,"bias":0,"continuity":0,"index":14,"pointType":6,"word":"","text":{"x":-0.885559558868408,"y":-2.12043762207031,"z":0,"font":0,"fontSize":48}},"p15":{"x":-1.5057487487793,"y":-1.18221569061279,"z":0,"tension":0,"bias":0,"continuity":0,"index":15,"pointType":2,"word":"","text":{"x":-1.0057487487793,"y":-1.18221569061279,"z":0,"font":0,"fontSize":48}},"p16":{"x":-1.69088435173035,"y":-0.411628246307373,"z":0,"tension":0,"bias":0,"continuity":0,"index":16,"pointType":2,"word":"","text":{"x":-1.19088435173035,"y":-0.411628246307373,"z":0,"font":0,"fontSize":48}},"p17":{"x":-0.995580673217773,"y":-0.855753898620605,"z":0,"tension":0,"bias":0,"continuity":0,"index":17,"pointType":2,"word":"","text":{"x":-0.495580673217773,"y":-0.855753898620605,"z":0,"font":0,"fontSize":48}},"p18":{"x":-0.964425563812256,"y":-1.07429313659668,"z":0,"tension":0,"bias":0,"continuity":0,"index":18,"pointType":2,"word":"","text":{"x":-0.464425563812256,"y":-1.07429313659668,"z":0,"font":0,"fontSize":48}},"p19":{"x":-2.51059174537659,"y":-0.980817794799805,"z":0,"tension":-0.759999096393585,"bias":0,"continuity":0,"index":19,"pointType":2,"word":"","text":{"x":-2.01059174537659,"y":-0.980817794799805,"z":0,"font":0,"fontSize":48}},"p20":{"x":-3.37588787078857,"y":-0.329440593719482,"z":0,"tension":0,"bias":0,"continuity":0,"index":20,"pointType":6,"word":"","text":{"x":-2.87588787078857,"y":-0.329440593719482,"z":0,"font":0,"fontSize":48}},"p21":{"x":-2.79379677772522,"y":-0.833115577697754,"z":0,"tension":0,"bias":0,"continuity":0,"index":21,"pointType":2,"word":"","text":{"x":-2.29379677772522,"y":-0.833115577697754,"z":0,"font":0,"fontSize":48}},"p22":{"x":-1.91345500946045,"y":-1.01924133300781,"z":0,"tension":0,"bias":-1,"continuity":0,"index":22,"pointType":2,"word":"","text":{"x":-1.41345500946045,"y":-1.01924133300781,"z":0,"font":0,"fontSize":48}},"p23":{"x":1.13385629653931,"y":-1.02067351341248,"z":0,"tension":-0.179999113082886,"bias":-0.0399990677833557,"continuity":0,"index":23,"pointType":2,"word":"","text":{"x":1.63385629653931,"y":-1.02067351341248,"z":0,"font":0,"fontSize":48}},"p24":{"x":1.85947942733765,"y":-1.02226281166077,"z":0,"tension":0,"bias":0,"continuity":0,"index":24,"pointType":5,"word":"","text":{"x":2.35947942733765,"y":-1.02226281166077,"z":0,"font":0,"fontSize":48}},"p25":{"x":-2.20121574401855,"y":-0.384571313858032,"z":0,"tension":0,"bias":0,"continuity":0,"index":25,"pointType":2,"word":"","text":{"x":-1.70121574401855,"y":-0.384571313858032,"z":0,"font":0,"fontSize":48}},"p26":{"x":1.94998693466187,"y":-1.89873623847961,"z":0,"tension":0,"bias":0,"continuity":0,"index":26,"pointType":7,"word":"","text":{"x":2.44998693466187,"y":-1.89873623847961,"z":0,"font":0,"fontSize":48}},"p27":{"x":1.77676391601563,"y":-1.25399780273438,"z":0,"tension":-0.319999098777771,"bias":0,"continuity":0,"index":27,"pointType":2,"word":"","text":{"x":2.27676391601563,"y":-1.25399780273438,"z":0,"font":0,"fontSize":48}},"p28":{"x":-2.21899008750916,"y":-0.831815958023071,"z":0,"tension":0,"bias":0,"continuity":0,"index":28,"pointType":2,"word":"","text":{"x":-1.71899008750916,"y":-0.831815958023071,"z":0,"font":0,"fontSize":48}},"splineCount":11,"unlockType":0,"speed":1,"time":1,"laps":1,"startSpeed":3.15000009536743,"text":"","camera":{"x":0,"y":0,"setPos":false,"fixCam":true,"fov":85},"spline0":{"order":0,"closed":false,"numPoints":9,"type":0,"lineTexture":3,"lineWidth":1,"points":{"p0":0,"p1":28,"p2":4,"p3":3,"p4":5,"p5":12,"p6":2,"p7":23,"p8":24}},"spline1":{"order":1,"closed":false,"numPoints":3,"type":0,"lineTexture":0,"lineWidth":1,"points":{"p0":6,"p1":18,"p2":2}},"spline2":{"order":2,"closed":false,"numPoints":2,"type":0,"lineTexture":3,"lineWidth":2,"points":{"p0":7,"p1":3}},"spline3":{"order":3,"closed":false,"numPoints":3,"type":0,"lineTexture":0,"lineWidth":1,"points":{"p0":8,"p1":19,"p2":5}},"spline4":{"order":4,"closed":false,"numPoints":4,"type":0,"lineTexture":0,"lineWidth":1,"points":{"p0":9,"p1":16,"p2":17,"p3":2}},"spline5":{"order":5,"closed":false,"numPoints":2,"type":0,"lineTexture":0,"lineWidth":1,"points":{"p0":10,"p1":5}},"spline6":{"order":6,"closed":false,"numPoints":3,"type":0,"lineTexture":0,"lineWidth":4,"points":{"p0":11,"p1":13,"p2":12}},"spline7":{"order":7,"closed":false,"numPoints":3,"type":0,"lineTexture":5,"lineWidth":1,"points":{"p0":14,"p1":15,"p2":12}},"spline8":{"order":8,"closed":false,"numPoints":4,"type":0,"lineTexture":3,"lineWidth":1,"points":{"p0":20,"p1":21,"p2":22,"p3":2}},"spline9":{"order":9,"closed":false,"numPoints":3,"type":0,"lineTexture":0,"lineWidth":1,"points":{"p0":1,"p1":25,"p2":4}},"spline10":{"order":10,"closed":false,"numPoints":3,"type":0,"lineTexture":0,"lineWidth":1,"points":{"p0":23,"p1":27,"p2":26}}}