{"name":"reset1","pointCount":9,"p0":{"x":-2.40515327453613,"y":-0.19974422454834,"z":-1.19209289550781E-07,"tension":0,"bias":0,"continuity":0,"index":0,"pointType":6,"word":"","text":{"x":-1.90515327453613,"y":-0.19974422454834,"z":-1.19209289550781E-07,"font":0,"fontSize":48}},"p1":{"x":-1.90411496162415,"y":-0.302551507949829,"z":-1.19209289550781E-07,"tension":-0.999987185001373,"bias":-0.167757302522659,"continuity":0,"index":1,"pointType":2,"word":"","text":{"x":-1.40411496162415,"y":-0.302551507949829,"z":-1.19209289550781E-07,"font":0,"fontSize":48}},"p2":{"x":-2.11091136932373,"y":-0.432538032531738,"z":-1.19209289550781E-07,"tension":-0.999991536140442,"bias":-0.00427725166082382,"continuity":0,"index":2,"pointType":2,"word":"","text":{"x":-1.61091136932373,"y":-0.432538032531738,"z":-1.19209289550781E-07,"font":0,"fontSize":48}},"p3":{"x":-2.06246209144592,"y":-0.106390714645386,"z":-1.19209289550781E-07,"tension":-0.772154867649078,"bias":0.00372637901455164,"continuity":0,"index":3,"pointType":2,"word":"","text":{"x":-1.56246209144592,"y":-0.106390714645386,"z":-1.19209289550781E-07,"font":0,"fontSize":48}},"p4":{"x":-1.78856337070465,"y":-0.164193630218506,"z":-1.19209289550781E-07,"tension":0,"bias":0,"continuity":0,"index":4,"pointType":5,"word":"","text":{"x":-1.28856337070465,"y":-0.164193630218506,"z":-1.19209289550781E-07,"font":0,"fontSize":48}},"p5":{"x":-1.61317610740662,"y":-0.841030359268188,"z":-1.19209289550781E-07,"tension":-0.999973952770233,"bias":0.285049468278885,"continuity":0,"index":5,"pointType":2,"word":"","text":{"x":-1.11317610740662,"y":-0.841030359268188,"z":-1.19209289550781E-07,"font":0,"fontSize":48}},"p6":{"x":-2.00946354866028,"y":-0.585431098937988,"z":-1.19209289550781E-07,"tension":-0.141556277871132,"bias":0.00714129721745849,"continuity":0,"index":6,"pointType":2,"word":"","text":{"x":-1.50946354866028,"y":-0.585431098937988,"z":-1.19209289550781E-07,"font":0,"fontSize":48}},"p7":{"x":-2.07367014884949,"y":-0.332561254501343,"z":-1.19209289550781E-07,"tension":0,"bias":0,"continuity":0,"index":7,"pointType":7,"word":"","text":{"x":-1.57367014884949,"y":-0.332561254501343,"z":-1.19209289550781E-07,"font":0,"fontSize":48}},"p8":{"x":-1.65241646766663,"y":-0.553719997406006,"z":-1.19209289550781E-07,"tension":-0.271038800477982,"bias":0.694822311401367,"continuity":0,"index":8,"pointType":2,"word":"","text":{"x":-1.15241646766663,"y":-0.553719997406006,"z":-1.19209289550781E-07,"font":0,"fontSize":48}},"fixedCamera":true,"fov":30,"splineCount":2,"unlockType":1,"speed":1,"time":0,"laps":0,"startSpeed":0,"spline0":{"order":0,"closed":false,"numPoints":5,"type":0,"lineTexture":0,"lineWidth":1,"points":{"p0":0,"p1":1,"p2":2,"p3":3,"p4":4}},"spline1":{"order":1,"closed":false,"numPoints":5,"type":2,"lineTexture":1,"lineWidth":1,"points":{"p0":1,"p1":8,"p2":5,"p3":6,"p4":7}}}