{"name":"stonehenge","pointCount":24,"p0":{"x":-2.03730154037476,"y":0.131368517875671,"z":-1.19209289550781E-07,"tension":0,"bias":0,"continuity":0,"index":0,"pointType":2,"word":"","text":{"x":-1.53730154037476,"y":0.131368517875671,"z":-1.19209289550781E-07,"font":0,"fontSize":48}},"p1":{"x":-1.88502180576324,"y":-0.00169563293457031,"z":-1.19209289550781E-07,"tension":-0.019999086856842,"bias":0,"continuity":0,"index":1,"pointType":0,"word":"","text":{"x":-1.38502180576324,"y":-0.00169563293457031,"z":-1.19209289550781E-07,"font":0,"fontSize":48}},"p2":{"x":-2.19461584091187,"y":0.00902926921844482,"z":-1.19209289550781E-07,"tension":0.0800009965896606,"bias":0,"continuity":0,"index":2,"pointType":6,"word":"","text":{"x":-1.69461584091187,"y":0.00902926921844482,"z":-1.19209289550781E-07,"font":0,"fontSize":48}},"p3":{"x":-1.68999719619751,"y":-0.0139942169189453,"z":-1.19209289550781E-07,"tension":0,"bias":0,"continuity":0,"index":3,"pointType":0,"word":"","text":{"x":-1.18999719619751,"y":-0.0139942169189453,"z":-1.19209289550781E-07,"font":0,"fontSize":48}},"p4":{"x":-1.65310037136078,"y":-0.122927188873291,"z":-1.19209289550781E-07,"tension":0,"bias":0,"continuity":0,"index":4,"pointType":2,"word":"","text":{"x":-1.15310037136078,"y":-0.122927188873291,"z":-1.19209289550781E-07,"font":0,"fontSize":48}},"p5":{"x":-1.35207533836365,"y":-0.116090059280396,"z":-1.19209289550781E-07,"tension":0,"bias":0,"continuity":0,"index":5,"pointType":1,"word":"","text":{"x":-0.852075338363647,"y":-0.116090059280396,"z":-1.19209289550781E-07,"font":0,"fontSize":48}},"p6":{"x":-1.40536594390869,"y":-0.0227797031402588,"z":-1.19209289550781E-07,"tension":0,"bias":0,"continuity":0,"index":6,"pointType":2,"word":"","text":{"x":-0.905365943908691,"y":-0.0227797031402588,"z":-1.19209289550781E-07,"font":0,"fontSize":48}},"p7":{"x":-1.44981074333191,"y":-0.187000513076782,"z":-1.19209289550781E-07,"tension":0,"bias":0,"continuity":0,"index":7,"pointType":2,"word":"","text":{"x":-0.949810743331909,"y":-0.187000513076782,"z":-1.19209289550781E-07,"font":0,"fontSize":48}},"p8":{"x":-1.56041300296783,"y":0.0288214683532715,"z":-1.19209289550781E-07,"tension":0,"bias":0,"continuity":0,"index":8,"pointType":2,"word":"","text":{"x":-1.06041300296783,"y":0.0288214683532715,"z":-1.19209289550781E-07,"font":0,"fontSize":48}},"p9":{"x":-1.21453428268433,"y":-0.471402406692505,"z":-1.19209289550781E-07,"tension":0,"bias":0,"continuity":0,"index":9,"pointType":4,"word":"","text":{"x":-0.714534282684326,"y":-0.471402406692505,"z":-1.19209289550781E-07,"font":0,"fontSize":48}},"p10":{"x":-1.17046284675598,"y":-0.90288782119751,"z":-1.19209289550781E-07,"tension":0,"bias":0,"continuity":0,"index":10,"pointType":0,"word":"","text":{"x":-0.670462846755981,"y":-0.90288782119751,"z":-1.19209289550781E-07,"font":0,"fontSize":48}},"p11":{"x":-1.00351762771606,"y":-0.90053653717041,"z":-1.19209289550781E-07,"tension":0,"bias":0,"continuity":0,"index":11,"pointType":2,"word":"","text":{"x":-0.503517627716064,"y":-0.90053653717041,"z":-1.19209289550781E-07,"font":0,"fontSize":48}},"p12":{"x":-1.08346319198608,"y":-1.06042790412903,"z":-1.19209289550781E-07,"tension":1,"bias":0,"continuity":0,"index":12,"pointType":4,"word":"","text":{"x":-0.583463191986084,"y":-1.06042790412903,"z":-1.19209289550781E-07,"font":0,"fontSize":48}},"p13":{"x":-2.90575623512268,"y":-0.399700880050659,"z":-1.19209289550781E-07,"tension":0,"bias":0,"continuity":0,"index":13,"pointType":4,"word":"","text":{"x":-2.40575623512268,"y":-0.399700880050659,"z":-1.19209289550781E-07,"font":0,"fontSize":48}},"p14":{"x":-2.74586510658264,"y":-0.465540409088135,"z":-1.19209289550781E-07,"tension":0,"bias":0,"continuity":0,"index":14,"pointType":2,"word":"","text":{"x":-2.24586510658264,"y":-0.465540409088135,"z":-1.19209289550781E-07,"font":0,"fontSize":48}},"p15":{"x":-2.87989139556885,"y":-0.926401615142822,"z":-1.19209289550781E-07,"tension":0,"bias":0,"continuity":0,"index":15,"pointType":2,"word":"","text":{"x":-2.37989139556885,"y":-0.926401615142822,"z":-1.19209289550781E-07,"font":0,"fontSize":48}},"p16":{"x":-3.11502599716187,"y":-0.855861186981201,"z":-1.19209289550781E-07,"tension":0,"bias":0,"continuity":0,"index":16,"pointType":0,"word":"","text":{"x":-2.61502599716187,"y":-0.855861186981201,"z":-1.19209289550781E-07,"font":0,"fontSize":48}},"p17":{"x":-2.19695997238159,"y":-1.70461750030518,"z":-1.19209289550781E-07,"tension":0,"bias":0,"continuity":0,"index":17,"pointType":4,"word":"","text":{"x":-1.69695997238159,"y":-1.70461750030518,"z":-1.19209289550781E-07,"font":0,"fontSize":48}},"p18":{"x":-1.29614281654358,"y":-1.4386043548584,"z":-1.19209289550781E-07,"tension":0,"bias":0,"continuity":0,"index":18,"pointType":0,"word":"","text":{"x":-0.796142816543579,"y":-1.4386043548584,"z":-1.19209289550781E-07,"font":0,"fontSize":48}},"p19":{"x":-1.6135448217392,"y":-1.65625143051147,"z":-1.19209289550781E-07,"tension":0,"bias":0,"continuity":0,"index":19,"pointType":2,"word":"","text":{"x":-1.1135448217392,"y":-1.65625143051147,"z":-1.19209289550781E-07,"font":0,"fontSize":48}},"p20":{"x":-1.75561988353729,"y":-1.60486245155334,"z":-1.19209289550781E-07,"tension":0,"bias":0,"continuity":0,"index":20,"pointType":1,"word":"","text":{"x":-1.25561988353729,"y":-1.60486245155334,"z":-1.19209289550781E-07,"font":0,"fontSize":48}},"p21":{"x":-1.41101217269897,"y":-1.38116979598999,"z":-1.19209289550781E-07,"tension":0,"bias":0,"continuity":0,"index":21,"pointType":2,"word":"","text":{"x":-0.911012172698975,"y":-1.38116979598999,"z":-1.19209289550781E-07,"font":0,"fontSize":48}},"p22":{"x":-2.52343034744263,"y":-0.150859594345093,"z":-1.19209289550781E-07,"tension":0,"bias":0,"continuity":0,"index":22,"pointType":0,"word":"","text":{"x":-2.02343034744263,"y":-0.150859594345093,"z":-1.19209289550781E-07,"font":0,"fontSize":48}},"p23":{"x":-2.77048206329346,"y":-1.33553695678711,"z":-1.19209289550781E-07,"tension":0,"bias":0,"continuity":0,"index":23,"pointType":4,"word":"","text":{"x":-2.27048206329346,"y":-1.33553695678711,"z":-1.19209289550781E-07,"font":0,"fontSize":48}},"fixedCamera":false,"fov":70,"splineCount":7,"unlockType":0,"speed":0,"time":0,"laps":0,"startSpeed":0,"spline0":{"order":0,"closed":true,"numPoints":3,"type":0,"lineTexture":0,"lineWidth":1,"points":{"p0":2,"p1":0,"p2":1}},"spline1":{"order":1,"closed":false,"numPoints":2,"type":0,"lineTexture":0,"lineWidth":1,"points":{"p0":1,"p1":3}},"spline2":{"order":2,"closed":true,"numPoints":6,"type":0,"lineTexture":0,"lineWidth":1,"points":{"p0":8,"p1":6,"p2":5,"p3":7,"p4":4,"p5":3}},"spline3":{"order":3,"closed":true,"numPoints":3,"type":0,"lineTexture":0,"lineWidth":1,"points":{"p0":10,"p1":11,"p2":12}},"spline4":{"order":4,"closed":true,"numPoints":4,"type":0,"lineTexture":0,"lineWidth":1,"points":{"p0":18,"p1":19,"p2":20,"p3":21}},"spline5":{"order":5,"closed":true,"numPoints":4,"type":0,"lineTexture":0,"lineWidth":1,"points":{"p0":13,"p1":14,"p2":15,"p3":16}},"spline6":{"order":6,"closed":false,"numPoints":2,"type":0,"lineTexture":0,"lineWidth":1,"points":{"p0":22,"p1":2}}}